2025.05.29,09:30,145.392,145.488,145.301,145.312,913
2025.05.29,09:45,145.310,145.323,145.199,145.255,882
2025.05.29,10:00,145.263,145.272,145.135,145.163,897
2025.05.29,10:15,145.164,145.327,145.164,145.293,863
2025.05.29,10:30,145.289,145.326,145.203,145.283,763
2025.05.29,10:45,145.286,145.356,145.225,145.263,717
2025.05.29,11:00,145.262,145.281,145.145,145.232,693
2025.05.29,11:15,145.233,145.247,145.085,145.097,743
2025.05.29,11:30,145.098,145.133,145.024,145.100,707
2025.05.29,11:45,145.099,145.253,145.091,145.218,687
2025.05.29,12:00,145.219,145.228,145.142,145.145,719
2025.05.29,12:15,145.149,145.193,144.926,144.941,857
2025.05.29,12:30,144.946,145.032,144.928,144.954,682
2025.05.29,12:45,144.949,145.021,144.931,145.011,695
2025.05.29,13:00,145.012,145.058,144.949,145.004,683
2025.05.29,13:15,145.003,145.051,144.971,144.980,645
2025.05.29,13:30,144.981,145.012,144.877,145.010,787
2025.05.29,13:45,145.008,145.110,144.939,145.080,937
2025.05.29,14:00,145.067,145.070,144.731,144.830,1100
2025.05.29,14:15,144.829,144.861,144.631,144.801,1008
2025.05.29,14:30,144.737,144.841,144.522,144.549,1299
2025.05.29,14:45,144.544,144.573,144.409,144.428,1192
2025.05.29,15:00,144.429,144.491,144.345,144.490,1075
2025.05.29,15:15,144.483,144.536,144.267,144.304,966
2025.05.29,15:30,144.303,144.426,144.264,144.391,1076
2025.05.29,15:45,144.392,144.411,144.310,144.361,1003
2025.05.29,16:00,144.337,144.429,144.225,144.316,1090
2025.05.29,16:15,144.315,144.414,144.149,144.413,1123
2025.05.29,16:30,144.414,144.459,144.348,144.390,1021
2025.05.29,16:45,144.389,144.418,144.263,144.400,959
2025.05.29,17:00,144.399,144.412,144.220,144.261,895
2025.05.29,17:15,144.262,144.272,144.179,144.234,860
2025.05.29,17:30,144.233,144.249,144.128,144.183,992
2025.05.29,17:45,144.182,144.253,144.048,144.087,1057
2025.05.29,18:00,144.084,144.128,144.043,144.090,1155
2025.05.29,18:15,144.089,144.167,144.041,144.147,941
2025.05.29,18:30,144.146,144.156,144.085,144.107,797
2025.05.29,18:45,144.108,144.153,144.057,144.140,875
2025.05.29,19:00,144.138,144.219,144.127,144.203,913
2025.05.29,19:15,144.202,144.250,144.189,144.244,761
2025.05.29,19:30,144.243,144.245,143.973,143.995,905
2025.05.29,19:45,143.995,144.079,143.994,144.040,905
2025.05.29,20:00,144.042,144.046,143.966,143.983,863
2025.05.29,20:15,143.984,144.068,143.957,144.021,936
2025.05.29,20:30,144.021,144.058,143.985,143.986,870
2025.05.29,20:45,143.986,144.028,143.976,143.995,843
2025.05.29,21:00,143.996,144.072,143.973,144.064,846
2025.05.29,21:15,144.063,144.118,144.030,144.033,830
2025.05.29,21:30,144.032,144.137,144.032,144.104,793
2025.05.29,21:45,144.105,144.137,144.076,144.134,829
2025.05.29,22:00,144.130,144.164,144.099,144.148,547
2025.05.29,22:15,144.147,144.198,144.147,144.189,438
2025.05.29,22:30,144.190,144.238,144.177,144.177,469
2025.05.29,22:45,144.178,144.187,144.143,144.165,437
2025.05.29,23:00,144.165,144.220,144.165,144.169,43
2025.05.29,23:15,144.168,144.168,144.129,144.135,34
2025.05.29,23:30,144.134,144.139,144.131,144.132,25
2025.05.29,23:45,144.131,144.138,144.115,144.115,35
2025.05.30,00:00,144.112,144.158,144.061,144.082,283
2025.05.30,00:15,144.081,144.081,143.866,143.915,469
2025.05.30,00:30,143.917,144.009,143.915,143.968,416
2025.05.30,00:45,143.967,144.059,143.950,144.009,371
2025.05.30,01:00,144.009,144.087,143.951,144.041,526
2025.05.30,01:15,144.026,144.072,143.905,143.905,407
2025.05.30,01:30,143.898,143.913,143.737,143.792,752
2025.05.30,01:45,143.793,143.855,143.749,143.749,757
2025.05.30,02:00,143.752,143.862,143.581,143.835,958
2025.05.30,02:15,143.833,143.840,143.637,143.675,768
2025.05.30,02:30,143.671,143.937,143.670,143.878,768
2025.05.30,02:45,143.883,144.031,143.675,143.772,1017
2025.05.30,03:00,143.769,143.769,143.500,143.584,933
2025.05.30,03:15,143.583,143.662,143.433,143.659,808
2025.05.30,03:30,143.660,143.841,143.660,143.823,807
2025.05.30,03:45,143.824,143.936,143.758,143.899,771
2025.05.30,04:00,143.897,143.977,143.856,143.950,719
2025.05.30,04:15,143.949,143.989,143.838,143.855,750
2025.05.30,04:30,143.854,143.937,143.822,143.882,699
2025.05.30,04:45,143.883,143.961,143.866,143.923,794
2025.05.30,05:00,143.924,143.925,143.859,143.906,666
2025.05.30,05:15,143.904,143.913,143.826,143.883,700
2025.05.30,05:30,143.884,143.933,143.873,143.932,699
2025.05.30,05:45,143.931,143.981,143.836,143.854,689
2025.05.30,06:00,143.853,143.858,143.727,143.809,687
2025.05.30,06:15,143.810,143.821,143.690,143.705,844
2025.05.30,06:30,143.707,143.792,143.707,143.743,812
2025.05.30,06:45,143.742,143.812,143.727,143.771,804
2025.05.30,07:00,143.772,143.963,143.770,143.934,687
2025.05.30,07:15,143.933,143.936,143.835,143.874,727
2025.05.30,07:30,143.877,143.900,143.828,143.874,776
2025.05.30,07:45,143.875,143.926,143.707,143.823,732
2025.05.30,08:00,143.824,144.132,143.797,144.105,1141
2025.05.30,08:15,144.109,144.121,143.889,143.913,1060
2025.05.30,08:30,143.907,143.971,143.762,143.806,1068
2025.05.30,08:45,143.805,143.858,143.754,143.848,933
2025.05.30,09:00,143.846,144.084,143.828,144.000,964
2025.05.30,09:15,144.003,144.154,144.000,144.088,853
2025.05.30,09:30,144.087,144.113,143.989,144.061,812
2025.05.30,09:45,144.064,144.135,143.966,144.024,894
2025.05.30,10:00,144.042,144.094,143.898,144.079,928
2025.05.30,10:15,144.077,144.115,143.943,143.958,813
2025.05.30,10:30,143.957,143.996,143.918,143.928,770
2025.05.30,10:45,143.927,144.061,143.926,144.047,722
2025.05.30,11:00,144.048,144.134,143.998,144.015,695
2025.05.30,11:15,144.011,144.125,144.006,144.086,698
2025.05.30,11:30,144.093,144.221,144.007,144.047,751
2025.05.30,11:45,144.059,144.062,143.996,144.038,706
2025.05.30,12:00,144.037,144.048,143.783,143.785,774
2025.05.30,12:15,143.795,143.936,143.792,143.910,661
2025.05.30,12:30,143.911,143.938,143.853,143.883,582
2025.05.30,12:45,143.877,143.960,143.870,143.926,615
2025.05.30,13:00,143.940,143.990,143.843,143.987,682
2025.05.30,13:15,143.986,144.027,143.955,144.010,575
2025.05.30,13:30,144.011,144.028,143.953,143.980,550
2025.05.30,13:45,143.981,144.011,143.810,143.844,685
2025.05.30,14:00,143.847,143.855,143.461,143.519,1197
2025.05.30,14:15,143.516,143.688,143.493,143.505,1076
2025.05.30,14:30,143.671,143.722,143.523,143.575,1106
2025.05.30,14:45,143.572,143.779,143.543,143.720,984
2025.05.30,15:00,143.718,143.822,143.708,143.750,900
2025.05.30,15:15,143.747,143.992,143.747,143.992,880
2025.05.30,15:30,143.990,144.016,143.872,143.994,993
2025.05.30,15:45,143.993,144.126,143.934,143.993,1067
2025.05.30,16:00,143.967,144.062,143.841,143.876,1038
2025.05.30,16:15,143.874,143.908,143.802,143.888,966
2025.05.30,16:30,143.884,144.267,143.824,144.220,1139
2025.05.30,16:45,144.219,144.439,144.196,144.262,1400
2025.05.30,17:00,144.263,144.328,144.142,144.182,1123
2025.05.30,17:15,144.177,144.279,144.105,144.206,892
2025.05.30,17:30,144.199,144.211,144.071,144.096,1028
2025.05.30,17:45,144.097,144.226,144.071,144.179,918
2025.05.30,18:00,144.181,144.183,144.042,144.060,855
2025.05.30,18:15,144.059,144.084,143.952,143.971,888
2025.05.30,18:30,143.972,144.031,143.921,143.971,1135
2025.05.30,18:45,143.971,143.991,143.880,143.892,946
2025.05.30,19:00,143.891,143.946,143.809,143.809,910
2025.05.30,19:15,143.810,143.880,143.783,143.869,905
2025.05.30,19:30,143.870,143.883,143.790,143.800,765
2025.05.30,19:45,143.802,143.867,143.788,143.867,791
2025.05.30,20:00,143.867,143.885,143.828,143.850,745
2025.05.30,20:15,143.846,143.934,143.840,143.881,840
2025.05.30,20:30,143.881,143.905,143.850,143.875,832
2025.05.30,20:45,143.875,143.933,143.861,143.883,808
2025.05.30,21:00,143.884,143.931,143.882,143.900,728
2025.05.30,21:15,143.900,143.967,143.895,143.965,696
2025.05.30,21:30,143.965,143.999,143.932,143.966,799
2025.05.30,21:45,143.967,143.998,143.865,143.871,1016
2025.06.01,23:00,143.711,143.807,143.655,143.685,78
2025.06.01,23:15,143.737,143.855,143.643,143.835,136
2025.06.01,23:30,143.812,143.860,143.684,143.805,168
2025.06.01,23:45,143.789,143.840,143.645,143.718,129
2025.06.02,00:00,143.719,143.907,143.719,143.891,360
2025.06.02,00:15,143.895,143.954,143.859,143.925,563
2025.06.02,00:30,143.925,143.982,143.925,143.961,461
2025.06.02,00:45,143.962,143.971,143.833,143.840,372
2025.06.02,01:00,143.836,143.847,143.763,143.808,439
2025.06.02,01:15,143.807,143.861,143.786,143.808,397
2025.06.02,01:30,143.807,143.842,143.788,143.809,482
2025.06.02,01:45,143.808,143.829,143.720,143.788,642
2025.06.02,02:00,143.789,143.793,143.569,143.599,942
2025.06.02,02:15,143.599,143.630,143.570,143.614,838
2025.06.02,02:30,143.617,143.724,143.595,143.633,672
2025.06.02,02:45,143.632,143.672,143.525,143.532,878
2025.06.02,03:00,143.529,143.561,143.486,143.540,703
2025.06.02,03:15,143.539,143.590,143.352,143.372,949
2025.06.02,03:30,143.370,143.448,143.323,143.370,798
2025.06.02,03:45,143.368,143.464,143.324,143.458,780
2025.06.02,04:00,143.458,143.534,143.410,143.534,806
2025.06.02,04:15,143.530,143.591,143.491,143.571,669
2025.06.02,04:30,143.569,143.570,143.514,143.532,541
2025.06.02,04:45,143.533,143.560,143.493,143.524,500
2025.06.02,05:00,143.521,143.620,143.505,143.606,610
2025.06.02,05:15,143.605,143.605,143.535,143.582,531
2025.06.02,05:30,143.587,143.638,143.587,143.619,509
2025.06.02,05:45,143.620,143.631,143.516,143.518,574
2025.06.02,06:00,143.516,143.587,143.513,143.580,563
2025.06.02,06:15,143.579,143.609,143.539,143.557,648
2025.06.02,06:30,143.557,143.593,143.507,143.517,690
2025.06.02,06:45,143.516,143.578,143.509,143.541,563
2025.06.02,07:00,143.530,143.552,143.448,143.456,658
2025.06.02,07:15,143.457,143.480,143.430,143.441,624
2025.06.02,07:30,143.444,143.500,143.390,143.391,697
2025.06.02,07:45,143.390,143.391,143.302,143.346,672
2025.06.02,08:00,143.348,143.370,143.296,143.308,974
2025.06.02,08:15,143.307,143.307,143.206,143.210,973
2025.06.02,08:30,143.210,143.210,143.126,143.140,1036
2025.06.02,08:45,143.141,143.252,143.128,143.217,897
2025.06.02,09:00,143.216,143.278,143.086,143.100,856
2025.06.02,09:15,143.099,143.116,143.005,143.013,842
2025.06.02,09:30,143.019,143.081,142.976,142.996,712
2025.06.02,09:45,142.995,142.997,142.822,142.896,954
2025.06.02,10:00,142.895,142.946,142.832,142.843,834
2025.06.02,10:15,142.844,142.938,142.790,142.898,787
2025.06.02,10:30,142.888,142.935,142.821,142.888,743
2025.06.02,10:45,142.887,142.940,142.838,142.926,773
2025.06.02,11:00,142.927,142.930,142.780,142.801,858
2025.06.02,11:15,142.802,142.847,142.776,142.841,760
2025.06.02,11:30,142.839,142.865,142.805,142.838,662
2025.06.02,11:45,142.831,142.933,142.819,142.933,664
2025.06.02,12:00,142.934,142.971,142.872,142.941,716
2025.06.02,12:15,142.938,142.940,142.750,142.798,712
2025.06.02,12:30,142.801,142.881,142.799,142.837,696
2025.06.02,12:45,142.836,142.868,142.758,142.804,702
2025.06.02,13:00,142.800,142.849,142.665,142.711,780
2025.06.02,13:15,142.710,142.710,142.617,142.645,719
2025.06.02,13:30,142.642,142.704,142.633,142.701,620
2025.06.02,13:45,142.700,142.762,142.696,142.754,650
2025.06.02,14:00,142.755,142.806,142.709,142.771,692
2025.06.02,14:15,142.772,142.827,142.753,142.820,635
2025.06.02,14:30,142.816,142.816,142.683,142.784,757
2025.06.02,14:45,142.781,142.890,142.781,142.827,778
2025.06.02,15:00,142.826,142.916,142.822,142.861,762
2025.06.02,15:15,142.860,142.982,142.855,142.968,798
2025.06.02,15:30,142.969,143.068,142.949,142.955,971
2025.06.02,15:45,142.960,142.960,142.840,142.865,983
2025.06.02,16:00,142.859,142.859,142.537,142.610,1404
2025.06.02,16:15,142.611,142.718,142.579,142.626,1044
2025.06.02,16:30,142.625,142.732,142.564,142.653,1042
2025.06.02,16:45,142.649,142.714,142.571,142.665,1008
2025.06.02,17:00,142.670,142.760,142.669,142.703,1024
2025.06.02,17:15,142.701,142.733,142.625,142.728,860
2025.06.02,17:30,142.733,142.775,142.692,142.735,1073
2025.06.02,17:45,142.738,142.837,142.737,142.767,999
2025.06.02,18:00,142.757,142.872,142.754,142.824,987
2025.06.02,18:15,142.823,142.890,142.819,142.883,925
2025.06.02,18:30,142.879,142.976,142.857,142.947,857
2025.06.02,18:45,142.948,142.986,142.908,142.924,832
2025.06.02,19:00,142.922,142.963,142.869,142.892,827
2025.06.02,19:15,142.889,142.988,142.887,142.985,913
2025.06.02,19:30,142.986,142.990,142.930,142.961,775
2025.06.02,19:45,142.962,142.972,142.896,142.954,818
2025.06.02,20:00,142.964,142.994,142.902,142.927,949
2025.06.02,20:15,142.926,142.974,142.918,142.922,946
2025.06.02,20:30,142.922,142.926,142.864,142.870,840
2025.06.02,20:45,142.871,142.873,142.806,142.811,937
2025.06.02,21:00,142.810,142.854,142.784,142.799,762
2025.06.02,21:15,142.795,142.825,142.771,142.782,671
2025.06.02,21:30,142.781,142.792,142.707,142.714,773
2025.06.02,21:45,142.713,142.718,142.665,142.703,793
2025.06.02,22:00,142.701,142.739,142.681,142.703,674
2025.06.02,22:15,142.702,142.720,142.696,142.712,403
2025.06.02,22:30,142.712,142.736,142.697,142.720,309
2025.06.02,22:45,142.719,142.719,142.667,142.667,415
2025.06.02,23:00,142.668,142.681,142.607,142.620,109
2025.06.02,23:15,142.620,142.667,142.620,142.661,143
2025.06.02,23:30,142.660,142.662,142.644,142.650,88
2025.06.02,23:45,142.652,142.660,142.638,142.638,66
2025.06.03,00:00,142.625,142.690,142.621,142.675,201
2025.06.03,00:15,142.674,142.674,142.538,142.553,363
2025.06.03,00:30,142.554,142.602,142.550,142.588,296
2025.06.03,00:45,142.585,142.592,142.517,142.527,210
2025.06.03,01:00,142.526,142.526,142.491,142.499,394
2025.06.03,01:15,142.500,142.587,142.482,142.511,482
2025.06.03,01:30,142.505,142.529,142.376,142.412,527
2025.06.03,01:45,142.413,142.470,142.403,142.422,495
2025.06.03,02:00,142.423,142.684,142.420,142.655,779
2025.06.03,02:15,142.656,142.736,142.645,142.652,809
2025.06.03,02:30,142.651,142.757,142.583,142.710,639
2025.06.03,02:45,142.715,142.783,142.660,142.704,976
2025.06.03,03:00,142.703,142.872,142.703,142.859,817
2025.06.03,03:15,142.858,143.054,142.858,143.033,729
2025.06.03,03:30,143.034,143.215,143.030,143.124,799
2025.06.03,03:45,143.139,143.210,143.085,143.127,742
2025.06.03,04:00,143.125,143.247,143.064,143.070,672
2025.06.03,04:15,143.064,143.114,143.003,143.041,595
2025.06.03,04:30,143.038,143.159,143.014,143.139,564
2025.06.03,04:45,143.138,143.173,143.068,143.097,631
2025.06.03,05:00,143.096,143.133,143.018,143.040,543
2025.06.03,05:15,143.039,143.075,143.028,143.062,475
2025.06.03,05:30,143.063,143.256,143.063,143.213,743
2025.06.03,05:45,143.212,143.265,143.146,143.155,666
2025.06.03,06:00,143.156,143.213,143.112,143.113,596
2025.06.03,06:15,143.112,143.130,143.060,143.070,565
2025.06.03,06:30,143.069,143.109,143.009,143.019,545
2025.06.03,06:45,143.018,143.027,142.898,142.940,624
2025.06.03,07:00,142.941,143.032,142.918,142.944,583
2025.06.03,07:15,142.945,142.972,142.869,142.943,584
2025.06.03,07:30,142.942,143.016,142.942,143.013,580
2025.06.03,07:45,143.012,143.124,142.914,142.947,668
2025.06.03,08:00,142.944,143.091,142.937,143.053,948
2025.06.03,08:15,143.051,143.061,142.844,142.886,911
2025.06.03,08:30,142.886,143.018,142.858,143.000,833
2025.06.03,08:45,143.003,143.004,142.877,142.883,929
2025.06.03,09:00,142.881,142.972,142.763,142.776,924
2025.06.03,09:15,142.777,142.793,142.603,142.653,872
2025.06.03,09:30,142.654,142.760,142.652,142.734,696
2025.06.03,09:45,142.733,142.842,142.719,142.823,718
2025.06.03,10:00,142.819,142.899,142.772,142.778,741
2025.06.03,10:15,142.779,142.806,142.673,142.760,759
2025.06.03,10:30,142.762,142.801,142.688,142.794,667
2025.06.03,10:45,142.792,142.807,142.730,142.795,570
2025.06.03,11:00,142.796,142.892,142.766,142.833,740
2025.06.03,11:15,142.832,142.926,142.832,142.877,610
2025.06.03,11:30,142.878,142.878,142.796,142.842,654
2025.06.03,11:45,142.843,142.908,142.800,142.845,598
2025.06.03,12:00,142.852,142.929,142.831,142.920,669
2025.06.03,12:15,142.918,143.001,142.901,142.976,569
2025.06.03,12:30,142.982,143.032,142.897,142.919,593
2025.06.03,12:45,142.918,143.073,142.914,143.054,566
2025.06.03,13:00,143.052,143.126,143.043,143.094,647
2025.06.03,13:15,143.095,143.156,143.095,143.143,600
2025.06.03,13:30,143.145,143.147,143.062,143.110,541
2025.06.03,13:45,143.109,143.110,143.057,143.079,565
2025.06.03,14:00,143.072,143.222,143.046,143.204,645
2025.06.03,14:15,143.203,143.279,143.194,143.251,709
2025.06.03,14:30,143.248,143.352,143.243,143.336,730
2025.06.03,14:45,143.337,143.443,143.316,143.416,773
2025.06.03,15:00,143.418,143.439,143.327,143.335,777
2025.06.03,15:15,143.334,143.443,143.334,143.428,655
2025.06.03,15:30,143.430,143.516,143.364,143.470,1033
2025.06.03,15:45,143.469,143.611,143.467,143.500,966
2025.06.03,16:00,143.494,143.934,143.494,143.809,1429
2025.06.03,16:15,143.811,143.853,143.692,143.802,997
2025.06.03,16:30,143.800,143.811,143.661,143.669,925
2025.06.03,16:45,143.673,143.802,143.673,143.769,838
2025.06.03,17:00,143.767,143.887,143.716,143.864,834
2025.06.03,17:15,143.865,143.951,143.840,143.864,737
2025.06.03,17:30,143.865,143.931,143.815,143.877,910
2025.06.03,17:45,143.874,143.984,143.832,143.933,1049
2025.06.03,18:00,143.929,143.961,143.871,143.923,876
2025.06.03,18:15,143.922,144.013,143.922,144.010,833
2025.06.03,18:30,144.013,144.100,144.013,144.057,902
2025.06.03,18:45,144.055,144.065,143.958,143.973,785
2025.06.03,19:00,143.972,143.978,143.928,143.948,734
2025.06.03,19:15,143.949,144.024,143.875,143.876,712
2025.06.03,19:30,143.876,143.898,143.858,143.879,728
2025.06.03,19:45,143.880,143.912,143.832,143.838,685
2025.06.03,20:00,143.841,143.904,143.835,143.882,789
2025.06.03,20:15,143.882,143.899,143.850,143.884,736
2025.06.03,20:30,143.885,143.937,143.874,143.920,621
2025.06.03,20:45,143.921,143.934,143.888,143.902,709
2025.06.03,21:00,143.904,143.956,143.894,143.956,793
2025.06.03,21:15,143.955,144.010,143.955,144.001,637
2025.06.03,21:30,144.001,144.016,143.981,143.984,535
2025.06.03,21:45,143.984,144.102,143.971,144.068,676
2025.06.03,22:00,144.069,144.072,143.995,144.024,344
2025.06.03,22:15,144.024,144.025,143.964,144.001,475
2025.06.03,22:30,144.002,144.002,143.952,143.959,370
2025.06.03,22:45,143.960,144.028,143.926,143.926,321
2025.06.03,23:00,143.774,143.972,143.766,143.941,56
2025.06.03,23:15,143.953,143.953,143.900,143.900,36
2025.06.03,23:30,143.902,143.917,143.900,143.910,103
2025.06.03,23:45,143.909,144.013,143.903,143.937,320
2025.06.04,00:00,143.937,144.005,143.913,143.972,260
2025.06.04,00:15,143.972,144.039,143.951,144.027,274
2025.06.04,00:30,144.027,144.028,143.954,143.962,307
2025.06.04,00:45,143.961,143.977,143.904,143.959,266
2025.06.04,01:00,143.958,143.958,143.878,143.927,340
2025.06.04,01:15,143.926,144.031,143.923,143.983,351
2025.06.04,01:30,143.985,143.988,143.884,143.894,391
2025.06.04,01:45,143.891,143.891,143.798,143.816,775
2025.06.04,02:00,143.815,144.007,143.795,143.920,954
2025.06.04,02:15,143.922,143.938,143.772,143.890,765
2025.06.04,02:30,143.888,143.952,143.836,143.886,695
2025.06.04,02:45,143.887,144.021,143.848,143.989,914
2025.06.04,03:00,143.988,144.268,143.876,143.887,977
2025.06.04,03:15,143.884,143.918,143.781,143.828,764
2025.06.04,03:30,143.828,143.854,143.671,143.736,771
2025.06.04,03:45,143.735,143.753,143.667,143.751,783
2025.06.04,04:00,143.756,143.818,143.700,143.786,656
2025.06.04,04:15,143.785,143.888,143.783,143.863,744
2025.06.04,04:30,143.864,143.942,143.863,143.938,761
2025.06.04,04:45,143.939,143.971,143.851,143.921,799
2025.06.04,05:00,143.922,143.942,143.832,143.869,711
2025.06.04,05:15,143.871,143.980,143.871,143.970,516
2025.06.04,05:30,143.969,144.088,143.968,144.053,732
2025.06.04,05:45,144.052,144.100,144.016,144.053,588
2025.06.04,06:00,144.055,144.133,143.978,144.062,585
2025.06.04,06:15,144.061,144.112,144.018,144.060,472
2025.06.04,06:30,144.058,144.207,144.050,144.159,471
2025.06.04,06:45,144.156,144.277,144.135,144.251,620
2025.06.04,07:00,144.250,144.276,144.206,144.234,562
2025.06.04,07:15,144.240,144.256,144.186,144.205,520
2025.06.04,07:30,144.204,144.391,144.194,144.207,776
2025.06.04,07:45,144.208,144.257,144.132,144.207,683
2025.06.04,08:00,144.206,144.309,144.117,144.126,916
2025.06.04,08:15,144.126,144.139,143.961,143.961,1071
2025.06.04,08:30,143.964,144.006,143.878,143.918,1009
2025.06.04,08:45,143.918,144.023,143.918,143.968,854
2025.06.04,09:00,143.967,143.972,143.808,143.876,809
2025.06.04,09:15,143.860,143.916,143.807,143.812,643
2025.06.04,09:30,143.807,143.938,143.792,143.910,622
2025.06.04,09:45,143.917,144.091,143.917,144.084,655
2025.06.04,10:00,144.089,144.177,144.017,144.072,717
2025.06.04,10:15,144.069,144.164,144.022,144.023,596
2025.06.04,10:30,144.022,144.022,143.897,143.904,594
2025.06.04,10:45,143.903,143.927,143.843,143.884,616
2025.06.04,11:00,143.882,143.938,143.847,143.906,593
2025.06.04,11:15,143.908,143.971,143.889,143.948,561
2025.06.04,11:30,143.949,144.058,143.909,144.042,534
2025.06.04,11:45,144.043,144.103,144.019,144.089,627
2025.06.04,12:00,144.088,144.269,144.071,144.209,892
2025.06.04,12:15,144.208,144.232,144.068,144.082,506
2025.06.04,12:30,144.089,144.230,144.048,144.221,578
2025.06.04,12:45,144.220,144.308,144.193,144.247,658
2025.06.04,13:00,144.246,144.260,144.166,144.186,481
2025.06.04,13:15,144.183,144.250,144.137,144.249,518
2025.06.04,13:30,144.256,144.293,144.224,144.287,590
2025.06.04,13:45,144.288,144.310,144.232,144.267,591
2025.06.04,14:00,144.268,144.269,144.172,144.253,539
2025.06.04,14:15,144.249,144.249,143.627,143.776,1475
2025.06.04,14:30,143.774,143.782,143.551,143.576,996
2025.06.04,14:45,143.577,143.604,143.502,143.547,952
2025.06.04,15:00,143.548,143.662,143.509,143.642,844
2025.06.04,15:15,143.643,143.699,143.587,143.632,759
2025.06.04,15:30,143.633,143.784,143.620,143.694,818
2025.06.04,15:45,143.697,143.827,143.669,143.669,922
2025.06.04,16:00,143.607,143.609,143.107,143.241,1573
2025.06.04,16:15,143.235,143.291,143.164,143.239,1108
2025.06.04,16:30,143.236,143.274,142.988,143.018,1050
2025.06.04,16:45,143.021,143.148,142.999,143.129,921
2025.06.04,17:00,143.135,143.225,143.107,143.164,834
2025.06.04,17:15,143.162,143.165,142.948,142.961,929
2025.06.04,17:30,142.960,143.050,142.920,142.931,1034
2025.06.04,17:45,142.930,143.022,142.908,142.912,1046
2025.06.04,18:00,142.908,142.912,142.735,142.749,1065
2025.06.04,18:15,142.748,142.839,142.724,142.727,868
2025.06.04,18:30,142.728,142.738,142.675,142.698,825
2025.06.04,18:45,142.697,142.715,142.599,142.633,838
2025.06.04,19:00,142.634,142.691,142.623,142.678,909
2025.06.04,19:15,142.678,142.775,142.678,142.722,916
2025.06.04,19:30,142.722,142.723,142.626,142.698,824
2025.06.04,19:45,142.699,142.772,142.664,142.770,757
2025.06.04,20:00,142.767,142.823,142.709,142.715,875
2025.06.04,20:15,142.716,142.773,142.709,142.761,766
2025.06.04,20:30,142.760,142.822,142.746,142.815,646
2025.06.04,20:45,142.816,142.831,142.774,142.804,827
2025.06.04,21:00,142.802,142.836,142.783,142.820,639
2025.06.04,21:15,142.819,142.884,142.798,142.860,640
2025.06.04,21:30,142.859,142.921,142.845,142.910,724
2025.06.04,21:45,142.911,142.915,142.857,142.878,731
2025.06.04,22:00,142.882,142.892,142.828,142.853,456
2025.06.04,22:15,142.854,142.877,142.829,142.833,410
2025.06.04,22:30,142.834,142.843,142.764,142.774,481
2025.06.04,22:45,142.774,142.785,142.694,142.757,434
2025.06.04,23:00,142.756,142.756,142.690,142.693,75
2025.06.04,23:15,142.704,142.718,142.694,142.699,95
2025.06.04,23:30,142.698,142.794,142.694,142.787,102
2025.06.04,23:45,142.788,142.790,142.721,142.739,103
2025.06.05,00:00,142.718,142.822,142.694,142.801,170
2025.06.05,00:15,142.799,142.827,142.750,142.763,549
2025.06.05,00:30,142.762,142.782,142.727,142.729,435
2025.06.05,00:45,142.728,142.769,142.725,142.769,299
2025.06.05,01:00,142.768,142.782,142.741,142.751,510
2025.06.05,01:15,142.750,142.752,142.526,142.563,730
2025.06.05,01:30,142.563,142.699,142.562,142.695,614
2025.06.05,01:45,142.697,142.826,142.678,142.715,775
2025.06.05,02:00,142.721,142.846,142.629,142.631,855
2025.06.05,02:15,142.630,142.766,142.607,142.642,782
2025.06.05,02:30,142.643,142.834,142.631,142.756,848
2025.06.05,02:45,142.755,142.755,142.613,142.661,983
2025.06.05,03:00,142.666,142.755,142.567,142.731,840
2025.06.05,03:15,142.727,142.884,142.720,142.825,870
2025.06.05,03:30,142.824,142.968,142.810,142.924,755
2025.06.05,03:45,142.935,142.965,142.865,142.917,668
2025.06.05,04:00,142.918,142.927,142.810,142.872,700
2025.06.05,04:15,142.874,142.968,142.857,142.884,681
2025.06.05,04:30,142.883,142.943,142.816,142.906,574
2025.06.05,04:45,142.905,142.948,142.872,142.887,488
2025.06.05,05:00,142.886,142.903,142.809,142.881,512
2025.06.05,05:15,142.880,142.881,142.804,142.822,526
2025.06.05,05:30,142.821,142.912,142.699,142.802,728
2025.06.05,05:45,142.803,143.022,142.770,142.993,757
2025.06.05,06:00,142.990,143.040,142.895,142.938,686
2025.06.05,06:15,142.937,143.027,142.936,143.002,666
2025.06.05,06:30,143.000,143.070,142.935,142.945,668
2025.06.05,06:45,142.946,143.053,142.945,143.025,496
2025.06.05,07:00,143.026,143.061,143.004,143.023,746
2025.06.05,07:15,143.025,143.093,142.999,143.089,784
2025.06.05,07:30,143.088,143.143,143.067,143.130,662
2025.06.05,07:45,143.131,143.168,143.119,143.147,628
2025.06.05,08:00,143.143,143.167,143.023,143.081,959
2025.06.05,08:15,143.080,143.136,143.036,143.093,867
2025.06.05,08:30,143.093,143.202,143.056,143.197,1028
2025.06.05,08:45,143.198,143.236,143.133,143.225,880
2025.06.05,09:00,143.228,143.251,143.102,143.166,764
2025.06.05,09:15,143.165,143.170,143.069,143.132,629
2025.06.05,09:30,143.128,143.257,143.092,143.234,727
2025.06.05,09:45,143.235,143.390,143.235,143.343,718
2025.06.05,10:00,143.342,143.346,143.264,143.342,718
2025.06.05,10:15,143.344,143.397,143.326,143.342,576
2025.06.05,10:30,143.341,143.374,143.292,143.306,598
2025.06.05,10:45,143.314,143.332,143.252,143.276,631
2025.06.05,11:00,143.275,143.296,143.178,143.182,740
2025.06.05,11:15,143.183,143.219,143.134,143.134,640
2025.06.05,11:30,143.133,143.230,143.111,143.228,610
2025.06.05,11:45,143.227,143.239,143.170,143.214,570
2025.06.05,12:00,143.219,143.220,143.089,143.160,625
2025.06.05,12:15,143.161,143.172,143.068,143.081,565
2025.06.05,12:30,143.080,143.108,143.026,143.063,514
2025.06.05,12:45,143.064,143.141,143.054,143.130,573
2025.06.05,13:00,143.131,143.145,143.060,143.088,618
2025.06.05,13:15,143.089,143.226,143.062,143.203,686
2025.06.05,13:30,143.207,143.318,143.206,143.278,685
2025.06.05,13:45,143.277,143.317,143.248,143.265,631
2025.06.05,14:00,143.266,143.293,143.235,143.256,682
2025.06.05,14:15,143.249,143.313,143.140,143.151,965
2025.06.05,14:30,143.143,143.143,142.772,142.948,1378
2025.06.05,14:45,142.946,143.680,142.922,143.365,1629
2025.06.05,15:00,143.367,143.529,143.218,143.230,1389
2025.06.05,15:15,143.231,143.294,143.019,143.080,1291
2025.06.05,15:30,143.081,143.140,142.919,142.976,1361
2025.06.05,15:45,142.975,143.053,142.893,143.021,1174
2025.06.05,16:00,143.022,143.263,143.021,143.165,1233
2025.06.05,16:15,143.163,143.330,143.097,143.274,1078
2025.06.05,16:30,143.264,143.543,143.120,143.324,1353
2025.06.05,16:45,143.325,143.505,143.291,143.453,1230
2025.06.05,17:00,143.456,143.674,143.449,143.642,1108
2025.06.05,17:15,143.643,143.721,143.550,143.663,980
2025.06.05,17:30,143.664,143.893,143.664,143.874,1173
2025.06.05,17:45,143.875,143.964,143.824,143.857,1248
2025.06.05,18:00,143.863,143.958,143.842,143.860,1106
2025.06.05,18:15,143.858,143.879,143.747,143.760,1040
2025.06.05,18:30,143.753,143.776,143.682,143.692,817
2025.06.05,18:45,143.691,143.694,143.517,143.524,1207
2025.06.05,19:00,143.519,143.754,143.508,143.726,993
2025.06.05,19:15,143.728,143.759,143.698,143.741,881
2025.06.05,19:30,143.741,143.845,143.725,143.797,812
2025.06.05,19:45,143.799,143.803,143.665,143.675,807
2025.06.05,20:00,143.670,143.718,143.608,143.653,872
2025.06.05,20:15,143.652,143.670,143.567,143.661,860
2025.06.05,20:30,143.660,143.700,143.651,143.692,816
2025.06.05,20:45,143.690,143.750,143.568,143.623,996
2025.06.05,21:00,143.625,143.711,143.622,143.684,882
2025.06.05,21:15,143.684,143.691,143.468,143.588,1194
2025.06.05,21:30,143.593,143.758,143.590,143.737,1024
2025.06.05,21:45,143.738,143.760,143.640,143.680,1063
2025.06.05,22:00,143.681,143.777,143.566,143.578,714
2025.06.05,22:15,143.578,143.592,143.548,143.583,593
2025.06.05,22:30,143.583,143.585,143.515,143.583,612
2025.06.05,22:45,143.584,143.635,143.526,143.544,711
2025.06.05,23:00,143.452,143.452,143.384,143.389,19
2025.06.05,23:15,143.403,143.442,143.374,143.441,32
2025.06.05,23:30,143.442,143.518,143.440,143.479,204
2025.06.05,23:45,143.479,143.521,143.411,143.513,119
2025.06.06,00:00,143.488,143.520,143.450,143.457,198
2025.06.06,00:15,143.458,143.555,143.449,143.545,451
2025.06.06,00:30,143.544,143.546,143.503,143.509,226
2025.06.06,00:45,143.510,143.548,143.495,143.519,326
2025.06.06,01:00,143.518,143.579,143.491,143.519,358
2025.06.06,01:15,143.522,143.524,143.455,143.505,310
2025.06.06,01:30,143.503,143.541,143.466,143.529,287
2025.06.06,01:45,143.528,143.592,143.508,143.549,585
2025.06.06,02:00,143.560,143.639,143.524,143.608,791
2025.06.06,02:15,143.609,143.639,143.575,143.634,620
2025.06.06,02:30,143.650,143.689,143.633,143.662,557
2025.06.06,02:45,143.666,143.744,143.624,143.720,863
2025.06.06,03:00,143.719,143.785,143.689,143.711,656
2025.06.06,03:15,143.713,143.750,143.621,143.639,616
2025.06.06,03:30,143.634,143.771,143.620,143.759,657
2025.06.06,03:45,143.760,143.775,143.649,143.663,651
2025.06.06,04:00,143.664,143.819,143.643,143.788,638
2025.06.06,04:15,143.793,143.884,143.750,143.829,643
2025.06.06,04:30,143.828,143.896,143.822,143.882,505
2025.06.06,04:45,143.883,143.890,143.811,143.837,599
2025.06.06,05:00,143.836,143.846,143.749,143.768,497
2025.06.06,05:15,143.767,143.773,143.712,143.772,505
2025.06.06,05:30,143.771,143.817,143.748,143.781,485
2025.06.06,05:45,143.774,143.778,143.727,143.754,437
2025.06.06,06:00,143.752,143.877,143.729,143.844,506
2025.06.06,06:15,143.843,143.848,143.804,143.810,449
2025.06.06,06:30,143.813,143.844,143.776,143.841,425
2025.06.06,06:45,143.842,143.860,143.782,143.833,423
2025.06.06,07:00,143.835,143.895,143.810,143.875,557
2025.06.06,07:15,143.876,143.958,143.840,143.937,622
2025.06.06,07:30,143.938,143.974,143.881,143.947,527
2025.06.06,07:45,143.948,143.952,143.857,143.865,565
2025.06.06,08:00,143.864,143.966,143.805,143.956,827
2025.06.06,08:15,143.955,144.058,143.920,143.997,1039
2025.06.06,08:30,143.997,144.125,143.995,144.084,918
2025.06.06,08:45,144.082,144.089,143.987,144.018,922
2025.06.06,09:00,144.018,144.133,143.954,143.988,785
2025.06.06,09:15,143.987,144.001,143.887,143.955,668
2025.06.06,09:30,143.956,143.976,143.858,143.868,667
2025.06.06,09:45,143.869,143.927,143.800,143.903,666
2025.06.06,10:00,143.904,143.962,143.900,143.918,607
2025.06.06,10:15,143.921,143.946,143.876,143.928,585
2025.06.06,10:30,143.931,144.018,143.902,143.970,597
2025.06.06,10:45,143.971,144.064,143.971,144.053,574
2025.06.06,11:00,144.051,144.147,144.051,144.131,584
2025.06.06,11:15,144.130,144.142,144.094,144.114,578
2025.06.06,11:30,144.118,144.146,143.998,144.006,612
2025.06.06,11:45,144.008,144.187,144.008,144.157,723
2025.06.06,12:00,144.155,144.155,144.068,144.092,528
2025.06.06,12:15,144.091,144.138,144.033,144.079,625
2025.06.06,12:30,144.078,144.087,144.017,144.062,534
2025.06.06,12:45,144.063,144.100,144.042,144.082,519
2025.06.06,13:00,144.079,144.144,144.050,144.129,565
2025.06.06,13:15,144.127,144.183,144.117,144.154,516
2025.06.06,13:30,144.155,144.178,144.072,144.136,670
2025.06.06,13:45,144.135,144.177,144.120,144.151,710
2025.06.06,14:00,144.150,144.332,144.132,144.303,758
2025.06.06,14:15,144.306,144.310,144.197,144.197,763
2025.06.06,14:30,144.391,144.738,144.075,144.510,1982
2025.06.06,14:45,144.511,144.619,144.425,144.619,1383
2025.06.06,15:00,144.620,144.770,144.551,144.634,1242
2025.06.06,15:15,144.635,144.892,144.581,144.864,1172
2025.06.06,15:30,144.867,144.957,144.738,144.937,1350
2025.06.06,15:45,144.941,144.969,144.805,144.903,1222
2025.06.06,16:00,144.906,144.980,144.797,144.841,1225
2025.06.06,16:15,144.838,144.939,144.614,144.665,1133
2025.06.06,16:30,144.672,144.833,144.654,144.822,970
2025.06.06,16:45,144.823,145.015,144.821,144.895,1106
2025.06.06,17:00,144.894,145.084,144.883,145.056,1036
2025.06.06,17:15,145.055,145.060,144.858,144.885,1083
2025.06.06,17:30,144.886,144.909,144.758,144.798,1144
2025.06.06,17:45,144.799,144.873,144.777,144.870,989
2025.06.06,18:00,144.870,144.911,144.833,144.910,952
2025.06.06,18:15,144.912,144.922,144.809,144.921,958
2025.06.06,18:30,144.920,144.975,144.888,144.901,1019
2025.06.06,18:45,144.902,144.958,144.871,144.957,953
2025.06.06,19:00,144.959,144.961,144.830,144.863,932
2025.06.06,19:15,144.863,144.907,144.840,144.886,833
2025.06.06,19:30,144.887,144.957,144.875,144.934,777
2025.06.06,19:45,144.935,144.940,144.821,144.859,791
2025.06.06,20:00,144.861,144.902,144.832,144.884,847
2025.06.06,20:15,144.885,144.899,144.832,144.849,734
2025.06.06,20:30,144.853,144.887,144.805,144.845,922
2025.06.06,20:45,144.844,144.874,144.831,144.844,722
2025.06.06,21:00,144.844,144.844,144.779,144.790,831
2025.06.06,21:15,144.789,144.827,144.771,144.818,645
2025.06.06,21:30,144.817,144.833,144.786,144.792,611
2025.06.06,21:45,144.791,144.820,144.770,144.782,687
2025.06.08,23:00,144.783,144.806,144.737,144.784,70
2025.06.08,23:15,144.796,144.798,144.767,144.798,65
2025.06.08,23:30,144.797,144.799,144.772,144.795,39
2025.06.08,23:45,144.796,144.799,144.752,144.769,47
2025.06.09,00:00,144.760,144.785,144.692,144.709,370
2025.06.09,00:15,144.705,144.713,144.693,144.702,316
2025.06.09,00:30,144.703,144.703,144.646,144.678,526
2025.06.09,00:45,144.679,144.727,144.677,144.687,437
2025.06.09,01:00,144.688,144.692,144.607,144.629,704
2025.06.09,01:15,144.630,144.678,144.626,144.628,427
2025.06.09,01:30,144.629,144.712,144.596,144.710,339
2025.06.09,01:45,144.711,144.743,144.667,144.690,557
2025.06.09,02:00,144.689,144.691,144.574,144.659,736
2025.06.09,02:15,144.660,144.820,144.660,144.804,721
2025.06.09,02:30,144.797,144.797,144.638,144.769,745
2025.06.09,02:45,144.760,144.943,144.754,144.934,955
2025.06.09,03:00,144.935,144.935,144.716,144.736,808
2025.06.09,03:15,144.734,144.776,144.565,144.634,694
2025.06.09,03:30,144.630,144.680,144.547,144.566,654
2025.06.09,03:45,144.565,144.566,144.470,144.538,714
2025.06.09,04:00,144.539,144.564,144.385,144.410,773
2025.06.09,04:15,144.409,144.479,144.344,144.386,576
2025.06.09,04:30,144.387,144.465,144.365,144.440,531
2025.06.09,04:45,144.438,144.502,144.409,144.494,540
2025.06.09,05:00,144.493,144.496,144.356,144.357,551
2025.06.09,05:15,144.358,144.466,144.348,144.452,519
2025.06.09,05:30,144.454,144.506,144.441,144.494,445
2025.06.09,05:45,144.491,144.504,144.430,144.487,426
2025.06.09,06:00,144.488,144.490,144.411,144.440,410
2025.06.09,06:15,144.443,144.452,144.388,144.418,405
2025.06.09,06:30,144.417,144.464,144.376,144.413,452
2025.06.09,06:45,144.414,144.438,144.346,144.376,415
2025.06.09,07:00,144.375,144.405,144.347,144.377,655
2025.06.09,07:15,144.377,144.489,144.376,144.460,671
2025.06.09,07:30,144.461,144.491,144.378,144.418,557
2025.06.09,07:45,144.419,144.448,144.366,144.408,579
2025.06.09,08:00,144.413,144.458,144.323,144.345,944
2025.06.09,08:15,144.346,144.355,144.248,144.280,900
2025.06.09,08:30,144.281,144.291,144.226,144.264,827
2025.06.09,08:45,144.265,144.270,144.193,144.202,1073
2025.06.09,09:00,144.207,144.293,144.197,144.222,761
2025.06.09,09:15,144.225,144.314,144.180,144.225,721
2025.06.09,09:30,144.224,144.247,144.122,144.142,697
2025.06.09,09:45,144.143,144.154,144.098,144.140,755
2025.06.09,10:00,144.126,144.172,144.051,144.099,875
2025.06.09,10:15,144.098,144.152,144.067,144.068,736
2025.06.09,10:30,144.069,144.084,144.035,144.056,677
2025.06.09,10:45,144.055,144.170,144.039,144.151,651
2025.06.09,11:00,144.150,144.162,143.973,143.978,743
2025.06.09,11:15,143.980,144.065,143.971,144.046,585
2025.06.09,11:30,144.045,144.088,143.998,144.025,557
2025.06.09,11:45,144.027,144.130,144.004,144.099,558
2025.06.09,12:00,144.101,144.140,144.029,144.037,593
2025.06.09,12:15,144.038,144.087,144.031,144.057,465
2025.06.09,12:30,144.056,144.130,144.054,144.119,478
2025.06.09,12:45,144.113,144.185,144.102,144.170,508
2025.06.09,13:00,144.166,144.272,144.156,144.248,536
2025.06.09,13:15,144.250,144.327,144.248,144.318,636
2025.06.09,13:30,144.319,144.459,144.298,144.442,741
2025.06.09,13:45,144.443,144.525,144.417,144.485,744
2025.06.09,14:00,144.487,144.546,144.429,144.517,674
2025.06.09,14:15,144.516,144.556,144.460,144.511,652
2025.06.09,14:30,144.512,144.564,144.450,144.553,612
2025.06.09,14:45,144.554,144.688,144.554,144.628,765
2025.06.09,15:00,144.627,144.741,144.598,144.702,770
2025.06.09,15:15,144.703,144.767,144.677,144.701,644
2025.06.09,15:30,144.700,144.721,144.590,144.711,971
2025.06.09,15:45,144.710,144.722,144.605,144.661,830
2025.06.09,16:00,144.664,144.693,144.544,144.555,836
2025.06.09,16:15,144.557,144.623,144.531,144.606,661
2025.06.09,16:30,144.605,144.746,144.565,144.599,894
2025.06.09,16:45,144.600,144.617,144.554,144.609,703
2025.06.09,17:00,144.608,144.615,144.496,144.503,770
2025.06.09,17:15,144.505,144.522,144.408,144.408,696
2025.06.09,17:30,144.410,144.452,144.361,144.408,909
2025.06.09,17:45,144.409,144.409,144.341,144.364,817
2025.06.09,18:00,144.365,144.449,144.357,144.448,816
2025.06.09,18:15,144.447,144.452,144.381,144.386,804
2025.06.09,18:30,144.387,144.442,144.383,144.399,713
2025.06.09,18:45,144.400,144.416,144.358,144.389,706
2025.06.09,19:00,144.388,144.461,144.388,144.422,800
2025.06.09,19:15,144.424,144.430,144.398,144.418,781
2025.06.09,19:30,144.417,144.457,144.389,144.392,749
2025.06.09,19:45,144.393,144.461,144.393,144.454,714
2025.06.09,20:00,144.454,144.487,144.418,144.439,749
2025.06.09,20:15,144.439,144.468,144.407,144.407,694
2025.06.09,20:30,144.408,144.470,144.387,144.462,750
2025.06.09,20:45,144.463,144.561,144.462,144.553,848
2025.06.09,21:00,144.553,144.553,144.512,144.520,616
2025.06.09,21:15,144.519,144.557,144.496,144.554,612
2025.06.09,21:30,144.554,144.593,144.543,144.547,764
2025.06.09,21:45,144.547,144.584,144.519,144.557,647
2025.06.09,22:00,144.562,144.592,144.552,144.567,589
2025.06.09,22:15,144.566,144.588,144.565,144.574,372
2025.06.09,22:30,144.575,144.630,144.575,144.618,316
2025.06.09,22:45,144.617,144.623,144.563,144.563,277
2025.06.09,23:00,144.479,144.512,144.448,144.452,26
2025.06.09,23:15,144.448,144.507,144.448,144.505,25
2025.06.09,23:30,144.510,144.533,144.490,144.516,73
2025.06.09,23:45,144.528,144.544,144.507,144.507,99
2025.06.10,00:00,144.487,144.616,144.485,144.597,134
2025.06.10,00:15,144.596,144.623,144.587,144.609,320
2025.06.10,00:30,144.609,144.646,144.601,144.644,419
2025.06.10,00:45,144.646,144.647,144.595,144.595,409
2025.06.10,01:00,144.594,144.647,144.587,144.630,265
2025.06.10,01:15,144.631,144.631,144.496,144.528,401
2025.06.10,01:30,144.529,144.587,144.529,144.584,299
2025.06.10,01:45,144.584,144.610,144.520,144.558,456
2025.06.10,02:00,144.559,144.634,144.453,144.467,814
2025.06.10,02:15,144.466,144.470,144.398,144.401,686
2025.06.10,02:30,144.399,144.596,144.399,144.580,752
2025.06.10,02:45,144.582,144.651,144.510,144.517,976
2025.06.10,03:00,144.516,144.615,144.424,144.563,718
2025.06.10,03:15,144.570,144.750,144.520,144.709,859
2025.06.10,03:30,144.702,144.909,144.675,144.850,864
2025.06.10,03:45,144.852,145.051,144.838,145.009,909
2025.06.10,04:00,145.019,145.286,145.019,145.171,992
2025.06.10,04:15,145.176,145.215,145.080,145.163,774
2025.06.10,04:30,145.164,145.192,144.965,145.025,775
2025.06.10,04:45,145.024,145.024,144.892,144.927,660
2025.06.10,05:00,144.928,144.982,144.849,144.852,552
2025.06.10,05:15,144.851,144.890,144.813,144.822,553
2025.06.10,05:30,144.821,144.898,144.779,144.855,542
2025.06.10,05:45,144.854,144.892,144.813,144.822,518
2025.06.10,06:00,144.821,144.895,144.808,144.880,562
2025.06.10,06:15,144.879,144.943,144.859,144.932,428
2025.06.10,06:30,144.929,144.944,144.852,144.894,414
2025.06.10,06:45,144.893,144.938,144.862,144.935,487
2025.06.10,07:00,144.930,144.937,144.837,144.851,554
2025.06.10,07:15,144.849,144.849,144.586,144.634,1010
2025.06.10,07:30,144.632,144.657,144.443,144.608,1010
2025.06.10,07:45,144.603,144.626,144.514,144.551,760
2025.06.10,08:00,144.550,144.623,144.439,144.460,1112
2025.06.10,08:15,144.462,144.548,144.447,144.515,929
2025.06.10,08:30,144.517,144.536,144.418,144.482,1032
2025.06.10,08:45,144.478,144.648,144.455,144.575,984
2025.06.10,09:00,144.586,144.783,144.538,144.770,987
2025.06.10,09:15,144.768,144.824,144.727,144.739,767
2025.06.10,09:30,144.737,144.801,144.679,144.690,754
2025.06.10,09:45,144.691,144.746,144.654,144.738,793
2025.06.10,10:00,144.741,144.741,144.561,144.578,739
2025.06.10,10:15,144.573,144.710,144.570,144.679,676
2025.06.10,10:30,144.681,144.706,144.623,144.642,675
2025.06.10,10:45,144.644,144.672,144.620,144.643,628
2025.06.10,11:00,144.644,144.695,144.616,144.644,576
2025.06.10,11:15,144.639,144.767,144.620,144.750,523
2025.06.10,11:30,144.745,144.766,144.682,144.697,570
2025.06.10,11:45,144.698,144.751,144.647,144.677,685
2025.06.10,12:00,144.676,144.733,144.664,144.675,651
2025.06.10,12:15,144.674,144.725,144.621,144.630,515
2025.06.10,12:30,144.624,144.662,144.600,144.618,472
2025.06.10,12:45,144.616,144.635,144.586,144.601,467
2025.06.10,13:00,144.602,144.615,144.514,144.517,508
2025.06.10,13:15,144.518,144.535,144.476,144.510,521
2025.06.10,13:30,144.509,144.565,144.489,144.524,533
2025.06.10,13:45,144.523,144.586,144.504,144.581,506
2025.06.10,14:00,144.580,144.598,144.454,144.565,654
2025.06.10,14:15,144.566,144.605,144.553,144.578,474
2025.06.10,14:30,144.576,144.602,144.495,144.569,539
2025.06.10,14:45,144.568,144.644,144.506,144.637,573
2025.06.10,15:00,144.641,144.674,144.535,144.571,676
2025.06.10,15:15,144.570,144.577,144.438,144.440,663
2025.06.10,15:30,144.441,144.566,144.441,144.510,892
2025.06.10,15:45,144.511,144.590,144.464,144.525,770
2025.06.10,16:00,144.527,144.707,144.514,144.697,768
2025.06.10,16:15,144.696,144.750,144.668,144.735,707
2025.06.10,16:30,144.738,144.779,144.674,144.717,658
2025.06.10,16:45,144.718,144.830,144.718,144.801,737
2025.06.10,17:00,144.798,144.855,144.790,144.817,699
2025.06.10,17:15,144.824,144.944,144.824,144.930,720
2025.06.10,17:30,144.929,144.941,144.787,144.910,1107
2025.06.10,17:45,144.913,144.940,144.896,144.909,899
2025.06.10,18:00,144.905,144.981,144.869,144.936,922
2025.06.10,18:15,144.936,145.001,144.934,144.985,813
2025.06.10,18:30,144.986,145.035,144.945,144.952,751
2025.06.10,18:45,144.952,144.994,144.937,144.964,758
2025.06.10,19:00,144.962,144.997,144.952,144.986,759
2025.06.10,19:15,144.985,145.017,144.972,144.984,658
2025.06.10,19:30,144.985,144.993,144.921,144.922,730
2025.06.10,19:45,144.921,144.942,144.909,144.929,658
2025.06.10,20:00,144.930,144.969,144.893,144.966,765
2025.06.10,20:15,144.967,145.017,144.948,144.957,691
2025.06.10,20:30,144.956,144.957,144.903,144.912,599
2025.06.10,20:45,144.913,144.978,144.902,144.954,751
2025.06.10,21:00,144.955,145.028,144.922,144.925,812
2025.06.10,21:15,144.925,144.930,144.839,144.885,748
2025.06.10,21:30,144.885,144.899,144.784,144.798,669
2025.06.10,21:45,144.799,144.909,144.778,144.898,876
2025.06.10,22:00,144.898,144.925,144.851,144.857,594
2025.06.10,22:15,144.858,144.918,144.854,144.882,408
2025.06.10,22:30,144.883,144.915,144.870,144.898,360
2025.06.10,22:45,144.899,144.910,144.806,144.806,548
2025.06.10,23:00,144.801,144.822,144.782,144.809,37
2025.06.10,23:15,144.808,144.842,144.808,144.840,44
2025.06.10,23:30,144.845,144.852,144.835,144.842,45
2025.06.10,23:45,144.841,144.842,144.768,144.799,59
2025.06.11,00:00,144.782,144.899,144.782,144.873,107
2025.06.11,00:15,144.870,144.872,144.849,144.865,371
2025.06.11,00:30,144.864,144.909,144.859,144.893,368
2025.06.11,00:45,144.892,144.960,144.878,144.947,495
2025.06.11,01:00,144.958,145.078,144.813,144.941,992
2025.06.11,01:15,144.939,145.159,144.925,144.963,981
2025.06.11,01:30,144.964,144.982,144.818,144.829,824
2025.06.11,01:45,144.822,144.870,144.789,144.839,924
2025.06.11,02:00,144.838,144.957,144.808,144.907,891
2025.06.11,02:15,144.901,144.910,144.650,144.804,1016
2025.06.11,02:30,144.806,144.859,144.722,144.816,781
2025.06.11,02:45,144.814,144.921,144.736,144.920,911
2025.06.11,03:00,144.921,144.981,144.840,144.956,716
2025.06.11,03:15,144.955,144.959,144.839,144.848,625
2025.06.11,03:30,144.845,144.944,144.838,144.912,585
2025.06.11,03:45,144.913,145.029,144.909,145.000,762
2025.06.11,04:00,144.998,145.147,144.997,145.079,722
2025.06.11,04:15,145.084,145.100,144.988,145.015,610
2025.06.11,04:30,145.012,145.015,144.846,144.887,601
2025.06.11,04:45,144.886,144.971,144.868,144.943,459
2025.06.11,05:00,144.944,144.985,144.929,144.964,536
2025.06.11,05:15,144.963,145.048,144.921,145.042,485
2025.06.11,05:30,145.045,145.058,144.927,144.950,473
2025.06.11,05:45,144.950,145.027,144.948,145.003,384
2025.06.11,06:00,145.004,145.069,144.982,144.985,489
2025.06.11,06:15,144.986,145.053,144.888,144.982,502
2025.06.11,06:30,144.990,145.045,144.959,144.973,485
2025.06.11,06:45,144.974,145.043,144.956,145.031,460
2025.06.11,07:00,145.032,145.095,145.005,145.079,574
2025.06.11,07:15,145.087,145.137,145.034,145.055,569
2025.06.11,07:30,145.056,145.079,144.998,145.047,537
2025.06.11,07:45,145.044,145.077,144.972,144.976,753
2025.06.11,08:00,144.975,145.122,144.961,145.100,843
2025.06.11,08:15,145.100,145.239,145.083,145.216,972
2025.06.11,08:30,145.217,145.219,145.071,145.075,881
2025.06.11,08:45,145.075,145.140,145.053,145.120,843
2025.06.11,09:00,145.122,145.198,145.087,145.165,721
2025.06.11,09:15,145.164,145.237,145.151,145.162,633
2025.06.11,09:30,145.164,145.183,145.120,145.129,605
2025.06.11,09:45,145.130,145.142,145.078,145.118,618
2025.06.11,10:00,145.122,145.144,145.033,145.068,614
2025.06.11,10:15,145.067,145.093,145.048,145.057,492
2025.06.11,10:30,145.056,145.087,144.998,145.031,508
2025.06.11,10:45,145.028,145.083,145.021,145.062,552
2025.06.11,11:00,145.064,145.078,144.949,144.953,666
2025.06.11,11:15,144.949,145.025,144.917,144.973,579
2025.06.11,11:30,144.977,145.021,144.939,145.014,530
2025.06.11,11:45,145.015,145.092,145.014,145.078,497
2025.06.11,12:00,145.071,145.080,145.044,145.063,525
2025.06.11,12:15,145.062,145.114,145.048,145.111,505
2025.06.11,12:30,145.112,145.162,145.109,145.134,501
2025.06.11,12:45,145.133,145.154,145.080,145.129,571
2025.06.11,13:00,145.136,145.162,145.107,145.147,568
2025.06.11,13:15,145.141,145.219,145.111,145.194,705
2025.06.11,13:30,145.193,145.223,145.171,145.223,670
2025.06.11,13:45,145.222,145.332,145.222,145.279,741
2025.06.11,14:00,145.277,145.463,145.148,145.307,1162
2025.06.11,14:15,145.303,145.304,145.181,145.209,807
2025.06.11,14:30,145.173,145.367,144.318,144.513,1867
2025.06.11,14:45,144.504,144.728,144.441,144.727,1211
2025.06.11,15:00,144.715,144.819,144.610,144.610,1172
2025.06.11,15:15,144.608,144.926,144.608,144.925,952
2025.06.11,15:30,144.930,145.119,144.903,145.109,971
2025.06.11,15:45,145.106,145.181,144.951,145.047,1009
2025.06.11,16:00,145.046,145.084,144.828,144.974,980
2025.06.11,16:15,144.966,144.981,144.801,144.878,829
2025.06.11,16:30,144.876,144.950,144.762,144.764,782
2025.06.11,16:45,144.763,144.818,144.730,144.797,805
2025.06.11,17:00,144.798,144.840,144.668,144.745,859
2025.06.11,17:15,144.744,144.776,144.625,144.639,721
2025.06.11,17:30,144.643,144.654,144.555,144.567,906
2025.06.11,17:45,144.566,144.645,144.459,144.484,1073
2025.06.11,18:00,144.482,144.571,144.432,144.568,1018
2025.06.11,18:15,144.562,144.566,144.483,144.484,846
2025.06.11,18:30,144.483,144.591,144.478,144.576,857
2025.06.11,18:45,144.577,144.620,144.568,144.613,801
2025.06.11,19:00,144.612,144.633,144.528,144.532,840
2025.06.11,19:15,144.533,144.577,144.521,144.571,759
2025.06.11,19:30,144.571,144.646,144.528,144.541,907
2025.06.11,19:45,144.541,144.570,144.509,144.518,761
2025.06.11,20:00,144.509,144.512,144.321,144.343,1094
2025.06.11,20:15,144.344,144.459,144.325,144.441,945
2025.06.11,20:30,144.436,144.527,144.378,144.512,963
2025.06.11,20:45,144.512,144.537,144.446,144.502,939
2025.06.11,21:00,144.502,144.597,144.493,144.552,892
2025.06.11,21:15,144.560,144.634,144.505,144.612,795
2025.06.11,21:30,144.611,144.629,144.516,144.546,786
2025.06.11,21:45,144.548,144.642,144.548,144.623,736
2025.06.11,22:00,144.624,144.686,144.611,144.630,606
2025.06.11,22:15,144.630,144.632,144.563,144.580,696
2025.06.11,22:30,144.580,144.609,144.561,144.596,484
2025.06.11,22:45,144.598,144.608,144.519,144.519,449
2025.06.11,23:00,144.471,144.475,144.427,144.466,62
2025.06.11,23:15,144.463,144.532,144.444,144.531,81
2025.06.11,23:30,144.530,144.532,144.479,144.492,66
2025.06.11,23:45,144.479,144.536,144.478,144.535,65
2025.06.12,00:00,144.444,144.483,144.365,144.417,235
2025.06.12,00:15,144.424,144.442,144.374,144.391,223
2025.06.12,00:30,144.387,144.425,144.377,144.394,347
2025.06.12,00:45,144.396,144.421,144.194,144.253,591
2025.06.12,01:00,144.251,144.290,144.111,144.209,720
2025.06.12,01:15,144.208,144.278,144.181,144.234,500
2025.06.12,01:30,144.235,144.320,144.183,144.198,563
2025.06.12,01:45,144.200,144.252,144.149,144.178,711
2025.06.12,02:00,144.175,144.338,144.096,144.312,874
2025.06.12,02:15,144.313,144.334,144.094,144.106,832
2025.06.12,02:30,144.100,144.200,144.053,144.072,803
2025.06.12,02:45,144.079,144.084,143.951,144.038,1124
2025.06.12,03:00,144.037,144.094,143.887,143.926,872
2025.06.12,03:15,143.927,143.927,143.779,143.827,991
2025.06.12,03:30,143.830,143.938,143.724,143.886,906
2025.06.12,03:45,143.888,143.977,143.824,143.977,791
2025.06.12,04:00,143.979,144.113,143.970,144.063,760
2025.06.12,04:15,144.066,144.076,143.941,143.946,708
2025.06.12,04:30,143.948,144.003,143.905,143.999,653
2025.06.12,04:45,143.998,144.086,143.946,143.949,571
2025.06.12,05:00,143.950,143.985,143.913,143.930,598
2025.06.12,05:15,143.938,144.050,143.919,143.936,619
2025.06.12,05:30,143.934,143.956,143.835,143.903,703
2025.06.12,05:45,143.903,143.903,143.850,143.890,743
2025.06.12,06:00,143.893,144.042,143.886,144.019,575
2025.06.12,06:15,144.020,144.032,143.985,144.013,433
2025.06.12,06:30,144.008,144.040,143.937,143.947,418
2025.06.12,06:45,143.946,143.971,143.910,143.943,442
2025.06.12,07:00,143.966,143.980,143.917,143.967,500
2025.06.12,07:15,143.968,143.975,143.841,143.878,417
2025.06.12,07:30,143.877,143.883,143.770,143.773,582
2025.06.12,07:45,143.774,143.800,143.671,143.728,702
2025.06.12,08:00,143.720,143.846,143.680,143.837,1049
2025.06.12,08:15,143.837,143.916,143.720,143.729,933
2025.06.12,08:30,143.727,143.808,143.626,143.804,916
2025.06.12,08:45,143.804,143.854,143.686,143.728,948
2025.06.12,09:00,143.728,143.919,143.728,143.909,902
2025.06.12,09:15,143.908,144.064,143.897,144.022,702
2025.06.12,09:30,144.021,144.129,143.935,144.102,777
2025.06.12,09:45,144.101,144.134,143.846,143.874,898
2025.06.12,10:00,143.876,143.922,143.782,143.845,882
2025.06.12,10:15,143.848,143.867,143.776,143.825,843
2025.06.12,10:30,143.831,143.938,143.805,143.834,836
2025.06.12,10:45,143.835,143.835,143.749,143.795,767
2025.06.12,11:00,143.793,143.868,143.682,143.707,779
2025.06.12,11:15,143.705,143.790,143.698,143.759,659
2025.06.12,11:30,143.760,143.778,143.688,143.776,655
2025.06.12,11:45,143.778,143.795,143.562,143.695,923
2025.06.12,12:00,143.692,143.750,143.655,143.694,803
2025.06.12,12:15,143.692,143.699,143.519,143.521,806
2025.06.12,12:30,143.520,143.586,143.494,143.570,776
2025.06.12,12:45,143.571,143.600,143.444,143.544,778
2025.06.12,13:00,143.542,143.542,143.395,143.515,775
2025.06.12,13:15,143.510,143.607,143.474,143.602,718
2025.06.12,13:30,143.601,143.764,143.543,143.715,843
2025.06.12,13:45,143.716,143.781,143.604,143.615,698
2025.06.12,14:00,143.614,143.738,143.605,143.722,768
2025.06.12,14:15,143.721,143.721,143.549,143.549,826
2025.06.12,14:30,143.446,143.594,143.178,143.196,1407
2025.06.12,14:45,143.201,143.350,143.199,143.283,985
2025.06.12,15:00,143.280,143.412,143.193,143.406,1092
2025.06.12,15:15,143.408,143.489,143.386,143.418,856
2025.06.12,15:30,143.421,143.454,143.196,143.226,1059
2025.06.12,15:45,143.228,143.519,143.228,143.461,1007
2025.06.12,16:00,143.459,143.585,143.424,143.523,1049
2025.06.12,16:15,143.532,143.689,143.521,143.635,946
2025.06.12,16:30,143.627,143.738,143.611,143.628,877
2025.06.12,16:45,143.629,143.749,143.575,143.731,856
2025.06.12,17:00,143.734,143.877,143.727,143.843,987
2025.06.12,17:15,143.848,143.899,143.640,143.723,1127
2025.06.12,17:30,143.722,143.757,143.611,143.726,1060
2025.06.12,17:45,143.725,143.726,143.585,143.641,1062
2025.06.12,18:00,143.642,143.731,143.634,143.667,1078
2025.06.12,18:15,143.668,143.685,143.590,143.631,1026
2025.06.12,18:30,143.629,143.681,143.543,143.628,1045
2025.06.12,18:45,143.629,143.676,143.596,143.602,930
2025.06.12,19:00,143.603,143.640,143.518,143.583,987
2025.06.12,19:15,143.582,143.728,143.581,143.674,792
2025.06.12,19:30,143.676,143.714,143.560,143.588,820
2025.06.12,19:45,143.588,143.622,143.528,143.534,746
2025.06.12,20:00,143.539,143.589,143.539,143.547,756
2025.06.12,20:15,143.546,143.553,143.468,143.502,850
2025.06.12,20:30,143.503,143.546,143.487,143.524,832
2025.06.12,20:45,143.523,143.564,143.478,143.517,799
2025.06.12,21:00,143.517,143.594,143.517,143.562,708
2025.06.12,21:15,143.561,143.590,143.544,143.587,706
2025.06.12,21:30,143.586,143.588,143.481,143.512,720
2025.06.12,21:45,143.512,143.571,143.505,143.571,719
2025.06.12,22:00,143.570,143.589,143.543,143.564,576
2025.06.12,22:15,143.563,143.568,143.538,143.566,360
2025.06.12,22:30,143.567,143.567,143.533,143.554,333
2025.06.12,22:45,143.554,143.557,143.465,143.468,550
2025.06.12,23:00,143.476,143.569,143.476,143.501,93
2025.06.12,23:15,143.499,143.499,143.454,143.487,65
2025.06.12,23:30,143.480,143.491,143.464,143.472,62
2025.06.12,23:45,143.468,143.490,143.462,143.490,71
2025.06.13,00:00,143.471,143.494,143.424,143.438,181
2025.06.13,00:15,143.436,143.468,143.384,143.463,492
2025.06.13,00:30,143.464,143.496,143.410,143.484,456
2025.06.13,00:45,143.483,143.485,143.414,143.449,381
2025.06.13,01:00,143.448,143.462,143.362,143.369,430
2025.06.13,01:15,143.370,143.410,143.352,143.382,334
2025.06.13,01:30,143.384,143.395,143.212,143.276,509
2025.06.13,01:45,143.274,143.327,143.069,143.085,923
2025.06.13,02:00,143.112,143.187,142.802,143.108,1576
2025.06.13,02:15,143.107,143.155,142.860,142.918,1374
2025.06.13,02:30,142.914,143.037,142.791,142.961,1387
2025.06.13,02:45,142.966,143.185,142.916,143.036,1257
2025.06.13,03:00,143.029,143.144,142.916,143.028,1202
2025.06.13,03:15,143.029,143.181,142.994,142.997,1058
2025.06.13,03:30,142.996,143.100,142.926,143.068,941
2025.06.13,03:45,143.067,143.282,143.041,143.168,961
2025.06.13,04:00,143.175,143.228,143.083,143.228,791
2025.06.13,04:15,143.227,143.232,143.036,143.065,914
2025.06.13,04:30,143.064,143.071,142.946,142.995,949
2025.06.13,04:45,142.992,143.133,142.967,143.075,936
2025.06.13,05:00,143.073,143.323,143.072,143.311,868
2025.06.13,05:15,143.309,143.484,143.301,143.473,927
2025.06.13,05:30,143.470,143.739,143.444,143.631,916
2025.06.13,05:45,143.630,143.631,143.410,143.491,1031
2025.06.13,06:00,143.490,143.520,143.429,143.509,744
2025.06.13,06:15,143.510,143.714,143.507,143.635,762
2025.06.13,06:30,143.637,143.766,143.581,143.642,844
2025.06.13,06:45,143.643,143.733,143.586,143.649,795
2025.06.13,07:00,143.652,143.660,143.505,143.545,879
2025.06.13,07:15,143.549,143.868,143.545,143.775,890
2025.06.13,07:30,143.780,143.793,143.607,143.680,840
2025.06.13,07:45,143.681,143.705,143.506,143.534,800
2025.06.13,08:00,143.525,143.662,143.370,143.507,1266
2025.06.13,08:15,143.507,143.620,143.438,143.601,1097
2025.06.13,08:30,143.600,143.623,143.445,143.590,1087
2025.06.13,08:45,143.590,143.733,143.590,143.641,1131
2025.06.13,09:00,143.624,143.689,143.530,143.670,1116
2025.06.13,09:15,143.679,143.763,143.648,143.721,936
2025.06.13,09:30,143.723,143.790,143.668,143.759,730
2025.06.13,09:45,143.766,143.793,143.651,143.793,743
2025.06.13,10:00,143.794,143.891,143.739,143.739,753
2025.06.13,10:15,143.736,143.828,143.670,143.691,538
2025.06.13,10:30,143.692,143.870,143.663,143.816,654
2025.06.13,10:45,143.818,143.837,143.742,143.787,700
2025.06.13,11:00,143.788,143.905,143.744,143.890,839
2025.06.13,11:15,143.889,144.036,143.889,144.011,872
2025.06.13,11:30,144.013,144.160,144.010,144.126,856
2025.06.13,11:45,144.127,144.147,144.022,144.108,759
2025.06.13,12:00,144.114,144.137,143.966,144.041,805
2025.06.13,12:15,144.040,144.249,144.000,144.170,827
2025.06.13,12:30,144.163,144.298,144.133,144.224,946
2025.06.13,12:45,144.229,144.393,144.219,144.349,960
2025.06.13,13:00,144.347,144.440,144.297,144.366,883
2025.06.13,13:15,144.364,144.434,144.308,144.313,790
2025.06.13,13:30,144.314,144.329,144.227,144.228,789
2025.06.13,13:45,144.227,144.279,144.101,144.125,805
2025.06.13,14:00,144.124,144.182,144.094,144.096,722
2025.06.13,14:15,144.103,144.210,144.082,144.182,708
2025.06.13,14:30,144.181,144.227,144.127,144.143,805
2025.06.13,14:45,144.144,144.314,144.144,144.292,850
2025.06.13,15:00,144.294,144.428,144.241,144.384,868
2025.06.13,15:15,144.385,144.416,144.315,144.391,803
2025.06.13,15:30,144.392,144.480,144.176,144.206,1053
2025.06.13,15:45,144.205,144.205,144.048,144.068,893
2025.06.13,16:00,144.072,144.143,144.016,144.086,1054
2025.06.13,16:15,144.079,144.202,144.062,144.109,951
2025.06.13,16:30,144.110,144.199,144.078,144.140,855
2025.06.13,16:45,144.142,144.201,144.077,144.118,1040
2025.06.13,17:00,144.119,144.185,144.091,144.139,895
2025.06.13,17:15,144.137,144.138,143.966,143.979,896
2025.06.13,17:30,143.978,144.044,143.948,144.042,1076
2025.06.13,17:45,144.042,144.126,144.035,144.040,1038
2025.06.13,18:00,144.040,144.040,143.979,144.013,925
2025.06.13,18:15,144.012,144.031,143.966,143.982,826
2025.06.13,18:30,143.982,144.024,143.960,144.011,698
2025.06.13,18:45,144.012,144.065,143.984,144.028,777
2025.06.13,19:00,144.026,144.072,144.008,144.051,910
2025.06.13,19:15,144.048,144.116,144.011,144.096,910
2025.06.13,19:30,144.097,144.189,144.095,144.173,873
2025.06.13,19:45,144.173,144.188,144.062,144.086,936
2025.06.13,20:00,144.085,144.093,143.988,144.019,955
2025.06.13,20:15,144.022,144.075,143.995,144.073,917
2025.06.13,20:30,144.074,144.091,143.868,143.905,1116
2025.06.13,20:45,143.904,143.966,143.845,143.952,1011
2025.06.13,21:00,143.954,143.990,143.927,143.927,887
2025.06.13,21:15,143.927,143.939,143.855,143.861,802
2025.06.13,21:30,143.863,143.916,143.851,143.868,758
2025.06.13,21:45,143.867,143.940,143.863,143.931,848
2025.06.15,23:00,143.815,143.934,143.799,143.932,97
2025.06.15,23:15,143.932,144.359,143.795,144.359,171
2025.06.15,23:30,143.999,144.312,143.999,144.272,124
2025.06.15,23:45,144.285,144.353,144.220,144.288,164
2025.06.16,00:00,144.273,144.607,144.236,144.570,803
2025.06.16,00:15,144.572,144.649,144.506,144.607,917
2025.06.16,00:30,144.606,144.614,144.486,144.553,759
2025.06.16,00:45,144.553,144.559,144.327,144.444,769
2025.06.16,01:00,144.446,144.689,144.426,144.686,800
2025.06.16,01:15,144.685,144.747,144.507,144.517,677
2025.06.16,01:30,144.516,144.592,144.464,144.481,589
2025.06.16,01:45,144.478,144.634,144.477,144.566,919
2025.06.16,02:00,144.564,144.600,144.424,144.467,1061
2025.06.16,02:15,144.466,144.563,144.395,144.449,981
2025.06.16,02:30,144.447,144.456,144.387,144.424,799
2025.06.16,02:45,144.425,144.558,144.346,144.360,1054
2025.06.16,03:00,144.371,144.380,144.209,144.231,797
2025.06.16,03:15,144.239,144.258,144.174,144.220,735
2025.06.16,03:30,144.221,144.303,144.155,144.270,747
2025.06.16,03:45,144.271,144.355,144.239,144.344,668
2025.06.16,04:00,144.339,144.407,144.289,144.354,685
2025.06.16,04:15,144.354,144.417,144.311,144.413,687
2025.06.16,04:30,144.414,144.461,144.414,144.437,620
2025.06.16,04:45,144.441,144.459,144.358,144.406,694
2025.06.16,05:00,144.408,144.437,144.334,144.414,635
2025.06.16,05:15,144.415,144.468,144.385,144.407,547
2025.06.16,05:30,144.405,144.443,144.369,144.438,737
2025.06.16,05:45,144.438,144.484,144.433,144.475,795
2025.06.16,06:00,144.476,144.478,144.392,144.414,665
2025.06.16,06:15,144.413,144.414,144.323,144.348,593
2025.06.16,06:30,144.349,144.351,144.287,144.333,550
2025.06.16,06:45,144.326,144.353,144.300,144.301,396
2025.06.16,07:00,144.300,144.312,144.137,144.167,637
2025.06.16,07:15,144.169,144.180,144.045,144.092,715
2025.06.16,07:30,144.091,144.095,144.008,144.043,689
2025.06.16,07:45,144.049,144.072,143.966,144.062,792
2025.06.16,08:00,144.067,144.115,143.990,144.046,965
2025.06.16,08:15,144.045,144.196,144.001,144.164,961
2025.06.16,08:30,144.166,144.220,144.124,144.124,964
2025.06.16,08:45,144.123,144.235,144.111,144.228,964
2025.06.16,09:00,144.229,144.344,144.196,144.330,836
2025.06.16,09:15,144.331,144.388,144.281,144.346,827
2025.06.16,09:30,144.345,144.374,144.149,144.150,776
2025.06.16,09:45,144.149,144.199,144.132,144.176,725
2025.06.16,10:00,144.179,144.347,144.165,144.294,655
2025.06.16,10:15,144.293,144.339,144.219,144.265,678
2025.06.16,10:30,144.269,144.277,144.134,144.194,639
2025.06.16,10:45,144.195,144.274,144.093,144.260,715
2025.06.16,11:00,144.277,144.335,144.159,144.174,730
2025.06.16,11:15,144.173,144.228,144.154,144.183,657
2025.06.16,11:30,144.187,144.187,144.119,144.161,584
2025.06.16,11:45,144.160,144.190,144.095,144.109,563
2025.06.16,12:00,144.105,144.167,144.080,144.148,545
2025.06.16,12:15,144.149,144.171,144.070,144.071,446
2025.06.16,12:30,144.070,144.109,144.024,144.050,473
2025.06.16,12:45,144.049,144.077,144.009,144.041,569
2025.06.16,13:00,144.032,144.054,143.985,144.020,523
2025.06.16,13:15,144.019,144.048,143.970,144.030,466
2025.06.16,13:30,144.029,144.145,144.026,144.110,613
2025.06.16,13:45,144.113,144.155,144.089,144.112,566
2025.06.16,14:00,144.111,144.241,144.098,144.235,685
2025.06.16,14:15,144.234,144.277,144.172,144.239,693
2025.06.16,14:30,144.240,144.268,144.129,144.235,798
2025.06.16,14:45,144.237,144.250,144.079,144.098,682
2025.06.16,15:00,144.097,144.108,143.883,143.911,868
2025.06.16,15:15,143.910,143.946,143.800,143.818,858
2025.06.16,15:30,143.819,143.885,143.769,143.843,978
2025.06.16,15:45,143.846,144.002,143.783,143.805,1106
2025.06.16,16:00,143.803,143.815,143.654,143.756,1075
2025.06.16,16:15,143.757,143.780,143.697,143.738,835
2025.06.16,16:30,143.742,144.046,143.647,143.961,879
2025.06.16,16:45,143.960,144.117,143.953,144.048,890
2025.06.16,17:00,144.049,144.067,143.987,144.020,658
2025.06.16,17:15,144.021,144.128,144.012,144.092,567
2025.06.16,17:30,144.094,144.187,144.038,144.072,1013
2025.06.16,17:45,144.068,144.131,144.064,144.128,917
2025.06.16,18:00,144.127,144.197,144.084,144.186,922
2025.06.16,18:15,144.187,144.211,144.145,144.185,768
2025.06.16,18:30,144.185,144.218,144.132,144.143,685
2025.06.16,18:45,144.143,144.193,144.129,144.167,737
2025.06.16,19:00,144.166,144.310,144.155,144.273,793
2025.06.16,19:15,144.273,144.331,144.266,144.299,765
2025.06.16,19:30,144.304,144.406,144.290,144.398,781
2025.06.16,19:45,144.400,144.407,144.343,144.360,754
2025.06.16,20:00,144.366,144.421,144.363,144.417,768
2025.06.16,20:15,144.416,144.487,144.404,144.468,781
2025.06.16,20:30,144.468,144.507,144.462,144.505,794
2025.06.16,20:45,144.505,144.600,144.505,144.594,963
2025.06.16,21:00,144.594,144.665,144.584,144.650,883
2025.06.16,21:15,144.648,144.705,144.640,144.648,763
2025.06.16,21:30,144.648,144.742,144.610,144.740,632
2025.06.16,21:45,144.743,144.871,144.736,144.857,909
2025.06.16,22:00,144.859,144.862,144.765,144.792,537
2025.06.16,22:15,144.793,144.821,144.741,144.747,398
2025.06.16,22:30,144.748,144.780,144.734,144.735,301
2025.06.16,22:45,144.734,144.787,144.716,144.720,521
2025.06.16,23:00,144.615,144.718,144.613,144.658,38
2025.06.16,23:15,144.649,144.732,144.646,144.732,77
2025.06.16,23:30,144.728,144.733,144.695,144.725,58
2025.06.16,23:45,144.726,144.731,144.681,144.725,68
2025.06.17,00:00,144.701,144.814,144.681,144.713,381
2025.06.17,00:15,144.714,144.756,144.701,144.744,404
2025.06.17,00:30,144.745,144.755,144.592,144.645,850
2025.06.17,00:45,144.646,144.671,144.572,144.615,766
2025.06.17,01:00,144.616,144.688,144.606,144.671,584
2025.06.17,01:15,144.672,144.693,144.609,144.674,576
2025.06.17,01:30,144.673,144.795,144.663,144.774,735
2025.06.17,01:45,144.773,144.775,144.650,144.680,780
2025.06.17,02:00,144.678,144.860,144.669,144.786,874
2025.06.17,02:15,144.782,144.909,144.775,144.894,878
2025.06.17,02:30,144.897,144.973,144.868,144.972,814
2025.06.17,02:45,144.971,145.108,144.876,145.058,962
2025.06.17,03:00,145.053,145.054,144.862,144.918,855
2025.06.17,03:15,144.919,144.984,144.866,144.949,657
2025.06.17,03:30,144.948,144.952,144.767,144.838,727
2025.06.17,03:45,144.837,144.866,144.814,144.865,665
2025.06.17,04:00,144.866,144.925,144.811,144.907,789
2025.06.17,04:15,144.908,144.946,144.865,144.904,495
2025.06.17,04:30,144.906,144.970,144.903,144.969,537
2025.06.17,04:45,144.967,144.991,144.912,144.942,623
2025.06.17,05:00,144.936,144.962,144.802,144.820,562
2025.06.17,05:15,144.819,144.911,144.781,144.821,623
2025.06.17,05:30,144.812,144.920,144.617,144.805,705
2025.06.17,05:45,144.811,144.823,144.615,144.659,497
2025.06.17,06:00,144.655,144.667,144.491,144.530,697
2025.06.17,06:15,144.528,144.567,144.444,144.471,706
2025.06.17,06:30,144.469,144.506,144.391,144.443,702
2025.06.17,06:45,144.443,144.617,144.435,144.584,682
2025.06.17,07:00,144.586,144.592,144.497,144.550,729
2025.06.17,07:15,144.552,144.627,144.521,144.578,620
2025.06.17,07:30,144.580,144.667,144.578,144.644,613
2025.06.17,07:45,144.645,144.722,144.630,144.658,745
2025.06.17,08:00,144.668,144.789,144.661,144.772,1029
2025.06.17,08:15,144.772,144.784,144.661,144.717,764
2025.06.17,08:30,144.718,144.741,144.551,144.737,998
2025.06.17,08:45,144.741,144.886,144.708,144.883,1105
2025.06.17,09:00,144.887,145.019,144.763,144.784,915
2025.06.17,09:15,144.785,144.837,144.678,144.709,773
2025.06.17,09:30,144.730,144.809,144.623,144.658,811
2025.06.17,09:45,144.660,144.663,144.401,144.521,903
2025.06.17,10:00,144.524,144.682,144.464,144.671,852
2025.06.17,10:15,144.670,144.805,144.653,144.748,736
2025.06.17,10:30,144.757,144.839,144.750,144.805,686
2025.06.17,10:45,144.810,144.896,144.732,144.896,746
2025.06.17,11:00,144.901,144.936,144.867,144.894,732
2025.06.17,11:15,144.895,144.933,144.811,144.835,801
2025.06.17,11:30,144.831,144.918,144.773,144.896,789
2025.06.17,11:45,144.893,144.936,144.807,144.818,698
2025.06.17,12:00,144.816,144.828,144.751,144.773,588
2025.06.17,12:15,144.774,144.812,144.724,144.803,601
2025.06.17,12:30,144.806,144.816,144.673,144.691,568
2025.06.17,12:45,144.695,144.735,144.661,144.685,652
2025.06.17,13:00,144.687,144.700,144.586,144.594,542
2025.06.17,13:15,144.595,144.652,144.562,144.610,573
2025.06.17,13:30,144.611,144.611,144.479,144.513,712
2025.06.17,13:45,144.516,144.622,144.504,144.609,775
2025.06.17,14:00,144.610,144.696,144.602,144.677,675
2025.06.17,14:15,144.674,144.698,144.586,144.586,687
2025.06.17,14:30,144.589,144.833,144.395,144.831,1164
2025.06.17,14:45,144.830,144.910,144.765,144.855,914
2025.06.17,15:00,144.852,144.872,144.717,144.782,845
2025.06.17,15:15,144.784,144.806,144.686,144.786,906
2025.06.17,15:30,144.781,144.884,144.764,144.824,1058
2025.06.17,15:45,144.827,144.935,144.806,144.883,861
2025.06.17,16:00,144.888,144.954,144.850,144.933,766
2025.06.17,16:15,144.936,144.993,144.923,144.983,828
2025.06.17,16:30,144.984,145.213,144.974,145.176,1078
2025.06.17,16:45,145.174,145.282,145.148,145.181,999
2025.06.17,17:00,145.185,145.203,145.079,145.088,795
2025.06.17,17:15,145.089,145.127,145.027,145.090,717
2025.06.17,17:30,145.089,145.089,145.006,145.023,889
2025.06.17,17:45,145.023,145.107,145.011,145.032,772
2025.06.17,18:00,145.032,145.033,144.901,144.921,876
2025.06.17,18:15,144.924,145.046,144.910,145.035,835
2025.06.17,18:30,145.035,145.083,144.981,145.051,846
2025.06.17,18:45,145.051,145.251,145.041,145.216,1141
2025.06.17,19:00,145.212,145.267,145.163,145.253,943
2025.06.17,19:15,145.250,145.268,145.148,145.152,989
2025.06.17,19:30,145.152,145.208,145.124,145.181,908
2025.06.17,19:45,145.178,145.294,145.177,145.240,1142
2025.06.17,20:00,145.239,145.273,145.185,145.267,905
2025.06.17,20:15,145.266,145.276,145.192,145.262,956
2025.06.17,20:30,145.263,145.276,145.209,145.235,799
2025.06.17,20:45,145.236,145.370,145.234,145.362,1021
2025.06.17,21:00,145.364,145.369,145.285,145.352,866
2025.06.17,21:15,145.351,145.374,145.292,145.303,740
2025.06.17,21:30,145.302,145.353,145.249,145.254,783
2025.06.17,21:45,145.256,145.273,145.201,145.213,851
2025.06.17,22:00,145.209,145.281,145.197,145.278,506
2025.06.17,22:15,145.279,145.320,145.193,145.210,624
2025.06.17,22:30,145.211,145.283,145.210,145.254,755
2025.06.17,22:45,145.253,145.290,145.227,145.247,895
2025.06.17,23:00,145.236,145.301,145.178,145.234,44
2025.06.17,23:15,145.244,145.270,145.175,145.260,32
2025.06.17,23:30,145.262,145.262,145.178,145.257,52
2025.06.17,23:45,145.260,145.262,145.194,145.240,60
2025.06.18,00:00,145.241,145.265,145.213,145.249,193
2025.06.18,00:15,145.249,145.277,145.246,145.265,311
2025.06.18,00:30,145.266,145.354,145.254,145.318,397
2025.06.18,00:45,145.321,145.389,145.301,145.381,566
2025.06.18,01:00,145.380,145.381,145.317,145.366,543
2025.06.18,01:15,145.365,145.418,145.333,145.378,386
2025.06.18,01:30,145.377,145.430,145.366,145.397,490
2025.06.18,01:45,145.396,145.405,145.314,145.380,737
2025.06.18,02:00,145.389,145.435,145.184,145.380,1065
2025.06.18,02:15,145.381,145.424,145.303,145.337,838
2025.06.18,02:30,145.336,145.367,145.275,145.289,807
2025.06.18,02:45,145.289,145.329,145.215,145.312,1003
2025.06.18,03:00,145.313,145.336,145.211,145.303,1015
2025.06.18,03:15,145.295,145.315,145.209,145.217,697
2025.06.18,03:30,145.216,145.312,145.201,145.293,683
2025.06.18,03:45,145.292,145.317,145.147,145.159,702
2025.06.18,04:00,145.160,145.218,145.150,145.160,631
2025.06.18,04:15,145.165,145.170,145.101,145.169,542
2025.06.18,04:30,145.172,145.213,145.160,145.163,529
2025.06.18,04:45,145.162,145.170,145.117,145.118,567
2025.06.18,05:00,145.117,145.129,145.085,145.115,477
2025.06.18,05:15,145.117,145.125,145.036,145.066,495
2025.06.18,05:30,145.066,145.093,145.045,145.076,369
2025.06.18,05:45,145.075,145.098,145.058,145.066,404
2025.06.18,06:00,145.067,145.106,145.047,145.085,416
2025.06.18,06:15,145.084,145.097,144.991,144.996,441
2025.06.18,06:30,144.997,145.004,144.921,144.934,483
2025.06.18,06:45,144.933,145.014,144.926,145.013,601
2025.06.18,07:00,145.023,145.052,144.990,144.993,509
2025.06.18,07:15,144.992,144.999,144.923,144.951,528
2025.06.18,07:30,144.950,145.022,144.896,144.922,591
2025.06.18,07:45,144.921,145.034,144.900,145.004,772
2025.06.18,08:00,145.008,145.072,144.952,145.001,975
2025.06.18,08:15,145.001,145.066,144.912,144.935,914
2025.06.18,08:30,144.939,144.982,144.888,144.943,820
2025.06.18,08:45,144.943,144.965,144.856,144.892,846
2025.06.18,09:00,144.890,144.960,144.851,144.914,700
2025.06.18,09:15,144.919,144.989,144.915,144.974,592
2025.06.18,09:30,144.975,145.018,144.942,145.006,500
2025.06.18,09:45,145.007,145.045,144.930,144.951,586
2025.06.18,10:00,144.952,145.042,144.928,145.033,644
2025.06.18,10:15,145.034,145.111,145.033,145.071,692
2025.06.18,10:30,145.073,145.123,145.053,145.053,547
2025.06.18,10:45,145.052,145.064,144.959,144.961,625
2025.06.18,11:00,144.962,145.021,144.954,144.979,624
2025.06.18,11:15,144.980,144.998,144.938,144.952,600
2025.06.18,11:30,144.953,144.967,144.891,144.929,561
2025.06.18,11:45,144.930,144.969,144.896,144.926,628
2025.06.18,12:00,144.927,144.947,144.869,144.926,603
2025.06.18,12:15,144.922,144.949,144.862,144.863,512
2025.06.18,12:30,144.864,144.898,144.798,144.812,595
2025.06.18,12:45,144.811,144.849,144.805,144.818,477
2025.06.18,13:00,144.816,144.860,144.808,144.834,509
2025.06.18,13:15,144.835,144.883,144.816,144.860,494
2025.06.18,13:30,144.861,144.916,144.846,144.911,607
2025.06.18,13:45,144.913,144.924,144.825,144.841,605
2025.06.18,14:00,144.840,144.850,144.788,144.821,574
2025.06.18,14:15,144.818,144.828,144.765,144.789,552
2025.06.18,14:30,144.737,144.893,144.721,144.892,801
2025.06.18,14:45,144.891,144.960,144.811,144.886,730
2025.06.18,15:00,144.894,144.918,144.802,144.814,682
2025.06.18,15:15,144.827,144.885,144.783,144.803,648
2025.06.18,15:30,144.804,144.867,144.772,144.789,796
2025.06.18,15:45,144.790,144.879,144.709,144.862,783
2025.06.18,16:00,144.863,144.890,144.674,144.768,1053
2025.06.18,16:15,144.765,144.962,144.765,144.903,955
2025.06.18,16:30,144.907,144.928,144.786,144.793,841
2025.06.18,16:45,144.794,144.805,144.699,144.798,903
2025.06.18,17:00,144.797,144.809,144.628,144.651,741
2025.06.18,17:15,144.652,144.691,144.586,144.596,710
2025.06.18,17:30,144.594,144.641,144.545,144.585,892
2025.06.18,17:45,144.585,144.611,144.564,144.573,824
2025.06.18,18:00,144.572,144.581,144.523,144.558,845
2025.06.18,18:15,144.557,144.599,144.553,144.586,804
2025.06.18,18:30,144.584,144.624,144.573,144.619,807
2025.06.18,18:45,144.620,144.681,144.620,144.675,683
2025.06.18,19:00,144.674,144.704,144.641,144.702,692
2025.06.18,19:15,144.702,144.722,144.674,144.695,665
2025.06.18,19:30,144.695,144.816,144.695,144.795,786
2025.06.18,19:45,144.794,144.806,144.694,144.694,792
2025.06.18,20:00,144.646,144.786,144.328,144.556,1626
2025.06.18,20:15,144.560,144.658,144.528,144.592,1324
2025.06.18,20:30,144.568,144.820,144.542,144.804,1428
2025.06.18,20:45,144.806,145.078,144.797,145.043,1509
2025.06.18,21:00,145.029,145.199,145.029,145.035,1456
2025.06.18,21:15,145.034,145.219,144.994,145.139,1182
2025.06.18,21:30,145.140,145.205,145.060,145.157,1121
2025.06.18,21:45,145.158,145.210,145.095,145.109,1002
2025.06.18,22:00,145.124,145.183,145.117,145.138,744
2025.06.18,22:15,145.138,145.154,145.072,145.103,471
2025.06.18,22:30,145.104,145.137,145.074,145.105,460
2025.06.18,22:45,145.105,145.162,145.090,145.094,626
2025.06.18,23:00,145.076,145.091,145.048,145.072,27
2025.06.18,23:15,145.073,145.073,145.002,145.034,88
2025.06.18,23:30,145.034,145.110,145.021,145.100,127
2025.06.18,23:45,145.100,145.100,145.068,145.080,71
2025.06.19,00:00,145.043,145.143,144.976,145.006,233
2025.06.19,00:15,145.007,145.007,144.891,144.928,670
2025.06.19,00:30,144.930,144.969,144.922,144.924,519
2025.06.19,00:45,144.904,145.062,144.900,144.988,750
2025.06.19,01:00,144.980,145.053,144.964,144.979,653
2025.06.19,01:15,144.980,145.075,144.977,145.045,617
2025.06.19,01:30,145.040,145.041,144.932,144.954,623
2025.06.19,01:45,144.953,145.000,144.924,144.950,667
2025.06.19,02:00,144.956,144.972,144.835,144.873,921
2025.06.19,02:15,144.875,144.902,144.838,144.873,784
2025.06.19,02:30,144.872,144.934,144.854,144.934,755
2025.06.19,02:45,144.933,144.977,144.861,144.880,907
2025.06.19,03:00,144.879,145.035,144.732,144.923,1086
2025.06.19,03:15,144.922,144.989,144.871,144.975,724
2025.06.19,03:30,144.976,145.034,144.938,144.962,683
2025.06.19,03:45,144.961,145.153,144.958,145.142,763
2025.06.19,04:00,145.143,145.172,145.058,145.077,738
2025.06.19,04:15,145.076,145.161,145.070,145.161,631
2025.06.19,04:30,145.159,145.174,145.137,145.159,577
2025.06.19,04:45,145.160,145.209,145.159,145.177,494
2025.06.19,05:00,145.176,145.214,145.161,145.161,692
2025.06.19,05:15,145.161,145.179,145.106,145.110,483
2025.06.19,05:30,145.108,145.108,145.054,145.086,711
2025.06.19,05:45,145.084,145.103,145.029,145.069,661
2025.06.19,06:00,145.068,145.084,145.022,145.043,556
2025.06.19,06:15,145.042,145.055,145.018,145.031,384
2025.06.19,06:30,145.030,145.104,145.030,145.078,403
2025.06.19,06:45,145.077,145.079,145.026,145.034,474
2025.06.19,07:00,145.033,145.103,145.027,145.096,575
2025.06.19,07:15,145.092,145.155,145.090,145.130,488
2025.06.19,07:30,145.131,145.167,145.109,145.153,546
2025.06.19,07:45,145.152,145.261,145.081,145.107,849
2025.06.19,08:00,145.110,145.251,145.110,145.195,1001
2025.06.19,08:15,145.194,145.258,145.172,145.247,819
2025.06.19,08:30,145.252,145.350,145.228,145.244,934
2025.06.19,08:45,145.243,145.273,145.220,145.244,909
2025.06.19,09:00,145.255,145.346,145.239,145.329,688
2025.06.19,09:15,145.328,145.345,145.267,145.316,664
2025.06.19,09:30,145.319,145.368,145.252,145.338,791
2025.06.19,09:45,145.337,145.398,145.278,145.386,763
2025.06.19,10:00,145.384,145.404,145.288,145.326,748
2025.06.19,10:15,145.332,145.346,145.280,145.302,645
2025.06.19,10:30,145.307,145.363,145.305,145.340,620
2025.06.19,10:45,145.339,145.357,145.250,145.279,654
2025.06.19,11:00,145.280,145.348,145.246,145.316,536
2025.06.19,11:15,145.315,145.381,145.314,145.346,527
2025.06.19,11:30,145.344,145.381,145.337,145.366,482
2025.06.19,11:45,145.368,145.470,145.365,145.434,541
2025.06.19,12:00,145.435,145.531,145.418,145.426,672
2025.06.19,12:15,145.425,145.452,145.407,145.433,573
2025.06.19,12:30,145.434,145.599,145.434,145.589,653
2025.06.19,12:45,145.590,145.751,145.590,145.702,758
2025.06.19,13:00,145.705,145.765,145.683,145.683,670
2025.06.19,13:15,145.681,145.704,145.598,145.627,615
2025.06.19,13:30,145.628,145.700,145.585,145.640,528
2025.06.19,13:45,145.638,145.725,145.632,145.665,570
2025.06.19,14:00,145.666,145.708,145.595,145.685,647
2025.06.19,14:15,145.683,145.701,145.630,145.656,624
2025.06.19,14:30,145.657,145.682,145.562,145.587,632
2025.06.19,14:45,145.590,145.598,145.503,145.542,580
2025.06.19,15:00,145.539,145.571,145.445,145.465,624
2025.06.19,15:15,145.464,145.473,145.410,145.462,541
2025.06.19,15:30,145.457,145.526,145.406,145.463,636
2025.06.19,15:45,145.460,145.460,145.346,145.414,705
2025.06.19,16:00,145.418,145.483,145.398,145.463,631
2025.06.19,16:15,145.464,145.601,145.402,145.599,662
2025.06.19,16:30,145.609,145.630,145.584,145.588,569
2025.06.19,16:45,145.589,145.710,145.587,145.702,703
2025.06.19,17:00,145.704,145.734,145.663,145.675,610
2025.06.19,17:15,145.674,145.755,145.639,145.739,414
2025.06.19,17:30,145.740,145.742,145.625,145.651,571
2025.06.19,17:45,145.651,145.663,145.603,145.631,646
2025.06.19,18:00,145.627,145.690,145.619,145.661,517
2025.06.19,18:15,145.662,145.698,145.654,145.670,611
2025.06.19,18:30,145.670,145.727,145.670,145.688,444
2025.06.19,18:45,145.688,145.720,145.672,145.707,507
2025.06.19,19:00,145.707,145.723,145.610,145.615,489
2025.06.19,19:15,145.615,145.646,145.610,145.621,361
2025.06.19,19:30,145.621,145.657,145.574,145.583,622
2025.06.19,19:45,145.582,145.583,145.468,145.498,640
2025.06.19,20:00,145.497,145.527,145.486,145.498,570
2025.06.19,20:15,145.497,145.519,145.450,145.454,526
2025.06.19,20:30,145.454,145.494,145.410,145.485,408
2025.06.19,20:45,145.486,145.498,145.475,145.485,393
2025.06.19,21:00,145.484,145.484,145.419,145.442,506
2025.06.19,21:15,145.441,145.442,145.372,145.382,408
2025.06.19,21:30,145.382,145.392,145.342,145.371,457
2025.06.19,21:45,145.373,145.430,145.356,145.430,511
2025.06.19,22:00,145.431,145.476,145.407,145.476,352
2025.06.19,22:15,145.475,145.477,145.409,145.414,396
2025.06.19,22:30,145.416,145.462,145.415,145.448,353
2025.06.19,22:45,145.448,145.448,145.421,145.425,614
2025.06.19,23:15,145.449,145.473,145.322,145.378,144
2025.06.19,23:30,145.372,145.407,145.370,145.391,108
2025.06.19,23:45,145.390,145.424,145.380,145.414,110
2025.06.20,00:00,145.389,145.556,145.385,145.489,272
2025.06.20,00:15,145.490,145.555,145.469,145.474,663
2025.06.20,00:30,145.476,145.546,145.472,145.495,707
2025.06.20,00:45,145.501,145.559,145.472,145.483,694
2025.06.20,01:00,145.470,145.501,145.419,145.428,575
2025.06.20,01:15,145.428,145.433,145.248,145.291,660
2025.06.20,01:30,145.285,145.341,145.244,145.255,744
2025.06.20,01:45,145.254,145.293,145.190,145.227,921
2025.06.20,02:00,145.232,145.279,145.116,145.202,941
2025.06.20,02:15,145.200,145.310,145.186,145.262,808
2025.06.20,02:30,145.261,145.270,145.195,145.200,709
2025.06.20,02:45,145.199,145.264,145.136,145.245,984
2025.06.20,03:00,145.248,145.337,145.213,145.247,882
2025.06.20,03:15,145.245,145.294,145.214,145.282,785
2025.06.20,03:30,145.281,145.353,145.248,145.289,724
2025.06.20,03:45,145.288,145.331,145.262,145.331,768
2025.06.20,04:00,145.332,145.359,145.293,145.335,691
2025.06.20,04:15,145.335,145.357,145.259,145.266,569
2025.06.20,04:30,145.261,145.288,145.226,145.234,694
2025.06.20,04:45,145.235,145.279,145.229,145.243,531
2025.06.20,05:00,145.244,145.257,145.202,145.207,624
2025.06.20,05:15,145.213,145.255,145.186,145.255,549
2025.06.20,05:30,145.256,145.300,145.228,145.272,607
2025.06.20,05:45,145.273,145.310,145.235,145.272,593
2025.06.20,06:00,145.274,145.299,145.239,145.251,579
2025.06.20,06:15,145.252,145.318,145.240,145.318,574
2025.06.20,06:30,145.319,145.390,145.315,145.351,619
2025.06.20,06:45,145.352,145.391,145.337,145.347,495
2025.06.20,07:00,145.350,145.368,145.302,145.354,574
2025.06.20,07:15,145.355,145.455,145.350,145.447,635
2025.06.20,07:30,145.449,145.475,145.425,145.428,642
2025.06.20,07:45,145.429,145.480,145.401,145.435,826
2025.06.20,08:00,145.439,145.469,145.326,145.334,928
2025.06.20,08:15,145.336,145.406,145.279,145.394,900
2025.06.20,08:30,145.393,145.414,145.340,145.369,765
2025.06.20,08:45,145.369,145.377,145.323,145.376,822
2025.06.20,09:00,145.375,145.381,145.332,145.340,557
2025.06.20,09:15,145.341,145.380,145.288,145.301,548
2025.06.20,09:30,145.302,145.402,145.292,145.397,580
2025.06.20,09:45,145.399,145.434,145.382,145.410,529
2025.06.20,10:00,145.407,145.409,145.333,145.353,612
2025.06.20,10:15,145.355,145.391,145.325,145.357,508
2025.06.20,10:30,145.358,145.386,145.329,145.333,563
2025.06.20,10:45,145.331,145.350,145.260,145.323,513
2025.06.20,11:00,145.324,145.339,145.276,145.307,534
2025.06.20,11:15,145.306,145.329,145.276,145.281,517
2025.06.20,11:30,145.283,145.299,145.247,145.297,508
2025.06.20,11:45,145.296,145.350,145.280,145.332,410
2025.06.20,12:00,145.331,145.353,145.290,145.315,412
2025.06.20,12:15,145.314,145.359,145.305,145.359,422
2025.06.20,12:30,145.358,145.412,145.352,145.382,476
2025.06.20,12:45,145.381,145.442,145.378,145.434,451
2025.06.20,13:00,145.432,145.479,145.408,145.477,487
2025.06.20,13:15,145.478,145.523,145.455,145.519,429
2025.06.20,13:30,145.518,145.608,145.517,145.600,721
2025.06.20,13:45,145.604,145.606,145.516,145.587,879
2025.06.20,14:00,145.589,145.651,145.545,145.639,652
2025.06.20,14:15,145.633,145.666,145.610,145.633,519
2025.06.20,14:30,145.631,145.712,145.447,145.529,1079
2025.06.20,14:45,145.528,145.627,145.528,145.587,809
2025.06.20,15:00,145.585,145.620,145.556,145.592,655
2025.06.20,15:15,145.603,145.715,145.591,145.648,652
2025.06.20,15:30,145.654,145.816,145.635,145.774,874
2025.06.20,15:45,145.777,145.794,145.707,145.740,815
2025.06.20,16:00,145.742,145.865,145.731,145.841,737
2025.06.20,16:15,145.838,145.901,145.802,145.838,790
2025.06.20,16:30,145.837,145.888,145.800,145.828,704
2025.06.20,16:45,145.826,145.941,145.819,145.912,983
2025.06.20,17:00,145.913,145.939,145.787,145.848,897
2025.06.20,17:15,145.849,145.850,145.784,145.844,659
2025.06.20,17:30,145.849,145.900,145.824,145.884,829
2025.06.20,17:45,145.883,145.949,145.883,145.920,788
2025.06.20,18:00,145.921,145.939,145.884,145.893,812
2025.06.20,18:15,145.894,145.922,145.835,145.849,705
2025.06.20,18:30,145.850,145.854,145.793,145.796,720
2025.06.20,18:45,145.796,145.853,145.783,145.835,752
2025.06.20,19:00,145.834,145.865,145.819,145.847,723
2025.06.20,19:15,145.848,145.856,145.774,145.805,831
2025.06.20,19:30,145.798,145.896,145.792,145.890,764
2025.06.20,19:45,145.889,145.903,145.857,145.893,664
2025.06.20,20:00,145.894,145.916,145.869,145.880,659
2025.06.20,20:15,145.881,145.912,145.853,145.872,619
2025.06.20,20:30,145.873,145.950,145.871,145.934,671
2025.06.20,20:45,145.934,145.989,145.932,145.967,836
2025.06.20,21:00,145.966,145.997,145.965,145.978,748
2025.06.20,21:15,145.977,145.998,145.965,145.985,654
2025.06.20,21:30,145.984,146.104,145.983,146.088,785
2025.06.20,21:45,146.088,146.187,146.080,146.181,873
2025.06.22,23:00,146.595,146.658,146.496,146.593,156
2025.06.22,23:15,146.593,146.623,146.533,146.609,130
2025.06.22,23:30,146.576,146.599,146.417,146.590,122
2025.06.22,23:45,146.612,146.614,146.343,146.467,101
2025.06.23,00:00,146.393,146.565,146.284,146.507,729
2025.06.23,00:15,146.509,146.576,146.344,146.418,956
2025.06.23,00:30,146.415,146.475,146.364,146.395,956
2025.06.23,00:45,146.395,146.400,146.353,146.360,671
2025.06.23,01:00,146.359,146.419,146.280,146.298,741
2025.06.23,01:15,146.297,146.309,146.235,146.239,651
2025.06.23,01:30,146.238,146.269,146.226,146.243,725
2025.06.23,01:45,146.229,146.263,146.203,146.208,731
2025.06.23,02:00,146.200,146.401,146.138,146.399,921
2025.06.23,02:15,146.395,146.490,146.375,146.442,795
2025.06.23,02:30,146.441,146.517,146.327,146.375,858
2025.06.23,02:45,146.376,146.497,146.364,146.451,1007
2025.06.23,03:00,146.448,146.565,146.425,146.492,804
2025.06.23,03:15,146.490,146.737,146.489,146.711,877
2025.06.23,03:30,146.712,146.760,146.649,146.715,856
2025.06.23,03:45,146.713,146.742,146.642,146.664,778
2025.06.23,04:00,146.665,146.692,146.465,146.493,750
2025.06.23,04:15,146.492,146.493,146.365,146.388,636
2025.06.23,04:30,146.387,146.504,146.380,146.480,683
2025.06.23,04:45,146.483,146.570,146.481,146.558,603
2025.06.23,05:00,146.556,146.611,146.513,146.567,635
2025.06.23,05:15,146.568,146.726,146.568,146.669,658
2025.06.23,05:30,146.667,146.693,146.619,146.687,547
2025.06.23,05:45,146.686,146.719,146.626,146.695,534
2025.06.23,06:00,146.694,146.905,146.693,146.897,732
2025.06.23,06:15,146.896,146.971,146.828,146.950,670
2025.06.23,06:30,146.951,147.004,146.868,146.990,692
2025.06.23,06:45,146.991,147.025,146.957,146.983,594
2025.06.23,07:00,146.982,147.084,146.943,147.073,676
2025.06.23,07:15,147.075,147.203,147.066,147.127,738
2025.06.23,07:30,147.128,147.292,147.067,147.199,925
2025.06.23,07:45,147.200,147.289,147.101,147.101,806
2025.06.23,08:00,147.103,147.224,147.060,147.206,1064
2025.06.23,08:15,147.207,147.382,147.186,147.366,1017
2025.06.23,08:30,147.367,147.390,147.239,147.239,1011
2025.06.23,08:45,147.242,147.256,147.114,147.151,923
2025.06.23,09:00,147.150,147.177,147.063,147.165,792
2025.06.23,09:15,147.165,147.181,147.037,147.158,724
2025.06.23,09:30,147.160,147.259,147.108,147.230,801
2025.06.23,09:45,147.225,147.352,147.173,147.329,727
2025.06.23,10:00,147.328,147.499,147.323,147.488,780
2025.06.23,10:15,147.487,147.509,147.371,147.390,748
2025.06.23,10:30,147.388,147.515,147.363,147.479,673
2025.06.23,10:45,147.483,147.624,147.455,147.601,836
2025.06.23,11:00,147.602,147.823,147.602,147.775,856
2025.06.23,11:15,147.777,147.939,147.765,147.902,819
2025.06.23,11:30,147.903,147.947,147.721,147.764,777
2025.06.23,11:45,147.766,147.869,147.725,147.867,672
2025.06.23,12:00,147.866,147.894,147.810,147.856,653
2025.06.23,12:15,147.856,147.933,147.769,147.920,674
2025.06.23,12:30,147.923,147.982,147.857,147.923,704
2025.06.23,12:45,147.922,147.984,147.918,147.977,627
2025.06.23,13:00,147.976,148.024,147.833,147.847,696
2025.06.23,13:15,147.842,147.899,147.810,147.855,648
2025.06.23,13:30,147.853,147.860,147.750,147.762,675
2025.06.23,13:45,147.764,147.765,147.506,147.584,912
2025.06.23,14:00,147.587,147.616,147.505,147.536,836
2025.06.23,14:15,147.537,147.555,147.477,147.509,760
2025.06.23,14:30,147.508,147.630,147.436,147.451,930
2025.06.23,14:45,147.453,147.454,147.348,147.413,761
2025.06.23,15:00,147.412,147.449,147.308,147.434,783
2025.06.23,15:15,147.423,147.463,147.361,147.412,658
2025.06.23,15:30,147.413,147.500,147.285,147.285,967
2025.06.23,15:45,147.274,147.373,147.135,147.295,1023
2025.06.23,16:00,147.304,147.327,146.797,146.815,1433
2025.06.23,16:15,146.809,146.864,146.619,146.779,1149
2025.06.23,16:30,146.780,146.871,146.632,146.659,1024
2025.06.23,16:45,146.654,146.722,146.489,146.559,1084
2025.06.23,17:00,146.557,146.616,146.420,146.430,973
2025.06.23,17:15,146.429,146.444,146.332,146.366,847
2025.06.23,17:30,146.367,146.415,146.329,146.398,996
2025.06.23,17:45,146.397,146.485,146.373,146.461,1006
2025.06.23,18:00,146.460,146.524,146.407,146.523,1000
2025.06.23,18:15,146.532,146.534,146.326,146.364,998
2025.06.23,18:30,146.365,146.519,146.346,146.351,1191
2025.06.23,18:45,146.355,146.364,146.225,146.355,1189
2025.06.23,19:00,146.357,146.474,146.323,146.469,1200
2025.06.23,19:15,146.469,146.515,146.358,146.391,1088
2025.06.23,19:30,146.397,146.397,146.144,146.164,1180
2025.06.23,19:45,146.167,146.275,146.163,146.203,985
2025.06.23,20:00,146.204,146.214,146.048,146.059,1031
2025.06.23,20:15,146.049,146.105,146.007,146.103,993
2025.06.23,20:30,146.114,146.240,146.073,146.110,984
2025.06.23,20:45,146.110,146.167,146.046,146.160,1004
2025.06.23,21:00,146.156,146.167,146.079,146.087,870
2025.06.23,21:15,146.091,146.198,146.091,146.174,861
2025.06.23,21:30,146.173,146.182,146.091,146.099,861
2025.06.23,21:45,146.104,146.155,146.099,146.139,859
2025.06.23,22:00,146.139,146.142,146.068,146.112,695
2025.06.23,22:15,146.112,146.119,146.024,146.061,694
2025.06.23,22:30,146.062,146.159,146.057,146.132,615
2025.06.23,22:45,146.132,146.159,146.095,146.119,532
2025.06.23,23:15,146.003,146.075,145.995,146.035,48
2025.06.23,23:30,146.047,146.141,146.046,146.119,92
2025.06.23,23:45,146.134,146.142,146.080,146.083,67
2025.06.24,00:00,146.079,146.178,145.832,145.913,503
2025.06.24,00:15,145.914,145.951,145.752,145.854,898
2025.06.24,00:30,145.854,145.942,145.828,145.925,738
2025.06.24,00:45,145.924,146.012,145.903,145.929,652
2025.06.24,01:00,145.923,146.041,145.881,145.977,716
2025.06.24,01:15,145.978,145.980,145.741,145.808,868
2025.06.24,01:30,145.809,145.875,145.730,145.736,902
2025.06.24,01:45,145.735,145.941,145.693,145.916,873
2025.06.24,02:00,145.914,145.932,145.760,145.761,999
2025.06.24,02:15,145.759,145.852,145.750,145.826,940
2025.06.24,02:30,145.825,145.827,145.601,145.601,912
2025.06.24,02:45,145.577,145.843,145.560,145.600,1126
2025.06.24,03:00,145.599,145.671,145.470,145.526,936
2025.06.24,03:15,145.527,145.571,145.468,145.557,783
2025.06.24,03:30,145.561,145.700,145.521,145.667,772
2025.06.24,03:45,145.666,145.728,145.618,145.674,802
2025.06.24,04:00,145.675,145.696,145.566,145.587,808
2025.06.24,04:15,145.588,145.704,145.547,145.566,815
2025.06.24,04:30,145.564,145.564,145.476,145.482,705
2025.06.24,04:45,145.484,145.526,145.409,145.498,731
2025.06.24,05:00,145.493,145.507,145.419,145.449,616
2025.06.24,05:15,145.450,145.464,145.395,145.402,585
2025.06.24,05:30,145.403,145.438,145.319,145.345,708
2025.06.24,05:45,145.340,145.413,145.283,145.411,655
2025.06.24,06:00,145.412,145.509,145.387,145.460,661
2025.06.24,06:15,145.458,145.488,145.409,145.435,506
2025.06.24,06:30,145.434,145.436,145.353,145.393,493
2025.06.24,06:45,145.392,145.426,145.329,145.413,623
2025.06.24,07:00,145.412,145.508,145.404,145.508,699
2025.06.24,07:15,145.507,145.508,145.441,145.475,593
2025.06.24,07:30,145.476,145.485,145.397,145.440,691
2025.06.24,07:45,145.441,145.451,145.278,145.303,652
2025.06.24,08:00,145.296,145.303,145.188,145.253,1109
2025.06.24,08:15,145.253,145.258,145.040,145.102,1128
2025.06.24,08:30,145.106,145.244,145.076,145.107,1087
2025.06.24,08:45,145.121,145.208,145.098,145.192,955
2025.06.24,09:00,145.189,145.236,145.025,145.025,911
2025.06.24,09:15,145.026,145.087,144.991,145.040,749
2025.06.24,09:30,145.039,145.260,145.035,145.247,786
2025.06.24,09:45,145.248,145.402,145.211,145.316,837
2025.06.24,10:00,145.317,145.323,145.080,145.085,819
2025.06.24,10:15,145.084,145.141,144.941,145.057,812
2025.06.24,10:30,145.054,145.079,144.950,145.011,812
2025.06.24,10:45,145.010,145.105,144.994,145.086,698
2025.06.24,11:00,145.090,145.146,145.044,145.112,851
2025.06.24,11:15,145.111,145.143,145.041,145.103,772
2025.06.24,11:30,145.107,145.116,144.917,144.918,691
2025.06.24,11:45,144.919,144.970,144.847,144.964,776
2025.06.24,12:00,144.965,145.059,144.909,145.009,656
2025.06.24,12:15,145.010,145.109,144.993,145.028,497
2025.06.24,12:30,145.027,145.052,144.992,145.024,515
2025.06.24,12:45,145.023,145.122,145.020,145.094,613
2025.06.24,13:00,145.092,145.140,145.002,145.017,553
2025.06.24,13:15,145.018,145.027,144.926,144.960,671
2025.06.24,13:30,144.959,144.959,144.898,144.927,649
2025.06.24,13:45,144.926,145.011,144.897,144.960,685
2025.06.24,14:00,144.961,145.053,144.928,144.993,764
2025.06.24,14:15,144.995,145.152,144.995,145.105,754
2025.06.24,14:30,145.109,145.175,144.919,144.965,989
2025.06.24,14:45,144.966,145.023,144.941,144.986,824
2025.06.24,15:00,144.985,145.121,144.848,145.098,849
2025.06.24,15:15,145.095,145.180,145.063,145.110,867
2025.06.24,15:30,145.108,145.142,145.031,145.141,833
2025.06.24,15:45,145.139,145.144,145.033,145.046,695
2025.06.24,16:00,145.021,145.021,144.736,144.753,1034
2025.06.24,16:15,144.763,144.799,144.507,144.576,1214
2025.06.24,16:30,144.577,144.652,144.513,144.537,898
2025.06.24,16:45,144.538,144.736,144.515,144.734,945
2025.06.24,17:00,144.735,144.766,144.608,144.683,851
2025.06.24,17:15,144.682,144.751,144.565,144.740,762
2025.06.24,17:30,144.732,144.865,144.713,144.830,976
2025.06.24,17:45,144.831,144.896,144.769,144.893,972
2025.06.24,18:00,144.895,144.956,144.869,144.869,985
2025.06.24,18:15,144.872,144.903,144.826,144.830,855
2025.06.24,18:30,144.825,144.834,144.748,144.760,806
2025.06.24,18:45,144.761,144.773,144.655,144.696,955
2025.06.24,19:00,144.697,144.716,144.648,144.666,813
2025.06.24,19:15,144.667,144.668,144.553,144.636,941
2025.06.24,19:30,144.635,144.669,144.607,144.658,759
2025.06.24,19:45,144.658,144.746,144.628,144.723,683
2025.06.24,20:00,144.722,144.764,144.650,144.663,714
2025.06.24,20:15,144.663,144.738,144.649,144.705,801
2025.06.24,20:30,144.704,144.723,144.660,144.667,708
2025.06.24,20:45,144.666,144.704,144.655,144.679,847
2025.06.24,21:00,144.679,144.723,144.653,144.697,783
2025.06.24,21:15,144.699,144.723,144.668,144.700,506
2025.06.24,21:30,144.701,144.709,144.670,144.704,535
2025.06.24,21:45,144.703,144.783,144.697,144.766,831
2025.06.24,22:00,144.767,144.872,144.767,144.870,578
2025.06.24,22:15,144.869,144.870,144.780,144.797,487
2025.06.24,22:30,144.796,144.910,144.783,144.890,465
2025.06.24,22:45,144.890,144.908,144.856,144.876,347
2025.06.24,23:00,144.873,144.880,144.869,144.870,32
2025.06.24,23:15,144.871,144.876,144.781,144.793,68
2025.06.24,23:30,144.804,144.849,144.786,144.842,101
2025.06.24,23:45,144.845,144.847,144.799,144.799,52
2025.06.25,00:00,144.825,144.934,144.808,144.919,170
2025.06.25,00:15,144.918,144.931,144.873,144.887,275
2025.06.25,00:30,144.886,144.887,144.852,144.885,251
2025.06.25,00:45,144.884,144.962,144.865,144.928,337
2025.06.25,01:00,144.927,144.948,144.894,144.907,362
2025.06.25,01:15,144.906,144.925,144.790,144.817,465
2025.06.25,01:30,144.818,144.864,144.788,144.821,506
2025.06.25,01:45,144.822,144.969,144.792,144.930,610
2025.06.25,02:00,144.931,144.975,144.765,144.898,914
2025.06.25,02:15,144.885,144.978,144.821,144.920,783
2025.06.25,02:30,144.921,145.038,144.910,145.025,749
2025.06.25,02:45,145.024,145.040,144.876,144.880,1027
2025.06.25,03:00,144.881,144.881,144.620,144.702,972
2025.06.25,03:15,144.701,144.871,144.660,144.869,707
2025.06.25,03:30,144.868,144.894,144.690,144.721,708
2025.06.25,03:45,144.720,144.758,144.634,144.653,748
2025.06.25,04:00,144.652,144.729,144.603,144.657,710
2025.06.25,04:15,144.658,144.790,144.651,144.768,584
2025.06.25,04:30,144.767,144.831,144.767,144.789,472
2025.06.25,04:45,144.788,144.800,144.750,144.800,505
2025.06.25,05:00,144.804,144.857,144.794,144.838,511
2025.06.25,05:15,144.837,144.840,144.777,144.790,491
2025.06.25,05:30,144.791,144.879,144.788,144.864,423
2025.06.25,05:45,144.865,144.976,144.860,144.968,513
2025.06.25,06:00,144.969,144.984,144.954,144.954,423
2025.06.25,06:15,144.955,144.957,144.909,144.927,406
2025.06.25,06:30,144.926,144.937,144.861,144.913,327
2025.06.25,06:45,144.912,144.956,144.895,144.934,397
2025.06.25,07:00,144.942,145.049,144.941,145.010,561
2025.06.25,07:15,145.012,145.149,145.008,145.124,615
2025.06.25,07:30,145.125,145.159,144.983,145.011,547
2025.06.25,07:45,145.012,145.116,145.011,145.031,625
2025.06.25,08:00,145.030,145.185,145.001,145.064,968
2025.06.25,08:15,145.065,145.205,145.065,145.149,1006
2025.06.25,08:30,145.150,145.196,145.088,145.150,933
2025.06.25,08:45,145.151,145.327,145.131,145.294,1080
2025.06.25,09:00,145.291,145.368,145.271,145.319,658
2025.06.25,09:15,145.320,145.337,145.286,145.301,575
2025.06.25,09:30,145.298,145.354,145.231,145.269,628
2025.06.25,09:45,145.268,145.346,145.259,145.307,690
2025.06.25,10:00,145.309,145.357,145.237,145.355,638
2025.06.25,10:15,145.363,145.451,145.353,145.442,671
2025.06.25,10:30,145.445,145.488,145.412,145.412,640
2025.06.25,10:45,145.414,145.491,145.400,145.473,571
2025.06.25,11:00,145.474,145.618,145.454,145.591,715
2025.06.25,11:15,145.592,145.634,145.570,145.608,635
2025.06.25,11:30,145.609,145.675,145.608,145.660,535
2025.06.25,11:45,145.656,145.672,145.617,145.623,514
2025.06.25,12:00,145.625,145.653,145.606,145.653,578
2025.06.25,12:15,145.652,145.654,145.544,145.610,552
2025.06.25,12:30,145.609,145.700,145.609,145.683,413
2025.06.25,12:45,145.681,145.746,145.681,145.727,559
2025.06.25,13:00,145.728,145.746,145.663,145.691,472
2025.06.25,13:15,145.690,145.794,145.690,145.767,535
2025.06.25,13:30,145.768,145.794,145.715,145.738,610
2025.06.25,13:45,145.739,145.779,145.715,145.743,543
2025.06.25,14:00,145.745,145.795,145.717,145.724,523
2025.06.25,14:15,145.723,145.794,145.722,145.785,494
2025.06.25,14:30,145.780,145.851,145.697,145.846,644
2025.06.25,14:45,145.848,145.918,145.838,145.856,800
2025.06.25,15:00,145.857,145.945,145.857,145.871,763
2025.06.25,15:15,145.865,145.892,145.821,145.841,626
2025.06.25,15:30,145.840,145.894,145.751,145.784,744
2025.06.25,15:45,145.778,145.900,145.775,145.857,697
2025.06.25,16:00,145.861,145.870,145.579,145.721,975
2025.06.25,16:15,145.722,145.815,145.635,145.637,937
2025.06.25,16:30,145.636,145.703,145.567,145.639,833
2025.06.25,16:45,145.641,145.723,145.589,145.692,911
2025.06.25,17:00,145.697,145.732,145.598,145.618,788
2025.06.25,17:15,145.605,145.672,145.605,145.618,616
2025.06.25,17:30,145.617,145.655,145.517,145.543,871
2025.06.25,17:45,145.538,145.589,145.532,145.587,759
2025.06.25,18:00,145.586,145.594,145.445,145.454,845
2025.06.25,18:15,145.455,145.491,145.414,145.425,800
2025.06.25,18:30,145.424,145.445,145.389,145.409,778
2025.06.25,18:45,145.408,145.466,145.384,145.444,693
2025.06.25,19:00,145.445,145.493,145.427,145.489,930
2025.06.25,19:15,145.488,145.500,145.425,145.439,873
2025.06.25,19:30,145.438,145.449,145.397,145.414,920
2025.06.25,19:45,145.412,145.424,145.362,145.385,869
2025.06.25,20:00,145.384,145.399,145.333,145.335,750
2025.06.25,20:15,145.335,145.337,145.273,145.281,770
2025.06.25,20:30,145.280,145.280,145.179,145.218,850
2025.06.25,20:45,145.218,145.218,145.143,145.148,809
2025.06.25,21:00,145.147,145.172,145.101,145.129,845
2025.06.25,21:15,145.129,145.164,145.125,145.129,674
2025.06.25,21:30,145.128,145.185,145.127,145.160,678
2025.06.25,21:45,145.161,145.239,145.147,145.235,755
2025.06.25,22:00,145.232,145.285,145.189,145.274,543
2025.06.25,22:15,145.273,145.306,145.265,145.303,425
2025.06.25,22:30,145.304,145.330,145.288,145.290,281
2025.06.25,22:45,145.289,145.302,145.217,145.217,748
2025.06.25,23:00,145.123,145.165,145.108,145.164,31
2025.06.25,23:15,145.164,145.213,145.149,145.179,68
2025.06.25,23:30,145.183,145.195,145.166,145.192,67
2025.06.25,23:45,145.192,145.193,145.128,145.169,88
2025.06.26,00:00,145.146,145.235,145.125,145.210,168
2025.06.26,00:15,145.209,145.226,145.174,145.218,285
2025.06.26,00:30,145.219,145.259,145.188,145.202,324
2025.06.26,00:45,145.200,145.237,145.200,145.224,209
2025.06.26,01:00,145.223,145.223,144.974,145.008,907
2025.06.26,01:15,145.009,145.064,144.978,145.007,630
2025.06.26,01:30,145.007,145.018,144.937,144.956,643
2025.06.26,01:45,144.955,144.969,144.871,144.908,633
2025.06.26,02:00,144.903,144.937,144.797,144.870,827
2025.06.26,02:15,144.872,144.934,144.790,144.792,652
2025.06.26,02:30,144.796,144.841,144.750,144.766,652
2025.06.26,02:45,144.765,144.802,144.677,144.685,849
2025.06.26,03:00,144.684,144.782,144.667,144.770,860
2025.06.26,03:15,144.773,144.924,144.760,144.834,722
2025.06.26,03:30,144.828,144.917,144.759,144.823,639
2025.06.26,03:45,144.822,144.833,144.717,144.717,694
2025.06.26,04:00,144.700,144.762,144.657,144.739,647
2025.06.26,04:15,144.738,144.780,144.684,144.733,600
2025.06.26,04:30,144.734,144.835,144.698,144.707,638
2025.06.26,04:45,144.706,144.770,144.665,144.688,631
2025.06.26,05:00,144.674,144.744,144.565,144.708,773
2025.06.26,05:15,144.707,144.711,144.647,144.682,583
2025.06.26,05:30,144.684,144.813,144.675,144.760,636
2025.06.26,05:45,144.761,144.797,144.737,144.780,518
2025.06.26,06:00,144.779,144.959,144.775,144.917,851
2025.06.26,06:15,144.918,144.919,144.814,144.814,663
2025.06.26,06:30,144.813,144.813,144.737,144.742,571
2025.06.26,06:45,144.740,144.800,144.727,144.777,390
2025.06.26,07:00,144.778,144.915,144.776,144.808,606
2025.06.26,07:15,144.810,144.824,144.714,144.726,604
2025.06.26,07:30,144.723,144.830,144.709,144.824,526
2025.06.26,07:45,144.827,144.830,144.578,144.637,705
2025.06.26,08:00,144.633,144.694,144.376,144.455,1288
2025.06.26,08:15,144.456,144.613,144.454,144.592,918
2025.06.26,08:30,144.594,144.612,144.305,144.341,973
2025.06.26,08:45,144.342,144.392,144.275,144.305,1069
2025.06.26,09:00,144.300,144.300,144.128,144.137,919
2025.06.26,09:15,144.135,144.160,144.032,144.118,902
2025.06.26,09:30,144.107,144.219,144.084,144.085,717
2025.06.26,09:45,144.088,144.093,143.928,144.060,853
2025.06.26,10:00,144.053,144.098,143.828,143.836,876
2025.06.26,10:15,143.837,143.875,143.781,143.832,847
2025.06.26,10:30,143.831,143.906,143.746,143.885,880
2025.06.26,10:45,143.884,143.945,143.869,143.920,763
2025.06.26,11:00,143.921,144.016,143.894,144.013,708
2025.06.26,11:15,144.012,144.118,143.998,144.024,750
2025.06.26,11:30,144.020,144.020,143.897,143.928,635
2025.06.26,11:45,143.929,144.112,143.925,144.068,598
2025.06.26,12:00,144.078,144.171,144.047,144.137,671
2025.06.26,12:15,144.130,144.130,144.003,144.009,479
2025.06.26,12:30,144.008,144.154,144.008,144.139,468
2025.06.26,12:45,144.138,144.214,144.121,144.197,540
2025.06.26,13:00,144.200,144.282,144.195,144.266,599
2025.06.26,13:15,144.270,144.399,144.262,144.358,577
2025.06.26,13:30,144.359,144.437,144.274,144.397,661
2025.06.26,13:45,144.394,144.439,144.365,144.384,717
2025.06.26,14:00,144.385,144.482,144.297,144.372,747
2025.06.26,14:15,144.371,144.371,144.153,144.157,649
2025.06.26,14:30,144.153,144.492,144.128,144.254,1273
2025.06.26,14:45,144.250,144.366,144.205,144.302,1034
2025.06.26,15:00,144.293,144.488,144.242,144.374,1033
2025.06.26,15:15,144.375,144.432,144.256,144.262,929
2025.06.26,15:30,144.257,144.384,144.235,144.291,978
2025.06.26,15:45,144.288,144.303,144.161,144.229,876
2025.06.26,16:00,144.228,144.394,144.228,144.310,935
2025.06.26,16:15,144.309,144.410,144.254,144.365,998
2025.06.26,16:30,144.362,144.376,144.174,144.207,947
2025.06.26,16:45,144.206,144.467,144.152,144.406,1109
2025.06.26,17:00,144.405,144.533,144.349,144.412,948
2025.06.26,17:15,144.413,144.491,144.395,144.491,733
2025.06.26,17:30,144.489,144.490,144.308,144.330,973
2025.06.26,17:45,144.330,144.399,144.319,144.330,912
2025.06.26,18:00,144.331,144.364,144.281,144.284,922
2025.06.26,18:15,144.284,144.399,144.182,144.187,1019
2025.06.26,18:30,144.188,144.192,144.048,144.111,813
2025.06.26,18:45,144.112,144.246,144.089,144.240,933
2025.06.26,19:00,144.240,144.267,144.124,144.170,994
2025.06.26,19:15,144.165,144.215,144.140,144.175,926
2025.06.26,19:30,144.170,144.239,144.141,144.166,874
2025.06.26,19:45,144.168,144.199,144.139,144.182,862
2025.06.26,20:00,144.182,144.213,144.146,144.149,835
2025.06.26,20:15,144.149,144.260,144.149,144.231,827
2025.06.26,20:30,144.229,144.259,144.193,144.239,773
2025.06.26,20:45,144.237,144.257,144.181,144.195,864
2025.06.26,21:00,144.195,144.370,144.192,144.332,809
2025.06.26,21:15,144.331,144.400,144.330,144.342,633
2025.06.26,21:30,144.342,144.352,144.296,144.313,698
2025.06.26,21:45,144.312,144.389,144.296,144.367,766
2025.06.26,22:00,144.364,144.457,144.327,144.408,592
2025.06.26,22:15,144.407,144.450,144.403,144.414,526
2025.06.26,22:30,144.415,144.466,144.406,144.406,415
2025.06.26,22:45,144.402,144.427,144.367,144.369,438
2025.06.26,23:00,144.393,144.393,144.269,144.279,44
2025.06.26,23:15,144.285,144.376,144.282,144.370,63
2025.06.26,23:30,144.369,144.385,144.365,144.385,88
2025.06.26,23:45,144.384,144.385,144.318,144.338,57
2025.06.27,00:00,144.314,144.532,144.300,144.460,248
2025.06.27,00:15,144.459,144.516,144.449,144.468,321
2025.06.27,00:30,144.469,144.656,144.466,144.615,450
2025.06.27,00:45,144.614,144.628,144.569,144.571,226
2025.06.27,01:00,144.569,144.581,144.498,144.500,310
2025.06.27,01:15,144.499,144.502,144.387,144.423,430
2025.06.27,01:30,144.418,144.672,144.418,144.483,691
2025.06.27,01:45,144.484,144.736,144.469,144.675,762
2025.06.27,02:00,144.666,144.751,144.539,144.559,909
2025.06.27,02:15,144.558,144.729,144.535,144.714,752
2025.06.27,02:30,144.715,144.803,144.696,144.725,718
2025.06.27,02:45,144.726,144.751,144.517,144.644,1016
2025.06.27,03:00,144.646,144.735,144.618,144.718,757
2025.06.27,03:15,144.717,144.733,144.558,144.570,749
2025.06.27,03:30,144.564,144.615,144.482,144.495,757
2025.06.27,03:45,144.494,144.495,144.269,144.280,894
2025.06.27,04:00,144.276,144.343,144.190,144.303,717
2025.06.27,04:15,144.313,144.377,144.236,144.359,636
2025.06.27,04:30,144.358,144.389,144.269,144.339,656
2025.06.27,04:45,144.340,144.363,144.270,144.321,587
2025.06.27,05:00,144.320,144.351,144.250,144.276,602
2025.06.27,05:15,144.277,144.338,144.252,144.313,608
2025.06.27,05:30,144.320,144.412,144.296,144.410,518
2025.06.27,05:45,144.412,144.496,144.353,144.451,745
2025.06.27,06:00,144.450,144.473,144.406,144.448,605
2025.06.27,06:15,144.449,144.497,144.428,144.494,517
2025.06.27,06:30,144.495,144.539,144.460,144.498,701
2025.06.27,06:45,144.497,144.582,144.497,144.538,699
2025.06.27,07:00,144.537,144.586,144.504,144.522,501
2025.06.27,07:15,144.524,144.573,144.480,144.489,525
2025.06.27,07:30,144.486,144.525,144.394,144.432,663
2025.06.27,07:45,144.431,144.464,144.357,144.421,570
2025.06.27,08:00,144.418,144.496,144.367,144.428,912
2025.06.27,08:15,144.427,144.434,144.275,144.332,908
2025.06.27,08:30,144.333,144.369,144.257,144.278,953
2025.06.27,08:45,144.259,144.308,144.200,144.233,955
2025.06.27,09:00,144.232,144.341,144.175,144.296,812
2025.06.27,09:15,144.303,144.549,144.303,144.485,793
2025.06.27,09:30,144.486,144.515,144.383,144.440,693
2025.06.27,09:45,144.441,144.527,144.441,144.478,692
2025.06.27,10:00,144.467,144.510,144.357,144.368,603
2025.06.27,10:15,144.369,144.375,144.288,144.355,615
2025.06.27,10:30,144.360,144.405,144.309,144.311,543
2025.06.27,10:45,144.310,144.427,144.254,144.417,556
2025.06.27,11:00,144.419,144.453,144.366,144.383,567
2025.06.27,11:15,144.384,144.413,144.348,144.374,501
2025.06.27,11:30,144.373,144.454,144.370,144.439,464
2025.06.27,11:45,144.438,144.486,144.384,144.481,542
2025.06.27,12:00,144.487,144.535,144.460,144.527,528
2025.06.27,12:15,144.526,144.629,144.526,144.626,556
2025.06.27,12:30,144.621,144.677,144.586,144.649,495
2025.06.27,12:45,144.648,144.653,144.517,144.532,535
2025.06.27,13:00,144.531,144.567,144.482,144.554,555
2025.06.27,13:15,144.553,144.586,144.514,144.539,492
2025.06.27,13:30,144.540,144.625,144.513,144.561,584
2025.06.27,13:45,144.562,144.611,144.483,144.486,624
2025.06.27,14:00,144.487,144.618,144.475,144.575,792
2025.06.27,14:15,144.556,144.619,144.492,144.501,726
2025.06.27,14:30,144.497,144.594,144.360,144.480,1132
2025.06.27,14:45,144.478,144.488,144.360,144.441,953
2025.06.27,15:00,144.442,144.608,144.376,144.585,951
2025.06.27,15:15,144.586,144.743,144.545,144.738,929
2025.06.27,15:30,144.737,144.800,144.681,144.682,863
2025.06.27,15:45,144.681,144.737,144.621,144.725,701
2025.06.27,16:00,144.711,144.767,144.563,144.628,846
2025.06.27,16:15,144.629,144.718,144.586,144.708,737
2025.06.27,16:30,144.705,144.911,144.683,144.858,931
2025.06.27,16:45,144.856,144.941,144.828,144.878,954
2025.06.27,17:00,144.877,144.906,144.713,144.726,854
2025.06.27,17:15,144.727,144.786,144.680,144.786,673
2025.06.27,17:30,144.787,144.809,144.620,144.650,871
2025.06.27,17:45,144.647,144.729,144.604,144.729,900
2025.06.27,18:00,144.731,144.749,144.604,144.615,904
2025.06.27,18:15,144.616,144.672,144.569,144.572,885
2025.06.27,18:30,144.569,144.609,144.533,144.556,783
2025.06.27,18:45,144.557,144.674,144.556,144.639,815
2025.06.27,19:00,144.638,144.661,144.577,144.650,899
2025.06.27,19:15,144.651,144.754,144.616,144.716,889
2025.06.27,19:30,144.716,144.875,144.715,144.854,845
2025.06.27,19:45,144.850,144.898,144.714,144.731,1235
2025.06.27,20:00,144.732,144.805,144.694,144.703,947
2025.06.27,20:15,144.701,144.747,144.638,144.733,863
2025.06.27,20:30,144.743,144.845,144.738,144.761,885
2025.06.27,20:45,144.760,144.760,144.648,144.697,974
2025.06.27,21:00,144.696,144.735,144.650,144.704,732
2025.06.27,21:15,144.701,144.741,144.687,144.688,776
2025.06.27,21:30,144.689,144.745,144.673,144.735,709
2025.06.27,21:45,144.736,144.789,144.701,144.747,879
2025.06.29,23:00,144.228,144.392,144.220,144.351,82
2025.06.29,23:15,144.360,144.473,144.351,144.469,77
2025.06.29,23:30,144.469,144.512,144.378,144.378,154
2025.06.29,23:45,144.378,144.498,144.374,144.447,74
2025.06.30,00:00,144.447,144.623,144.445,144.564,468
2025.06.30,00:15,144.571,144.661,144.564,144.653,650
2025.06.30,00:30,144.646,144.646,144.485,144.498,693
2025.06.30,00:45,144.497,144.518,144.451,144.473,583
2025.06.30,01:00,144.470,144.503,144.416,144.418,771
2025.06.30,01:15,144.418,144.461,144.380,144.459,577
2025.06.30,01:30,144.458,144.492,144.443,144.443,398
2025.06.30,01:45,144.442,144.537,144.420,144.500,539
2025.06.30,02:00,144.499,144.598,144.472,144.569,779
2025.06.30,02:15,144.574,144.613,144.516,144.530,619
2025.06.30,02:30,144.529,144.619,144.513,144.572,601
2025.06.30,02:45,144.571,144.757,144.541,144.614,1104
2025.06.30,03:00,144.615,144.650,144.549,144.607,729
2025.06.30,03:15,144.606,144.628,144.360,144.376,784
2025.06.30,03:30,144.375,144.417,144.258,144.283,653
2025.06.30,03:45,144.282,144.335,144.242,144.324,695
2025.06.30,04:00,144.325,144.325,144.123,144.149,943
2025.06.30,04:15,144.148,144.222,144.083,144.111,672
2025.06.30,04:30,144.110,144.246,144.106,144.237,596
2025.06.30,04:45,144.238,144.288,144.196,144.286,636
2025.06.30,05:00,144.284,144.308,144.191,144.202,481
2025.06.30,05:15,144.201,144.224,144.155,144.203,510
2025.06.30,05:30,144.204,144.298,144.177,144.275,518
2025.06.30,05:45,144.274,144.274,144.176,144.214,484
2025.06.30,06:00,144.215,144.229,144.078,144.112,616
2025.06.30,06:15,144.113,144.142,144.086,144.119,505
2025.06.30,06:30,144.118,144.118,143.998,144.020,506
2025.06.30,06:45,144.022,144.034,143.909,143.939,729
2025.06.30,07:00,143.941,143.942,143.839,143.892,721
2025.06.30,07:15,143.889,143.889,143.815,143.842,617
2025.06.30,07:30,143.841,143.928,143.791,143.889,725
2025.06.30,07:45,143.878,143.929,143.845,143.904,637
2025.06.30,08:00,143.908,143.954,143.876,143.882,890
2025.06.30,08:15,143.886,143.970,143.855,143.896,1010
2025.06.30,08:30,143.897,144.011,143.852,143.877,1030
2025.06.30,08:45,143.877,144.000,143.846,143.877,987
2025.06.30,09:00,143.877,143.974,143.786,143.808,828
2025.06.30,09:15,143.809,143.954,143.777,143.951,794
2025.06.30,09:30,143.950,144.040,143.897,144.039,763
2025.06.30,09:45,144.032,144.163,144.031,144.121,810
2025.06.30,10:00,144.124,144.148,144.011,144.111,885
2025.06.30,10:15,144.108,144.209,144.105,144.133,648
2025.06.30,10:30,144.132,144.177,144.089,144.115,747
2025.06.30,10:45,144.118,144.194,144.086,144.109,687
2025.06.30,11:00,144.110,144.191,144.101,144.126,662
2025.06.30,11:15,144.125,144.182,144.049,144.179,705
2025.06.30,11:30,144.180,144.222,144.146,144.190,623
2025.06.30,11:45,144.192,144.264,144.183,144.261,611
2025.06.30,12:00,144.264,144.286,144.198,144.208,582
2025.06.30,12:15,144.211,144.218,144.185,144.194,447
2025.06.30,12:30,144.195,144.218,144.178,144.209,532
2025.06.30,12:45,144.210,144.222,144.173,144.177,509
2025.06.30,13:00,144.176,144.215,144.151,144.206,623
2025.06.30,13:15,144.207,144.277,144.194,144.265,658
2025.06.30,13:30,144.266,144.330,144.253,144.311,529
2025.06.30,13:45,144.318,144.337,144.260,144.327,606
2025.06.30,14:00,144.318,144.361,144.283,144.353,588
2025.06.30,14:15,144.352,144.453,144.351,144.421,628
2025.06.30,14:30,144.420,144.481,144.410,144.453,599
2025.06.30,14:45,144.454,144.490,144.429,144.455,580
2025.06.30,15:00,144.456,144.478,144.360,144.360,682
2025.06.30,15:15,144.359,144.439,144.327,144.412,753
2025.06.30,15:30,144.413,144.478,144.349,144.392,702
2025.06.30,15:45,144.391,144.505,144.310,144.358,1048
2025.06.30,16:00,144.356,144.421,144.289,144.397,968
2025.06.30,16:15,144.395,144.480,144.338,144.362,904
2025.06.30,16:30,144.361,144.361,144.207,144.276,899
2025.06.30,16:45,144.275,144.496,144.235,144.443,1184
2025.06.30,17:00,144.449,144.492,144.209,144.209,1022
2025.06.30,17:15,144.208,144.294,144.207,144.278,814
2025.06.30,17:30,144.274,144.351,144.235,144.300,783
2025.06.30,17:45,144.299,144.325,144.152,144.163,837
2025.06.30,18:00,144.161,144.272,144.135,144.246,819
2025.06.30,18:15,144.244,144.363,144.213,144.322,713
2025.06.30,18:30,144.320,144.384,144.293,144.304,706
2025.06.30,18:45,144.311,144.317,144.207,144.220,702
2025.06.30,19:00,144.219,144.246,144.179,144.246,667
2025.06.30,19:15,144.243,144.243,144.154,144.186,597
2025.06.30,19:30,144.188,144.242,144.148,144.228,563
2025.06.30,19:45,144.230,144.320,144.188,144.249,616
2025.06.30,20:00,144.248,144.293,144.159,144.218,750
2025.06.30,20:15,144.219,144.246,144.162,144.190,666
2025.06.30,20:30,144.191,144.191,144.126,144.136,633
2025.06.30,20:45,144.135,144.206,144.128,144.198,611
2025.06.30,21:00,144.199,144.241,144.136,144.158,540
2025.06.30,21:15,144.157,144.207,144.136,144.179,494
2025.06.30,21:30,144.178,144.180,144.124,144.137,548
2025.06.30,21:45,144.131,144.160,143.988,144.038,745
2025.06.30,22:00,144.032,144.050,143.958,143.983,565
2025.06.30,22:15,143.982,143.991,143.954,143.961,303
2025.06.30,22:30,143.962,143.984,143.950,143.982,347
2025.06.30,22:45,143.981,144.027,143.973,144.025,548
2025.06.30,23:00,144.034,144.064,144.005,144.009,78
2025.06.30,23:15,144.012,144.012,143.974,144.011,24
2025.06.30,23:30,144.009,144.012,144.007,144.010,16
2025.06.30,23:45,144.012,144.057,143.955,143.957,42
2025.07.01,00:00,143.983,144.027,143.909,143.936,337
2025.07.01,00:15,143.935,143.956,143.893,143.896,390
2025.07.01,00:30,143.897,143.954,143.855,143.915,355
2025.07.01,00:45,143.914,143.938,143.892,143.915,267
2025.07.01,01:00,143.913,143.930,143.877,143.881,343
2025.07.01,01:15,143.881,143.888,143.830,143.853,412
2025.07.01,01:30,143.854,143.886,143.833,143.879,383
2025.07.01,01:45,143.878,143.897,143.770,143.802,797
2025.07.01,02:00,143.805,143.807,143.599,143.661,1204
2025.07.01,02:15,143.661,143.745,143.659,143.671,928
2025.07.01,02:30,143.664,143.741,143.635,143.722,839
2025.07.01,02:45,143.717,143.736,143.550,143.563,1217
2025.07.01,03:00,143.563,143.621,143.530,143.539,945
2025.07.01,03:15,143.539,143.629,143.434,143.601,1055
2025.07.01,03:30,143.609,143.772,143.609,143.695,969
2025.07.01,03:45,143.692,143.804,143.686,143.793,875
2025.07.01,04:00,143.793,143.828,143.684,143.689,826
2025.07.01,04:15,143.689,143.745,143.652,143.742,607
2025.07.01,04:30,143.743,143.762,143.638,143.762,645
2025.07.01,04:45,143.761,143.765,143.657,143.724,687
2025.07.01,05:00,143.725,143.725,143.626,143.665,754
2025.07.01,05:15,143.664,143.739,143.639,143.734,627
2025.07.01,05:30,143.735,143.811,143.730,143.793,873
2025.07.01,05:45,143.793,143.887,143.746,143.874,954
2025.07.01,06:00,143.875,143.928,143.810,143.842,765
2025.07.01,06:15,143.842,143.866,143.808,143.853,603
2025.07.01,06:30,143.854,143.873,143.810,143.827,684
2025.07.01,06:45,143.826,143.835,143.746,143.746,607
2025.07.01,07:00,143.747,143.747,143.638,143.647,811
2025.07.01,07:15,143.648,143.718,143.633,143.634,773
2025.07.01,07:30,143.640,143.673,143.590,143.606,741
2025.07.01,07:45,143.607,143.672,143.566,143.578,921
2025.07.01,08:00,143.577,143.720,143.544,143.663,1044
2025.07.01,08:15,143.662,143.753,143.623,143.624,854
2025.07.01,08:30,143.627,143.673,143.580,143.652,894
2025.07.01,08:45,143.653,143.704,143.641,143.665,866
2025.07.01,09:00,143.664,143.735,143.427,143.429,920
2025.07.01,09:15,143.428,143.452,143.288,143.330,814
2025.07.01,09:30,143.331,143.348,143.221,143.233,736
2025.07.01,09:45,143.234,143.242,143.063,143.065,776
2025.07.01,10:00,143.073,143.092,143.005,143.058,939
2025.07.01,10:15,143.059,143.132,142.989,143.024,830
2025.07.01,10:30,143.023,143.090,142.936,143.009,802
2025.07.01,10:45,143.008,143.079,142.885,143.035,840
2025.07.01,11:00,143.033,143.163,143.019,143.027,649
2025.07.01,11:15,143.031,143.031,142.908,142.949,806
2025.07.01,11:30,142.947,142.950,142.819,142.861,849
2025.07.01,11:45,142.859,142.956,142.829,142.939,765
2025.07.01,12:00,142.938,142.952,142.818,142.850,743
2025.07.01,12:15,142.851,142.950,142.842,142.918,679
2025.07.01,12:30,142.917,142.990,142.883,142.890,629
2025.07.01,12:45,142.896,142.981,142.858,142.981,596
2025.07.01,13:00,142.978,142.984,142.854,142.905,648
2025.07.01,13:15,142.906,142.964,142.896,142.907,669
2025.07.01,13:30,142.902,142.963,142.788,142.810,716
2025.07.01,13:45,142.814,142.868,142.700,142.731,872
2025.07.01,14:00,142.730,142.907,142.678,142.849,986
2025.07.01,14:15,142.848,142.987,142.842,142.984,761
2025.07.01,14:30,142.983,143.088,142.945,143.079,856
2025.07.01,14:45,143.072,143.085,142.985,143.062,767
2025.07.01,15:00,143.066,143.161,143.050,143.154,835
2025.07.01,15:15,143.147,143.268,143.127,143.217,819
2025.07.01,15:30,143.216,143.277,143.083,143.114,792
2025.07.01,15:45,143.110,143.283,142.933,143.027,1154
2025.07.01,16:00,143.035,143.476,143.035,143.360,1413
2025.07.01,16:15,143.361,143.452,143.277,143.373,1053
2025.07.01,16:30,143.375,143.474,143.299,143.377,1038
2025.07.01,16:45,143.375,143.460,143.331,143.435,1116
2025.07.01,17:00,143.433,143.561,143.433,143.543,976
2025.07.01,17:15,143.542,143.611,143.470,143.606,936
2025.07.01,17:30,143.601,143.665,143.521,143.611,935
2025.07.01,17:45,143.610,143.634,143.542,143.574,816
2025.07.01,18:00,143.572,143.739,143.572,143.693,874
2025.07.01,18:15,143.696,143.752,143.679,143.684,762
2025.07.01,18:30,143.683,143.720,143.630,143.698,738
2025.07.01,18:45,143.697,143.775,143.691,143.691,723
2025.07.01,19:00,143.689,143.739,143.652,143.704,613
2025.07.01,19:15,143.706,143.749,143.633,143.655,713
2025.07.01,19:30,143.654,143.654,143.600,143.644,569
2025.07.01,19:45,143.645,143.658,143.597,143.624,618
2025.07.01,20:00,143.623,143.692,143.618,143.677,596
2025.07.01,20:15,143.678,143.755,143.673,143.733,519
2025.07.01,20:30,143.734,143.780,143.718,143.757,529
2025.07.01,20:45,143.758,143.787,143.711,143.715,538
2025.07.01,21:00,143.718,143.784,143.578,143.619,748
2025.07.01,21:15,143.620,143.758,143.620,143.755,636
2025.07.01,21:30,143.756,143.799,143.751,143.778,575
2025.07.01,21:45,143.779,143.781,143.749,143.766,555
2025.07.01,22:00,143.767,143.767,143.576,143.614,503
2025.07.01,22:15,143.615,143.659,143.570,143.579,334
2025.07.01,22:30,143.576,143.576,143.417,143.441,518
2025.07.01,22:45,143.439,143.455,143.382,143.385,436
2025.07.01,23:00,143.364,143.403,143.359,143.399,25
2025.07.01,23:15,143.400,143.413,143.396,143.411,44
2025.07.01,23:30,143.412,143.422,143.384,143.408,55
2025.07.01,23:45,143.410,143.417,143.392,143.405,46
2025.07.02,00:00,143.404,143.433,143.349,143.391,104
2025.07.02,00:15,143.388,143.427,143.379,143.404,231
2025.07.02,00:30,143.403,143.436,143.395,143.397,247
2025.07.02,00:45,143.396,143.411,143.356,143.402,297
2025.07.02,01:00,143.407,143.470,143.390,143.422,343
2025.07.02,01:15,143.423,143.447,143.384,143.400,324
2025.07.02,01:30,143.384,143.387,143.337,143.354,411
2025.07.02,01:45,143.353,143.450,143.341,143.370,639
2025.07.02,02:00,143.369,143.591,143.314,143.504,968
2025.07.02,02:15,143.506,143.604,143.457,143.593,764
2025.07.02,02:30,143.605,143.652,143.563,143.650,713
2025.07.02,02:45,143.649,143.655,143.431,143.470,1130
2025.07.02,03:00,143.471,143.606,143.440,143.560,797
2025.07.02,03:15,143.561,143.589,143.466,143.469,617
2025.07.02,03:30,143.468,143.562,143.449,143.487,626
2025.07.02,03:45,143.488,143.681,143.468,143.651,767
2025.07.02,04:00,143.647,143.742,143.624,143.643,751
2025.07.02,04:15,143.644,143.659,143.582,143.597,597
2025.07.02,04:30,143.594,143.616,143.557,143.567,458
2025.07.02,04:45,143.568,143.586,143.506,143.535,510
2025.07.02,05:00,143.529,143.566,143.477,143.533,514
2025.07.02,05:15,143.532,143.572,143.517,143.548,507
2025.07.02,05:30,143.547,143.581,143.513,143.542,526
2025.07.02,05:45,143.543,143.583,143.512,143.523,578
2025.07.02,06:00,143.521,143.530,143.456,143.470,539
2025.07.02,06:15,143.469,143.552,143.467,143.544,454
2025.07.02,06:30,143.543,143.604,143.531,143.567,473
2025.07.02,06:45,143.566,143.602,143.543,143.548,416
2025.07.02,07:00,143.551,143.728,143.537,143.663,518
2025.07.02,07:15,143.664,143.772,143.663,143.689,547
2025.07.02,07:30,143.688,143.726,143.618,143.629,594
2025.07.02,07:45,143.630,143.850,143.630,143.751,826
2025.07.02,08:00,143.749,143.799,143.696,143.735,703
2025.07.02,08:15,143.734,143.774,143.702,143.704,592
2025.07.02,08:30,143.705,143.820,143.670,143.813,792
2025.07.02,08:45,143.812,143.882,143.796,143.802,747
2025.07.02,09:00,143.804,143.937,143.804,143.846,746
2025.07.02,09:15,143.845,143.948,143.836,143.929,660
2025.07.02,09:30,143.930,144.046,143.832,143.836,813
2025.07.02,09:45,143.832,143.917,143.821,143.895,646
2025.07.02,10:00,143.896,143.921,143.775,143.809,616
2025.07.02,10:15,143.808,143.886,143.791,143.848,588
2025.07.02,10:30,143.846,143.899,143.808,143.818,603
2025.07.02,10:45,143.817,143.968,143.815,143.965,553
2025.07.02,11:00,143.966,144.121,143.927,144.106,674
2025.07.02,11:15,144.107,144.197,144.054,144.171,732
2025.07.02,11:30,144.170,144.240,144.147,144.182,725
2025.07.02,11:45,144.181,144.225,144.132,144.147,644
2025.07.02,12:00,144.146,144.153,144.002,144.031,623
2025.07.02,12:15,144.034,144.057,143.962,143.999,499
2025.07.02,12:30,143.994,144.009,143.889,143.914,528
2025.07.02,12:45,143.913,143.937,143.860,143.920,613
2025.07.02,13:00,143.919,143.962,143.889,143.901,536
2025.07.02,13:15,143.900,143.980,143.899,143.973,484
2025.07.02,13:30,143.974,144.090,143.947,144.072,646
2025.07.02,13:45,144.073,144.191,144.073,144.179,808
2025.07.02,14:00,144.187,144.209,144.116,144.167,822
2025.07.02,14:15,144.105,144.190,143.485,143.666,1650
2025.07.02,14:30,143.669,143.860,143.594,143.770,1239
2025.07.02,14:45,143.771,143.888,143.701,143.868,982
2025.07.02,15:00,143.869,143.902,143.630,143.733,1062
2025.07.02,15:15,143.727,144.125,143.727,144.061,959
2025.07.02,15:30,144.063,144.104,143.886,143.905,1082
2025.07.02,15:45,143.904,144.097,143.886,143.994,997
2025.07.02,16:00,143.996,144.069,143.902,144.066,1013
2025.07.02,16:15,144.068,144.092,143.938,144.007,923
2025.07.02,16:30,143.993,144.074,143.909,144.001,930
2025.07.02,16:45,143.999,144.153,143.968,144.023,1097
2025.07.02,17:00,144.020,144.032,143.854,143.868,982
2025.07.02,17:15,143.870,143.916,143.818,143.851,783
2025.07.02,17:30,143.850,143.889,143.799,143.817,732
2025.07.02,17:45,143.813,143.822,143.730,143.756,738
2025.07.02,18:00,143.757,143.769,143.689,143.713,682
2025.07.02,18:15,143.711,143.722,143.651,143.700,632
2025.07.02,18:30,143.702,143.736,143.660,143.736,627
2025.07.02,18:45,143.737,143.802,143.711,143.728,551
2025.07.02,19:00,143.732,143.733,143.626,143.658,664
2025.07.02,19:15,143.660,143.739,143.618,143.708,565
2025.07.02,19:30,143.707,143.735,143.669,143.696,514
2025.07.02,19:45,143.695,143.708,143.642,143.689,503
2025.07.02,20:00,143.705,143.728,143.662,143.676,512
2025.07.02,20:15,143.678,143.688,143.617,143.633,497
2025.07.02,20:30,143.634,143.634,143.592,143.598,474
2025.07.02,20:45,143.597,143.655,143.575,143.614,636
2025.07.02,21:00,143.615,143.654,143.611,143.653,535
2025.07.02,21:15,143.654,143.663,143.605,143.626,488
2025.07.02,21:30,143.625,143.662,143.595,143.646,442
2025.07.02,21:45,143.647,143.656,143.568,143.612,523
2025.07.02,22:00,143.613,143.671,143.605,143.623,346
2025.07.02,22:15,143.624,143.653,143.621,143.631,305
2025.07.02,22:30,143.632,143.671,143.632,143.657,201
2025.07.02,22:45,143.656,143.688,143.637,143.637,311
2025.07.02,23:00,143.671,143.748,143.648,143.748,10
2025.07.02,23:15,143.662,143.706,143.645,143.661,43
2025.07.02,23:30,143.660,143.698,143.641,143.641,49
2025.07.02,23:45,143.644,143.648,143.634,143.635,21
2025.07.03,00:00,143.647,143.656,143.575,143.585,180
2025.07.03,00:15,143.584,143.593,143.560,143.561,199
2025.07.03,00:30,143.560,143.623,143.556,143.608,196
2025.07.03,00:45,143.607,143.633,143.582,143.609,200
2025.07.03,01:00,143.608,143.612,143.519,143.553,270
2025.07.03,01:15,143.552,143.601,143.515,143.582,264
2025.07.03,01:30,143.583,143.584,143.481,143.496,429
2025.07.03,01:45,143.495,143.568,143.478,143.517,456
2025.07.03,02:00,143.515,143.608,143.454,143.559,809
2025.07.03,02:15,143.560,143.571,143.448,143.499,685
2025.07.03,02:30,143.497,143.548,143.440,143.501,670
2025.07.03,02:45,143.502,143.588,143.454,143.584,881
2025.07.03,03:00,143.578,143.684,143.547,143.585,684
2025.07.03,03:15,143.586,143.592,143.534,143.546,537
2025.07.03,03:30,143.545,143.597,143.489,143.491,609
2025.07.03,03:45,143.490,143.564,143.482,143.548,525
2025.07.03,04:00,143.547,143.677,143.544,143.650,548
2025.07.03,04:15,143.666,143.757,143.661,143.726,507
2025.07.03,04:30,143.727,143.727,143.660,143.690,436
2025.07.03,04:45,143.689,143.690,143.653,143.677,409
2025.07.03,05:00,143.682,143.729,143.670,143.692,353
2025.07.03,05:15,143.693,143.762,143.671,143.761,437
2025.07.03,05:30,143.763,143.828,143.713,143.801,457
2025.07.03,05:45,143.800,143.875,143.785,143.846,529
2025.07.03,06:00,143.847,143.848,143.780,143.795,444
2025.07.03,06:15,143.794,143.820,143.765,143.779,307
2025.07.03,06:30,143.778,143.843,143.757,143.826,357
2025.07.03,06:45,143.824,143.850,143.779,143.834,381
2025.07.03,07:00,143.835,143.911,143.819,143.910,411
2025.07.03,07:15,143.909,143.924,143.876,143.882,362
2025.07.03,07:30,143.883,143.911,143.847,143.859,418
2025.07.03,07:45,143.860,143.883,143.763,143.858,573
2025.07.03,08:00,143.857,143.880,143.753,143.831,729
2025.07.03,08:15,143.833,143.891,143.797,143.887,501
2025.07.03,08:30,143.885,143.928,143.846,143.892,629
2025.07.03,08:45,143.890,143.920,143.753,143.769,548
2025.07.03,09:00,143.770,143.811,143.743,143.780,628
2025.07.03,09:15,143.779,143.818,143.681,143.684,541
2025.07.03,09:30,143.685,143.808,143.667,143.787,597
2025.07.03,09:45,143.789,143.911,143.789,143.857,623
2025.07.03,10:00,143.864,143.890,143.819,143.838,619
2025.07.03,10:15,143.837,143.874,143.767,143.833,545
2025.07.03,10:30,143.835,143.880,143.798,143.818,587
2025.07.03,10:45,143.819,143.877,143.785,143.867,608
2025.07.03,11:00,143.875,143.889,143.820,143.862,674
2025.07.03,11:15,143.861,143.888,143.830,143.868,546
2025.07.03,11:30,143.869,143.881,143.822,143.856,501
2025.07.03,11:45,143.855,143.871,143.835,143.852,490
2025.07.03,12:00,143.850,143.850,143.757,143.812,665
2025.07.03,12:15,143.813,143.815,143.745,143.758,420
2025.07.03,12:30,143.760,143.798,143.733,143.798,455
2025.07.03,12:45,143.797,143.857,143.771,143.843,434
2025.07.03,13:00,143.842,143.859,143.812,143.852,469
2025.07.03,13:15,143.851,143.861,143.816,143.831,409
2025.07.03,13:30,143.840,143.861,143.826,143.852,381
2025.07.03,13:45,143.853,143.892,143.847,143.862,601
2025.07.03,14:00,143.861,143.943,143.837,143.900,555
2025.07.03,14:15,143.897,143.920,143.779,143.779,669
2025.07.03,14:30,144.355,145.077,144.351,145.053,2040
2025.07.03,14:45,145.054,145.228,144.926,145.005,1500
2025.07.03,15:00,145.003,145.068,144.915,144.985,1280
2025.07.03,15:15,144.977,144.977,144.758,144.763,1163
2025.07.03,15:30,144.762,144.846,144.681,144.695,1139
2025.07.03,15:45,144.696,144.777,144.602,144.699,1054
2025.07.03,16:00,144.689,144.927,144.636,144.870,1161
2025.07.03,16:15,144.879,145.013,144.838,144.880,1064
2025.07.03,16:30,144.879,145.091,144.878,145.024,1020
2025.07.03,16:45,145.023,145.127,145.004,145.087,972
2025.07.03,17:00,145.089,145.160,144.976,144.982,1029
2025.07.03,17:15,144.983,145.021,144.820,144.834,839
2025.07.03,17:30,144.836,144.935,144.814,144.914,753
2025.07.03,17:45,144.913,145.004,144.885,144.965,748
2025.07.03,18:00,144.964,145.079,144.944,145.014,761
2025.07.03,18:15,145.013,145.191,145.006,145.118,607
2025.07.03,18:30,145.119,145.209,145.117,145.149,615
2025.07.03,18:45,145.148,145.182,145.045,145.048,496
2025.07.03,19:00,145.046,145.066,144.992,145.039,355
2025.07.03,19:15,145.038,145.071,145.011,145.011,203
2025.07.03,19:30,145.012,145.086,145.011,145.079,239
2025.07.03,19:45,145.080,145.080,145.056,145.071,285
2025.07.03,20:00,145.070,145.086,145.013,145.014,366
2025.07.03,20:15,145.013,145.070,145.008,145.061,216
2025.07.03,20:30,145.060,145.068,145.028,145.059,219
2025.07.03,20:45,145.057,145.111,145.037,145.100,238
2025.07.03,21:00,145.101,145.111,145.068,145.069,259
2025.07.03,21:15,145.070,145.070,145.004,145.011,214
2025.07.03,21:30,145.015,145.027,145.005,145.017,156
2025.07.03,21:45,145.018,145.034,144.980,145.033,204
2025.07.03,22:00,145.042,145.081,145.004,145.026,243
2025.07.03,22:15,145.027,145.028,144.960,144.977,177
2025.07.03,22:30,144.980,144.996,144.910,144.922,222
2025.07.03,22:45,144.921,144.950,144.910,144.913,351
2025.07.03,23:00,144.883,144.954,144.881,144.937,37
2025.07.03,23:15,144.936,144.957,144.915,144.951,55
2025.07.03,23:30,144.950,144.961,144.942,144.946,31
2025.07.03,23:45,144.945,144.946,144.929,144.932,44
2025.07.04,00:00,144.933,144.960,144.881,144.953,205
2025.07.04,00:15,144.952,144.953,144.909,144.929,168
2025.07.04,00:30,144.928,144.967,144.898,144.927,225
2025.07.04,00:45,144.928,144.928,144.869,144.869,200
2025.07.04,01:00,144.870,144.923,144.849,144.851,324
2025.07.04,01:15,144.852,144.881,144.833,144.852,191
2025.07.04,01:30,144.864,144.865,144.734,144.746,427
2025.07.04,01:45,144.756,144.777,144.681,144.704,545
2025.07.04,02:00,144.705,144.779,144.656,144.668,651
2025.07.04,02:15,144.669,144.674,144.620,144.656,617
2025.07.04,02:30,144.655,144.662,144.596,144.644,526
2025.07.04,02:45,144.642,144.667,144.569,144.598,750
2025.07.04,03:00,144.597,144.676,144.596,144.641,542
2025.07.04,03:15,144.648,144.705,144.578,144.688,557
2025.07.04,03:30,144.689,144.747,144.679,144.712,572
2025.07.04,03:45,144.696,144.777,144.685,144.753,562
2025.07.04,04:00,144.755,144.786,144.688,144.697,575
2025.07.04,04:15,144.696,144.728,144.623,144.631,461
2025.07.04,04:30,144.617,144.635,144.595,144.601,450
2025.07.04,04:45,144.607,144.653,144.597,144.644,415
2025.07.04,05:00,144.646,144.663,144.564,144.564,434
2025.07.04,05:15,144.563,144.571,144.490,144.505,432
2025.07.04,05:30,144.504,144.513,144.457,144.482,410
2025.07.04,05:45,144.483,144.520,144.469,144.516,362
2025.07.04,06:00,144.517,144.520,144.461,144.490,356
2025.07.04,06:15,144.491,144.498,144.332,144.434,535
2025.07.04,06:30,144.435,144.446,144.326,144.363,440
2025.07.04,06:45,144.361,144.414,144.333,144.372,566
2025.07.04,07:00,144.371,144.395,144.343,144.356,451
2025.07.04,07:15,144.357,144.379,144.344,144.372,452
2025.07.04,07:30,144.371,144.376,144.311,144.365,451
2025.07.04,07:45,144.364,144.367,144.302,144.336,459
2025.07.04,08:00,144.327,144.425,144.289,144.290,592
2025.07.04,08:15,144.289,144.290,144.178,144.269,615
2025.07.04,08:30,144.270,144.288,144.212,144.229,567
2025.07.04,08:45,144.227,144.331,144.209,144.242,595
2025.07.04,09:00,144.238,144.408,144.234,144.394,706
2025.07.04,09:15,144.395,144.407,144.321,144.346,662
2025.07.04,09:30,144.345,144.408,144.313,144.406,648
2025.07.04,09:45,144.405,144.422,144.313,144.403,630
2025.07.04,10:00,144.402,144.411,144.330,144.348,501
2025.07.04,10:15,144.352,144.387,144.281,144.376,568
2025.07.04,10:30,144.375,144.394,144.335,144.356,552
2025.07.04,10:45,144.355,144.374,144.324,144.337,547
2025.07.04,11:00,144.338,144.368,144.302,144.328,598
2025.07.04,11:15,144.330,144.331,144.272,144.309,475
2025.07.04,11:30,144.308,144.357,144.295,144.337,490
2025.07.04,11:45,144.336,144.343,144.304,144.308,466
2025.07.04,12:00,144.310,144.344,144.309,144.318,440
2025.07.04,12:15,144.319,144.340,144.279,144.330,428
2025.07.04,12:30,144.329,144.376,144.323,144.357,418
2025.07.04,12:45,144.358,144.380,144.316,144.341,480
2025.07.04,13:00,144.340,144.354,144.312,144.329,462
2025.07.04,13:15,144.330,144.344,144.302,144.336,416
2025.07.04,13:30,144.337,144.348,144.310,144.341,390
2025.07.04,13:45,144.340,144.397,144.333,144.391,461
2025.07.04,14:00,144.390,144.409,144.359,144.385,428
2025.07.04,14:15,144.383,144.440,144.352,144.427,323
2025.07.04,14:30,144.426,144.432,144.384,144.407,385
2025.07.04,14:45,144.406,144.443,144.380,144.417,454
2025.07.04,15:00,144.418,144.456,144.383,144.454,367
2025.07.04,15:15,144.453,144.487,144.429,144.481,379
2025.07.04,15:30,144.480,144.503,144.426,144.440,528
2025.07.04,15:45,144.439,144.477,144.438,144.455,474
2025.07.04,16:00,144.456,144.470,144.406,144.460,537
2025.07.04,16:15,144.459,144.470,144.422,144.443,415
2025.07.04,16:30,144.446,144.521,144.437,144.516,520
2025.07.04,16:45,144.517,144.564,144.502,144.512,545
2025.07.04,17:00,144.515,144.549,144.501,144.536,471
2025.07.04,17:15,144.535,144.542,144.502,144.511,300
2025.07.04,17:30,144.513,144.545,144.503,144.537,251
2025.07.04,17:45,144.536,144.540,144.507,144.527,311
2025.07.04,18:00,144.528,144.543,144.506,144.515,222
2025.07.04,18:15,144.514,144.523,144.478,144.478,415
2025.07.04,18:30,144.480,144.506,144.476,144.497,280
2025.07.04,18:45,144.498,144.508,144.487,144.494,361
2025.07.04,19:00,144.495,144.513,144.471,144.498,657
2025.07.04,19:15,144.496,144.512,144.475,144.486,486
2025.07.04,19:30,144.486,144.494,144.467,144.471,540
2025.07.04,19:45,144.472,144.475,144.465,144.467,430
2025.07.04,20:00,144.466,144.510,144.466,144.483,494
2025.07.04,20:15,144.484,144.487,144.482,144.485,135
2025.07.04,20:30,144.484,144.491,144.473,144.478,1272
2025.07.04,20:45,144.478,144.483,144.470,144.472,880
2025.07.04,21:00,144.471,144.503,144.431,144.476,1210
2025.07.04,21:15,144.477,144.512,144.469,144.493,1343
2025.07.04,21:30,144.497,144.513,144.486,144.500,1612
2025.07.04,21:45,144.500,144.576,144.493,144.562,1336
2025.07.06,23:00,144.415,144.488,144.411,144.455,48
2025.07.06,23:15,144.454,144.469,144.421,144.439,93
2025.07.06,23:30,144.441,144.538,144.440,144.473,151
2025.07.06,23:45,144.474,144.480,144.382,144.478,121
2025.07.07,00:00,144.436,144.628,144.386,144.575,341
2025.07.07,00:15,144.576,144.577,144.508,144.512,240
2025.07.07,00:30,144.513,144.517,144.464,144.491,452
2025.07.07,00:45,144.490,144.513,144.457,144.484,296
2025.07.07,01:00,144.483,144.534,144.459,144.533,243
2025.07.07,01:15,144.534,144.578,144.529,144.541,261
2025.07.07,01:30,144.564,144.568,144.475,144.519,430
2025.07.07,01:45,144.518,144.540,144.463,144.484,504
2025.07.07,02:00,144.486,144.499,144.310,144.356,795
2025.07.07,02:15,144.352,144.461,144.326,144.427,664
2025.07.07,02:30,144.425,144.454,144.353,144.359,655
2025.07.07,02:45,144.358,144.389,144.291,144.348,837
2025.07.07,03:00,144.352,144.425,144.293,144.294,693
2025.07.07,03:15,144.293,144.301,144.219,144.292,680
2025.07.07,03:30,144.290,144.437,144.250,144.436,637
2025.07.07,03:45,144.438,144.575,144.426,144.532,661
2025.07.07,04:00,144.530,144.565,144.492,144.554,584
2025.07.07,04:15,144.553,144.712,144.544,144.712,643
2025.07.07,04:30,144.711,144.789,144.711,144.763,660
2025.07.07,04:45,144.764,144.835,144.737,144.813,540
2025.07.07,05:00,144.812,144.835,144.709,144.727,532
2025.07.07,05:15,144.726,144.744,144.705,144.715,403
2025.07.07,05:30,144.720,144.844,144.720,144.822,429
2025.07.07,05:45,144.820,144.841,144.793,144.829,456
2025.07.07,06:00,144.827,144.877,144.799,144.822,463
2025.07.07,06:15,144.821,144.844,144.779,144.820,373
2025.07.07,06:30,144.819,144.947,144.789,144.940,487
2025.07.07,06:45,144.941,144.994,144.934,144.981,565
2025.07.07,07:00,144.979,145.032,144.943,145.026,552
2025.07.07,07:15,145.025,145.070,144.984,145.051,491
2025.07.07,07:30,145.052,145.073,144.975,145.054,520
2025.07.07,07:45,145.055,145.062,144.938,144.980,586
2025.07.07,08:00,144.988,145.112,144.946,145.034,679
2025.07.07,08:15,145.038,145.089,144.990,145.060,586
2025.07.07,08:30,145.073,145.154,145.047,145.075,744
2025.07.07,08:45,145.073,145.099,145.018,145.019,602
2025.07.07,09:00,145.020,145.068,144.974,145.008,732
2025.07.07,09:15,145.011,145.055,144.987,145.051,670
2025.07.07,09:30,145.064,145.182,145.049,145.177,626
2025.07.07,09:45,145.178,145.198,145.143,145.194,653
2025.07.07,10:00,145.195,145.282,145.146,145.210,690
2025.07.07,10:15,145.209,145.241,145.146,145.146,679
2025.07.07,10:30,145.138,145.187,145.108,145.181,664
2025.07.07,10:45,145.182,145.341,145.178,145.331,744
2025.07.07,11:00,145.328,145.386,145.271,145.363,683
2025.07.07,11:15,145.365,145.438,145.344,145.421,637
2025.07.07,11:30,145.422,145.470,145.413,145.467,612
2025.07.07,11:45,145.468,145.482,145.414,145.430,641
2025.07.07,12:00,145.429,145.510,145.407,145.440,645
2025.07.07,12:15,145.447,145.488,145.392,145.483,517
2025.07.07,12:30,145.484,145.528,145.446,145.459,491
2025.07.07,12:45,145.460,145.469,145.407,145.428,493
2025.07.07,13:00,145.427,145.468,145.397,145.426,482
2025.07.07,13:15,145.424,145.439,145.382,145.404,415
2025.07.07,13:30,145.402,145.437,145.370,145.421,500
2025.07.07,13:45,145.419,145.509,145.372,145.488,748
2025.07.07,14:00,145.489,145.592,145.474,145.557,780
2025.07.07,14:15,145.555,145.598,145.550,145.574,602
2025.07.07,14:30,145.575,145.640,145.551,145.589,674
2025.07.07,14:45,145.588,145.618,145.561,145.587,619
2025.07.07,15:00,145.589,145.704,145.569,145.698,781
2025.07.07,15:15,145.699,145.741,145.673,145.685,756
2025.07.07,15:30,145.683,145.741,145.637,145.738,791
2025.07.07,15:45,145.741,145.777,145.716,145.731,657
2025.07.07,16:00,145.730,145.744,145.665,145.689,691
2025.07.07,16:15,145.687,145.773,145.678,145.745,655
2025.07.07,16:30,145.746,145.801,145.723,145.776,668
2025.07.07,16:45,145.777,145.808,145.741,145.795,692
2025.07.07,17:00,145.793,145.860,145.776,145.847,603
2025.07.07,17:15,145.846,145.888,145.829,145.837,601
2025.07.07,17:30,145.836,145.885,145.828,145.879,554
2025.07.07,17:45,145.878,145.879,145.842,145.865,563
2025.07.07,18:00,145.864,145.922,145.858,145.859,490
2025.07.07,18:15,145.860,146.013,145.729,145.833,1182
2025.07.07,18:30,145.832,146.113,145.832,146.110,1041
2025.07.07,18:45,146.105,146.141,146.027,146.115,911
2025.07.07,19:00,146.114,146.143,146.046,146.087,799
2025.07.07,19:15,146.089,146.149,146.078,146.139,643
2025.07.07,19:30,146.142,146.230,146.011,146.090,959
2025.07.07,19:45,146.091,146.130,146.057,146.057,564
2025.07.07,20:00,146.056,146.162,146.055,146.156,568
2025.07.07,20:15,146.155,146.227,146.153,146.195,709
2025.07.07,20:30,146.194,146.235,146.167,146.205,577
2025.07.07,20:45,146.206,146.234,146.138,146.170,631
2025.07.07,21:00,146.171,146.181,146.052,146.077,546
2025.07.07,21:15,146.078,146.106,146.056,146.089,523
2025.07.07,21:30,146.088,146.107,146.024,146.041,481
2025.07.07,21:45,146.040,146.053,146.012,146.053,498
2025.07.07,22:00,146.052,146.152,146.036,146.134,383
2025.07.07,22:15,146.133,146.147,146.061,146.070,288
2025.07.07,22:30,146.069,146.114,146.047,146.058,372
2025.07.07,22:45,146.058,146.070,146.035,146.042,344
2025.07.07,23:00,145.977,146.027,145.970,145.997,43
2025.07.07,23:15,146.054,146.094,146.011,146.039,29
2025.07.07,23:30,146.038,146.038,145.996,146.005,36
2025.07.07,23:45,145.999,146.008,145.982,145.983,189
2025.07.08,00:00,145.982,146.032,145.945,145.972,194
2025.07.08,00:15,145.971,145.972,145.845,145.904,813
2025.07.08,00:30,145.903,145.971,145.865,145.883,671
2025.07.08,00:45,145.882,145.899,145.835,145.860,488
2025.07.08,01:00,145.860,145.970,145.860,145.906,477
2025.07.08,01:15,145.907,146.064,145.891,146.029,508
2025.07.08,01:30,146.031,146.034,145.957,145.962,373
2025.07.08,01:45,145.958,146.012,145.852,145.875,658
2025.07.08,02:00,145.874,145.955,145.829,145.869,959
2025.07.08,02:15,145.870,145.992,145.848,145.980,843
2025.07.08,02:30,145.976,146.038,145.923,145.942,741
2025.07.08,02:45,145.946,146.205,145.918,146.155,970
2025.07.08,03:00,146.155,146.419,146.071,146.346,852
2025.07.08,03:15,146.349,146.439,146.141,146.187,822
2025.07.08,03:30,146.184,146.253,146.042,146.138,682
2025.07.08,03:45,146.137,146.248,146.097,146.236,665
2025.07.08,04:00,146.243,146.280,146.116,146.160,567
2025.07.08,04:15,146.159,146.204,146.084,146.101,523
2025.07.08,04:30,146.100,146.144,146.054,146.137,532
2025.07.08,04:45,146.138,146.158,146.038,146.088,404
2025.07.08,05:00,146.089,146.143,146.046,146.137,399
2025.07.08,05:15,146.138,146.164,146.064,146.111,439
2025.07.08,05:30,146.114,146.138,146.069,146.128,485
2025.07.08,05:45,146.128,146.132,146.060,146.067,443
2025.07.08,06:00,146.068,146.099,145.979,146.017,538
2025.07.08,06:15,146.007,146.018,145.949,145.956,521
2025.07.08,06:30,145.956,145.973,145.879,145.909,714
2025.07.08,06:45,145.910,146.019,145.905,145.992,570
2025.07.08,07:00,145.991,146.091,145.942,146.061,515
2025.07.08,07:15,146.062,146.102,146.049,146.080,402
2025.07.08,07:30,146.076,146.091,146.017,146.030,426
2025.07.08,07:45,146.029,146.103,145.961,146.092,616
2025.07.08,08:00,146.093,146.223,146.055,146.169,1112
2025.07.08,08:15,146.168,146.200,146.067,146.122,879
2025.07.08,08:30,146.122,146.207,146.114,146.206,814
2025.07.08,08:45,146.212,146.242,146.147,146.239,824
2025.07.08,09:00,146.235,146.276,146.072,146.081,890
2025.07.08,09:15,146.080,146.154,146.065,146.133,644
2025.07.08,09:30,146.131,146.136,146.032,146.064,604
2025.07.08,09:45,146.062,146.086,145.997,146.033,678
2025.07.08,10:00,146.034,146.156,146.031,146.088,764
2025.07.08,10:15,146.089,146.185,146.088,146.134,571
2025.07.08,10:30,146.135,146.234,146.110,146.198,591
2025.07.08,10:45,146.199,146.228,146.163,146.184,697
2025.07.08,11:00,146.192,146.243,146.183,146.212,616
2025.07.08,11:15,146.210,146.220,146.099,146.100,639
2025.07.08,11:30,146.099,146.162,146.053,146.158,580
2025.07.08,11:45,146.162,146.263,146.160,146.227,698
2025.07.08,12:00,146.226,146.319,146.221,146.317,579
2025.07.08,12:15,146.319,146.319,146.289,146.298,475
2025.07.08,12:30,146.297,146.356,146.275,146.335,542
2025.07.08,12:45,146.336,146.402,146.336,146.398,548
2025.07.08,13:00,146.400,146.409,146.352,146.371,515
2025.07.08,13:15,146.372,146.526,146.362,146.501,356
2025.07.08,13:30,146.502,146.560,146.469,146.560,623
2025.07.08,13:45,146.558,146.645,146.552,146.583,776
2025.07.08,14:00,146.584,146.607,146.455,146.588,755
2025.07.08,14:15,146.586,146.612,146.546,146.575,667
2025.07.08,14:30,146.576,146.664,146.525,146.663,737
2025.07.08,14:45,146.675,146.684,146.603,146.645,778
2025.07.08,15:00,146.647,146.730,146.628,146.725,718
2025.07.08,15:15,146.724,146.830,146.677,146.822,739
2025.07.08,15:30,146.821,146.895,146.808,146.853,850
2025.07.08,15:45,146.859,146.863,146.718,146.767,741
2025.07.08,16:00,146.765,146.872,146.751,146.863,800
2025.07.08,16:15,146.868,146.925,146.849,146.849,720
2025.07.08,16:30,146.850,146.939,146.848,146.928,638
2025.07.08,16:45,146.933,146.956,146.859,146.912,959
2025.07.08,17:00,146.902,146.971,146.880,146.928,828
2025.07.08,17:15,146.926,146.946,146.779,146.807,841
2025.07.08,17:30,146.811,146.856,146.796,146.807,687
2025.07.08,17:45,146.808,146.830,146.768,146.808,592
2025.07.08,18:00,146.809,146.818,146.732,146.732,623
2025.07.08,18:15,146.733,146.766,146.709,146.726,518
2025.07.08,18:30,146.725,146.823,146.703,146.790,807
2025.07.08,18:45,146.788,146.859,146.734,146.741,726
2025.07.08,19:00,146.731,146.771,146.651,146.744,845
2025.07.08,19:15,146.745,146.802,146.715,146.725,682
2025.07.08,19:30,146.720,146.732,146.680,146.701,603
2025.07.08,19:45,146.700,146.751,146.689,146.711,615
2025.07.08,20:00,146.709,146.720,146.651,146.696,611
2025.07.08,20:15,146.695,146.726,146.685,146.720,503
2025.07.08,20:30,146.721,146.759,146.687,146.693,512
2025.07.08,20:45,146.695,146.699,146.652,146.658,585
2025.07.08,21:00,146.657,146.658,146.612,146.650,507
2025.07.08,21:15,146.651,146.661,146.615,146.657,447
2025.07.08,21:30,146.658,146.688,146.645,146.670,411
2025.07.08,21:45,146.668,146.676,146.612,146.619,537
2025.07.08,22:00,146.622,146.638,146.525,146.527,528
2025.07.08,22:15,146.527,146.566,146.518,146.529,559
2025.07.08,22:30,146.528,146.557,146.519,146.541,434
2025.07.08,22:45,146.542,146.583,146.513,146.547,1011
2025.07.08,23:00,146.512,146.556,146.512,146.549,35
2025.07.08,23:15,146.537,146.554,146.514,146.527,45
2025.07.08,23:30,146.525,146.525,146.511,146.519,29
2025.07.08,23:45,146.518,146.579,146.516,146.524,85
2025.07.09,00:00,146.500,146.668,146.500,146.601,174
2025.07.09,00:15,146.603,146.603,146.568,146.590,233
2025.07.09,00:30,146.591,146.591,146.548,146.558,236
2025.07.09,00:45,146.557,146.592,146.553,146.583,175
2025.07.09,01:00,146.582,146.708,146.582,146.707,395
2025.07.09,01:15,146.706,146.765,146.679,146.753,355
2025.07.09,01:30,146.752,146.865,146.748,146.858,608
2025.07.09,01:45,146.855,146.871,146.813,146.865,834
2025.07.09,02:00,146.864,146.891,146.760,146.806,1050
2025.07.09,02:15,146.805,146.904,146.799,146.870,778
2025.07.09,02:30,146.869,146.903,146.773,146.795,638
2025.07.09,02:45,146.794,146.862,146.729,146.786,896
2025.07.09,03:00,146.787,147.024,146.760,146.935,828
2025.07.09,03:15,146.935,146.945,146.760,146.803,726
2025.07.09,03:30,146.805,146.855,146.734,146.825,635
2025.07.09,03:45,146.824,146.915,146.812,146.860,664
2025.07.09,04:00,146.860,146.927,146.791,146.874,606
2025.07.09,04:15,146.875,146.936,146.862,146.885,567
2025.07.09,04:30,146.886,147.045,146.885,147.044,646
2025.07.09,04:45,147.045,147.088,147.027,147.054,649
2025.07.09,05:00,147.053,147.175,147.053,147.122,709
2025.07.09,05:15,147.123,147.166,147.060,147.112,524
2025.07.09,05:30,147.111,147.152,147.072,147.073,501
2025.07.09,05:45,147.072,147.110,147.063,147.099,472
2025.07.09,06:00,147.100,147.142,147.086,147.112,556
2025.07.09,06:15,147.111,147.143,147.090,147.124,395
2025.07.09,06:30,147.125,147.126,147.048,147.083,537
2025.07.09,06:45,147.082,147.094,147.026,147.037,470
2025.07.09,07:00,147.036,147.061,147.007,147.017,540
2025.07.09,07:15,147.015,147.015,146.954,146.981,484
2025.07.09,07:30,146.980,146.996,146.917,146.929,402
2025.07.09,07:45,146.928,146.997,146.899,146.981,600
2025.07.09,08:00,146.982,147.026,146.960,146.973,944
2025.07.09,08:15,146.972,147.012,146.961,146.993,823
2025.07.09,08:30,146.995,147.028,146.901,146.950,723
2025.07.09,08:45,146.951,146.963,146.793,146.798,989
2025.07.09,09:00,146.798,146.830,146.724,146.774,699
2025.07.09,09:15,146.771,146.781,146.679,146.724,673
2025.07.09,09:30,146.725,146.789,146.680,146.750,683
2025.07.09,09:45,146.749,146.874,146.749,146.837,608
2025.07.09,10:00,146.840,146.861,146.719,146.761,677
2025.07.09,10:15,146.760,146.834,146.739,146.742,635
2025.07.09,10:30,146.739,146.749,146.611,146.612,607
2025.07.09,10:45,146.611,146.678,146.591,146.674,608
2025.07.09,11:00,146.672,146.688,146.561,146.589,560
2025.07.09,11:15,146.587,146.627,146.537,146.624,541
2025.07.09,11:30,146.625,146.657,146.581,146.655,523
2025.07.09,11:45,146.654,146.662,146.581,146.622,535
2025.07.09,12:00,146.623,146.631,146.537,146.553,448
2025.07.09,12:15,146.554,146.616,146.541,146.584,503
2025.07.09,12:30,146.583,146.683,146.574,146.649,593
2025.07.09,12:45,146.648,146.665,146.584,146.653,489
2025.07.09,13:00,146.654,146.670,146.602,146.656,426
2025.07.09,13:15,146.655,146.669,146.606,146.654,541
2025.07.09,13:30,146.655,146.734,146.632,146.691,555
2025.07.09,13:45,146.690,146.776,146.655,146.760,565
2025.07.09,14:00,146.762,146.762,146.660,146.684,687
2025.07.09,14:15,146.683,146.710,146.518,146.691,869
2025.07.09,14:30,146.689,146.711,146.589,146.658,715
2025.07.09,14:45,146.660,146.677,146.465,146.482,759
2025.07.09,15:00,146.481,146.507,146.358,146.399,827
2025.07.09,15:15,146.404,146.514,146.359,146.482,714
2025.07.09,15:30,146.492,146.517,146.404,146.486,922
2025.07.09,15:45,146.484,146.540,146.444,146.454,827
2025.07.09,16:00,146.451,146.481,146.300,146.310,952
2025.07.09,16:15,146.309,146.371,146.265,146.366,812
2025.07.09,16:30,146.367,146.441,146.325,146.388,755
2025.07.09,16:45,146.392,146.498,146.392,146.461,703
2025.07.09,17:00,146.462,146.526,146.452,146.514,769
2025.07.09,17:15,146.515,146.560,146.494,146.528,706
2025.07.09,17:30,146.534,146.538,146.469,146.476,644
2025.07.09,17:45,146.473,146.550,146.445,146.527,591
2025.07.09,18:00,146.526,146.526,146.387,146.388,538
2025.07.09,18:15,146.387,146.453,146.342,146.430,598
2025.07.09,18:30,146.429,146.433,146.332,146.345,443
2025.07.09,18:45,146.346,146.412,146.326,146.407,608
2025.07.09,19:00,146.414,146.430,146.274,146.303,608
2025.07.09,19:15,146.305,146.338,146.295,146.331,535
2025.07.09,19:30,146.330,146.362,146.305,146.328,579
2025.07.09,19:45,146.329,146.352,146.296,146.339,491
2025.07.09,20:00,146.333,146.387,146.266,146.276,629
2025.07.09,20:15,146.277,146.295,146.247,146.280,506
2025.07.09,20:30,146.281,146.355,146.263,146.346,494
2025.07.09,20:45,146.340,146.349,146.283,146.328,613
2025.07.09,21:00,146.326,146.367,146.298,146.304,538
2025.07.09,21:15,146.305,146.314,146.276,146.298,465
2025.07.09,21:30,146.297,146.319,146.269,146.274,449
2025.07.09,21:45,146.272,146.321,146.259,146.310,469
2025.07.09,22:00,146.314,146.432,146.314,146.426,367
2025.07.09,22:15,146.424,146.482,146.410,146.430,413
2025.07.09,22:30,146.429,146.470,146.376,146.383,317
2025.07.09,22:45,146.382,146.384,146.270,146.270,766
2025.07.09,23:00,146.289,146.342,146.279,146.324,53
2025.07.09,23:15,146.328,146.345,146.314,146.325,61
2025.07.09,23:30,146.324,146.324,146.262,146.268,43
2025.07.09,23:45,146.268,146.275,146.243,146.273,59
2025.07.10,00:00,146.289,146.320,146.224,146.275,200
2025.07.10,00:15,146.275,146.292,146.250,146.271,301
2025.07.10,00:30,146.272,146.281,146.242,146.243,315
2025.07.10,00:45,146.242,146.242,146.211,146.238,233
2025.07.10,01:00,146.237,146.298,146.228,146.239,372
2025.07.10,01:15,146.239,146.239,146.065,146.099,448
2025.07.10,01:30,146.100,146.174,146.100,146.170,349
2025.07.10,01:45,146.174,146.187,146.066,146.101,606
2025.07.10,02:00,146.104,146.111,145.967,146.018,882
2025.07.10,02:15,146.014,146.022,145.824,145.851,820
2025.07.10,02:30,145.843,145.895,145.776,145.849,933
2025.07.10,02:45,145.865,145.890,145.751,145.812,924
2025.07.10,03:00,145.813,145.941,145.813,145.917,686
2025.07.10,03:15,145.918,145.949,145.841,145.887,699
2025.07.10,03:30,145.886,145.890,145.758,145.825,688
2025.07.10,03:45,145.828,145.885,145.803,145.885,506
2025.07.10,04:00,145.886,145.981,145.849,145.912,648
2025.07.10,04:15,145.914,145.975,145.910,145.958,379
2025.07.10,04:30,145.959,146.065,145.936,146.054,540
2025.07.10,04:45,146.057,146.091,146.038,146.079,649
2025.07.10,05:00,146.077,146.197,146.071,146.141,531
2025.07.10,05:15,146.140,146.215,146.133,146.186,347
2025.07.10,05:30,146.187,146.241,146.156,146.233,390
2025.07.10,05:45,146.232,146.254,146.180,146.252,368
2025.07.10,06:00,146.256,146.280,146.244,146.276,268
2025.07.10,06:15,146.275,146.294,146.243,146.294,254
2025.07.10,06:30,146.295,146.406,146.215,146.218,472
2025.07.10,06:45,146.217,146.266,146.205,146.215,364
2025.07.10,07:00,146.214,146.340,146.171,146.286,404
2025.07.10,07:15,146.288,146.324,146.273,146.291,270
2025.07.10,07:30,146.290,146.290,146.190,146.257,420
2025.07.10,07:45,146.256,146.269,146.203,146.247,377
2025.07.10,08:00,146.253,146.267,146.174,146.252,913
2025.07.10,08:15,146.252,146.268,146.188,146.252,907
2025.07.10,08:30,146.253,146.354,146.231,146.337,832
2025.07.10,08:45,146.335,146.345,146.121,146.143,898
2025.07.10,09:00,146.145,146.240,146.060,146.236,880
2025.07.10,09:15,146.237,146.268,146.194,146.259,742
2025.07.10,09:30,146.264,146.384,146.241,146.359,698
2025.07.10,09:45,146.369,146.458,146.275,146.276,781
2025.07.10,10:00,146.275,146.351,146.262,146.294,663
2025.07.10,10:15,146.295,146.373,146.295,146.359,578
2025.07.10,10:30,146.356,146.407,146.336,146.384,658
2025.07.10,10:45,146.383,146.391,146.305,146.349,576
2025.07.10,11:00,146.350,146.368,146.321,146.339,515
2025.07.10,11:15,146.342,146.345,146.278,146.292,494
2025.07.10,11:30,146.291,146.300,146.173,146.193,513
2025.07.10,11:45,146.192,146.234,146.169,146.176,601
2025.07.10,12:00,146.174,146.235,146.148,146.211,519
2025.07.10,12:15,146.212,146.249,146.138,146.146,387
2025.07.10,12:30,146.144,146.147,146.094,146.103,441
2025.07.10,12:45,146.102,146.123,146.079,146.116,468
2025.07.10,13:00,146.118,146.234,146.082,146.223,509
2025.07.10,13:15,146.220,146.223,146.160,146.221,303
2025.07.10,13:30,146.220,146.289,146.220,146.278,563
2025.07.10,13:45,146.280,146.390,146.232,146.242,662
2025.07.10,14:00,146.246,146.328,146.201,146.252,690
2025.07.10,14:15,146.253,146.299,146.224,146.257,657
2025.07.10,14:30,146.245,146.488,146.245,146.466,935
2025.07.10,14:45,146.469,146.539,146.413,146.434,763
2025.07.10,15:00,146.433,146.461,146.346,146.410,716
2025.07.10,15:15,146.411,146.450,146.369,146.424,793
2025.07.10,15:30,146.414,146.546,146.398,146.470,841
2025.07.10,15:45,146.471,146.609,146.471,146.575,922
2025.07.10,16:00,146.574,146.667,146.559,146.561,884
2025.07.10,16:15,146.563,146.768,146.550,146.736,891
2025.07.10,16:30,146.735,146.782,146.661,146.711,734
2025.07.10,16:45,146.712,146.714,146.475,146.504,898
2025.07.10,17:00,146.505,146.506,146.380,146.451,746
2025.07.10,17:15,146.449,146.476,146.386,146.432,609
2025.07.10,17:30,146.436,146.562,146.436,146.543,670
2025.07.10,17:45,146.544,146.553,146.447,146.461,599
2025.07.10,18:00,146.463,146.473,146.384,146.421,576
2025.07.10,18:15,146.419,146.453,146.398,146.453,538
2025.07.10,18:30,146.454,146.504,146.428,146.468,594
2025.07.10,18:45,146.469,146.493,146.441,146.458,629
2025.07.10,19:00,146.457,146.473,146.349,146.387,561
2025.07.10,19:15,146.388,146.427,146.361,146.410,507
2025.07.10,19:30,146.411,146.437,146.344,146.358,597
2025.07.10,19:45,146.359,146.371,146.303,146.321,581
2025.07.10,20:00,146.320,146.329,146.217,146.251,619
2025.07.10,20:15,146.246,146.264,146.221,146.254,609
2025.07.10,20:30,146.253,146.303,146.249,146.289,576
2025.07.10,20:45,146.288,146.288,146.199,146.238,580
2025.07.10,21:00,146.237,146.280,146.215,146.220,609
2025.07.10,21:15,146.218,146.229,146.200,146.226,410
2025.07.10,21:30,146.225,146.263,146.207,146.207,482
2025.07.10,21:45,146.208,146.233,146.164,146.233,574
2025.07.10,22:00,146.234,146.250,146.177,146.224,345
2025.07.10,22:15,146.225,146.225,146.187,146.204,336
2025.07.10,22:30,146.203,146.244,146.190,146.200,321
2025.07.10,22:45,146.201,146.249,146.201,146.249,625
2025.07.10,23:00,146.238,146.238,146.189,146.204,24
2025.07.10,23:15,146.206,146.212,146.195,146.206,16
2025.07.10,23:30,146.203,146.218,146.203,146.216,11
2025.07.10,23:45,146.214,146.249,146.212,146.249,34
2025.07.11,00:00,146.218,146.268,146.179,146.217,171
2025.07.11,00:15,146.220,146.230,146.174,146.186,256
2025.07.11,00:30,146.187,146.212,146.166,146.173,232
2025.07.11,00:45,146.176,146.211,146.172,146.210,246
2025.07.11,01:00,146.209,146.226,146.132,146.175,287
2025.07.11,01:15,146.174,146.199,146.148,146.157,239
2025.07.11,01:30,146.164,146.189,146.152,146.188,325
2025.07.11,01:45,146.185,146.291,146.168,146.274,475
2025.07.11,02:00,146.267,146.360,146.243,146.324,734
2025.07.11,02:15,146.321,146.410,146.259,146.378,936
2025.07.11,02:30,146.381,146.469,146.357,146.428,803
2025.07.11,02:45,146.424,146.636,146.408,146.550,990
2025.07.11,03:00,146.551,146.812,146.517,146.731,784
2025.07.11,03:15,146.730,146.834,146.701,146.785,703
2025.07.11,03:30,146.783,146.806,146.689,146.726,662
2025.07.11,03:45,146.731,146.773,146.693,146.764,661
2025.07.11,04:00,146.765,146.959,146.746,146.927,618
2025.07.11,04:15,146.926,146.996,146.917,146.958,542
2025.07.11,04:30,146.960,147.019,146.899,146.973,580
2025.07.11,04:45,146.972,147.035,146.944,147.014,541
2025.07.11,05:00,147.015,147.026,146.931,146.984,470
2025.07.11,05:15,146.983,146.986,146.865,146.868,483
2025.07.11,05:30,146.867,146.916,146.856,146.893,430
2025.07.11,05:45,146.900,146.979,146.864,146.947,494
2025.07.11,06:00,146.946,147.024,146.911,147.024,500
2025.07.11,06:15,147.023,147.163,147.013,147.155,621
2025.07.11,06:30,147.157,147.180,147.032,147.068,573
2025.07.11,06:45,147.067,147.090,147.045,147.076,444
2025.07.11,07:00,147.077,147.106,147.022,147.036,492
2025.07.11,07:15,147.034,147.063,146.839,146.895,566
2025.07.11,07:30,146.898,146.947,146.846,146.894,510
2025.07.11,07:45,146.895,146.949,146.822,146.860,566
2025.07.11,08:00,146.859,146.935,146.830,146.894,800
2025.07.11,08:15,146.894,146.904,146.846,146.877,655
2025.07.11,08:30,146.878,146.889,146.759,146.796,704
2025.07.11,08:45,146.797,146.919,146.728,146.916,698
2025.07.11,09:00,146.913,146.917,146.821,146.867,659
2025.07.11,09:15,146.864,146.868,146.718,146.739,666
2025.07.11,09:30,146.740,146.815,146.740,146.794,544
2025.07.11,09:45,146.795,146.854,146.779,146.848,640
2025.07.11,10:00,146.847,146.921,146.811,146.823,654
2025.07.11,10:15,146.824,146.880,146.748,146.870,697
2025.07.11,10:30,146.869,146.917,146.845,146.892,619
2025.07.11,10:45,146.890,146.995,146.864,146.980,695
2025.07.11,11:00,146.979,147.005,146.920,147.005,624
2025.07.11,11:15,147.004,147.071,146.992,147.063,607
2025.07.11,11:30,147.065,147.080,146.992,147.019,542
2025.07.11,11:45,147.018,147.073,146.998,147.005,538
2025.07.11,12:00,147.004,147.016,146.946,146.960,580
2025.07.11,12:15,146.963,146.963,146.835,146.845,517
2025.07.11,12:30,146.846,146.849,146.781,146.796,439
2025.07.11,12:45,146.795,146.828,146.766,146.811,490
2025.07.11,13:00,146.810,146.857,146.764,146.847,625
2025.07.11,13:15,146.848,146.949,146.824,146.941,568
2025.07.11,13:30,146.942,146.943,146.875,146.897,611
2025.07.11,13:45,146.898,147.028,146.877,147.018,675
2025.07.11,14:00,147.019,147.089,146.970,147.041,585
2025.07.11,14:15,147.045,147.057,146.853,146.897,622
2025.07.11,14:30,146.897,146.959,146.783,146.938,775
2025.07.11,14:45,146.937,147.009,146.908,146.967,691
2025.07.11,15:00,146.965,147.064,146.933,147.041,757
2025.07.11,15:15,147.039,147.088,146.985,147.004,701
2025.07.11,15:30,147.002,147.071,146.899,147.011,911
2025.07.11,15:45,147.012,147.278,147.011,147.278,958
2025.07.11,16:00,147.281,147.486,147.269,147.478,966
2025.07.11,16:15,147.479,147.517,147.362,147.391,767
2025.07.11,16:30,147.395,147.420,147.352,147.375,678
2025.07.11,16:45,147.378,147.394,147.295,147.331,771
2025.07.11,17:00,147.334,147.427,147.331,147.404,611
2025.07.11,17:15,147.405,147.419,147.349,147.357,496
2025.07.11,17:30,147.355,147.356,147.255,147.332,597
2025.07.11,17:45,147.339,147.340,147.282,147.287,524
2025.07.11,18:00,147.286,147.366,147.248,147.353,549
2025.07.11,18:15,147.345,147.387,147.299,147.375,519
2025.07.11,18:30,147.374,147.401,147.368,147.368,407
2025.07.11,18:45,147.366,147.398,147.348,147.362,448
2025.07.11,19:00,147.361,147.408,147.342,147.345,414
2025.07.11,19:15,147.346,147.413,147.344,147.369,306
2025.07.11,19:30,147.370,147.396,147.313,147.340,325
2025.07.11,19:45,147.339,147.393,147.322,147.386,345
2025.07.11,20:00,147.385,147.419,147.344,147.416,439
2025.07.11,20:15,147.417,147.417,147.369,147.412,420
2025.07.11,20:30,147.415,147.419,147.385,147.397,460
2025.07.11,20:45,147.390,147.444,147.369,147.440,508
2025.07.11,21:00,147.439,147.463,147.413,147.424,467
2025.07.11,21:15,147.429,147.444,147.388,147.429,410
2025.07.11,21:30,147.430,147.473,147.403,147.459,442
2025.07.11,21:45,147.458,147.458,147.367,147.369,423
2025.07.13,23:00,147.098,147.188,147.094,147.177,53
2025.07.13,23:15,147.187,147.193,147.168,147.187,61
2025.07.13,23:30,147.193,147.197,147.133,147.175,102
2025.07.13,23:45,147.154,147.196,147.139,147.139,72
2025.07.14,00:00,147.117,147.329,147.117,147.218,438
2025.07.14,00:15,147.217,147.256,147.141,147.239,549
2025.07.14,00:30,147.238,147.403,147.238,147.392,538
2025.07.14,00:45,147.386,147.506,147.349,147.496,567
2025.07.14,01:00,147.497,147.567,147.440,147.451,572
2025.07.14,01:15,147.459,147.466,147.279,147.288,583
2025.07.14,01:30,147.290,147.366,147.227,147.257,668
2025.07.14,01:45,147.256,147.336,147.234,147.290,599
2025.07.14,02:00,147.292,147.303,147.102,147.128,863
2025.07.14,02:15,147.129,147.207,147.076,147.107,655
2025.07.14,02:30,147.106,147.119,147.021,147.032,634
2025.07.14,02:45,147.033,147.049,146.915,146.946,889
2025.07.14,03:00,146.947,147.019,146.845,146.902,764
2025.07.14,03:15,146.898,146.978,146.870,146.975,623
2025.07.14,03:30,146.977,147.054,146.976,147.031,671
2025.07.14,03:45,147.033,147.148,147.002,147.128,660
2025.07.14,04:00,147.131,147.181,147.087,147.158,453
2025.07.14,04:15,147.159,147.219,147.119,147.198,499
2025.07.14,04:30,147.197,147.303,147.192,147.287,537
2025.07.14,04:45,147.284,147.291,147.247,147.276,398
2025.07.14,05:00,147.273,147.303,147.226,147.273,460
2025.07.14,05:15,147.274,147.345,147.271,147.327,424
2025.07.14,05:30,147.328,147.381,147.301,147.357,385
2025.07.14,05:45,147.356,147.377,147.108,147.297,701
2025.07.14,06:00,147.298,147.435,147.298,147.385,496
2025.07.14,06:15,147.386,147.424,147.317,147.344,525
2025.07.14,06:30,147.345,147.383,147.198,147.308,545
2025.07.14,06:45,147.310,147.401,147.246,147.370,539
2025.07.14,07:00,147.369,147.432,147.299,147.299,564
2025.07.14,07:15,147.307,147.378,147.278,147.369,504
2025.07.14,07:30,147.368,147.479,147.346,147.409,586
2025.07.14,07:45,147.407,147.447,147.325,147.361,610
2025.07.14,08:00,147.362,147.402,147.292,147.337,832
2025.07.14,08:15,147.337,147.418,147.318,147.353,613
2025.07.14,08:30,147.351,147.351,147.219,147.229,699
2025.07.14,08:45,147.231,147.280,147.221,147.255,559
2025.07.14,09:00,147.253,147.326,147.238,147.245,645
2025.07.14,09:15,147.247,147.313,147.238,147.283,521
2025.07.14,09:30,147.284,147.348,147.245,147.246,595
2025.07.14,09:45,147.247,147.367,147.236,147.367,690
2025.07.14,10:00,147.368,147.379,147.171,147.195,733
2025.07.14,10:15,147.194,147.319,147.189,147.278,656
2025.07.14,10:30,147.279,147.358,147.231,147.280,631
2025.07.14,10:45,147.281,147.319,147.224,147.313,685
2025.07.14,11:00,147.314,147.340,147.256,147.263,546
2025.07.14,11:15,147.264,147.269,147.182,147.223,573
2025.07.14,11:30,147.224,147.283,147.151,147.278,592
2025.07.14,11:45,147.270,147.325,147.249,147.279,538
2025.07.14,12:00,147.282,147.283,147.150,147.204,545
2025.07.14,12:15,147.205,147.234,147.160,147.187,407
2025.07.14,12:30,147.186,147.260,147.182,147.258,438
2025.07.14,12:45,147.259,147.281,147.180,147.200,504
2025.07.14,13:00,147.196,147.288,147.196,147.275,485
2025.07.14,13:15,147.276,147.301,147.222,147.245,510
2025.07.14,13:30,147.244,147.355,147.235,147.351,541
2025.07.14,13:45,147.352,147.460,147.329,147.406,740
2025.07.14,14:00,147.407,147.412,147.275,147.294,606
2025.07.14,14:15,147.297,147.355,147.214,147.349,663
2025.07.14,14:30,147.351,147.373,147.255,147.361,731
2025.07.14,14:45,147.362,147.439,147.331,147.385,678
2025.07.14,15:00,147.386,147.460,147.353,147.434,725
2025.07.14,15:15,147.436,147.460,147.391,147.439,609
2025.07.14,15:30,147.440,147.482,147.312,147.364,863
2025.07.14,15:45,147.366,147.399,147.306,147.348,760
2025.07.14,16:00,147.351,147.407,147.319,147.366,719
2025.07.14,16:15,147.367,147.410,147.331,147.393,656
2025.07.14,16:30,147.394,147.477,147.349,147.455,648
2025.07.14,16:45,147.449,147.518,147.417,147.458,683
2025.07.14,17:00,147.457,147.612,147.443,147.534,772
2025.07.14,17:15,147.533,147.550,147.479,147.524,482
2025.07.14,17:30,147.525,147.549,147.432,147.480,613
2025.07.14,17:45,147.479,147.697,147.476,147.687,701
2025.07.14,18:00,147.688,147.751,147.665,147.676,703
2025.07.14,18:15,147.677,147.749,147.657,147.749,644
2025.07.14,18:30,147.748,147.749,147.667,147.700,547
2025.07.14,18:45,147.698,147.732,147.668,147.707,565
2025.07.14,19:00,147.714,147.750,147.692,147.744,467
2025.07.14,19:15,147.745,147.756,147.711,147.711,455
2025.07.14,19:30,147.712,147.723,147.667,147.699,347
2025.07.14,19:45,147.700,147.732,147.686,147.711,402
2025.07.14,20:00,147.710,147.733,147.707,147.724,503
2025.07.14,20:15,147.725,147.738,147.718,147.730,499
2025.07.14,20:30,147.731,147.742,147.718,147.728,488
2025.07.14,20:45,147.730,147.760,147.717,147.757,476
2025.07.14,21:00,147.753,147.756,147.726,147.731,389
2025.07.14,21:15,147.730,147.761,147.727,147.730,250
2025.07.14,21:30,147.731,147.738,147.702,147.731,362
2025.07.14,21:45,147.732,147.752,147.702,147.717,437
2025.07.14,22:00,147.719,147.758,147.711,147.749,219
2025.07.14,22:15,147.751,147.774,147.728,147.729,247
2025.07.14,22:30,147.730,147.772,147.721,147.764,207
2025.07.14,22:45,147.763,147.778,147.676,147.706,399
2025.07.14,23:00,147.647,147.716,147.645,147.716,30
2025.07.14,23:15,147.718,147.719,147.716,147.718,22
2025.07.14,23:30,147.719,147.724,147.713,147.714,32
2025.07.14,23:45,147.713,147.716,147.705,147.715,24
2025.07.15,00:00,147.716,147.759,147.677,147.748,185
2025.07.15,00:15,147.749,147.750,147.702,147.738,141
2025.07.15,00:30,147.737,147.762,147.729,147.748,153
2025.07.15,00:45,147.750,147.786,147.733,147.759,231
2025.07.15,01:00,147.760,147.868,147.760,147.858,350
2025.07.15,01:15,147.859,147.885,147.844,147.852,271
2025.07.15,01:30,147.851,147.880,147.784,147.807,290
2025.07.15,01:45,147.798,147.822,147.760,147.790,476
2025.07.15,02:00,147.779,147.788,147.682,147.746,662
2025.07.15,02:15,147.745,147.767,147.617,147.618,608
2025.07.15,02:30,147.617,147.652,147.580,147.618,533
2025.07.15,02:45,147.619,147.648,147.559,147.580,813
2025.07.15,03:00,147.581,147.704,147.578,147.669,572
2025.07.15,03:15,147.668,147.710,147.595,147.710,490
2025.07.15,03:30,147.718,147.739,147.693,147.737,496
2025.07.15,03:45,147.736,147.793,147.681,147.771,655
2025.07.15,04:00,147.782,147.821,147.718,147.726,510
2025.07.15,04:15,147.725,147.753,147.648,147.672,462
2025.07.15,04:30,147.671,147.703,147.656,147.693,324
2025.07.15,04:45,147.694,147.707,147.594,147.604,509
2025.07.15,05:00,147.601,147.602,147.550,147.574,366
2025.07.15,05:15,147.577,147.603,147.549,147.600,345
2025.07.15,05:30,147.605,147.674,147.597,147.665,442
2025.07.15,05:45,147.667,147.678,147.656,147.667,317
2025.07.15,06:00,147.668,147.686,147.610,147.640,371
2025.07.15,06:15,147.641,147.665,147.617,147.643,240
2025.07.15,06:30,147.642,147.707,147.639,147.662,313
2025.07.15,06:45,147.663,147.664,147.637,147.661,252
2025.07.15,07:00,147.660,147.665,147.611,147.618,313
2025.07.15,07:15,147.619,147.632,147.567,147.584,355
2025.07.15,07:30,147.582,147.598,147.547,147.568,399
2025.07.15,07:45,147.569,147.589,147.547,147.565,483
2025.07.15,08:00,147.575,147.638,147.572,147.603,621
2025.07.15,08:15,147.602,147.679,147.586,147.673,517
2025.07.15,08:30,147.669,147.703,147.652,147.691,496
2025.07.15,08:45,147.690,147.740,147.670,147.691,582
2025.07.15,09:00,147.693,147.785,147.686,147.763,598
2025.07.15,09:15,147.762,147.779,147.669,147.707,577
2025.07.15,09:30,147.706,147.749,147.695,147.717,559
2025.07.15,09:45,147.718,147.737,147.637,147.729,605
2025.07.15,10:00,147.730,147.764,147.698,147.699,519
2025.07.15,10:15,147.700,147.726,147.681,147.688,507
2025.07.15,10:30,147.689,147.707,147.651,147.653,517
2025.07.15,10:45,147.655,147.698,147.647,147.671,432
2025.07.15,11:00,147.672,147.676,147.605,147.610,484
2025.07.15,11:15,147.611,147.659,147.605,147.640,425
2025.07.15,11:30,147.641,147.686,147.638,147.674,457
2025.07.15,11:45,147.675,147.741,147.673,147.702,508
2025.07.15,12:00,147.701,147.740,147.654,147.737,349
2025.07.15,12:15,147.738,147.739,147.681,147.729,381
2025.07.15,12:30,147.730,147.769,147.725,147.748,368
2025.07.15,12:45,147.749,147.770,147.718,147.730,381
2025.07.15,13:00,147.728,147.842,147.714,147.820,504
2025.07.15,13:15,147.821,147.936,147.809,147.933,541
2025.07.15,13:30,147.935,147.952,147.910,147.925,503
2025.07.15,13:45,147.923,147.943,147.907,147.909,525
2025.07.15,14:00,147.907,147.935,147.881,147.931,473
2025.07.15,14:15,147.933,147.977,147.831,147.831,620
2025.07.15,14:30,147.849,148.143,147.650,148.073,1505
2025.07.15,14:45,148.072,148.139,147.806,147.888,1077
2025.07.15,15:00,147.883,148.169,147.882,148.097,983
2025.07.15,15:15,148.096,148.282,148.090,148.248,830
2025.07.15,15:30,148.249,148.475,148.245,148.459,1183
2025.07.15,15:45,148.461,148.652,148.436,148.576,1139
2025.07.15,16:00,148.577,148.788,148.564,148.657,1227
2025.07.15,16:15,148.663,148.873,148.663,148.868,992
2025.07.15,16:30,148.867,148.893,148.816,148.834,883
2025.07.15,16:45,148.835,148.868,148.798,148.811,745
2025.07.15,17:00,148.810,148.872,148.785,148.840,720
2025.07.15,17:15,148.841,148.894,148.836,148.884,595
2025.07.15,17:30,148.886,149.016,148.884,148.914,807
2025.07.15,17:45,148.916,148.943,148.752,148.752,733
2025.07.15,18:00,148.750,148.900,148.709,148.899,619
2025.07.15,18:15,148.898,148.917,148.837,148.917,634
2025.07.15,18:30,148.918,148.959,148.876,148.909,572
2025.07.15,18:45,148.906,148.975,148.888,148.890,559
2025.07.15,19:00,148.889,148.977,148.871,148.900,622
2025.07.15,19:15,148.901,148.979,148.896,148.978,443
2025.07.15,19:30,148.981,148.986,148.935,148.941,454
2025.07.15,19:45,148.940,148.991,148.927,148.936,448
2025.07.15,20:00,148.937,148.957,148.848,148.865,528
2025.07.15,20:15,148.862,148.893,148.847,148.881,404
2025.07.15,20:30,148.876,148.905,148.842,148.850,422
2025.07.15,20:45,148.851,148.876,148.819,148.847,464
2025.07.15,21:00,148.846,148.916,148.820,148.895,420
2025.07.15,21:15,148.894,148.896,148.855,148.883,332
2025.07.15,21:30,148.885,148.896,148.859,148.876,290
2025.07.15,21:45,148.877,148.893,148.802,148.841,421
2025.07.15,22:00,148.840,148.878,148.833,148.860,271
2025.07.15,22:15,148.859,148.859,148.829,148.844,276
2025.07.15,22:30,148.842,148.883,148.838,148.852,269
2025.07.15,22:45,148.853,148.865,148.820,148.829,394
2025.07.15,23:00,148.801,148.863,148.801,148.845,26
2025.07.15,23:15,148.845,148.890,148.818,148.889,36
2025.07.15,23:30,148.890,148.894,148.882,148.884,44
2025.07.15,23:45,148.882,148.887,148.854,148.876,62
2025.07.16,00:00,148.841,148.901,148.834,148.868,154
2025.07.16,00:15,148.867,148.917,148.858,148.917,262
2025.07.16,00:30,148.920,148.920,148.870,148.896,254
2025.07.16,00:45,148.895,148.906,148.872,148.878,236
2025.07.16,01:00,148.879,148.935,148.856,148.928,295
2025.07.16,01:15,148.926,148.926,148.833,148.860,400
2025.07.16,01:30,148.859,148.882,148.725,148.733,493
2025.07.16,01:45,148.735,148.810,148.719,148.775,637
2025.07.16,02:00,148.776,148.836,148.703,148.823,788
2025.07.16,02:15,148.822,148.890,148.817,148.860,560
2025.07.16,02:30,148.858,148.922,148.793,148.824,512
2025.07.16,02:45,148.826,149.033,148.783,148.973,923
2025.07.16,03:00,148.972,149.029,148.851,148.890,734
2025.07.16,03:15,148.889,148.894,148.802,148.828,593
2025.07.16,03:30,148.827,148.837,148.734,148.790,589
2025.07.16,03:45,148.789,148.833,148.734,148.817,571
2025.07.16,04:00,148.819,148.905,148.819,148.872,565
2025.07.16,04:15,148.871,148.958,148.863,148.958,447
2025.07.16,04:30,148.956,148.967,148.909,148.917,456
2025.07.16,04:45,148.916,148.923,148.891,148.905,390
2025.07.16,05:00,148.902,148.908,148.871,148.888,312
2025.07.16,05:15,148.890,148.891,148.864,148.866,271
2025.07.16,05:30,148.867,148.998,148.865,148.997,442
2025.07.16,05:45,148.999,149.083,148.965,149.034,588
2025.07.16,06:00,149.032,149.117,149.017,149.099,505
2025.07.16,06:15,149.100,149.179,149.082,149.141,523
2025.07.16,06:30,149.144,149.145,149.017,149.023,581
2025.07.16,06:45,149.022,149.036,148.908,148.922,489
2025.07.16,07:00,148.924,148.945,148.859,148.906,578
2025.07.16,07:15,148.901,148.901,148.817,148.879,608
2025.07.16,07:30,148.880,148.891,148.841,148.860,535
2025.07.16,07:45,148.861,148.871,148.781,148.812,626
2025.07.16,08:00,148.813,148.866,148.789,148.811,722
2025.07.16,08:15,148.812,148.819,148.671,148.737,779
2025.07.16,08:30,148.737,148.749,148.650,148.689,692
2025.07.16,08:45,148.692,148.746,148.614,148.640,591
2025.07.16,09:00,148.632,148.693,148.613,148.682,637
2025.07.16,09:15,148.680,148.789,148.661,148.781,618
2025.07.16,09:30,148.784,148.878,148.764,148.878,514
2025.07.16,09:45,148.868,148.922,148.862,148.880,543
2025.07.16,10:00,148.883,148.895,148.721,148.750,679
2025.07.16,10:15,148.751,148.844,148.735,148.835,521
2025.07.16,10:30,148.837,148.893,148.826,148.844,460
2025.07.16,10:45,148.845,148.857,148.791,148.832,527
2025.07.16,11:00,148.833,148.883,148.779,148.780,487
2025.07.16,11:15,148.781,148.815,148.733,148.758,447
2025.07.16,11:30,148.757,148.764,148.657,148.689,515
2025.07.16,11:45,148.688,148.725,148.650,148.713,514
2025.07.16,12:00,148.711,148.731,148.667,148.690,455
2025.07.16,12:15,148.691,148.725,148.679,148.701,378
2025.07.16,12:30,148.700,148.704,148.645,148.657,412
2025.07.16,12:45,148.658,148.722,148.647,148.709,410
2025.07.16,13:00,148.712,148.715,148.621,148.674,452
2025.07.16,13:15,148.672,148.759,148.645,148.757,529
2025.07.16,13:30,148.756,148.773,148.678,148.682,569
2025.07.16,13:45,148.690,148.780,148.667,148.759,662
2025.07.16,14:00,148.760,148.774,148.696,148.765,640
2025.07.16,14:15,148.766,148.855,148.744,148.797,744
2025.07.16,14:30,148.777,148.777,148.458,148.552,1323
2025.07.16,14:45,148.544,148.761,148.514,148.698,968
2025.07.16,15:00,148.700,148.750,148.598,148.720,872
2025.07.16,15:15,148.721,148.824,148.679,148.812,807
2025.07.16,15:30,148.811,148.868,148.706,148.781,946
2025.07.16,15:45,148.783,148.924,148.776,148.803,1006
2025.07.16,16:00,148.799,148.836,148.740,148.826,798
2025.07.16,16:15,148.821,148.847,148.719,148.732,695
2025.07.16,16:30,148.734,148.766,148.646,148.690,735
2025.07.16,16:45,148.688,148.771,148.300,148.464,1221
2025.07.16,17:00,148.465,148.506,148.132,148.155,1429
2025.07.16,17:15,148.154,148.189,146.994,147.387,2041
2025.07.16,17:30,147.395,147.445,146.878,147.244,1945
2025.07.16,17:45,147.246,148.387,147.184,148.095,1937
2025.07.16,18:00,148.102,148.375,147.816,147.931,1563
2025.07.16,18:15,147.953,148.209,147.944,148.159,1112
2025.07.16,18:30,148.155,148.309,148.063,148.210,933
2025.07.16,18:45,148.211,148.227,147.935,148.040,931
2025.07.16,19:00,148.038,148.054,147.819,147.876,888
2025.07.16,19:15,147.879,147.928,147.728,147.819,863
2025.07.16,19:30,147.811,147.848,147.750,147.754,655
2025.07.16,19:45,147.756,147.756,147.484,147.676,749
2025.07.16,20:00,147.675,147.771,147.632,147.691,714
2025.07.16,20:15,147.697,147.806,147.658,147.797,560
2025.07.16,20:30,147.798,147.843,147.749,147.836,526
2025.07.16,20:45,147.837,147.948,147.816,147.941,582
2025.07.16,21:00,147.940,148.018,147.894,147.971,572
2025.07.16,21:15,147.970,148.003,147.904,147.907,552
2025.07.16,21:30,147.906,147.928,147.857,147.893,500
2025.07.16,21:45,147.896,147.905,147.815,147.839,463
2025.07.16,22:00,147.846,147.886,147.816,147.837,309
2025.07.16,22:15,147.838,147.862,147.812,147.828,426
2025.07.16,22:30,147.830,147.887,147.823,147.861,476
2025.07.16,22:45,147.862,147.910,147.853,147.870,789
2025.07.16,23:00,147.826,147.857,147.733,147.733,33
2025.07.16,23:15,147.731,147.791,147.695,147.791,32
2025.07.16,23:30,147.791,147.829,147.791,147.806,83
2025.07.16,23:45,147.806,147.824,147.751,147.751,67
2025.07.17,00:00,147.731,147.830,147.719,147.761,177
2025.07.17,00:15,147.767,147.929,147.767,147.863,315
2025.07.17,00:30,147.862,147.872,147.796,147.865,335
2025.07.17,00:45,147.864,147.889,147.832,147.875,372
2025.07.17,01:00,147.876,147.897,147.834,147.888,312
2025.07.17,01:15,147.887,147.887,147.764,147.841,355
2025.07.17,01:30,147.840,148.012,147.839,148.008,412
2025.07.17,01:45,148.007,148.056,147.981,147.988,528
2025.07.17,02:00,147.993,148.164,147.981,148.152,754
2025.07.17,02:15,148.149,148.248,148.145,148.236,655
2025.07.17,02:30,148.235,148.329,148.225,148.301,675
2025.07.17,02:45,148.302,148.420,148.276,148.379,905
2025.07.17,03:00,148.378,148.488,148.361,148.418,812
2025.07.17,03:15,148.417,148.442,148.372,148.440,490
2025.07.17,03:30,148.440,148.474,148.325,148.336,704
2025.07.17,03:45,148.335,148.377,148.273,148.329,592
2025.07.17,04:00,148.338,148.435,148.338,148.430,645
2025.07.17,04:15,148.429,148.442,148.353,148.382,476
2025.07.17,04:30,148.383,148.447,148.345,148.445,497
2025.07.17,04:45,148.444,148.495,148.421,148.450,491
2025.07.17,05:00,148.449,148.489,148.436,148.443,404
2025.07.17,05:15,148.446,148.565,148.442,148.537,564
2025.07.17,05:30,148.538,148.656,148.536,148.581,559
2025.07.17,05:45,148.582,148.606,148.537,148.542,510
2025.07.17,06:00,148.544,148.593,148.528,148.592,403
2025.07.17,06:15,148.593,148.608,148.550,148.551,417
2025.07.17,06:30,148.553,148.553,148.470,148.515,488
2025.07.17,06:45,148.511,148.511,148.404,148.413,468
2025.07.17,07:00,148.415,148.472,148.382,148.385,439
2025.07.17,07:15,148.386,148.420,148.375,148.388,425
2025.07.17,07:30,148.386,148.418,148.364,148.379,396
2025.07.17,07:45,148.380,148.490,148.361,148.477,491
2025.07.17,08:00,148.474,148.615,148.447,148.608,832
2025.07.17,08:15,148.608,148.745,148.600,148.729,789
2025.07.17,08:30,148.730,148.798,148.680,148.766,763
2025.07.17,08:45,148.766,148.769,148.615,148.621,751
2025.07.17,09:00,148.629,148.737,148.588,148.594,750
2025.07.17,09:15,148.593,148.693,148.587,148.603,601
2025.07.17,09:30,148.602,148.698,148.591,148.646,573
2025.07.17,09:45,148.647,148.762,148.622,148.717,653
2025.07.17,10:00,148.716,148.765,148.695,148.710,606
2025.07.17,10:15,148.711,148.779,148.651,148.658,611
2025.07.17,10:30,148.661,148.690,148.616,148.684,541
2025.07.17,10:45,148.680,148.681,148.580,148.581,523
2025.07.17,11:00,148.580,148.627,148.517,148.612,591
2025.07.17,11:15,148.610,148.697,148.596,148.691,511
2025.07.17,11:30,148.690,148.768,148.669,148.682,443
2025.07.17,11:45,148.683,148.767,148.663,148.747,513
2025.07.17,12:00,148.748,148.798,148.721,148.798,481
2025.07.17,12:15,148.797,148.829,148.683,148.690,584
2025.07.17,12:30,148.692,148.693,148.643,148.667,457
2025.07.17,12:45,148.664,148.677,148.610,148.635,514
2025.07.17,13:00,148.636,148.660,148.597,148.603,570
2025.07.17,13:15,148.602,148.746,148.598,148.734,557
2025.07.17,13:30,148.735,148.746,148.661,148.711,502
2025.07.17,13:45,148.710,148.796,148.697,148.761,533
2025.07.17,14:00,148.760,148.813,148.690,148.702,668
2025.07.17,14:15,148.705,148.811,148.704,148.811,634
2025.07.17,14:30,148.797,149.084,148.728,148.804,1432
2025.07.17,14:45,148.806,148.828,148.593,148.710,1078
2025.07.17,15:00,148.709,148.747,148.464,148.538,1023
2025.07.17,15:15,148.537,148.677,148.495,148.550,870
2025.07.17,15:30,148.556,148.605,148.452,148.526,953
2025.07.17,15:45,148.529,148.629,148.519,148.578,887
2025.07.17,16:00,148.573,148.652,148.513,148.591,916
2025.07.17,16:15,148.590,148.606,148.394,148.402,859
2025.07.17,16:30,148.404,148.484,148.375,148.440,769
2025.07.17,16:45,148.441,148.573,148.437,148.475,872
2025.07.17,17:00,148.473,148.531,148.460,148.515,660
2025.07.17,17:15,148.516,148.606,148.496,148.507,559
2025.07.17,17:30,148.506,148.529,148.445,148.475,591
2025.07.17,17:45,148.477,148.564,148.468,148.548,596
2025.07.17,18:00,148.554,148.566,148.475,148.484,468
2025.07.17,18:15,148.483,148.531,148.472,148.483,486
2025.07.17,18:30,148.487,148.650,148.479,148.612,542
2025.07.17,18:45,148.616,148.696,148.609,148.620,622
2025.07.17,19:00,148.619,148.640,148.559,148.584,510
2025.07.17,19:15,148.583,148.608,148.562,148.590,509
2025.07.17,19:30,148.594,148.645,148.557,148.625,486
2025.07.17,19:45,148.624,148.667,148.616,148.654,515
2025.07.17,20:00,148.653,148.684,148.639,148.657,526
2025.07.17,20:15,148.658,148.741,148.650,148.727,515
2025.07.17,20:30,148.729,148.750,148.686,148.697,490
2025.07.17,20:45,148.698,148.732,148.675,148.723,441
2025.07.17,21:00,148.720,148.748,148.642,148.665,442
2025.07.17,21:15,148.666,148.666,148.615,148.640,484
2025.07.17,21:30,148.639,148.650,148.580,148.583,405
2025.07.17,21:45,148.582,148.597,148.546,148.580,487
2025.07.17,22:00,148.582,148.586,148.550,148.581,275
2025.07.17,22:15,148.585,148.602,148.562,148.568,226
2025.07.17,22:30,148.567,148.615,148.563,148.571,296
2025.07.17,22:45,148.572,148.611,148.571,148.596,342
2025.07.17,23:00,148.544,148.544,148.507,148.511,24
2025.07.17,23:15,148.513,148.578,148.509,148.578,23
2025.07.17,23:30,148.576,148.586,148.563,148.563,27
2025.07.17,23:45,148.561,148.564,148.509,148.526,85
2025.07.18,00:00,148.488,148.534,148.452,148.502,133
2025.07.18,00:15,148.503,148.562,148.498,148.533,232
2025.07.18,00:30,148.536,148.536,148.338,148.399,488
2025.07.18,00:45,148.396,148.401,148.295,148.316,368
2025.07.18,01:00,148.315,148.361,148.286,148.356,297
2025.07.18,01:15,148.354,148.389,148.335,148.344,296
2025.07.18,01:30,148.343,148.370,148.308,148.369,298
2025.07.18,01:45,148.370,148.449,148.369,148.442,430
2025.07.18,02:00,148.439,148.513,148.327,148.505,747
2025.07.18,02:15,148.512,148.568,148.512,148.554,571
2025.07.18,02:30,148.553,148.557,148.419,148.457,604
2025.07.18,02:45,148.456,148.622,148.438,148.579,801
2025.07.18,03:00,148.580,148.616,148.477,148.513,562
2025.07.18,03:15,148.514,148.580,148.480,148.521,546
2025.07.18,03:30,148.520,148.545,148.468,148.489,504
2025.07.18,03:45,148.488,148.491,148.378,148.479,616
2025.07.18,04:00,148.481,148.570,148.470,148.471,576
2025.07.18,04:15,148.473,148.482,148.409,148.424,393
2025.07.18,04:30,148.425,148.491,148.408,148.486,398
2025.07.18,04:45,148.479,148.522,148.419,148.518,545
2025.07.18,05:00,148.517,148.558,148.472,148.479,463
2025.07.18,05:15,148.480,148.602,148.479,148.591,403
2025.07.18,05:30,148.590,148.648,148.572,148.628,564
2025.07.18,05:45,148.627,148.665,148.593,148.663,488
2025.07.18,06:00,148.662,148.719,148.653,148.673,522
2025.07.18,06:15,148.664,148.684,148.638,148.668,418
2025.07.18,06:30,148.672,148.707,148.670,148.682,313
2025.07.18,06:45,148.683,148.688,148.613,148.664,389
2025.07.18,07:00,148.663,148.718,148.663,148.697,412
2025.07.18,07:15,148.698,148.761,148.672,148.752,468
2025.07.18,07:30,148.753,148.802,148.737,148.752,530
2025.07.18,07:45,148.756,148.785,148.722,148.756,540
2025.07.18,08:00,148.755,148.780,148.714,148.735,675
2025.07.18,08:15,148.736,148.768,148.707,148.759,530
2025.07.18,08:30,148.760,148.830,148.735,148.786,593
2025.07.18,08:45,148.786,148.812,148.688,148.733,712
2025.07.18,09:00,148.734,148.804,148.679,148.734,604
2025.07.18,09:15,148.733,148.838,148.649,148.795,632
2025.07.18,09:30,148.796,148.875,148.770,148.822,496
2025.07.18,09:45,148.823,148.853,148.774,148.776,524
2025.07.18,10:00,148.777,148.777,148.617,148.662,627
2025.07.18,10:15,148.663,148.709,148.636,148.655,491
2025.07.18,10:30,148.654,148.663,148.553,148.554,605
2025.07.18,10:45,148.562,148.599,148.497,148.589,468
2025.07.18,11:00,148.584,148.592,148.509,148.566,513
2025.07.18,11:15,148.569,148.649,148.545,148.649,464
2025.07.18,11:30,148.650,148.714,148.645,148.713,511
2025.07.18,11:45,148.709,148.719,148.663,148.703,431
2025.07.18,12:00,148.704,148.713,148.545,148.564,576
2025.07.18,12:15,148.565,148.589,148.529,148.578,478
2025.07.18,12:30,148.584,148.593,148.526,148.554,397
2025.07.18,12:45,148.555,148.607,148.493,148.513,484
2025.07.18,13:00,148.516,148.544,148.486,148.506,576
2025.07.18,13:15,148.507,148.577,148.500,148.531,403
2025.07.18,13:30,148.528,148.528,148.453,148.474,476
2025.07.18,13:45,148.475,148.527,148.449,148.500,521
2025.07.18,14:00,148.499,148.522,148.353,148.373,700
2025.07.18,14:15,148.367,148.443,148.316,148.415,612
2025.07.18,14:30,148.416,148.468,148.364,148.377,628
2025.07.18,14:45,148.375,148.493,148.353,148.354,602
2025.07.18,15:00,148.353,148.459,148.329,148.365,642
2025.07.18,15:15,148.367,148.399,148.187,148.291,805
2025.07.18,15:30,148.289,148.425,148.272,148.360,761
2025.07.18,15:45,148.357,148.421,148.246,148.255,701
2025.07.18,16:00,148.184,148.413,148.181,148.400,911
2025.07.18,16:15,148.399,148.479,148.399,148.435,755
2025.07.18,16:30,148.432,148.498,148.377,148.462,682
2025.07.18,16:45,148.460,148.512,148.402,148.474,792
2025.07.18,17:00,148.475,148.531,148.376,148.442,758
2025.07.18,17:15,148.441,148.442,148.357,148.421,559
2025.07.18,17:30,148.422,148.502,148.422,148.485,578
2025.07.18,17:45,148.487,148.558,148.463,148.547,530
2025.07.18,18:00,148.548,148.619,148.506,148.619,539
2025.07.18,18:15,148.620,148.694,148.595,148.649,736
2025.07.18,18:30,148.648,148.708,148.591,148.667,556
2025.07.18,18:45,148.665,148.728,148.660,148.685,532
2025.07.18,19:00,148.683,148.731,148.652,148.728,509
2025.07.18,19:15,148.729,148.747,148.687,148.738,526
2025.07.18,19:30,148.739,148.789,148.736,148.768,487
2025.07.18,19:45,148.769,148.788,148.694,148.710,494
2025.07.18,20:00,148.712,148.759,148.697,148.753,387
2025.07.18,20:15,148.754,148.762,148.727,148.727,432
2025.07.18,20:30,148.726,148.773,148.725,148.762,420
2025.07.18,20:45,148.764,148.781,148.735,148.762,465
2025.07.18,21:00,148.764,148.794,148.748,148.772,412
2025.07.18,21:15,148.773,148.777,148.740,148.768,408
2025.07.18,21:30,148.769,148.803,148.761,148.762,354
2025.07.18,21:45,148.761,148.792,148.731,148.740,433
2025.07.20,23:00,147.939,148.007,147.915,147.968,194
2025.07.20,23:15,147.985,148.063,147.931,148.063,280
2025.07.20,23:30,148.063,148.084,148.020,148.078,104
2025.07.20,23:45,148.082,148.259,148.066,148.190,510
2025.07.21,00:00,148.210,148.455,148.206,148.421,930
2025.07.21,00:15,148.425,148.631,148.419,148.602,932
2025.07.21,00:30,148.600,148.658,148.563,148.584,493
2025.07.21,00:45,148.588,148.633,148.560,148.585,543
2025.07.21,01:00,148.586,148.652,148.535,148.627,423
2025.07.21,01:15,148.616,148.616,148.371,148.419,555
2025.07.21,01:30,148.418,148.531,148.405,148.486,491
2025.07.21,01:45,148.485,148.553,148.407,148.449,632
2025.07.21,02:00,148.450,148.481,148.270,148.276,739
2025.07.21,02:15,148.274,148.315,148.238,148.288,613
2025.07.21,02:30,148.287,148.423,148.287,148.403,508
2025.07.21,02:45,148.402,148.402,148.287,148.381,627
2025.07.21,03:00,148.382,148.473,148.365,148.368,595
2025.07.21,03:15,148.370,148.467,148.329,148.433,565
2025.07.21,03:30,148.436,148.496,148.422,148.487,688
2025.07.21,03:45,148.488,148.536,148.462,148.510,582
2025.07.21,04:00,148.509,148.541,148.468,148.469,536
2025.07.21,04:15,148.470,148.478,148.433,148.456,397
2025.07.21,04:30,148.453,148.527,148.446,148.526,357
2025.07.21,04:45,148.527,148.555,148.479,148.499,397
2025.07.21,05:00,148.498,148.533,148.480,148.508,324
2025.07.21,05:15,148.507,148.535,148.496,148.512,401
2025.07.21,05:30,148.511,148.536,148.405,148.405,335
2025.07.21,05:45,148.404,148.480,148.388,148.455,352
2025.07.21,06:00,148.456,148.479,148.438,148.476,335
2025.07.21,06:15,148.480,148.518,148.477,148.477,280
2025.07.21,06:30,148.478,148.501,148.458,148.476,264
2025.07.21,06:45,148.479,148.505,148.419,148.440,354
2025.07.21,07:00,148.438,148.444,148.307,148.351,441
2025.07.21,07:15,148.350,148.356,148.261,148.295,484
2025.07.21,07:30,148.294,148.343,148.257,148.297,519
2025.07.21,07:45,148.296,148.312,148.271,148.291,401
2025.07.21,08:00,148.292,148.301,148.098,148.115,753
2025.07.21,08:15,148.116,148.131,147.974,147.984,757
2025.07.21,08:30,147.983,147.983,147.767,147.825,1080
2025.07.21,08:45,147.825,147.980,147.808,147.924,861
2025.07.21,09:00,147.928,148.111,147.913,148.097,883
2025.07.21,09:15,148.098,148.203,148.089,148.147,815
2025.07.21,09:30,148.153,148.239,148.055,148.081,705
2025.07.21,09:45,148.084,148.166,148.075,148.097,598
2025.07.21,10:00,148.092,148.130,147.990,148.039,668
2025.07.21,10:15,148.038,148.051,147.912,147.929,525
2025.07.21,10:30,147.928,147.929,147.688,147.766,794
2025.07.21,10:45,147.768,147.911,147.756,147.891,569
2025.07.21,11:00,147.893,147.967,147.846,147.882,549
2025.07.21,11:15,147.886,147.919,147.862,147.877,466
2025.07.21,11:30,147.878,147.938,147.870,147.888,442
2025.07.21,11:45,147.884,147.941,147.878,147.914,488
2025.07.21,12:00,147.913,147.922,147.843,147.910,434
2025.07.21,12:15,147.911,147.971,147.886,147.889,443
2025.07.21,12:30,147.891,147.912,147.845,147.845,412
2025.07.21,12:45,147.844,147.844,147.752,147.755,551
2025.07.21,13:00,147.751,147.762,147.645,147.650,615
2025.07.21,13:15,147.649,147.735,147.604,147.703,629
2025.07.21,13:30,147.706,147.716,147.552,147.558,611
2025.07.21,13:45,147.557,147.565,147.504,147.542,584
2025.07.21,14:00,147.543,147.546,147.366,147.431,616
2025.07.21,14:15,147.429,147.471,147.334,147.397,642
2025.07.21,14:30,147.398,147.434,147.330,147.427,614
2025.07.21,14:45,147.429,147.495,147.402,147.487,644
2025.07.21,15:00,147.488,147.597,147.488,147.563,655
2025.07.21,15:15,147.561,147.643,147.520,147.597,635
2025.07.21,15:30,147.602,147.718,147.598,147.618,757
2025.07.21,15:45,147.620,147.661,147.509,147.523,728
2025.07.21,16:00,147.522,147.542,147.297,147.360,907
2025.07.21,16:15,147.361,147.431,147.306,147.399,677
2025.07.21,16:30,147.400,147.446,147.283,147.423,714
2025.07.21,16:45,147.425,147.505,147.347,147.419,838
2025.07.21,17:00,147.418,147.422,147.304,147.325,786
2025.07.21,17:15,147.327,147.330,147.251,147.275,623
2025.07.21,17:30,147.274,147.342,147.260,147.339,560
2025.07.21,17:45,147.338,147.339,147.256,147.264,566
2025.07.21,18:00,147.263,147.326,147.152,147.172,646
2025.07.21,18:15,147.171,147.248,147.078,147.116,600
2025.07.21,18:30,147.104,147.194,147.097,147.119,497
2025.07.21,18:45,147.118,147.195,147.093,147.158,477
2025.07.21,19:00,147.155,147.279,147.110,147.267,562
2025.07.21,19:15,147.268,147.305,147.244,147.253,471
2025.07.21,19:30,147.249,147.282,147.219,147.228,378
2025.07.21,19:45,147.232,147.293,147.215,147.250,407
2025.07.21,20:00,147.248,147.270,147.235,147.250,287
2025.07.21,20:15,147.251,147.252,147.214,147.232,321
2025.07.21,20:30,147.233,147.359,147.231,147.359,404
2025.07.21,20:45,147.360,147.378,147.310,147.323,457
2025.07.21,21:00,147.324,147.343,147.268,147.270,462
2025.07.21,21:15,147.271,147.369,147.271,147.349,348
2025.07.21,21:30,147.348,147.359,147.268,147.291,392
2025.07.21,21:45,147.292,147.359,147.284,147.353,438
2025.07.21,22:00,147.352,147.409,147.351,147.408,319
2025.07.21,22:15,147.410,147.432,147.388,147.401,315
2025.07.21,22:30,147.400,147.426,147.380,147.391,181
2025.07.21,22:45,147.392,147.393,147.310,147.312,438
2025.07.21,23:00,147.248,147.282,147.225,147.233,76
2025.07.21,23:15,147.220,147.254,147.219,147.248,56
2025.07.21,23:30,147.248,147.280,147.247,147.265,42
2025.07.21,23:45,147.263,147.303,147.263,147.303,26
2025.07.22,00:00,147.283,147.373,147.283,147.371,158
2025.07.22,00:15,147.370,147.377,147.342,147.377,162
2025.07.22,00:30,147.376,147.383,147.347,147.380,177
2025.07.22,00:45,147.381,147.409,147.358,147.394,185
2025.07.22,01:00,147.395,147.453,147.385,147.453,222
2025.07.22,01:15,147.456,147.463,147.395,147.455,302
2025.07.22,01:30,147.456,147.466,147.398,147.427,298
2025.07.22,01:45,147.428,147.490,147.386,147.397,483
2025.07.22,02:00,147.395,147.697,147.393,147.697,835
2025.07.22,02:15,147.696,147.708,147.497,147.505,759
2025.07.22,02:30,147.504,147.532,147.395,147.449,637
2025.07.22,02:45,147.447,147.524,147.392,147.483,831
2025.07.22,03:00,147.481,147.614,147.459,147.535,505
2025.07.22,03:15,147.534,147.578,147.490,147.522,455
2025.07.22,03:30,147.523,147.636,147.450,147.622,526
2025.07.22,03:45,147.623,147.625,147.522,147.579,562
2025.07.22,04:00,147.578,147.580,147.446,147.446,460
2025.07.22,04:15,147.450,147.477,147.407,147.470,464
2025.07.22,04:30,147.471,147.520,147.470,147.472,308
2025.07.22,04:45,147.471,147.473,147.418,147.459,369
2025.07.22,05:00,147.460,147.541,147.415,147.523,376
2025.07.22,05:15,147.525,147.525,147.480,147.485,415
2025.07.22,05:30,147.491,147.531,147.479,147.479,401
2025.07.22,05:45,147.478,147.607,147.464,147.570,436
2025.07.22,06:00,147.569,147.614,147.567,147.590,395
2025.07.22,06:15,147.596,147.617,147.536,147.573,414
2025.07.22,06:30,147.572,147.650,147.570,147.609,304
2025.07.22,06:45,147.610,147.666,147.577,147.634,408
2025.07.22,07:00,147.632,147.649,147.602,147.618,340
2025.07.22,07:15,147.630,147.750,147.630,147.717,536
2025.07.22,07:30,147.718,147.780,147.717,147.764,443
2025.07.22,07:45,147.767,147.804,147.751,147.768,426
2025.07.22,08:00,147.770,147.803,147.715,147.793,563
2025.07.22,08:15,147.792,147.841,147.741,147.831,526
2025.07.22,08:30,147.833,147.924,147.804,147.910,613
2025.07.22,08:45,147.909,147.910,147.801,147.813,553
2025.07.22,09:00,147.811,147.942,147.802,147.925,629
2025.07.22,09:15,147.929,147.929,147.800,147.803,467
2025.07.22,09:30,147.801,147.813,147.726,147.748,473
2025.07.22,09:45,147.749,147.808,147.699,147.704,577
2025.07.22,10:00,147.705,147.713,147.612,147.649,684
2025.07.22,10:15,147.648,147.758,147.640,147.736,533
2025.07.22,10:30,147.734,147.753,147.632,147.656,528
2025.07.22,10:45,147.655,147.678,147.604,147.612,477
2025.07.22,11:00,147.609,147.609,147.455,147.484,586
2025.07.22,11:15,147.486,147.573,147.438,147.570,526
2025.07.22,11:30,147.571,147.592,147.520,147.555,463
2025.07.22,11:45,147.557,147.577,147.419,147.432,439
2025.07.22,12:00,147.431,147.443,147.358,147.411,454
2025.07.22,12:15,147.412,147.471,147.408,147.461,356
2025.07.22,12:30,147.463,147.528,147.451,147.498,338
2025.07.22,12:45,147.499,147.550,147.497,147.530,341
2025.07.22,13:00,147.531,147.565,147.479,147.480,424
2025.07.22,13:15,147.481,147.529,147.449,147.494,393
2025.07.22,13:30,147.495,147.495,147.200,147.208,674
2025.07.22,13:45,147.206,147.282,147.151,147.191,785
2025.07.22,14:00,147.193,147.213,147.058,147.151,737
2025.07.22,14:15,147.152,147.250,147.139,147.204,612
2025.07.22,14:30,147.199,147.213,147.057,147.058,583
2025.07.22,14:45,147.057,147.057,146.737,146.794,1154
2025.07.22,15:00,146.797,146.884,146.710,146.789,830
2025.07.22,15:15,146.790,146.822,146.692,146.772,698
2025.07.22,15:30,146.773,146.831,146.677,146.701,883
2025.07.22,15:45,146.700,146.708,146.502,146.570,1094
2025.07.22,16:00,146.568,146.667,146.502,146.539,957
2025.07.22,16:15,146.540,146.581,146.451,146.546,818
2025.07.22,16:30,146.545,146.668,146.468,146.468,801
2025.07.22,16:45,146.469,146.528,146.319,146.442,1091
2025.07.22,17:00,146.447,146.525,146.362,146.404,962
2025.07.22,17:15,146.405,146.492,146.388,146.484,669
2025.07.22,17:30,146.483,146.516,146.339,146.463,745
2025.07.22,17:45,146.462,146.513,146.350,146.363,728
2025.07.22,18:00,146.365,146.435,146.307,146.404,648
2025.07.22,18:15,146.400,146.470,146.347,146.368,481
2025.07.22,18:30,146.367,146.443,146.352,146.376,520
2025.07.22,18:45,146.379,146.438,146.375,146.420,525
2025.07.22,19:00,146.422,146.509,146.422,146.490,503
2025.07.22,19:15,146.489,146.522,146.456,146.520,499
2025.07.22,19:30,146.521,146.546,146.492,146.545,459
2025.07.22,19:45,146.546,146.579,146.528,146.551,387
2025.07.22,20:00,146.550,146.588,146.535,146.564,447
2025.07.22,20:15,146.565,146.569,146.523,146.560,395
2025.07.22,20:30,146.554,146.566,146.521,146.533,351
2025.07.22,20:45,146.537,146.570,146.524,146.560,412
2025.07.22,21:00,146.561,146.599,146.540,146.542,397
2025.07.22,21:15,146.543,146.574,146.486,146.552,359
2025.07.22,21:30,146.550,146.588,146.538,146.541,261
2025.07.22,21:45,146.543,146.591,146.542,146.556,396
2025.07.22,22:00,146.562,146.651,146.547,146.650,264
2025.07.22,22:15,146.651,146.657,146.607,146.641,292
2025.07.22,22:30,146.640,146.678,146.636,146.662,224
2025.07.22,22:45,146.661,146.678,146.567,146.567,445
2025.07.22,23:00,146.613,146.613,146.520,146.589,99
2025.07.22,23:15,146.595,146.617,146.590,146.613,134
2025.07.22,23:30,146.612,146.621,146.606,146.608,36
2025.07.22,23:45,146.609,146.612,146.597,146.608,76
2025.07.23,00:00,146.618,146.691,146.618,146.675,140
2025.07.23,00:15,146.673,146.707,146.671,146.674,204
2025.07.23,00:30,146.675,146.772,146.675,146.687,283
2025.07.23,00:45,146.688,146.708,146.613,146.688,323
2025.07.23,01:00,146.687,146.702,146.243,146.340,528
2025.07.23,01:15,146.338,146.799,146.315,146.799,1051
2025.07.23,01:30,146.797,146.920,146.742,146.896,913
2025.07.23,01:45,146.895,146.936,146.754,146.758,922
2025.07.23,02:00,146.766,146.806,146.614,146.623,998
2025.07.23,02:15,146.624,146.634,146.194,146.206,1144
2025.07.23,02:30,146.205,146.506,146.204,146.494,889
2025.07.23,02:45,146.497,146.529,146.246,146.435,1114
2025.07.23,03:00,146.432,146.719,146.387,146.569,1041
2025.07.23,03:15,146.568,146.634,146.449,146.494,787
2025.07.23,03:30,146.493,146.701,146.441,146.642,864
2025.07.23,03:45,146.641,146.671,146.439,146.602,880
2025.07.23,04:00,146.605,146.625,146.416,146.544,670
2025.07.23,04:15,146.546,147.140,146.489,147.121,1204
2025.07.23,04:30,147.120,147.198,146.837,146.896,981
2025.07.23,04:45,146.895,146.987,146.855,146.929,653
2025.07.23,05:00,146.931,147.013,146.855,146.866,537
2025.07.23,05:15,146.865,146.902,146.757,146.783,489
2025.07.23,05:30,146.782,146.833,146.737,146.789,612
2025.07.23,05:45,146.788,146.974,146.761,146.920,577
2025.07.23,06:00,146.919,147.039,146.908,146.996,595
2025.07.23,06:15,146.998,147.071,146.953,146.969,553
2025.07.23,06:30,146.967,146.990,146.921,146.952,446
2025.07.23,06:45,146.953,147.027,146.931,146.939,530
2025.07.23,07:00,146.940,147.032,146.848,147.006,586
2025.07.23,07:15,147.007,147.058,146.967,147.013,525
2025.07.23,07:30,147.018,147.170,146.982,147.159,735
2025.07.23,07:45,147.158,147.203,147.071,147.155,812
2025.07.23,08:00,147.159,147.207,147.036,147.100,953
2025.07.23,08:15,147.101,147.124,146.794,146.832,873
2025.07.23,08:30,146.828,147.018,146.651,146.918,1010
2025.07.23,08:45,146.919,146.951,146.819,146.852,822
2025.07.23,09:00,146.853,146.880,146.716,146.722,800
2025.07.23,09:15,146.724,146.747,146.683,146.702,685
2025.07.23,09:30,146.700,146.780,146.593,146.779,702
2025.07.23,09:45,146.780,146.835,146.728,146.747,615
2025.07.23,10:00,146.736,146.759,146.637,146.714,694
2025.07.23,10:15,146.713,146.828,146.708,146.802,604
2025.07.23,10:30,146.801,146.899,146.770,146.844,680
2025.07.23,10:45,146.843,146.861,146.764,146.788,587
2025.07.23,11:00,146.791,146.795,146.702,146.703,507
2025.07.23,11:15,146.702,146.733,146.601,146.602,608
2025.07.23,11:30,146.600,146.622,146.487,146.495,576
2025.07.23,11:45,146.494,146.516,146.462,146.497,608
2025.07.23,12:00,146.496,146.542,146.374,146.375,585
2025.07.23,12:15,146.376,146.413,146.304,146.321,570
2025.07.23,12:30,146.319,146.454,146.275,146.436,547
2025.07.23,12:45,146.437,146.462,146.385,146.403,434
2025.07.23,13:00,146.405,146.411,146.238,146.309,536
2025.07.23,13:15,146.308,146.356,146.240,146.347,441
2025.07.23,13:30,146.346,146.371,146.122,146.152,461
2025.07.23,13:45,146.150,146.239,146.104,146.202,539
2025.07.23,14:00,146.201,146.293,146.160,146.290,520
2025.07.23,14:15,146.291,146.399,146.249,146.389,558
2025.07.23,14:30,146.390,146.489,146.376,146.474,604
2025.07.23,14:45,146.473,146.491,146.405,146.409,651
2025.07.23,15:00,146.410,146.589,146.366,146.515,878
2025.07.23,15:15,146.514,146.645,146.456,146.619,782
2025.07.23,15:30,146.620,146.721,146.546,146.671,784
2025.07.23,15:45,146.676,146.693,146.483,146.539,751
2025.07.23,16:00,146.540,146.540,146.341,146.466,716
2025.07.23,16:15,146.467,146.587,146.448,146.533,535
2025.07.23,16:30,146.535,146.565,146.286,146.307,626
2025.07.23,16:45,146.308,146.417,146.299,146.410,708
2025.07.23,17:00,146.412,146.441,146.268,146.283,625
2025.07.23,17:15,146.282,146.364,146.233,146.357,474
2025.07.23,17:30,146.358,146.470,146.322,146.469,631
2025.07.23,17:45,146.471,146.569,146.400,146.546,915
2025.07.23,18:00,146.548,146.609,146.407,146.525,1086
2025.07.23,18:15,146.519,146.592,146.468,146.577,727
2025.07.23,18:30,146.578,146.582,146.473,146.509,639
2025.07.23,18:45,146.506,146.603,146.504,146.575,505
2025.07.23,19:00,146.573,146.579,146.471,146.499,567
2025.07.23,19:15,146.500,146.588,146.490,146.569,469
2025.07.23,19:30,146.571,146.618,146.545,146.593,466
2025.07.23,19:45,146.591,146.591,146.484,146.528,675
2025.07.23,20:00,146.527,146.537,146.438,146.445,464
2025.07.23,20:15,146.440,146.459,146.368,146.382,474
2025.07.23,20:30,146.384,146.436,146.372,146.436,395
2025.07.23,20:45,146.435,146.469,146.419,146.460,447
2025.07.23,21:00,146.462,146.486,146.422,146.464,394
2025.07.23,21:15,146.463,146.558,146.443,146.552,395
2025.07.23,21:30,146.553,146.573,146.527,146.548,395
2025.07.23,21:45,146.547,146.551,146.511,146.526,377
2025.07.23,22:00,146.525,146.528,146.465,146.494,341
2025.07.23,22:15,146.495,146.517,146.449,146.457,241
2025.07.23,22:30,146.458,146.513,146.446,146.482,287
2025.07.23,22:45,146.483,146.528,146.429,146.437,417
2025.07.23,23:00,146.456,146.508,146.413,146.427,45
2025.07.23,23:15,146.428,146.453,146.420,146.429,70
2025.07.23,23:30,146.429,146.487,146.380,146.394,92
2025.07.23,23:45,146.393,146.429,146.350,146.407,40
2025.07.24,00:00,146.391,146.520,146.391,146.515,179
2025.07.24,00:15,146.514,146.515,146.414,146.431,338
2025.07.24,00:30,146.432,146.455,146.419,146.451,219
2025.07.24,00:45,146.452,146.458,146.424,146.445,185
2025.07.24,01:00,146.446,146.446,146.380,146.390,296
2025.07.24,01:15,146.389,146.391,146.239,146.273,401
2025.07.24,01:30,146.274,146.357,146.251,146.342,458
2025.07.24,01:45,146.341,146.388,146.336,146.342,673
2025.07.24,02:00,146.343,146.462,146.263,146.458,782
2025.07.24,02:15,146.457,146.475,146.307,146.311,636
2025.07.24,02:30,146.307,146.441,146.305,146.409,608
2025.07.24,02:45,146.411,146.486,146.329,146.429,939
2025.07.24,03:00,146.426,146.431,146.069,146.091,925
2025.07.24,03:15,146.093,146.166,145.954,145.982,882
2025.07.24,03:30,145.981,146.030,145.850,145.879,830
2025.07.24,03:45,145.878,145.943,145.851,145.928,738
2025.07.24,04:00,145.927,146.120,145.927,146.049,596
2025.07.24,04:15,146.046,146.069,145.957,146.014,643
2025.07.24,04:30,146.012,146.146,146.000,146.133,530
2025.07.24,04:45,146.139,146.139,146.000,146.038,498
2025.07.24,05:00,146.036,146.045,145.966,146.005,693
2025.07.24,05:15,146.006,146.087,145.992,146.087,454
2025.07.24,05:30,146.088,146.104,145.936,145.936,500
2025.07.24,05:45,145.937,146.008,145.893,146.004,592
2025.07.24,06:00,146.003,146.076,146.000,146.009,494
2025.07.24,06:15,146.008,146.036,145.928,145.988,537
2025.07.24,06:30,145.987,146.039,145.961,146.029,386
2025.07.24,06:45,146.028,146.069,146.008,146.017,449
2025.07.24,07:00,146.014,146.099,145.978,146.073,481
2025.07.24,07:15,146.074,146.106,145.952,146.034,621
2025.07.24,07:30,146.033,146.038,145.969,145.983,567
2025.07.24,07:45,145.984,146.107,145.958,146.009,664
2025.07.24,08:00,146.010,146.202,145.985,146.202,785
2025.07.24,08:15,146.205,146.273,146.163,146.214,683
2025.07.24,08:30,146.217,146.290,146.165,146.271,689
2025.07.24,08:45,146.271,146.297,146.237,146.268,686
2025.07.24,09:00,146.270,146.325,146.139,146.140,771
2025.07.24,09:15,146.137,146.230,146.137,146.168,649
2025.07.24,09:30,146.169,146.407,146.164,146.347,673
2025.07.24,09:45,146.346,146.454,146.342,146.413,669
2025.07.24,10:00,146.408,146.462,146.373,146.377,665
2025.07.24,10:15,146.379,146.433,146.340,146.426,560
2025.07.24,10:30,146.427,146.493,146.306,146.356,610
2025.07.24,10:45,146.355,146.561,146.326,146.540,718
2025.07.24,11:00,146.541,146.626,146.520,146.558,721
2025.07.24,11:15,146.559,146.612,146.543,146.599,598
2025.07.24,11:30,146.600,146.643,146.551,146.595,563
2025.07.24,11:45,146.593,146.612,146.549,146.549,594
2025.07.24,12:00,146.550,146.632,146.524,146.626,580
2025.07.24,12:15,146.625,146.653,146.575,146.578,475
2025.07.24,12:30,146.579,146.642,146.546,146.579,497
2025.07.24,12:45,146.574,146.627,146.565,146.568,494
2025.07.24,13:00,146.566,146.580,146.522,146.555,490
2025.07.24,13:15,146.553,146.572,146.511,146.555,493
2025.07.24,13:30,146.556,146.620,146.534,146.587,510
2025.07.24,13:45,146.586,146.586,146.459,146.476,623
2025.07.24,14:00,146.479,146.518,146.443,146.475,641
2025.07.24,14:15,146.473,146.548,146.447,146.506,616
2025.07.24,14:30,146.493,146.817,146.493,146.764,981
2025.07.24,14:45,146.765,146.827,146.693,146.790,814
2025.07.24,15:00,146.791,146.830,146.697,146.791,993
2025.07.24,15:15,146.786,146.869,146.719,146.730,849
2025.07.24,15:30,146.738,146.786,146.632,146.688,955
2025.07.24,15:45,146.688,146.777,146.476,146.536,1090
2025.07.24,16:00,146.540,146.543,146.353,146.364,1048
2025.07.24,16:15,146.366,146.619,146.355,146.584,935
2025.07.24,16:30,146.587,146.665,146.568,146.587,720
2025.07.24,16:45,146.588,146.812,146.569,146.779,933
2025.07.24,17:00,146.775,146.941,146.769,146.918,863
2025.07.24,17:15,146.914,146.935,146.735,146.766,739
2025.07.24,17:30,146.763,146.876,146.746,146.841,607
2025.07.24,17:45,146.842,146.922,146.813,146.922,670
2025.07.24,18:00,146.924,146.944,146.843,146.931,618
2025.07.24,18:15,146.932,146.948,146.892,146.904,545
2025.07.24,18:30,146.903,146.911,146.781,146.797,623
2025.07.24,18:45,146.799,146.909,146.781,146.897,579
2025.07.24,19:00,146.895,146.896,146.767,146.781,518
2025.07.24,19:15,146.785,146.836,146.750,146.771,484
2025.07.24,19:30,146.774,146.801,146.772,146.795,431
2025.07.24,19:45,146.794,146.812,146.750,146.809,611
2025.07.24,20:00,146.810,146.883,146.795,146.882,545
2025.07.24,20:15,146.883,146.893,146.839,146.878,463
2025.07.24,20:30,146.880,146.895,146.866,146.880,373
2025.07.24,20:45,146.875,146.925,146.856,146.916,613
2025.07.24,21:00,146.914,146.964,146.902,146.941,509
2025.07.24,21:15,146.940,146.940,146.846,146.882,484
2025.07.24,21:30,146.881,146.911,146.875,146.878,505
2025.07.24,21:45,146.877,146.943,146.855,146.931,453
2025.07.24,22:00,146.928,146.941,146.881,146.922,521
2025.07.24,22:15,146.920,146.950,146.901,146.912,377
2025.07.24,22:30,146.909,146.989,146.908,146.961,695
2025.07.24,22:45,146.964,147.019,146.961,146.984,563
2025.07.24,23:00,146.989,146.991,146.940,146.985,33
2025.07.24,23:15,146.988,147.067,146.985,147.067,49
2025.07.24,23:30,147.070,147.080,147.012,147.072,124
2025.07.24,23:45,147.071,147.105,147.057,147.105,158
2025.07.25,00:00,147.078,147.231,147.070,147.170,345
2025.07.25,00:15,147.171,147.171,147.065,147.097,231
2025.07.25,00:30,147.098,147.111,147.074,147.110,251
2025.07.25,00:45,147.109,147.109,147.026,147.051,279
2025.07.25,01:00,147.056,147.063,146.987,146.993,234
2025.07.25,01:15,146.992,147.064,146.962,147.064,243
2025.07.25,01:30,147.065,147.112,146.983,147.010,503
2025.07.25,01:45,147.008,147.049,146.958,147.003,608
2025.07.25,02:00,146.987,147.261,146.987,147.233,843
2025.07.25,02:15,147.234,147.235,147.112,147.118,547
2025.07.25,02:30,147.120,147.140,147.061,147.100,532
2025.07.25,02:45,147.098,147.336,147.087,147.204,1003
2025.07.25,03:00,147.205,147.369,147.158,147.365,729
2025.07.25,03:15,147.361,147.444,147.329,147.392,730
2025.07.25,03:30,147.390,147.456,147.335,147.410,624
2025.07.25,03:45,147.411,147.439,147.327,147.358,613
2025.07.25,04:00,147.360,147.443,147.345,147.372,614
2025.07.25,04:15,147.375,147.438,147.358,147.387,475
2025.07.25,04:30,147.390,147.487,147.383,147.440,519
2025.07.25,04:45,147.441,147.475,147.392,147.412,472
2025.07.25,05:00,147.413,147.434,147.367,147.379,488
2025.07.25,05:15,147.380,147.412,147.356,147.381,440
2025.07.25,05:30,147.380,147.389,147.267,147.279,501
2025.07.25,05:45,147.280,147.284,147.186,147.215,454
2025.07.25,06:00,147.210,147.220,147.144,147.185,517
2025.07.25,06:15,147.187,147.268,147.187,147.237,404
2025.07.25,06:30,147.239,147.246,147.183,147.207,447
2025.07.25,06:45,147.210,147.210,147.095,147.136,487
2025.07.25,07:00,147.135,147.155,147.082,147.106,487
2025.07.25,07:15,147.108,147.152,147.084,147.128,353
2025.07.25,07:30,147.127,147.149,147.079,147.109,428
2025.07.25,07:45,147.111,147.118,146.812,146.932,696
2025.07.25,08:00,146.924,146.995,146.843,146.936,911
2025.07.25,08:15,146.937,147.053,146.927,146.960,709
2025.07.25,08:30,146.958,147.047,146.903,146.944,704
2025.07.25,08:45,146.947,147.090,146.947,147.053,726
2025.07.25,09:00,147.052,147.210,147.037,147.092,715
2025.07.25,09:15,147.093,147.208,147.078,147.188,642
2025.07.25,09:30,147.187,147.359,147.187,147.351,727
2025.07.25,09:45,147.352,147.410,147.318,147.377,658
2025.07.25,10:00,147.376,147.759,147.355,147.751,903
2025.07.25,10:15,147.757,147.821,147.711,147.733,787
2025.07.25,10:30,147.732,147.762,147.671,147.706,705
2025.07.25,10:45,147.704,147.776,147.662,147.750,656
2025.07.25,11:00,147.751,147.888,147.724,147.853,571
2025.07.25,11:15,147.847,147.877,147.814,147.832,481
2025.07.25,11:30,147.835,147.876,147.804,147.833,423
2025.07.25,11:45,147.832,147.879,147.773,147.865,528
2025.07.25,12:00,147.868,147.896,147.781,147.834,480
2025.07.25,12:15,147.837,147.855,147.751,147.780,503
2025.07.25,12:30,147.783,147.802,147.747,147.791,383
2025.07.25,12:45,147.783,147.816,147.747,147.769,492
2025.07.25,13:00,147.770,147.800,147.715,147.769,474
2025.07.25,13:15,147.770,147.934,147.770,147.867,563
2025.07.25,13:30,147.864,147.879,147.742,147.745,561
2025.07.25,13:45,147.746,147.760,147.640,147.673,653
2025.07.25,14:00,147.672,147.698,147.619,147.648,513
2025.07.25,14:15,147.649,147.715,147.600,147.715,533
2025.07.25,14:30,147.714,147.912,147.695,147.850,665
2025.07.25,14:45,147.851,147.930,147.817,147.850,767
2025.07.25,15:00,147.845,147.915,147.669,147.901,1191
2025.07.25,15:15,147.898,147.903,147.598,147.763,961
2025.07.25,15:30,147.769,147.837,147.602,147.785,878
2025.07.25,15:45,147.784,147.824,147.645,147.665,1039
2025.07.25,16:00,147.651,147.661,147.559,147.564,867
2025.07.25,16:15,147.565,147.646,147.523,147.636,787
2025.07.25,16:30,147.634,147.674,147.568,147.593,772
2025.07.25,16:45,147.594,147.758,147.577,147.725,798
2025.07.25,17:00,147.726,147.778,147.684,147.720,696
2025.07.25,17:15,147.719,147.724,147.655,147.699,541
2025.07.25,17:30,147.701,147.798,147.701,147.746,597
2025.07.25,17:45,147.744,147.801,147.721,147.780,569
2025.07.25,18:00,147.778,147.820,147.744,147.787,547
2025.07.25,18:15,147.785,147.831,147.731,147.751,541
2025.07.25,18:30,147.752,147.789,147.737,147.759,404
2025.07.25,18:45,147.758,147.762,147.726,147.754,477
2025.07.25,19:00,147.755,147.775,147.719,147.750,454
2025.07.25,19:15,147.751,147.759,147.701,147.706,385
2025.07.25,19:30,147.707,147.709,147.652,147.668,453
2025.07.25,19:45,147.669,147.711,147.656,147.672,430
2025.07.25,20:00,147.673,147.679,147.599,147.614,378
2025.07.25,20:15,147.615,147.651,147.599,147.601,440
2025.07.25,20:30,147.602,147.644,147.584,147.622,522
2025.07.25,20:45,147.621,147.625,147.543,147.557,513
2025.07.25,21:00,147.559,147.594,147.544,147.554,349
2025.07.25,21:15,147.553,147.565,147.527,147.559,340
2025.07.25,21:30,147.560,147.583,147.559,147.575,451
2025.07.25,21:45,147.574,147.612,147.565,147.612,494
2025.07.27,23:00,147.646,147.737,147.644,147.663,95
2025.07.27,23:15,147.662,147.691,147.651,147.678,341
2025.07.27,23:30,147.679,147.693,147.660,147.675,155
2025.07.27,23:45,147.676,147.677,147.666,147.676,36
2025.07.28,00:00,147.647,147.791,147.618,147.764,402
2025.07.28,00:15,147.765,147.766,147.671,147.674,351
2025.07.28,00:30,147.673,147.785,147.662,147.765,377
2025.07.28,00:45,147.764,147.823,147.764,147.810,320
2025.07.28,01:00,147.809,147.809,147.739,147.809,405
2025.07.28,01:15,147.807,147.824,147.763,147.813,355
2025.07.28,01:30,147.806,147.870,147.793,147.844,369
2025.07.28,01:45,147.845,147.872,147.778,147.780,501
2025.07.28,02:00,147.779,147.794,147.660,147.732,763
2025.07.28,02:15,147.733,147.760,147.662,147.744,662
2025.07.28,02:30,147.745,147.784,147.669,147.730,710
2025.07.28,02:45,147.729,147.806,147.597,147.612,887
2025.07.28,03:00,147.611,147.623,147.513,147.623,723
2025.07.28,03:15,147.621,147.787,147.607,147.753,604
2025.07.28,03:30,147.754,147.820,147.732,147.770,565
2025.07.28,03:45,147.772,147.872,147.765,147.862,630
2025.07.28,04:00,147.859,148.017,147.845,147.949,748
2025.07.28,04:15,147.950,147.950,147.865,147.901,440
2025.07.28,04:30,147.903,147.940,147.887,147.889,457
2025.07.28,04:45,147.890,147.904,147.819,147.832,508
2025.07.28,05:00,147.831,147.865,147.782,147.800,493
2025.07.28,05:15,147.801,147.824,147.761,147.799,380
2025.07.28,05:30,147.800,147.815,147.684,147.715,478
2025.07.28,05:45,147.713,147.763,147.700,147.710,456
2025.07.28,06:00,147.711,147.713,147.622,147.663,495
2025.07.28,06:15,147.662,147.720,147.626,147.714,425
2025.07.28,06:30,147.715,147.788,147.698,147.772,433
2025.07.28,06:45,147.775,147.784,147.712,147.739,368
2025.07.28,07:00,147.741,147.815,147.741,147.795,425
2025.07.28,07:15,147.796,147.846,147.765,147.770,489
2025.07.28,07:30,147.771,147.799,147.730,147.793,523
2025.07.28,07:45,147.795,147.871,147.768,147.849,555
2025.07.28,08:00,147.868,147.986,147.834,147.965,801
2025.07.28,08:15,147.966,148.163,147.966,148.128,925
2025.07.28,08:30,148.126,148.205,148.089,148.138,756
2025.07.28,08:45,148.137,148.162,148.010,148.013,805
2025.07.28,09:00,148.012,148.025,147.851,147.862,804
2025.07.28,09:15,147.863,147.929,147.786,147.928,712
2025.07.28,09:30,147.927,148.146,147.927,148.144,825
2025.07.28,09:45,148.139,148.331,148.132,148.286,875
2025.07.28,10:00,148.288,148.339,148.217,148.250,847
2025.07.28,10:15,148.243,148.271,148.192,148.229,623
2025.07.28,10:30,148.230,148.282,148.146,148.273,603
2025.07.28,10:45,148.272,148.367,148.258,148.270,687
2025.07.28,11:00,148.269,148.334,148.230,148.319,649
2025.07.28,11:15,148.322,148.362,148.221,148.334,671
2025.07.28,11:30,148.335,148.408,148.328,148.339,672
2025.07.28,11:45,148.340,148.389,148.335,148.382,482
2025.07.28,12:00,148.385,148.386,148.309,148.312,535
2025.07.28,12:15,148.313,148.429,148.309,148.389,602
2025.07.28,12:30,148.388,148.393,148.289,148.322,507
2025.07.28,12:45,148.321,148.420,148.321,148.406,594
2025.07.28,13:00,148.405,148.440,148.318,148.344,607
2025.07.28,13:15,148.345,148.427,148.324,148.388,649
2025.07.28,13:30,148.392,148.423,148.327,148.338,467
2025.07.28,13:45,148.337,148.350,148.070,148.137,738
2025.07.28,14:00,148.132,148.153,148.024,148.135,922
2025.07.28,14:15,148.130,148.151,148.052,148.117,687
2025.07.28,14:30,148.119,148.149,148.051,148.111,709
2025.07.28,14:45,148.110,148.180,148.048,148.052,697
2025.07.28,15:00,148.042,148.054,147.935,147.976,774
2025.07.28,15:15,147.979,148.136,147.979,148.099,751
2025.07.28,15:30,148.089,148.194,148.079,148.194,812
2025.07.28,15:45,148.197,148.324,148.156,148.289,934
2025.07.28,16:00,148.290,148.315,148.172,148.174,773
2025.07.28,16:15,148.175,148.262,148.109,148.123,682
2025.07.28,16:30,148.121,148.210,148.106,148.113,723
2025.07.28,16:45,148.115,148.285,148.093,148.272,706
2025.07.28,17:00,148.273,148.381,148.255,148.380,695
2025.07.28,17:15,148.382,148.456,148.359,148.450,690
2025.07.28,17:30,148.451,148.487,148.394,148.450,713
2025.07.28,17:45,148.455,148.490,148.432,148.453,645
2025.07.28,18:00,148.454,148.502,148.438,148.486,601
2025.07.28,18:15,148.485,148.514,148.467,148.484,450
2025.07.28,18:30,148.485,148.506,148.453,148.484,442
2025.07.28,18:45,148.485,148.510,148.441,148.481,539
2025.07.28,19:00,148.482,148.502,148.427,148.458,519
2025.07.28,19:15,148.459,148.469,148.388,148.447,505
2025.07.28,19:30,148.452,148.501,148.447,148.500,478
2025.07.28,19:45,148.499,148.541,148.489,148.519,466
2025.07.28,20:00,148.518,148.551,148.512,148.535,409
2025.07.28,20:15,148.532,148.540,148.474,148.520,477
2025.07.28,20:30,148.522,148.552,148.521,148.543,354
2025.07.28,20:45,148.542,148.571,148.542,148.551,474
2025.07.28,21:00,148.550,148.551,148.517,148.534,348
2025.07.28,21:15,148.532,148.553,148.524,148.533,327
2025.07.28,21:30,148.532,148.543,148.525,148.542,297
2025.07.28,21:45,148.543,148.554,148.520,148.545,339
2025.07.28,22:00,148.543,148.571,148.541,148.560,272
2025.07.28,22:15,148.561,148.562,148.493,148.503,236
2025.07.28,22:30,148.502,148.533,148.501,148.533,171
2025.07.28,22:45,148.532,148.562,148.527,148.527,333
2025.07.28,23:00,148.425,148.441,148.408,148.431,48
2025.07.28,23:15,148.430,148.544,148.398,148.529,73
2025.07.28,23:30,148.530,148.553,148.519,148.550,42
2025.07.28,23:45,148.551,148.553,148.527,148.550,44
2025.07.29,00:00,148.546,148.576,148.524,148.560,136
2025.07.29,00:15,148.561,148.579,148.515,148.540,242
2025.07.29,00:30,148.539,148.549,148.494,148.521,229
2025.07.29,00:45,148.520,148.525,148.487,148.498,192
2025.07.29,01:00,148.496,148.527,148.489,148.519,185
2025.07.29,01:15,148.518,148.592,148.493,148.588,339
2025.07.29,01:30,148.589,148.631,148.522,148.536,321
2025.07.29,01:45,148.535,148.538,148.453,148.454,397
2025.07.29,02:00,148.455,148.538,148.436,148.497,617
2025.07.29,02:15,148.500,148.627,148.449,148.598,703
2025.07.29,02:30,148.595,148.639,148.550,148.550,533
2025.07.29,02:45,148.549,148.706,148.458,148.679,819
2025.07.29,03:00,148.680,148.699,148.475,148.560,650
2025.07.29,03:15,148.561,148.609,148.466,148.571,608
2025.07.29,03:30,148.573,148.619,148.500,148.506,584
2025.07.29,03:45,148.505,148.639,148.471,148.586,640
2025.07.29,04:00,148.585,148.585,148.409,148.421,630
2025.07.29,04:15,148.422,148.464,148.309,148.316,551
2025.07.29,04:30,148.313,148.378,148.288,148.356,472
2025.07.29,04:45,148.358,148.365,148.285,148.341,477
2025.07.29,05:00,148.340,148.382,148.309,148.379,416
2025.07.29,05:15,148.377,148.441,148.367,148.407,367
2025.07.29,05:30,148.408,148.444,148.335,148.350,478
2025.07.29,05:45,148.349,148.362,148.306,148.351,498
2025.07.29,06:00,148.352,148.412,148.338,148.398,407
2025.07.29,06:15,148.399,148.454,148.379,148.412,437
2025.07.29,06:30,148.411,148.492,148.407,148.425,463
2025.07.29,06:45,148.424,148.434,148.325,148.342,446
2025.07.29,07:00,148.343,148.402,148.280,148.321,439
2025.07.29,07:15,148.320,148.324,148.169,148.210,519
2025.07.29,07:30,148.211,148.249,148.190,148.220,475
2025.07.29,07:45,148.221,148.291,148.180,148.235,455
2025.07.29,08:00,148.241,148.280,148.151,148.170,795
2025.07.29,08:15,148.171,148.254,148.171,148.240,544
2025.07.29,08:30,148.241,148.395,148.238,148.351,871
2025.07.29,08:45,148.352,148.536,148.349,148.514,876
2025.07.29,09:00,148.513,148.674,148.485,148.647,898
2025.07.29,09:15,148.652,148.677,148.557,148.669,759
2025.07.29,09:30,148.668,148.746,148.613,148.667,759
2025.07.29,09:45,148.668,148.696,148.549,148.574,693
2025.07.29,10:00,148.575,148.601,148.397,148.407,713
2025.07.29,10:15,148.406,148.460,148.350,148.448,622
2025.07.29,10:30,148.450,148.499,148.416,148.458,595
2025.07.29,10:45,148.459,148.563,148.454,148.547,586
2025.07.29,11:00,148.549,148.549,148.446,148.517,629
2025.07.29,11:15,148.519,148.566,148.498,148.532,502
2025.07.29,11:30,148.534,148.564,148.467,148.481,550
2025.07.29,11:45,148.482,148.569,148.482,148.548,527
2025.07.29,12:00,148.547,148.609,148.541,148.547,542
2025.07.29,12:15,148.548,148.562,148.390,148.394,513
2025.07.29,12:30,148.395,148.507,148.380,148.495,492
2025.07.29,12:45,148.494,148.551,148.493,148.539,447
2025.07.29,13:00,148.540,148.590,148.527,148.576,503
2025.07.29,13:15,148.577,148.590,148.511,148.588,458
2025.07.29,13:30,148.589,148.727,148.576,148.703,620
2025.07.29,13:45,148.702,148.750,148.669,148.711,657
2025.07.29,14:00,148.712,148.767,148.674,148.739,635
2025.07.29,14:15,148.737,148.737,148.600,148.713,725
2025.07.29,14:30,148.716,148.738,148.607,148.629,681
2025.07.29,14:45,148.630,148.720,148.611,148.697,721
2025.07.29,15:00,148.699,148.722,148.626,148.712,639
2025.07.29,15:15,148.711,148.738,148.649,148.672,630
2025.07.29,15:30,148.673,148.802,148.596,148.622,816
2025.07.29,15:45,148.621,148.634,148.524,148.549,716
2025.07.29,16:00,148.533,148.742,148.485,148.680,917
2025.07.29,16:15,148.668,148.717,148.559,148.584,811
2025.07.29,16:30,148.585,148.624,148.431,148.538,854
2025.07.29,16:45,148.537,148.582,148.466,148.475,968
2025.07.29,17:00,148.469,148.519,148.348,148.409,846
2025.07.29,17:15,148.406,148.454,148.367,148.388,630
2025.07.29,17:30,148.389,148.560,148.356,148.545,722
2025.07.29,17:45,148.544,148.616,148.509,148.571,710
2025.07.29,18:00,148.567,148.595,148.526,148.549,562
2025.07.29,18:15,148.547,148.564,148.509,148.563,547
2025.07.29,18:30,148.561,148.598,148.481,148.493,612
2025.07.29,18:45,148.492,148.558,148.449,148.556,669
2025.07.29,19:00,148.557,148.579,148.448,148.457,651
2025.07.29,19:15,148.455,148.455,148.333,148.419,647
2025.07.29,19:30,148.420,148.465,148.391,148.435,622
2025.07.29,19:45,148.432,148.505,148.421,148.483,541
2025.07.29,20:00,148.482,148.551,148.473,148.516,522
2025.07.29,20:15,148.515,148.515,148.479,148.488,438
2025.07.29,20:30,148.489,148.541,148.475,148.528,414
2025.07.29,20:45,148.527,148.531,148.425,148.425,540
2025.07.29,21:00,148.424,148.461,148.405,148.413,451
2025.07.29,21:15,148.414,148.426,148.342,148.362,511
2025.07.29,21:30,148.369,148.419,148.369,148.415,404
2025.07.29,21:45,148.417,148.500,148.408,148.496,414
2025.07.29,22:00,148.498,148.507,148.463,148.484,218
2025.07.29,22:15,148.483,148.493,148.456,148.475,272
2025.07.29,22:30,148.474,148.503,148.451,148.452,233
2025.07.29,22:45,148.451,148.484,148.442,148.448,261
2025.07.29,23:00,148.416,148.443,148.416,148.437,37
2025.07.29,23:15,148.437,148.452,148.430,148.451,70
2025.07.29,23:30,148.443,148.479,148.414,148.422,90
2025.07.29,23:45,148.421,148.435,148.413,148.433,50
2025.07.30,00:00,148.431,148.484,148.431,148.446,100
2025.07.30,00:15,148.445,148.488,148.444,148.469,148
2025.07.30,00:30,148.470,148.492,148.466,148.478,168
2025.07.30,00:45,148.479,148.485,148.438,148.468,198
2025.07.30,01:00,148.467,148.514,148.466,148.503,156
2025.07.30,01:15,148.502,148.521,148.475,148.475,179
2025.07.30,01:30,148.476,148.507,148.476,148.492,202
2025.07.30,01:45,148.493,148.500,148.413,148.420,395
2025.07.30,02:00,148.409,148.446,148.364,148.412,712
2025.07.30,02:15,148.411,148.429,148.315,148.331,619
2025.07.30,02:30,148.332,148.335,148.214,148.233,686
2025.07.30,02:45,148.234,148.301,148.031,148.053,1009
2025.07.30,03:00,148.049,148.093,147.943,147.999,880
2025.07.30,03:15,147.998,148.158,147.939,148.109,713
2025.07.30,03:30,148.108,148.126,148.039,148.088,598
2025.07.30,03:45,148.089,148.140,148.062,148.140,524
2025.07.30,04:00,148.151,148.151,148.027,148.056,631
2025.07.30,04:15,148.055,148.083,148.025,148.065,527
2025.07.30,04:30,148.064,148.131,148.064,148.109,442
2025.07.30,04:45,148.110,148.110,148.040,148.041,437
2025.07.30,05:00,148.040,148.040,147.859,147.920,664
2025.07.30,05:15,147.921,147.921,147.840,147.882,560
2025.07.30,05:30,147.884,148.014,147.884,147.998,451
2025.07.30,05:45,148.000,148.016,147.959,147.969,400
2025.07.30,06:00,147.967,148.138,147.962,148.125,485
2025.07.30,06:15,148.126,148.140,148.077,148.103,340
2025.07.30,06:30,148.105,148.117,148.050,148.071,350
2025.07.30,06:45,148.073,148.166,148.073,148.151,434
2025.07.30,07:00,148.153,148.166,148.020,148.047,457
2025.07.30,07:15,148.046,148.067,147.894,147.920,569
2025.07.30,07:30,147.919,147.938,147.851,147.883,578
2025.07.30,07:45,147.896,148.034,147.895,148.020,571
2025.07.30,08:00,148.030,148.126,148.018,148.080,846
2025.07.30,08:15,148.075,148.099,147.936,147.984,664
2025.07.30,08:30,148.006,148.022,147.883,147.941,776
2025.07.30,08:45,147.942,147.996,147.855,147.890,695
2025.07.30,09:00,147.898,147.964,147.800,147.907,802
2025.07.30,09:15,147.909,148.063,147.877,147.986,727
2025.07.30,09:30,147.985,148.076,147.941,148.029,615
2025.07.30,09:45,148.034,148.077,147.998,148.077,534
2025.07.30,10:00,148.078,148.105,148.017,148.092,600
2025.07.30,10:15,148.093,148.111,147.980,148.001,607
2025.07.30,10:30,148.000,148.026,147.947,147.985,628
2025.07.30,10:45,147.983,147.991,147.918,147.956,552
2025.07.30,11:00,147.955,147.997,147.851,147.885,632
2025.07.30,11:15,147.884,147.997,147.884,147.995,549
2025.07.30,11:30,147.994,148.065,147.994,148.014,532
2025.07.30,11:45,148.012,148.041,147.963,148.032,608
2025.07.30,12:00,148.034,148.115,147.976,148.087,549
2025.07.30,12:15,148.088,148.226,148.087,148.216,552
2025.07.30,12:30,148.217,148.289,148.195,148.201,597
2025.07.30,12:45,148.198,148.228,148.144,148.169,491
2025.07.30,13:00,148.168,148.179,148.110,148.173,427
2025.07.30,13:15,148.174,148.238,148.140,148.213,460
2025.07.30,13:30,148.210,148.319,148.210,148.306,522
2025.07.30,13:45,148.307,148.355,148.298,148.305,582
2025.07.30,14:00,148.303,148.338,148.260,148.301,629
2025.07.30,14:15,148.297,148.458,148.257,148.369,799
2025.07.30,14:30,148.361,148.741,148.307,148.697,1353
2025.07.30,14:45,148.695,148.877,148.643,148.848,1154
2025.07.30,15:00,148.849,148.967,148.826,148.957,1008
2025.07.30,15:15,148.959,149.000,148.936,148.989,795
2025.07.30,15:30,148.990,149.085,148.936,149.079,940
2025.07.30,15:45,149.076,149.094,148.998,149.049,823
2025.07.30,16:00,149.051,149.052,148.954,148.973,867
2025.07.30,16:15,148.975,148.998,148.932,148.952,668
2025.07.30,16:30,148.948,148.952,148.866,148.921,660
2025.07.30,16:45,148.918,148.943,148.868,148.921,620
2025.07.30,17:00,148.922,149.037,148.843,148.873,689
2025.07.30,17:15,148.874,148.965,148.859,148.945,659
2025.07.30,17:30,148.943,149.065,148.937,149.039,639
2025.07.30,17:45,149.038,149.108,149.013,149.072,515
2025.07.30,18:00,149.071,149.127,149.041,149.049,573
2025.07.30,18:15,149.042,149.067,149.005,149.035,510
2025.07.30,18:30,149.034,149.050,148.997,149.001,438
2025.07.30,18:45,149.000,149.000,148.922,148.928,488
2025.07.30,19:00,148.927,148.927,148.841,148.856,501
2025.07.30,19:15,148.855,148.923,148.855,148.906,426
2025.07.30,19:30,148.901,148.927,148.874,148.915,435
2025.07.30,19:45,148.914,148.914,148.733,148.733,575
2025.07.30,20:00,148.713,148.869,148.580,148.743,1319
2025.07.30,20:15,148.749,148.867,148.717,148.719,939
2025.07.30,20:30,148.716,149.095,148.519,149.087,1632
2025.07.30,20:45,149.079,149.349,149.036,149.346,1464
2025.07.30,21:00,149.342,149.385,149.220,149.262,1174
2025.07.30,21:15,149.263,149.430,149.223,149.414,861
2025.07.30,21:30,149.413,149.420,149.279,149.344,712
2025.07.30,21:45,149.345,149.431,149.338,149.405,614
2025.07.30,22:00,149.406,149.436,149.358,149.422,530
2025.07.30,22:15,149.423,149.488,149.421,149.480,461
2025.07.30,22:30,149.479,149.485,149.468,149.483,279
2025.07.30,22:45,149.482,149.562,149.481,149.499,586
2025.07.30,23:00,149.473,149.484,149.425,149.452,38
2025.07.30,23:15,149.459,149.464,149.453,149.462,34
2025.07.30,23:30,149.461,149.463,149.447,149.453,97
2025.07.30,23:45,149.453,149.460,149.430,149.457,113
2025.07.31,00:00,149.440,149.465,149.383,149.384,213
2025.07.31,00:15,149.383,149.436,149.349,149.397,266
2025.07.31,00:30,149.398,149.415,149.347,149.381,406
2025.07.31,00:45,149.380,149.384,149.296,149.311,387
2025.07.31,01:00,149.310,149.387,149.296,149.372,291
2025.07.31,01:15,149.373,149.391,149.331,149.381,306
2025.07.31,01:30,149.382,149.382,149.304,149.336,433
2025.07.31,01:45,149.328,149.344,149.206,149.217,580
2025.07.31,02:00,149.220,149.296,149.175,149.255,693
2025.07.31,02:15,149.257,149.349,149.212,149.312,600
2025.07.31,02:30,149.303,149.383,149.275,149.363,598
2025.07.31,02:45,149.368,149.388,149.240,149.301,702
2025.07.31,03:00,149.302,149.334,149.203,149.210,604
2025.07.31,03:15,149.215,149.271,149.173,149.268,606
2025.07.31,03:30,149.267,149.292,149.137,149.147,524
2025.07.31,03:45,149.146,149.205,148.960,148.969,643
2025.07.31,04:00,148.972,148.995,148.852,148.889,552
2025.07.31,04:15,148.890,148.950,148.861,148.885,549
2025.07.31,04:30,148.892,148.963,148.887,148.949,368
2025.07.31,04:45,148.950,148.984,148.635,148.830,448
2025.07.31,05:00,148.825,148.855,148.584,148.855,663
2025.07.31,05:15,148.856,148.916,148.792,148.849,497
2025.07.31,05:30,148.850,148.850,148.717,148.731,675
2025.07.31,05:45,148.729,148.798,148.706,148.741,599
2025.07.31,06:00,148.742,148.833,148.729,148.815,482
2025.07.31,06:15,148.820,148.905,148.806,148.859,576
2025.07.31,06:30,148.869,148.931,148.826,148.909,566
2025.07.31,06:45,148.910,148.953,148.866,148.883,558
2025.07.31,07:00,148.884,148.909,148.816,148.829,573
2025.07.31,07:15,148.819,148.898,148.775,148.891,500
2025.07.31,07:30,148.888,148.922,148.781,148.802,471
2025.07.31,07:45,148.801,148.838,148.737,148.783,587
2025.07.31,08:00,148.781,148.805,148.719,148.796,919
2025.07.31,08:15,148.800,148.819,148.698,148.751,731
2025.07.31,08:30,148.752,148.957,148.679,148.916,1016
2025.07.31,08:45,148.918,149.086,148.754,148.877,1198
2025.07.31,09:00,148.871,149.027,148.849,148.995,935
2025.07.31,09:15,148.989,149.283,148.985,149.275,994
2025.07.31,09:30,149.274,149.658,149.251,149.653,860
2025.07.31,09:45,149.652,149.717,149.340,149.393,941
2025.07.31,10:00,149.389,149.430,149.295,149.398,966
2025.07.31,10:15,149.401,149.536,149.394,149.518,741
2025.07.31,10:30,149.516,149.652,149.482,149.647,747
2025.07.31,10:45,149.649,149.693,149.626,149.630,699
2025.07.31,11:00,149.632,149.789,149.617,149.732,717
2025.07.31,11:15,149.733,149.761,149.688,149.760,631
2025.07.31,11:30,149.762,149.859,149.735,149.850,735
2025.07.31,11:45,149.849,149.953,149.841,149.947,625
2025.07.31,12:00,149.949,149.952,149.869,149.932,591
2025.07.31,12:15,149.933,149.960,149.926,149.958,588
2025.07.31,12:30,149.960,149.991,149.921,149.941,578
2025.07.31,12:45,149.943,150.037,149.917,149.945,683
2025.07.31,13:00,149.938,150.059,149.826,149.872,734
2025.07.31,13:15,149.873,150.099,149.837,149.979,693
2025.07.31,13:30,149.974,149.974,149.809,149.871,729
2025.07.31,13:45,149.873,149.921,149.834,149.872,760
2025.07.31,14:00,149.884,149.899,149.807,149.852,738
2025.07.31,14:15,149.846,149.984,149.808,149.957,720
2025.07.31,14:30,149.965,150.173,149.954,150.171,1146
2025.07.31,14:45,150.170,150.256,150.142,150.185,938
2025.07.31,15:00,150.184,150.354,150.171,150.321,888
2025.07.31,15:15,150.320,150.369,150.289,150.335,685
2025.07.31,15:30,150.339,150.470,150.316,150.448,787
2025.07.31,15:45,150.445,150.579,150.380,150.562,993
2025.07.31,16:00,150.564,150.627,150.430,150.436,1007
2025.07.31,16:15,150.440,150.591,150.431,150.553,904
2025.07.31,16:30,150.558,150.578,150.436,150.448,876
2025.07.31,16:45,150.454,150.526,150.373,150.473,1063
2025.07.31,17:00,150.472,150.560,150.373,150.385,977
2025.07.31,17:15,150.387,150.520,150.342,150.520,866
2025.07.31,17:30,150.522,150.554,150.435,150.527,745
2025.07.31,17:45,150.523,150.598,150.523,150.596,701
2025.07.31,18:00,150.602,150.774,150.589,150.761,783
2025.07.31,18:15,150.760,150.785,150.703,150.714,657
2025.07.31,18:30,150.712,150.735,150.635,150.694,615
2025.07.31,18:45,150.699,150.726,150.649,150.679,560
2025.07.31,19:00,150.685,150.685,150.581,150.658,585
2025.07.31,19:15,150.655,150.718,150.579,150.609,619
2025.07.31,19:30,150.608,150.686,150.592,150.648,655
2025.07.31,19:45,150.649,150.691,150.555,150.657,596
2025.07.31,20:00,150.658,150.738,150.658,150.715,628
2025.07.31,20:15,150.714,150.738,150.688,150.737,599
2025.07.31,20:30,150.736,150.758,150.691,150.751,500
2025.07.31,20:45,150.750,150.780,150.731,150.752,484
2025.07.31,21:00,150.757,150.782,150.738,150.758,451
2025.07.31,21:15,150.760,150.769,150.738,150.750,400
2025.07.31,21:30,150.751,150.760,150.716,150.739,419
2025.07.31,21:45,150.740,150.796,150.688,150.792,739
2025.07.31,22:00,150.784,150.838,150.735,150.748,562
2025.07.31,22:15,150.749,150.793,150.743,150.791,346
2025.07.31,22:30,150.808,150.832,150.789,150.821,318
2025.07.31,22:45,150.818,150.831,150.733,150.734,663
2025.07.31,23:00,150.734,150.734,150.688,150.724,32
2025.07.31,23:15,150.725,150.749,150.712,150.740,59
2025.07.31,23:30,150.739,150.739,150.683,150.683,41
2025.07.31,23:45,150.698,150.698,150.674,150.693,57
2025.08.01,00:00,150.681,150.794,150.674,150.759,253
2025.08.01,00:15,150.760,150.798,150.690,150.742,386
2025.08.01,00:30,150.744,150.753,150.685,150.686,279
2025.08.01,00:45,150.689,150.745,150.689,150.741,289
2025.08.01,01:00,150.740,150.778,150.636,150.702,539
2025.08.01,01:15,150.703,150.878,150.703,150.730,502
2025.08.01,01:30,150.731,150.811,150.719,150.726,489
2025.08.01,01:45,150.727,150.808,150.697,150.805,572
2025.08.01,02:00,150.816,150.893,150.785,150.795,801
2025.08.01,02:15,150.801,150.820,150.617,150.637,721
2025.08.01,02:30,150.636,150.692,150.605,150.625,638
2025.08.01,02:45,150.616,150.737,150.589,150.731,712
2025.08.01,03:00,150.732,150.888,150.700,150.719,797
2025.08.01,03:15,150.720,150.764,150.648,150.648,601
2025.08.01,03:30,150.647,150.911,150.628,150.877,730
2025.08.01,03:45,150.878,150.914,150.833,150.901,742
2025.08.01,04:00,150.900,150.907,150.749,150.776,607
2025.08.01,04:15,150.778,150.849,150.753,150.756,572
2025.08.01,04:30,150.754,150.767,150.705,150.735,648
2025.08.01,04:45,150.736,150.780,150.736,150.758,478
2025.08.01,05:00,150.759,150.773,150.638,150.641,595
2025.08.01,05:15,150.643,150.686,150.635,150.661,422
2025.08.01,05:30,150.659,150.673,150.606,150.626,443
2025.08.01,05:45,150.616,150.627,150.548,150.583,569
2025.08.01,06:00,150.581,150.619,150.547,150.619,468
2025.08.01,06:15,150.618,150.654,150.617,150.639,355
2025.08.01,06:30,150.641,150.646,150.577,150.598,268
2025.08.01,06:45,150.597,150.644,150.587,150.602,349
2025.08.01,07:00,150.603,150.653,150.538,150.559,488
2025.08.01,07:15,150.560,150.591,150.529,150.552,405
2025.08.01,07:30,150.551,150.558,150.454,150.454,447
2025.08.01,07:45,150.455,150.483,150.410,150.469,576
2025.08.01,08:00,150.470,150.539,150.461,150.481,705
2025.08.01,08:15,150.484,150.544,150.445,150.533,638
2025.08.01,08:30,150.532,150.617,150.511,150.611,788
2025.08.01,08:45,150.613,150.643,150.550,150.599,718
2025.08.01,09:00,150.593,150.618,150.491,150.552,743
2025.08.01,09:15,150.551,150.582,150.489,150.506,753
2025.08.01,09:30,150.499,150.597,150.452,150.503,707
2025.08.01,09:45,150.506,150.596,150.482,150.534,674
2025.08.01,10:00,150.530,150.602,150.506,150.551,600
2025.08.01,10:15,150.550,150.599,150.526,150.543,531
2025.08.01,10:30,150.544,150.574,150.503,150.543,548
2025.08.01,10:45,150.549,150.622,150.527,150.605,542
2025.08.01,11:00,150.598,150.626,150.512,150.518,513
2025.08.01,11:15,150.519,150.535,150.465,150.482,572
2025.08.01,11:30,150.481,150.523,150.413,150.513,598
2025.08.01,11:45,150.514,150.562,150.450,150.502,550
2025.08.01,12:00,150.497,150.508,150.417,150.430,617
2025.08.01,12:15,150.429,150.484,150.419,150.456,481
2025.08.01,12:30,150.455,150.455,150.318,150.352,633
2025.08.01,12:45,150.353,150.373,150.316,150.354,579
2025.08.01,13:00,150.357,150.382,150.278,150.302,525
2025.08.01,13:15,150.303,150.337,150.277,150.333,603
2025.08.01,13:30,150.334,150.416,150.328,150.392,546
2025.08.01,13:45,150.391,150.523,150.366,150.514,664
2025.08.01,14:00,150.511,150.543,150.445,150.462,699
2025.08.01,14:15,150.463,150.592,150.440,150.547,714
2025.08.01,14:30,150.543,150.543,148.968,149.012,2381
2025.08.01,14:45,149.015,149.015,148.560,148.630,1889
2025.08.01,15:00,148.604,148.653,148.144,148.236,1863
2025.08.01,15:15,148.238,148.521,148.149,148.166,1652
2025.08.01,15:30,148.174,148.339,147.985,148.270,1621
2025.08.01,15:45,148.279,148.319,148.057,148.131,1321
2025.08.01,16:00,147.989,148.103,147.483,148.092,1882
2025.08.01,16:15,148.079,148.199,147.892,148.088,1495
2025.08.01,16:30,148.105,148.220,148.003,148.047,1385
2025.08.01,16:45,148.044,148.189,147.958,148.084,1409
2025.08.01,17:00,148.085,148.180,147.983,148.055,1225
2025.08.01,17:15,148.058,148.148,147.925,148.136,1061
2025.08.01,17:30,148.135,148.162,147.962,148.048,1019
2025.08.01,17:45,148.047,148.060,147.953,148.049,889
2025.08.01,18:00,148.052,148.104,147.958,147.985,808
2025.08.01,18:15,147.984,148.010,147.858,147.998,800
2025.08.01,18:30,147.991,147.993,147.901,147.919,724
2025.08.01,18:45,147.922,147.996,147.778,147.822,763
2025.08.01,19:00,147.821,147.873,147.772,147.800,846
2025.08.01,19:15,147.798,147.887,147.722,147.875,806
2025.08.01,19:30,147.874,147.944,147.860,147.917,731
2025.08.01,19:45,147.916,147.938,147.840,147.873,720
2025.08.01,20:00,147.871,147.895,147.776,147.800,720
2025.08.01,20:15,147.807,147.841,147.737,147.737,702
2025.08.01,20:30,147.736,147.755,147.683,147.730,687
2025.08.01,20:45,147.729,147.848,147.676,147.846,742
2025.08.01,21:00,147.845,147.857,147.682,147.687,605
2025.08.01,21:15,147.685,147.741,147.685,147.702,532
2025.08.01,21:30,147.700,147.700,147.322,147.329,1135
2025.08.01,21:45,147.332,147.472,147.324,147.435,930
2025.08.03,23:00,147.184,147.256,147.180,147.250,53
2025.08.03,23:15,147.251,147.251,147.200,147.212,97
2025.08.03,23:30,147.212,147.239,147.130,147.220,85
2025.08.03,23:45,147.221,147.225,147.185,147.207,93
2025.08.04,00:00,147.180,147.262,147.052,147.222,627
2025.08.04,00:15,147.223,147.267,147.204,147.229,542
2025.08.04,00:30,147.239,147.291,147.166,147.207,560
2025.08.04,00:45,147.205,147.269,147.198,147.240,385
2025.08.04,01:00,147.239,147.293,147.196,147.201,519
2025.08.04,01:15,147.198,147.381,147.189,147.340,551
2025.08.04,01:30,147.339,147.350,147.214,147.238,463
2025.08.04,01:45,147.239,147.358,147.111,147.338,793
2025.08.04,02:00,147.343,147.518,147.266,147.510,1008
2025.08.04,02:15,147.509,147.617,147.470,147.612,867
2025.08.04,02:30,147.611,147.645,147.517,147.638,820
2025.08.04,02:45,147.636,147.689,147.515,147.650,894
2025.08.04,03:00,147.653,147.780,147.617,147.761,782
2025.08.04,03:15,147.762,147.818,147.721,147.802,673
2025.08.04,03:30,147.803,147.902,147.766,147.871,735
2025.08.04,03:45,147.872,147.873,147.755,147.762,658
2025.08.04,04:00,147.757,147.761,147.625,147.680,672
2025.08.04,04:15,147.679,147.728,147.623,147.709,561
2025.08.04,04:30,147.710,147.816,147.692,147.760,541
2025.08.04,04:45,147.762,147.870,147.749,147.790,487
2025.08.04,05:00,147.789,147.789,147.583,147.597,584
2025.08.04,05:15,147.598,147.677,147.597,147.626,452
2025.08.04,05:30,147.620,147.712,147.620,147.678,508
2025.08.04,05:45,147.680,147.705,147.645,147.687,491
2025.08.04,06:00,147.686,147.699,147.597,147.602,445
2025.08.04,06:15,147.603,147.609,147.562,147.563,479
2025.08.04,06:30,147.561,147.681,147.551,147.654,491
2025.08.04,06:45,147.655,147.701,147.636,147.680,387
2025.08.04,07:00,147.682,147.729,147.650,147.683,498
2025.08.04,07:15,147.684,147.774,147.682,147.727,523
2025.08.04,07:30,147.726,147.837,147.720,147.818,558
2025.08.04,07:45,147.815,147.865,147.768,147.779,571
2025.08.04,08:00,147.774,147.840,147.694,147.708,817
2025.08.04,08:15,147.710,147.816,147.667,147.790,746
2025.08.04,08:30,147.766,147.798,147.583,147.596,817
2025.08.04,08:45,147.598,147.645,147.527,147.638,667
2025.08.04,09:00,147.637,147.910,147.593,147.853,927
2025.08.04,09:15,147.849,147.897,147.786,147.885,763
2025.08.04,09:30,147.886,148.039,147.886,147.986,879
2025.08.04,09:45,147.988,147.997,147.841,147.880,692
2025.08.04,10:00,147.874,147.987,147.859,147.953,809
2025.08.04,10:15,147.954,148.059,147.946,148.025,669
2025.08.04,10:30,148.027,148.083,148.009,148.024,749
2025.08.04,10:45,148.025,148.045,147.863,147.890,782
2025.08.04,11:00,147.888,147.939,147.816,147.848,675
2025.08.04,11:15,147.849,147.853,147.747,147.757,670
2025.08.04,11:30,147.759,147.773,147.674,147.697,612
2025.08.04,11:45,147.696,147.822,147.688,147.808,622
2025.08.04,12:00,147.805,147.829,147.755,147.759,619
2025.08.04,12:15,147.758,147.847,147.745,147.761,550
2025.08.04,12:30,147.762,147.823,147.732,147.768,509
2025.08.04,12:45,147.769,147.787,147.559,147.573,692
2025.08.04,13:00,147.568,147.592,147.489,147.490,745
2025.08.04,13:15,147.489,147.518,147.391,147.478,762
2025.08.04,13:30,147.482,147.574,147.469,147.521,693
2025.08.04,13:45,147.520,147.563,147.338,147.339,785
2025.08.04,14:00,147.336,147.432,147.312,147.414,760
2025.08.04,14:15,147.410,147.419,147.161,147.162,789
2025.08.04,14:30,147.160,147.191,147.090,147.110,762
2025.08.04,14:45,147.109,147.216,147.006,147.188,817
2025.08.04,15:00,147.186,147.217,146.951,146.980,879
2025.08.04,15:15,146.981,147.160,146.973,147.098,794
2025.08.04,15:30,147.097,147.315,147.046,147.087,1076
2025.08.04,15:45,147.088,147.164,147.010,147.082,908
2025.08.04,16:00,147.076,147.157,146.902,147.071,1118
2025.08.04,16:15,147.069,147.191,146.859,146.989,986
2025.08.04,16:30,146.988,147.143,146.928,147.143,857
2025.08.04,16:45,147.140,147.255,147.042,147.225,1007
2025.08.04,17:00,147.226,147.339,147.216,147.293,916
2025.08.04,17:15,147.292,147.350,147.260,147.294,758
2025.08.04,17:30,147.290,147.340,147.117,147.118,785
2025.08.04,17:45,147.112,147.162,147.041,147.093,712
2025.08.04,18:00,147.091,147.134,147.035,147.125,646
2025.08.04,18:15,147.123,147.210,147.121,147.141,665
2025.08.04,18:30,147.142,147.193,147.045,147.054,541
2025.08.04,18:45,147.055,147.071,146.999,147.036,598
2025.08.04,19:00,147.032,147.092,147.017,147.066,600
2025.08.04,19:15,147.065,147.075,147.018,147.053,535
2025.08.04,19:30,147.052,147.073,147.010,147.063,374
2025.08.04,19:45,147.062,147.071,146.957,146.965,637
2025.08.04,20:00,146.961,146.979,146.940,146.965,539
2025.08.04,20:15,146.967,146.989,146.911,146.977,634
2025.08.04,20:30,146.978,147.002,146.918,146.946,567
2025.08.04,20:45,146.945,146.962,146.905,146.940,517
2025.08.04,21:00,146.941,146.971,146.907,146.953,467
2025.08.04,21:15,146.952,146.972,146.939,146.947,466
2025.08.04,21:30,146.948,146.985,146.936,146.975,432
2025.08.04,21:45,146.977,147.053,146.976,147.024,481
2025.08.04,22:00,147.022,147.081,147.009,147.010,380
2025.08.04,22:15,147.013,147.013,146.946,146.971,406
2025.08.04,22:30,146.972,147.092,146.964,147.089,348
2025.08.04,22:45,147.088,147.104,147.052,147.072,566
2025.08.04,23:00,147.048,147.064,146.978,147.023,53
2025.08.04,23:15,147.020,147.052,147.020,147.033,55
2025.08.04,23:30,147.033,147.070,147.033,147.070,41
2025.08.04,23:45,147.069,147.088,147.055,147.061,64
2025.08.05,00:00,147.044,147.057,146.927,146.972,260
2025.08.05,00:15,146.973,146.975,146.904,146.927,326
2025.08.05,00:30,146.928,146.997,146.859,146.978,350
2025.08.05,00:45,146.977,146.977,146.902,146.910,253
2025.08.05,01:00,146.909,146.929,146.716,146.729,529
2025.08.05,01:15,146.730,146.753,146.690,146.737,351
2025.08.05,01:30,146.738,146.892,146.716,146.890,402
2025.08.05,01:45,146.891,146.891,146.763,146.789,549
2025.08.05,02:00,146.790,146.790,146.615,146.752,801
2025.08.05,02:15,146.751,146.898,146.750,146.897,647
2025.08.05,02:30,146.898,147.016,146.851,147.004,666
2025.08.05,02:45,147.003,147.030,146.899,146.923,924
2025.08.05,03:00,146.922,147.109,146.880,147.071,781
2025.08.05,03:15,147.070,147.079,146.914,146.998,722
2025.08.05,03:30,146.992,147.014,146.951,146.970,610
2025.08.05,03:45,146.966,147.049,146.914,147.047,636
2025.08.05,04:00,147.050,147.142,147.036,147.085,617
2025.08.05,04:15,147.086,147.154,147.084,147.154,491
2025.08.05,04:30,147.155,147.224,147.152,147.184,633
2025.08.05,04:45,147.185,147.185,147.125,147.182,559
2025.08.05,05:00,147.183,147.203,147.137,147.181,397
2025.08.05,05:15,147.185,147.256,147.168,147.222,450
2025.08.05,05:30,147.223,147.234,147.135,147.140,409
2025.08.05,05:45,147.142,147.223,147.130,147.209,380
2025.08.05,06:00,147.210,147.255,147.169,147.169,403
2025.08.05,06:15,147.170,147.208,147.150,147.176,372
2025.08.05,06:30,147.177,147.178,147.068,147.079,405
2025.08.05,06:45,147.078,147.084,146.999,147.081,482
2025.08.05,07:00,147.080,147.152,147.078,147.079,483
2025.08.05,07:15,147.080,147.140,147.056,147.105,511
2025.08.05,07:30,147.102,147.236,147.097,147.189,552
2025.08.05,07:45,147.190,147.220,147.137,147.169,498
2025.08.05,08:00,147.168,147.168,147.058,147.111,726
2025.08.05,08:15,147.112,147.135,147.025,147.081,614
2025.08.05,08:30,147.082,147.309,147.082,147.301,687
2025.08.05,08:45,147.299,147.336,147.277,147.322,666
2025.08.05,09:00,147.320,147.350,147.178,147.186,714
2025.08.05,09:15,147.177,147.256,147.156,147.238,662
2025.08.05,09:30,147.239,147.319,147.236,147.308,633
2025.08.05,09:45,147.326,147.483,147.322,147.381,754
2025.08.05,10:00,147.383,147.438,147.331,147.430,752
2025.08.05,10:15,147.442,147.486,147.406,147.445,634
2025.08.05,10:30,147.446,147.585,147.442,147.580,591
2025.08.05,10:45,147.581,147.630,147.559,147.578,658
2025.08.05,11:00,147.577,147.597,147.489,147.505,648
2025.08.05,11:15,147.507,147.530,147.447,147.460,496
2025.08.05,11:30,147.461,147.612,147.461,147.611,557
2025.08.05,11:45,147.610,147.634,147.532,147.621,628
2025.08.05,12:00,147.622,147.759,147.605,147.727,649
2025.08.05,12:15,147.728,147.774,147.693,147.705,487
2025.08.05,12:30,147.704,147.719,147.600,147.610,399
2025.08.05,12:45,147.609,147.626,147.577,147.610,395
2025.08.05,13:00,147.617,147.691,147.617,147.660,481
2025.08.05,13:15,147.661,147.686,147.542,147.605,533
2025.08.05,13:30,147.608,147.687,147.583,147.627,493
2025.08.05,13:45,147.628,147.654,147.577,147.627,545
2025.08.05,14:00,147.626,147.679,147.580,147.665,665
2025.08.05,14:15,147.664,147.692,147.540,147.637,847
2025.08.05,14:30,147.636,147.730,147.617,147.664,740
2025.08.05,14:45,147.663,147.749,147.618,147.655,741
2025.08.05,15:00,147.659,147.700,147.561,147.562,759
2025.08.05,15:15,147.563,147.606,147.513,147.567,797
2025.08.05,15:30,147.559,147.626,147.502,147.581,885
2025.08.05,15:45,147.578,147.830,147.578,147.697,887
2025.08.05,16:00,147.517,147.679,147.388,147.620,1439
2025.08.05,16:15,147.619,147.727,147.511,147.581,1062
2025.08.05,16:30,147.583,147.633,147.352,147.371,939
2025.08.05,16:45,147.373,147.478,147.350,147.443,1038
2025.08.05,17:00,147.444,147.490,147.312,147.312,939
2025.08.05,17:15,147.313,147.412,147.298,147.410,760
2025.08.05,17:30,147.409,147.526,147.395,147.468,867
2025.08.05,17:45,147.469,147.564,147.455,147.491,737
2025.08.05,18:00,147.488,147.543,147.469,147.486,657
2025.08.05,18:15,147.487,147.587,147.464,147.475,565
2025.08.05,18:30,147.474,147.504,147.423,147.497,587
2025.08.05,18:45,147.495,147.565,147.482,147.541,573
2025.08.05,19:00,147.540,147.585,147.523,147.545,529
2025.08.05,19:15,147.544,147.546,147.478,147.540,495
2025.08.05,19:30,147.539,147.598,147.512,147.565,443
2025.08.05,19:45,147.570,147.648,147.570,147.616,559
2025.08.05,20:00,147.615,147.668,147.613,147.633,559
2025.08.05,20:15,147.635,147.673,147.620,147.641,474
2025.08.05,20:30,147.640,147.657,147.587,147.603,427
2025.08.05,20:45,147.604,147.676,147.596,147.603,549
2025.08.05,21:00,147.602,147.677,147.602,147.660,397
2025.08.05,21:15,147.659,147.691,147.656,147.690,308
2025.08.05,21:30,147.689,147.699,147.643,147.643,309
2025.08.05,21:45,147.644,147.651,147.577,147.603,509
2025.08.05,22:00,147.604,147.614,147.578,147.610,306
2025.08.05,22:15,147.609,147.614,147.554,147.562,299
2025.08.05,22:30,147.565,147.589,147.532,147.532,224
2025.08.05,22:45,147.528,147.606,147.496,147.606,475
2025.08.05,23:00,147.536,147.596,147.498,147.518,44
2025.08.05,23:15,147.518,147.551,147.510,147.550,46
2025.08.05,23:30,147.545,147.577,147.545,147.566,41
2025.08.05,23:45,147.566,147.584,147.553,147.569,98
2025.08.06,00:00,147.540,147.604,147.533,147.592,130
2025.08.06,00:15,147.591,147.593,147.553,147.577,262
2025.08.06,00:30,147.579,147.634,147.578,147.621,187
2025.08.06,00:45,147.620,147.623,147.542,147.557,324
2025.08.06,01:00,147.559,147.607,147.547,147.600,262
2025.08.06,01:15,147.599,147.605,147.563,147.564,233
2025.08.06,01:30,147.563,147.641,147.562,147.605,301
2025.08.06,01:45,147.610,147.614,147.513,147.522,470
2025.08.06,02:00,147.523,147.559,147.444,147.556,709
2025.08.06,02:15,147.557,147.584,147.486,147.581,492
2025.08.06,02:30,147.582,147.586,147.463,147.517,548
2025.08.06,02:45,147.521,147.617,147.485,147.580,746
2025.08.06,03:00,147.579,147.709,147.579,147.606,612
2025.08.06,03:15,147.607,147.724,147.607,147.668,583
2025.08.06,03:30,147.666,147.666,147.589,147.602,432
2025.08.06,03:45,147.600,147.707,147.596,147.690,514
2025.08.06,04:00,147.691,147.743,147.668,147.732,498
2025.08.06,04:15,147.734,147.744,147.523,147.618,647
2025.08.06,04:30,147.619,147.671,147.589,147.621,490
2025.08.06,04:45,147.623,147.636,147.550,147.550,468
2025.08.06,05:00,147.549,147.553,147.463,147.473,449
2025.08.06,05:15,147.474,147.474,147.367,147.389,440
2025.08.06,05:30,147.390,147.422,147.375,147.400,481
2025.08.06,05:45,147.399,147.419,147.330,147.395,482
2025.08.06,06:00,147.396,147.441,147.366,147.408,387
2025.08.06,06:15,147.407,147.423,147.313,147.348,329
2025.08.06,06:30,147.349,147.369,147.303,147.366,337
2025.08.06,06:45,147.367,147.397,147.322,147.340,378
2025.08.06,07:00,147.341,147.425,147.331,147.409,415
2025.08.06,07:15,147.408,147.452,147.402,147.410,373
2025.08.06,07:30,147.411,147.509,147.411,147.487,456
2025.08.06,07:45,147.486,147.539,147.439,147.447,405
2025.08.06,08:00,147.450,147.455,147.357,147.405,783
2025.08.06,08:15,147.407,147.476,147.378,147.475,646
2025.08.06,08:30,147.476,147.514,147.443,147.482,624
2025.08.06,08:45,147.483,147.546,147.471,147.545,598
2025.08.06,09:00,147.547,147.646,147.546,147.635,623
2025.08.06,09:15,147.636,147.688,147.614,147.658,571
2025.08.06,09:30,147.660,147.673,147.580,147.618,487
2025.08.06,09:45,147.617,147.633,147.526,147.559,577
2025.08.06,10:00,147.553,147.621,147.552,147.616,621
2025.08.06,10:15,147.615,147.788,147.594,147.768,659
2025.08.06,10:30,147.767,147.840,147.731,147.733,686
2025.08.06,10:45,147.734,147.824,147.734,147.801,520
2025.08.06,11:00,147.803,147.881,147.800,147.800,627
2025.08.06,11:15,147.802,147.802,147.739,147.772,547
2025.08.06,11:30,147.775,147.798,147.710,147.723,524
2025.08.06,11:45,147.724,147.819,147.721,147.819,483
2025.08.06,12:00,147.822,147.837,147.714,147.714,682
2025.08.06,12:15,147.713,147.733,147.621,147.732,609
2025.08.06,12:30,147.733,147.749,147.639,147.639,563
2025.08.06,12:45,147.640,147.645,147.557,147.575,611
2025.08.06,13:00,147.577,147.650,147.551,147.562,527
2025.08.06,13:15,147.561,147.566,147.470,147.489,520
2025.08.06,13:30,147.483,147.495,147.435,147.454,502
2025.08.06,13:45,147.453,147.547,147.440,147.534,525
2025.08.06,14:00,147.535,147.571,147.519,147.559,486
2025.08.06,14:15,147.552,147.590,147.480,147.518,643
2025.08.06,14:30,147.524,147.569,147.472,147.536,618
2025.08.06,14:45,147.538,147.546,147.404,147.437,755
2025.08.06,15:00,147.438,147.439,147.338,147.339,656
2025.08.06,15:15,147.345,147.389,147.300,147.382,648
2025.08.06,15:30,147.381,147.448,147.312,147.320,787
2025.08.06,15:45,147.322,147.357,147.237,147.239,885
2025.08.06,16:00,147.242,147.400,147.242,147.362,852
2025.08.06,16:15,147.366,147.411,147.256,147.279,720
2025.08.06,16:30,147.281,147.385,147.267,147.376,686
2025.08.06,16:45,147.373,147.430,147.342,147.385,747
2025.08.06,17:00,147.388,147.392,147.228,147.250,725
2025.08.06,17:15,147.255,147.356,147.237,147.343,620
2025.08.06,17:30,147.340,147.655,147.328,147.432,1084
2025.08.06,17:45,147.430,147.430,147.207,147.253,990
2025.08.06,18:00,147.250,147.306,147.209,147.281,767
2025.08.06,18:15,147.278,147.348,147.260,147.307,594
2025.08.06,18:30,147.308,147.356,147.304,147.323,495
2025.08.06,18:45,147.325,147.415,147.323,147.343,756
2025.08.06,19:00,147.344,147.398,147.326,147.352,719
2025.08.06,19:15,147.354,147.374,147.270,147.289,633
2025.08.06,19:30,147.290,147.298,147.218,147.227,639
2025.08.06,19:45,147.226,147.248,147.216,147.236,575
2025.08.06,20:00,147.237,147.269,147.135,147.145,588
2025.08.06,20:15,147.147,147.180,147.083,147.084,632
2025.08.06,20:30,147.082,147.094,146.974,146.994,616
2025.08.06,20:45,146.993,147.068,146.973,147.061,633
2025.08.06,21:00,147.062,147.117,147.062,147.086,513
2025.08.06,21:15,147.087,147.096,147.064,147.093,473
2025.08.06,21:30,147.092,147.134,147.088,147.129,322
2025.08.06,21:45,147.127,147.181,147.127,147.178,430
2025.08.06,22:00,147.181,147.257,147.160,147.252,411
2025.08.06,22:15,147.251,147.277,147.223,147.240,373
2025.08.06,22:30,147.239,147.630,147.223,147.492,742
2025.08.06,22:45,147.493,147.505,147.319,147.353,500
2025.08.06,23:00,147.287,147.405,147.287,147.393,41
2025.08.06,23:15,147.392,147.418,147.384,147.410,56
2025.08.06,23:30,147.405,147.439,147.405,147.427,340
2025.08.06,23:45,147.430,147.455,147.288,147.344,277
2025.08.07,00:00,147.305,147.352,147.199,147.247,275
2025.08.07,00:15,147.248,147.309,147.248,147.302,363
2025.08.07,00:30,147.301,147.309,147.214,147.227,280
2025.08.07,00:45,147.228,147.242,147.200,147.210,230
2025.08.07,01:00,147.226,147.232,147.185,147.228,258
2025.08.07,01:15,147.227,147.227,147.148,147.182,273
2025.08.07,01:30,147.181,147.242,147.168,147.187,300
2025.08.07,01:45,147.186,147.247,147.169,147.189,574
2025.08.07,02:00,147.184,147.358,147.166,147.305,842
2025.08.07,02:15,147.304,147.390,147.286,147.371,602
2025.08.07,02:30,147.370,147.473,147.370,147.472,631
2025.08.07,02:45,147.474,147.594,147.439,147.577,883
2025.08.07,03:00,147.580,147.636,147.535,147.565,769
2025.08.07,03:15,147.563,147.660,147.488,147.624,688
2025.08.07,03:30,147.625,147.680,147.558,147.583,661
2025.08.07,03:45,147.582,147.587,147.477,147.488,629
2025.08.07,04:00,147.487,147.569,147.442,147.460,537
2025.08.07,04:15,147.466,147.551,147.457,147.537,386
2025.08.07,04:30,147.536,147.539,147.452,147.517,433
2025.08.07,04:45,147.515,147.572,147.502,147.560,317
2025.08.07,05:00,147.562,147.634,147.562,147.626,443
2025.08.07,05:15,147.627,147.706,147.583,147.584,537
2025.08.07,05:30,147.574,147.596,147.524,147.573,536
2025.08.07,05:45,147.571,147.575,147.477,147.506,529
2025.08.07,06:00,147.507,147.526,147.436,147.467,456
2025.08.07,06:15,147.469,147.477,147.386,147.409,452
2025.08.07,06:30,147.408,147.427,147.337,147.346,468
2025.08.07,06:45,147.344,147.357,147.264,147.298,505
2025.08.07,07:00,147.300,147.312,147.209,147.267,506
2025.08.07,07:15,147.271,147.328,147.266,147.268,484
2025.08.07,07:30,147.266,147.341,147.255,147.323,472
2025.08.07,07:45,147.324,147.329,147.255,147.272,541
2025.08.07,08:00,147.268,147.298,147.211,147.230,697
2025.08.07,08:15,147.228,147.231,147.097,147.101,736
2025.08.07,08:30,147.102,147.110,146.956,146.975,733
2025.08.07,08:45,146.967,146.967,146.795,146.851,997
2025.08.07,09:00,146.850,146.921,146.804,146.918,812
2025.08.07,09:15,146.924,146.957,146.829,146.834,732
2025.08.07,09:30,146.836,146.842,146.731,146.783,734
2025.08.07,09:45,146.784,146.835,146.686,146.800,711
2025.08.07,10:00,146.804,147.112,146.775,146.991,1005
2025.08.07,10:15,146.989,147.177,146.989,147.084,818
2025.08.07,10:30,147.087,147.120,146.996,147.057,807
2025.08.07,10:45,147.055,147.178,147.054,147.128,745
2025.08.07,11:00,147.125,147.263,147.111,147.216,643
2025.08.07,11:15,147.218,147.271,147.205,147.216,485
2025.08.07,11:30,147.215,147.319,147.213,147.271,558
2025.08.07,11:45,147.272,147.347,147.230,147.340,493
2025.08.07,12:00,147.341,147.395,147.341,147.375,527
2025.08.07,12:15,147.376,147.398,147.331,147.387,475
2025.08.07,12:30,147.389,147.389,147.279,147.337,516
2025.08.07,12:45,147.338,147.380,147.279,147.324,564
2025.08.07,13:00,147.329,147.412,147.252,147.361,909
2025.08.07,13:15,147.360,147.449,147.327,147.424,698
2025.08.07,13:30,147.425,147.490,147.363,147.407,697
2025.08.07,13:45,147.409,147.416,147.286,147.306,651
2025.08.07,14:00,147.305,147.387,147.262,147.350,828
2025.08.07,14:15,147.347,147.354,147.158,147.173,863
2025.08.07,14:30,147.161,147.238,147.017,147.224,1042
2025.08.07,14:45,147.223,147.288,147.139,147.283,815
2025.08.07,15:00,147.281,147.312,147.169,147.209,819
2025.08.07,15:15,147.207,147.297,147.161,147.170,780
2025.08.07,15:30,147.169,147.298,147.108,147.145,1037
2025.08.07,15:45,147.146,147.288,147.141,147.271,963
2025.08.07,16:00,147.273,147.491,147.192,147.248,1221
2025.08.07,16:15,147.256,147.537,147.256,147.467,1083
2025.08.07,16:30,147.468,147.529,147.387,147.478,886
2025.08.07,16:45,147.486,147.527,147.453,147.487,885
2025.08.07,17:00,147.486,147.580,147.432,147.445,926
2025.08.07,17:15,147.443,147.482,147.390,147.406,639
2025.08.07,17:30,147.409,147.419,147.342,147.374,661
2025.08.07,17:45,147.373,147.389,147.320,147.362,593
2025.08.07,18:00,147.349,147.430,147.329,147.416,654
2025.08.07,18:15,147.415,147.422,147.300,147.317,516
2025.08.07,18:30,147.314,147.407,147.307,147.363,472
2025.08.07,18:45,147.361,147.388,147.346,147.358,454
2025.08.07,19:00,147.356,147.452,147.356,147.429,601
2025.08.07,19:15,147.431,147.466,147.401,147.423,573
2025.08.07,19:30,147.422,147.440,147.358,147.368,529
2025.08.07,19:45,147.370,147.432,147.355,147.415,506
2025.08.07,20:00,147.413,147.425,147.383,147.397,462
2025.08.07,20:15,147.398,147.482,147.396,147.465,504
2025.08.07,20:30,147.466,147.529,147.447,147.525,479
2025.08.07,20:45,147.527,147.562,147.496,147.562,552
2025.08.07,21:00,147.561,147.562,147.495,147.497,414
2025.08.07,21:15,147.496,147.508,147.434,147.434,441
2025.08.07,21:30,147.433,147.433,147.048,147.051,943
2025.08.07,21:45,147.056,147.161,146.935,147.077,877
2025.08.07,22:00,147.075,147.089,146.954,147.061,506
2025.08.07,22:15,147.060,147.061,146.965,146.980,408
2025.08.07,22:30,146.981,147.097,146.981,147.084,371
2025.08.07,22:45,147.083,147.147,147.061,147.065,515
2025.08.07,23:00,147.042,147.042,147.027,147.027,3
2025.08.07,23:15,147.044,147.044,147.024,147.025,3
2025.08.07,23:30,147.023,147.104,147.001,147.103,80
2025.08.07,23:45,147.102,147.102,146.992,146.998,67
2025.08.08,00:00,146.978,147.062,146.973,147.033,367
2025.08.08,00:15,147.028,147.052,147.008,147.041,301
2025.08.08,00:30,147.040,147.042,146.810,146.861,678
2025.08.08,00:45,146.862,146.951,146.844,146.946,486
2025.08.08,01:00,146.944,146.955,146.780,146.854,456
2025.08.08,01:15,146.855,146.855,146.755,146.796,468
2025.08.08,01:30,146.793,146.872,146.792,146.844,405
2025.08.08,01:45,146.843,146.864,146.759,146.802,708
2025.08.08,02:00,146.782,147.049,146.717,147.026,1017
2025.08.08,02:15,147.027,147.131,147.026,147.100,724
2025.08.08,02:30,147.101,147.115,147.049,147.062,631
2025.08.08,02:45,147.061,147.189,147.037,147.143,882
2025.08.08,03:00,147.142,147.261,147.128,147.242,622
2025.08.08,03:15,147.243,147.349,147.243,147.286,494
2025.08.08,03:30,147.283,147.368,147.253,147.327,491
2025.08.08,03:45,147.320,147.320,147.231,147.275,526
2025.08.08,04:00,147.282,147.309,147.206,147.290,556
2025.08.08,04:15,147.284,147.284,147.212,147.236,420
2025.08.08,04:30,147.235,147.288,147.177,147.201,400
2025.08.08,04:45,147.200,147.207,147.153,147.195,321
2025.08.08,05:00,147.196,147.256,147.163,147.248,405
2025.08.08,05:15,147.247,147.303,147.237,147.260,411
2025.08.08,05:30,147.261,147.280,147.180,147.198,435
2025.08.08,05:45,147.199,147.242,147.183,147.187,340
2025.08.08,06:00,147.186,147.204,147.138,147.146,509
2025.08.08,06:15,147.145,147.161,147.110,147.154,391
2025.08.08,06:30,147.153,147.205,147.141,147.175,404
2025.08.08,06:45,147.174,147.177,147.136,147.153,367
2025.08.08,07:00,147.161,147.227,147.145,147.219,434
2025.08.08,07:15,147.218,147.288,147.196,147.280,686
2025.08.08,07:30,147.281,147.379,147.273,147.362,653
2025.08.08,07:45,147.361,147.413,147.315,147.404,603
2025.08.08,08:00,147.406,147.428,147.303,147.317,699
2025.08.08,08:15,147.316,147.368,147.241,147.342,686
2025.08.08,08:30,147.343,147.445,147.343,147.410,687
2025.08.08,08:45,147.411,147.424,147.295,147.321,572
2025.08.08,09:00,147.320,147.320,147.130,147.207,737
2025.08.08,09:15,147.208,147.315,147.194,147.296,531
2025.08.08,09:30,147.297,147.381,147.207,147.372,664
2025.08.08,09:45,147.371,147.389,147.275,147.319,688
2025.08.08,10:00,147.311,147.328,147.199,147.207,659
2025.08.08,10:15,147.206,147.299,147.155,147.284,692
2025.08.08,10:30,147.286,147.481,147.279,147.468,806
2025.08.08,10:45,147.467,147.689,147.467,147.643,778
2025.08.08,11:00,147.642,147.655,147.541,147.581,694
2025.08.08,11:15,147.583,147.693,147.582,147.685,648
2025.08.08,11:30,147.684,147.712,147.605,147.667,709
2025.08.08,11:45,147.666,147.720,147.586,147.699,686
2025.08.08,12:00,147.706,147.726,147.637,147.685,596
2025.08.08,12:15,147.684,147.767,147.676,147.751,567
2025.08.08,12:30,147.754,147.832,147.739,147.816,528
2025.08.08,12:45,147.815,147.831,147.781,147.799,496
2025.08.08,13:00,147.796,147.825,147.747,147.807,570
2025.08.08,13:15,147.810,147.845,147.776,147.783,589
2025.08.08,13:30,147.784,147.791,147.706,147.741,522
2025.08.08,13:45,147.739,147.836,147.717,147.807,600
2025.08.08,14:00,147.814,147.837,147.781,147.825,709
2025.08.08,14:15,147.824,147.888,147.770,147.772,724
2025.08.08,14:30,147.769,147.780,147.632,147.708,825
2025.08.08,14:45,147.709,147.857,147.685,147.839,829
2025.08.08,15:00,147.840,147.840,147.716,147.723,761
2025.08.08,15:15,147.726,147.784,147.699,147.718,715
2025.08.08,15:30,147.716,147.776,147.642,147.776,764
2025.08.08,15:45,147.777,147.897,147.773,147.874,766
2025.08.08,16:00,147.881,147.894,147.702,147.738,908
2025.08.08,16:15,147.741,147.796,147.685,147.774,780
2025.08.08,16:30,147.778,147.832,147.706,147.804,690
2025.08.08,16:45,147.805,147.840,147.729,147.812,710
2025.08.08,17:00,147.813,147.828,147.705,147.733,657
2025.08.08,17:15,147.734,147.747,147.667,147.728,653
2025.08.08,17:30,147.729,147.739,147.631,147.699,670
2025.08.08,17:45,147.694,147.724,147.677,147.700,566
2025.08.08,18:00,147.702,147.793,147.673,147.786,645
2025.08.08,18:15,147.788,147.831,147.729,147.732,596
2025.08.08,18:30,147.733,147.736,147.694,147.717,498
2025.08.08,18:45,147.716,147.760,147.694,147.734,439
2025.08.08,19:00,147.733,147.737,147.695,147.698,533
2025.08.08,19:15,147.697,147.703,147.660,147.699,457
2025.08.08,19:30,147.700,147.711,147.657,147.673,479
2025.08.08,19:45,147.674,147.746,147.655,147.740,453
2025.08.08,20:00,147.733,147.762,147.649,147.671,819
2025.08.08,20:15,147.670,147.673,147.628,147.647,665
2025.08.08,20:30,147.648,147.730,147.627,147.707,574
2025.08.08,20:45,147.710,147.772,147.660,147.660,616
2025.08.08,21:00,147.662,147.718,147.641,147.704,517
2025.08.08,21:15,147.703,147.808,147.694,147.773,598
2025.08.08,21:30,147.772,147.814,147.730,147.742,538
2025.08.08,21:45,147.740,147.758,147.698,147.751,543
2025.08.10,23:00,147.385,147.595,147.381,147.591,756
2025.08.10,23:15,147.590,147.607,147.564,147.592,1179
2025.08.10,23:30,147.593,147.623,147.506,147.539,141
2025.08.10,23:45,147.556,147.651,147.519,147.565,94
2025.08.11,00:00,147.574,147.762,147.574,147.665,295
2025.08.11,00:15,147.666,147.742,147.643,147.732,243
2025.08.11,00:30,147.739,147.784,147.735,147.778,337
2025.08.11,00:45,147.777,147.777,147.729,147.729,194
2025.08.11,01:00,147.727,147.767,147.702,147.720,257
2025.08.11,01:15,147.722,147.722,147.635,147.668,292
2025.08.11,01:30,147.667,147.678,147.621,147.651,230
2025.08.11,01:45,147.645,147.681,147.621,147.652,404
2025.08.11,02:00,147.651,147.691,147.598,147.614,598
2025.08.11,02:15,147.613,147.659,147.569,147.634,461
2025.08.11,02:30,147.635,147.727,147.630,147.711,391
2025.08.11,02:45,147.710,147.739,147.654,147.655,575
2025.08.11,03:00,147.659,147.694,147.625,147.656,648
2025.08.11,03:15,147.658,147.711,147.648,147.674,419
2025.08.11,03:30,147.670,147.688,147.588,147.647,529
2025.08.11,03:45,147.648,147.658,147.591,147.607,430
2025.08.11,04:00,147.609,147.613,147.544,147.571,514
2025.08.11,04:15,147.570,147.604,147.539,147.559,406
2025.08.11,04:30,147.558,147.568,147.517,147.541,276
2025.08.11,04:45,147.539,147.569,147.525,147.553,304
2025.08.11,05:00,147.554,147.596,147.525,147.537,357
2025.08.11,05:15,147.538,147.539,147.455,147.472,430
2025.08.11,05:30,147.469,147.500,147.442,147.453,321
2025.08.11,05:45,147.454,147.484,147.427,147.474,379
2025.08.11,06:00,147.473,147.481,147.435,147.438,312
2025.08.11,06:15,147.436,147.468,147.423,147.464,344
2025.08.11,06:30,147.463,147.487,147.441,147.458,384
2025.08.11,06:45,147.456,147.489,147.445,147.477,353
2025.08.11,07:00,147.478,147.515,147.478,147.497,412
2025.08.11,07:15,147.499,147.512,147.470,147.505,392
2025.08.11,07:30,147.507,147.528,147.487,147.511,355
2025.08.11,07:45,147.513,147.527,147.476,147.516,390
2025.08.11,08:00,147.518,147.524,147.467,147.499,575
2025.08.11,08:15,147.500,147.557,147.495,147.553,433
2025.08.11,08:30,147.550,147.579,147.530,147.579,483
2025.08.11,08:45,147.580,147.603,147.564,147.587,587
2025.08.11,09:00,147.586,147.657,147.576,147.580,589
2025.08.11,09:15,147.579,147.597,147.545,147.576,484
2025.08.11,09:30,147.569,147.587,147.380,147.406,557
2025.08.11,09:45,147.405,147.461,147.352,147.384,622
2025.08.11,10:00,147.382,147.433,147.345,147.381,651
2025.08.11,10:15,147.382,147.442,147.370,147.406,645
2025.08.11,10:30,147.404,147.483,147.383,147.479,579
2025.08.11,10:45,147.480,147.544,147.480,147.502,487
2025.08.11,11:00,147.517,147.540,147.480,147.536,520
2025.08.11,11:15,147.537,147.608,147.537,147.582,515
2025.08.11,11:30,147.585,147.646,147.585,147.624,462
2025.08.11,11:45,147.625,147.702,147.609,147.685,546
2025.08.11,12:00,147.679,147.728,147.670,147.712,442
2025.08.11,12:15,147.710,147.721,147.663,147.675,327
2025.08.11,12:30,147.676,147.708,147.672,147.683,326
2025.08.11,12:45,147.685,147.739,147.676,147.730,396
2025.08.11,13:00,147.731,147.789,147.715,147.770,462
2025.08.11,13:15,147.768,147.898,147.764,147.865,584
2025.08.11,13:30,147.867,147.896,147.852,147.860,543
2025.08.11,13:45,147.859,147.940,147.799,147.862,622
2025.08.11,14:00,147.858,147.938,147.841,147.910,556
2025.08.11,14:15,147.913,147.936,147.825,147.889,663
2025.08.11,14:30,147.888,147.944,147.860,147.871,682
2025.08.11,14:45,147.862,147.880,147.803,147.805,555
2025.08.11,15:00,147.804,147.885,147.782,147.858,612
2025.08.11,15:15,147.860,147.918,147.825,147.880,563
2025.08.11,15:30,147.879,147.938,147.862,147.878,800
2025.08.11,15:45,147.877,147.925,147.829,147.881,716
2025.08.11,16:00,147.880,148.039,147.870,147.966,826
2025.08.11,16:15,147.967,148.008,147.946,148.008,668
2025.08.11,16:30,148.009,148.033,147.961,147.982,652
2025.08.11,16:45,147.981,148.068,147.979,148.043,682
2025.08.11,17:00,148.044,148.085,147.992,148.046,641
2025.08.11,17:15,148.047,148.108,147.960,147.970,588
2025.08.11,17:30,147.971,148.004,147.940,147.959,555
2025.08.11,17:45,147.958,148.016,147.939,147.992,501
2025.08.11,18:00,147.990,148.008,147.936,147.947,546
2025.08.11,18:15,147.948,147.948,147.907,147.939,403
2025.08.11,18:30,147.938,148.008,147.936,148.007,466
2025.08.11,18:45,148.001,148.023,147.984,147.986,380
2025.08.11,19:00,147.981,148.047,147.972,148.045,500
2025.08.11,19:15,148.046,148.063,148.028,148.036,561
2025.08.11,19:30,148.035,148.053,147.987,147.990,608
2025.08.11,19:45,147.991,148.017,147.966,147.989,566
2025.08.11,20:00,147.988,148.014,147.978,148.011,372
2025.08.11,20:15,148.012,148.038,148.002,148.013,393
2025.08.11,20:30,148.002,148.095,148.000,148.077,492
2025.08.11,20:45,148.078,148.161,148.074,148.131,592
2025.08.11,21:00,148.129,148.155,148.117,148.142,403
2025.08.11,21:15,148.143,148.187,148.132,148.172,391
2025.08.11,21:30,148.174,148.204,148.166,148.187,367
2025.08.11,21:45,148.188,148.235,148.188,148.224,410
2025.08.11,22:00,148.226,148.248,148.180,148.181,278
2025.08.11,22:15,148.180,148.185,148.109,148.112,256
2025.08.11,22:30,148.111,148.125,148.091,148.102,235
2025.08.11,22:45,148.097,148.145,148.097,148.132,360
2025.08.11,23:00,148.011,148.088,147.966,148.039,80
2025.08.11,23:15,148.034,148.112,148.034,148.073,99
2025.08.11,23:30,148.069,148.131,148.067,148.119,90
2025.08.11,23:45,148.118,148.127,148.095,148.099,51
2025.08.12,00:00,148.082,148.209,148.078,148.186,147
2025.08.12,00:15,148.187,148.187,148.135,148.153,224
2025.08.12,00:30,148.155,148.224,148.153,148.219,251
2025.08.12,00:45,148.220,148.232,148.188,148.190,236
2025.08.12,01:00,148.207,148.217,148.187,148.198,202
2025.08.12,01:15,148.197,148.207,148.161,148.165,145
2025.08.12,01:30,148.166,148.198,148.164,148.182,219
2025.08.12,01:45,148.183,148.183,148.115,148.146,382
2025.08.12,02:00,148.147,148.266,148.127,148.249,708
2025.08.12,02:15,148.250,148.359,148.235,148.303,772
2025.08.12,02:30,148.308,148.361,148.276,148.335,575
2025.08.12,02:45,148.336,148.427,148.301,148.401,693
2025.08.12,03:00,148.402,148.402,148.250,148.300,570
2025.08.12,03:15,148.303,148.380,148.294,148.344,479
2025.08.12,03:30,148.337,148.337,148.205,148.226,540
2025.08.12,03:45,148.229,148.299,148.227,148.298,493
2025.08.12,04:00,148.299,148.329,148.254,148.313,447
2025.08.12,04:15,148.314,148.338,148.277,148.289,396
2025.08.12,04:30,148.288,148.320,148.259,148.310,328
2025.08.12,04:45,148.311,148.334,148.285,148.291,395
2025.08.12,05:00,148.290,148.322,148.264,148.297,343
2025.08.12,05:15,148.296,148.383,148.296,148.371,347
2025.08.12,05:30,148.372,148.422,148.368,148.400,482
2025.08.12,05:45,148.398,148.439,148.371,148.411,431
2025.08.12,06:00,148.412,148.440,148.389,148.421,394
2025.08.12,06:15,148.423,148.439,148.409,148.422,333
2025.08.12,06:30,148.420,148.440,148.386,148.402,469
2025.08.12,06:45,148.401,148.403,148.342,148.349,410
2025.08.12,07:00,148.348,148.398,148.283,148.322,725
2025.08.12,07:15,148.323,148.338,148.277,148.288,532
2025.08.12,07:30,148.284,148.293,148.243,148.254,594
2025.08.12,07:45,148.256,148.355,148.232,148.333,584
2025.08.12,08:00,148.335,148.397,148.289,148.315,735
2025.08.12,08:15,148.313,148.323,148.234,148.283,605
2025.08.12,08:30,148.284,148.314,148.142,148.188,730
2025.08.12,08:45,148.190,148.280,148.190,148.266,557
2025.08.12,09:00,148.263,148.325,148.263,148.305,602
2025.08.12,09:15,148.308,148.363,148.266,148.268,621
2025.08.12,09:30,148.265,148.281,148.224,148.233,561
2025.08.12,09:45,148.234,148.269,148.201,148.259,540
2025.08.12,10:00,148.260,148.333,148.256,148.274,570
2025.08.12,10:15,148.272,148.328,148.268,148.322,497
2025.08.12,10:30,148.323,148.457,148.322,148.442,529
2025.08.12,10:45,148.443,148.461,148.411,148.421,349
2025.08.12,11:00,148.420,148.460,148.382,148.419,483
2025.08.12,11:15,148.420,148.431,148.374,148.401,458
2025.08.12,11:30,148.403,148.439,148.346,148.432,439
2025.08.12,11:45,148.434,148.478,148.410,148.466,489
2025.08.12,12:00,148.468,148.477,148.397,148.401,477
2025.08.12,12:15,148.403,148.434,148.365,148.430,371
2025.08.12,12:30,148.429,148.461,148.427,148.443,348
2025.08.12,12:45,148.444,148.472,148.420,148.461,341
2025.08.12,13:00,148.460,148.477,148.444,148.472,427
2025.08.12,13:15,148.471,148.486,148.454,148.467,419
2025.08.12,13:30,148.468,148.490,148.441,148.457,522
2025.08.12,13:45,148.456,148.486,148.437,148.437,545
2025.08.12,14:00,148.434,148.477,148.404,148.476,668
2025.08.12,14:15,148.469,148.515,148.434,148.437,676
2025.08.12,14:30,148.377,148.377,147.853,148.078,1834
2025.08.12,14:45,148.045,148.120,147.907,148.034,1372
2025.08.12,15:00,148.037,148.187,147.945,148.153,1234
2025.08.12,15:15,148.152,148.405,148.087,148.391,1061
2025.08.12,15:30,148.396,148.441,147.992,148.011,1182
2025.08.12,15:45,148.044,148.256,147.907,148.199,1450
2025.08.12,16:00,148.198,148.341,148.070,148.331,1154
2025.08.12,16:15,148.330,148.396,148.235,148.309,987
2025.08.12,16:30,148.310,148.347,148.139,148.160,950
2025.08.12,16:45,148.159,148.213,148.083,148.156,883
2025.08.12,17:00,148.155,148.172,148.018,148.098,821
2025.08.12,17:15,148.097,148.127,147.752,147.801,791
2025.08.12,17:30,147.803,147.907,147.574,147.588,1107
2025.08.12,17:45,147.580,147.814,147.574,147.801,840
2025.08.12,18:00,147.802,147.846,147.782,147.820,810
2025.08.12,18:15,147.821,147.856,147.719,147.734,667
2025.08.12,18:30,147.735,147.760,147.653,147.737,694
2025.08.12,18:45,147.738,147.775,147.680,147.708,662
2025.08.12,19:00,147.706,147.790,147.691,147.691,706
2025.08.12,19:15,147.692,147.765,147.689,147.721,683
2025.08.12,19:30,147.720,147.788,147.697,147.699,609
2025.08.12,19:45,147.700,147.768,147.684,147.761,603
2025.08.12,20:00,147.773,147.794,147.711,147.751,444
2025.08.12,20:15,147.749,147.800,147.721,147.778,505
2025.08.12,20:30,147.775,147.778,147.687,147.735,469
2025.08.12,20:45,147.732,147.749,147.718,147.731,371
2025.08.12,21:00,147.732,147.775,147.709,147.752,397
2025.08.12,21:15,147.748,147.779,147.712,147.712,358
2025.08.12,21:30,147.713,147.733,147.694,147.726,335
2025.08.12,21:45,147.727,147.759,147.720,147.755,341
2025.08.12,22:00,147.754,147.771,147.743,147.752,233
2025.08.12,22:15,147.753,147.803,147.753,147.802,303
2025.08.12,22:30,147.803,147.869,147.801,147.816,216
2025.08.12,22:45,147.814,147.858,147.781,147.828,358
2025.08.12,23:00,147.746,147.764,147.688,147.756,41
2025.08.12,23:15,147.758,147.797,147.758,147.794,56
2025.08.12,23:30,147.791,147.849,147.790,147.847,49
2025.08.12,23:45,147.848,147.853,147.820,147.828,173
2025.08.13,00:00,147.829,147.843,147.774,147.812,152
2025.08.13,00:15,147.813,147.813,147.763,147.790,230
2025.08.13,00:30,147.791,147.816,147.768,147.785,183
2025.08.13,00:45,147.788,147.806,147.760,147.788,182
2025.08.13,01:00,147.787,147.810,147.741,147.794,248
2025.08.13,01:15,147.795,147.815,147.766,147.798,200
2025.08.13,01:30,147.797,147.814,147.730,147.733,207
2025.08.13,01:45,147.738,147.779,147.737,147.770,448
2025.08.13,02:00,147.769,147.889,147.696,147.828,686
2025.08.13,02:15,147.826,147.852,147.752,147.762,607
2025.08.13,02:30,147.760,147.773,147.725,147.736,550
2025.08.13,02:45,147.735,147.811,147.729,147.796,744
2025.08.13,03:00,147.795,147.856,147.727,147.847,571
2025.08.13,03:15,147.849,147.947,147.836,147.940,606
2025.08.13,03:30,147.944,147.996,147.915,147.975,645
2025.08.13,03:45,147.971,148.083,147.953,148.050,629
2025.08.13,04:00,148.051,148.151,148.041,148.132,519
2025.08.13,04:15,148.131,148.163,148.087,148.111,418
2025.08.13,04:30,148.112,148.113,148.027,148.071,517
2025.08.13,04:45,148.069,148.076,148.023,148.040,501
2025.08.13,05:00,148.042,148.102,148.012,148.036,471
2025.08.13,05:15,148.037,148.103,148.023,148.068,340
2025.08.13,05:30,148.072,148.072,147.957,147.971,476
2025.08.13,05:45,147.972,148.026,147.966,147.997,492
2025.08.13,06:00,147.999,148.070,147.980,148.024,536
2025.08.13,06:15,148.023,148.077,147.992,148.064,461
2025.08.13,06:30,148.065,148.097,147.997,148.003,498
2025.08.13,06:45,148.004,148.018,147.926,147.926,530
2025.08.13,07:00,147.925,147.967,147.916,147.956,476
2025.08.13,07:15,147.957,147.998,147.949,147.969,377
2025.08.13,07:30,147.970,148.004,147.962,147.977,457
2025.08.13,07:45,147.976,147.986,147.891,147.926,475
2025.08.13,08:00,147.929,147.942,147.848,147.885,700
2025.08.13,08:15,147.886,147.892,147.792,147.840,640
2025.08.13,08:30,147.839,147.846,147.739,147.760,627
2025.08.13,08:45,147.759,147.789,147.716,147.778,524
2025.08.13,09:00,147.781,147.789,147.544,147.550,629
2025.08.13,09:15,147.549,147.589,147.478,147.502,660
2025.08.13,09:30,147.501,147.513,147.397,147.505,612
2025.08.13,09:45,147.506,147.529,147.436,147.522,630
2025.08.13,10:00,147.525,147.529,147.436,147.438,691
2025.08.13,10:15,147.436,147.439,147.319,147.341,695
2025.08.13,10:30,147.340,147.370,147.276,147.334,576
2025.08.13,10:45,147.338,147.338,147.197,147.263,649
2025.08.13,11:00,147.262,147.262,147.179,147.195,525
2025.08.13,11:15,147.194,147.232,147.174,147.222,547
2025.08.13,11:30,147.220,147.266,147.196,147.213,469
2025.08.13,11:45,147.214,147.231,147.203,147.212,449
2025.08.13,12:00,147.211,147.290,147.185,147.250,517
2025.08.13,12:15,147.251,147.311,147.224,147.295,471
2025.08.13,12:30,147.294,147.347,147.275,147.340,445
2025.08.13,12:45,147.342,147.412,147.333,147.405,478
2025.08.13,13:00,147.402,147.490,147.396,147.485,464
2025.08.13,13:15,147.484,147.536,147.478,147.511,513
2025.08.13,13:30,147.510,147.562,147.471,147.497,599
2025.08.13,13:45,147.498,147.500,147.269,147.277,800
2025.08.13,14:00,147.278,147.297,147.152,147.236,810
2025.08.13,14:15,147.235,147.286,147.173,147.251,731
2025.08.13,14:30,147.250,147.417,147.248,147.390,646
2025.08.13,14:45,147.394,147.486,147.363,147.403,714
2025.08.13,15:00,147.402,147.428,147.328,147.369,703
2025.08.13,15:15,147.370,147.416,147.328,147.347,570
2025.08.13,15:30,147.330,147.381,147.298,147.340,693
2025.08.13,15:45,147.339,147.386,147.185,147.193,794
2025.08.13,16:00,147.201,147.233,147.126,147.200,806
2025.08.13,16:15,147.197,147.244,147.121,147.145,727
2025.08.13,16:30,147.143,147.191,147.123,147.179,681
2025.08.13,16:45,147.177,147.228,147.095,147.142,839
2025.08.13,17:00,147.141,147.199,147.088,147.195,783
2025.08.13,17:15,147.190,147.255,147.165,147.237,617
2025.08.13,17:30,147.238,147.248,147.180,147.200,541
2025.08.13,17:45,147.198,147.307,147.198,147.243,614
2025.08.13,18:00,147.244,147.283,147.211,147.219,440
2025.08.13,18:15,147.222,147.301,147.210,147.258,441
2025.08.13,18:30,147.260,147.310,147.249,147.286,479
2025.08.13,18:45,147.287,147.345,147.280,147.341,418
2025.08.13,19:00,147.343,147.383,147.338,147.376,569
2025.08.13,19:15,147.377,147.388,147.315,147.333,499
2025.08.13,19:30,147.336,147.370,147.323,147.360,403
2025.08.13,19:45,147.361,147.420,147.347,147.385,483
2025.08.13,20:00,147.384,147.498,147.384,147.481,488
2025.08.13,20:15,147.480,147.508,147.465,147.472,440
2025.08.13,20:30,147.471,147.485,147.434,147.472,406
2025.08.13,20:45,147.473,147.479,147.412,147.427,491
2025.08.13,21:00,147.429,147.469,147.429,147.460,402
2025.08.13,21:15,147.461,147.468,147.380,147.405,470
2025.08.13,21:30,147.406,147.444,147.402,147.437,489
2025.08.13,21:45,147.438,147.452,147.425,147.441,357
2025.08.13,22:00,147.445,147.453,147.427,147.428,233
2025.08.13,22:15,147.427,147.429,147.347,147.351,324
2025.08.13,22:30,147.348,147.387,147.334,147.337,255
2025.08.13,22:45,147.341,147.409,147.318,147.362,494
2025.08.13,23:00,147.320,147.386,147.320,147.369,26
2025.08.13,23:15,147.370,147.374,147.366,147.366,22
2025.08.13,23:30,147.370,147.371,147.356,147.357,40
2025.08.13,23:45,147.356,147.361,147.283,147.294,44
2025.08.14,00:00,147.273,147.360,147.273,147.287,133
2025.08.14,00:15,147.286,147.305,147.270,147.300,170
2025.08.14,00:30,147.301,147.302,147.246,147.269,217
2025.08.14,00:45,147.268,147.273,147.251,147.257,204
2025.08.14,01:00,147.254,147.254,147.196,147.211,238
2025.08.14,01:15,147.212,147.254,147.175,147.177,283
2025.08.14,01:30,147.176,147.183,147.144,147.176,275
2025.08.14,01:45,147.177,147.179,147.110,147.117,343
2025.08.14,02:00,147.116,147.118,146.843,146.884,876
2025.08.14,02:15,146.883,146.883,146.760,146.801,848
2025.08.14,02:30,146.800,146.829,146.714,146.720,813
2025.08.14,02:45,146.721,146.752,146.615,146.680,929
2025.08.14,03:00,146.687,146.687,146.423,146.456,1046
2025.08.14,03:15,146.457,146.489,146.382,146.463,883
2025.08.14,03:30,146.461,146.606,146.448,146.539,800
2025.08.14,03:45,146.537,146.537,146.368,146.493,782
2025.08.14,04:00,146.494,146.593,146.494,146.506,709
2025.08.14,04:15,146.505,146.693,146.505,146.692,715
2025.08.14,04:30,146.693,146.729,146.604,146.605,641
2025.08.14,04:45,146.604,146.699,146.604,146.694,681
2025.08.14,05:00,146.695,146.746,146.654,146.700,532
2025.08.14,05:15,146.698,146.721,146.667,146.679,561
2025.08.14,05:30,146.680,146.686,146.539,146.570,548
2025.08.14,05:45,146.571,146.617,146.538,146.543,534
2025.08.14,06:00,146.547,146.561,146.439,146.440,507
2025.08.14,06:15,146.439,146.441,146.357,146.427,640
2025.08.14,06:30,146.426,146.464,146.372,146.410,455
2025.08.14,06:45,146.408,146.447,146.332,146.379,530
2025.08.14,07:00,146.380,146.471,146.380,146.460,562
2025.08.14,07:15,146.463,146.536,146.442,146.522,560
2025.08.14,07:30,146.524,146.563,146.432,146.435,561
2025.08.14,07:45,146.436,146.488,146.386,146.463,598
2025.08.14,08:00,146.463,146.506,146.224,146.298,881
2025.08.14,08:15,146.298,146.369,146.208,146.227,771
2025.08.14,08:30,146.224,146.409,146.212,146.368,811
2025.08.14,08:45,146.368,146.519,146.368,146.478,770
2025.08.14,09:00,146.477,146.480,146.320,146.359,853
2025.08.14,09:15,146.360,146.469,146.321,146.386,805
2025.08.14,09:30,146.384,146.464,146.306,146.442,794
2025.08.14,09:45,146.441,146.579,146.441,146.546,751
2025.08.14,10:00,146.547,146.627,146.500,146.538,723
2025.08.14,10:15,146.545,146.548,146.469,146.472,680
2025.08.14,10:30,146.470,146.531,146.419,146.526,594
2025.08.14,10:45,146.523,146.628,146.517,146.547,623
2025.08.14,11:00,146.546,146.606,146.431,146.488,676
2025.08.14,11:15,146.489,146.540,146.456,146.522,605
2025.08.14,11:30,146.520,146.551,146.464,146.540,498
2025.08.14,11:45,146.541,146.648,146.541,146.626,560
2025.08.14,12:00,146.629,146.664,146.597,146.606,608
2025.08.14,12:15,146.609,146.610,146.494,146.502,548
2025.08.14,12:30,146.495,146.572,146.428,146.563,549
2025.08.14,12:45,146.561,146.587,146.500,146.521,559
2025.08.14,13:00,146.524,146.555,146.431,146.440,517
2025.08.14,13:15,146.439,146.560,146.437,146.542,506
2025.08.14,13:30,146.540,146.624,146.517,146.573,527
2025.08.14,13:45,146.571,146.599,146.491,146.491,635
2025.08.14,14:00,146.485,146.542,146.475,146.524,619
2025.08.14,14:15,146.521,146.556,146.421,146.445,790
2025.08.14,14:30,146.445,147.101,146.445,146.785,1682
2025.08.14,14:45,146.787,147.030,146.711,146.948,1174
2025.08.14,15:00,146.949,147.092,146.942,147.061,1187
2025.08.14,15:15,147.065,147.284,146.987,147.269,1140
2025.08.14,15:30,147.275,147.377,147.220,147.362,1018
2025.08.14,15:45,147.361,147.413,147.311,147.412,905
2025.08.14,16:00,147.411,147.554,147.393,147.447,1032
2025.08.14,16:15,147.449,147.470,147.393,147.397,851
2025.08.14,16:30,147.395,147.472,147.359,147.472,753
2025.08.14,16:45,147.471,147.495,147.388,147.476,802
2025.08.14,17:00,147.477,147.751,147.470,147.727,967
2025.08.14,17:15,147.728,147.772,147.673,147.711,794
2025.08.14,17:30,147.712,147.799,147.695,147.763,843
2025.08.14,17:45,147.762,147.795,147.683,147.687,730
2025.08.14,18:00,147.685,147.840,147.683,147.831,765
2025.08.14,18:15,147.830,147.887,147.826,147.832,710
2025.08.14,18:30,147.834,147.852,147.765,147.831,523
2025.08.14,18:45,147.833,147.878,147.817,147.843,563
2025.08.14,19:00,147.844,147.844,147.756,147.772,537
2025.08.14,19:15,147.770,147.817,147.746,147.806,469
2025.08.14,19:30,147.805,147.902,147.805,147.880,526
2025.08.14,19:45,147.879,147.883,147.815,147.862,494
2025.08.14,20:00,147.859,147.953,147.853,147.926,622
2025.08.14,20:15,147.925,147.928,147.867,147.868,477
2025.08.14,20:30,147.869,147.898,147.860,147.894,413
2025.08.14,20:45,147.896,147.897,147.847,147.871,533
2025.08.14,21:00,147.872,147.874,147.808,147.818,547
2025.08.14,21:15,147.820,147.830,147.810,147.810,460
2025.08.14,21:30,147.811,147.818,147.766,147.782,312
2025.08.14,21:45,147.783,147.829,147.763,147.774,413
2025.08.14,22:00,147.776,147.777,147.727,147.751,291
2025.08.14,22:15,147.752,147.776,147.743,147.756,218
2025.08.14,22:30,147.758,147.778,147.749,147.767,266
2025.08.14,22:45,147.761,147.768,147.723,147.766,580
2025.08.14,23:00,147.798,147.859,147.782,147.850,117
2025.08.14,23:15,147.850,147.857,147.734,147.769,220
2025.08.14,23:30,147.769,147.801,147.769,147.774,171
2025.08.14,23:45,147.775,147.784,147.761,147.768,38
2025.08.15,00:00,147.736,147.769,147.736,147.768,123
2025.08.15,00:15,147.767,147.792,147.767,147.792,215
2025.08.15,00:30,147.791,147.791,147.774,147.790,260
2025.08.15,00:45,147.791,147.802,147.770,147.771,150
2025.08.15,01:00,147.770,147.861,147.770,147.861,216
2025.08.15,01:15,147.862,147.864,147.788,147.794,198
2025.08.15,01:30,147.795,147.819,147.728,147.739,309
2025.08.15,01:45,147.738,147.783,147.660,147.679,459
2025.08.15,02:00,147.682,147.722,147.624,147.656,601
2025.08.15,02:15,147.649,147.660,147.599,147.658,504
2025.08.15,02:30,147.659,147.660,147.585,147.626,418
2025.08.15,02:45,147.627,147.651,147.461,147.478,820
2025.08.15,03:00,147.476,147.509,147.428,147.433,596
2025.08.15,03:15,147.431,147.450,147.361,147.393,671
2025.08.15,03:30,147.403,147.487,147.256,147.292,624
2025.08.15,03:45,147.294,147.299,147.196,147.280,598
2025.08.15,04:00,147.281,147.316,147.245,147.300,451
2025.08.15,04:15,147.302,147.387,147.301,147.338,539
2025.08.15,04:30,147.333,147.340,147.259,147.322,462
2025.08.15,04:45,147.321,147.333,147.271,147.281,441
2025.08.15,05:00,147.280,147.289,147.199,147.253,549
2025.08.15,05:15,147.254,147.292,147.250,147.280,408
2025.08.15,05:30,147.279,147.287,147.213,147.231,388
2025.08.15,05:45,147.232,147.232,147.175,147.222,488
2025.08.15,06:00,147.221,147.228,147.152,147.165,450
2025.08.15,06:15,147.164,147.187,147.110,147.133,318
2025.08.15,06:30,147.132,147.168,147.128,147.164,324
2025.08.15,06:45,147.163,147.169,147.118,147.134,312
2025.08.15,07:00,147.135,147.149,147.042,147.088,419
2025.08.15,07:15,147.089,147.133,147.055,147.090,334
2025.08.15,07:30,147.098,147.138,147.089,147.134,382
2025.08.15,07:45,147.135,147.167,147.100,147.146,479
2025.08.15,08:00,147.150,147.171,147.048,147.089,762
2025.08.15,08:15,147.092,147.217,147.090,147.163,735
2025.08.15,08:30,147.164,147.164,147.088,147.133,700
2025.08.15,08:45,147.131,147.154,147.043,147.093,710
2025.08.15,09:00,147.091,147.153,146.991,147.068,751
2025.08.15,09:15,147.069,147.173,147.046,147.173,531
2025.08.15,09:30,147.172,147.217,147.102,147.108,464
2025.08.15,09:45,147.109,147.142,146.973,147.001,636
2025.08.15,10:00,147.000,147.006,146.899,146.935,732
2025.08.15,10:15,146.936,146.962,146.898,146.935,603
2025.08.15,10:30,146.938,146.978,146.878,146.915,540
2025.08.15,10:45,146.916,146.930,146.849,146.852,603
2025.08.15,11:00,146.851,146.883,146.785,146.804,594
2025.08.15,11:15,146.803,146.821,146.752,146.776,494
2025.08.15,11:30,146.777,146.868,146.766,146.835,472
2025.08.15,11:45,146.833,146.908,146.823,146.889,471
2025.08.15,12:00,146.888,146.897,146.798,146.888,435
2025.08.15,12:15,146.889,146.896,146.855,146.895,334
2025.08.15,12:30,146.894,146.927,146.830,146.926,341
2025.08.15,12:45,146.925,146.962,146.894,146.948,438
2025.08.15,13:00,146.952,146.984,146.905,146.952,420
2025.08.15,13:15,146.950,146.979,146.918,146.977,377
2025.08.15,13:30,146.979,147.012,146.957,146.993,424
2025.08.15,13:45,146.992,147.053,146.971,146.984,531
2025.08.15,14:00,146.981,147.001,146.938,146.946,594
2025.08.15,14:15,146.945,147.083,146.943,147.051,653
2025.08.15,14:30,147.009,147.267,146.735,146.859,1355
2025.08.15,14:45,146.857,147.018,146.814,146.885,843
2025.08.15,15:00,146.884,146.948,146.764,146.933,904
2025.08.15,15:15,146.932,147.078,146.924,147.027,872
2025.08.15,15:30,147.025,147.094,146.938,146.976,977
2025.08.15,15:45,146.978,146.984,146.831,146.961,887
2025.08.15,16:00,146.933,147.043,146.890,146.914,943
2025.08.15,16:15,146.916,146.970,146.833,146.862,815
2025.08.15,16:30,146.877,146.935,146.810,146.823,693
2025.08.15,16:45,146.824,146.865,146.795,146.844,748
2025.08.15,17:00,146.851,146.991,146.809,146.983,707
2025.08.15,17:15,146.984,146.985,146.873,146.896,578
2025.08.15,17:30,146.897,146.972,146.851,146.937,573
2025.08.15,17:45,146.935,147.039,146.935,147.001,592
2025.08.15,18:00,147.002,147.082,146.999,147.056,587
2025.08.15,18:15,147.055,147.111,147.050,147.107,506
2025.08.15,18:30,147.103,147.177,147.103,147.152,511
2025.08.15,18:45,147.153,147.260,147.149,147.195,571
2025.08.15,19:00,147.196,147.233,147.194,147.217,440
2025.08.15,19:15,147.219,147.283,147.208,147.283,498
2025.08.15,19:30,147.282,147.326,147.248,147.249,445
2025.08.15,19:45,147.251,147.287,147.218,147.234,477
2025.08.15,20:00,147.232,147.305,147.208,147.220,493
2025.08.15,20:15,147.221,147.243,147.198,147.229,491
2025.08.15,20:30,147.231,147.252,147.206,147.237,394
2025.08.15,20:45,147.239,147.252,147.199,147.204,426
2025.08.15,21:00,147.205,147.229,147.195,147.217,458
2025.08.15,21:15,147.215,147.238,147.203,147.208,396
2025.08.15,21:30,147.205,147.238,147.188,147.231,405
2025.08.15,21:45,147.233,147.248,147.206,147.232,484
2025.08.17,23:00,147.089,147.216,147.085,147.210,408
2025.08.17,23:15,147.211,147.215,147.185,147.205,563
2025.08.17,23:30,147.199,147.202,147.181,147.187,359
2025.08.17,23:45,147.186,147.203,147.177,147.203,444
2025.08.18,00:00,147.200,147.209,147.103,147.121,235
2025.08.18,00:15,147.120,147.146,147.076,147.130,266
2025.08.18,00:30,147.132,147.171,147.130,147.162,211
2025.08.18,00:45,147.164,147.199,147.162,147.170,130
2025.08.18,01:00,147.169,147.286,147.165,147.283,346
2025.08.18,01:15,147.282,147.351,147.272,147.299,401
2025.08.18,01:30,147.300,147.330,147.281,147.330,250
2025.08.18,01:45,147.331,147.379,147.227,147.227,426
2025.08.18,02:00,147.226,147.453,147.224,147.407,846
2025.08.18,02:15,147.408,147.429,147.299,147.311,642
2025.08.18,02:30,147.310,147.420,147.288,147.402,513
2025.08.18,02:45,147.404,147.458,147.359,147.421,839
2025.08.18,03:00,147.423,147.531,147.423,147.464,646
2025.08.18,03:15,147.467,147.579,147.440,147.538,583
2025.08.18,03:30,147.537,147.551,147.419,147.471,486
2025.08.18,03:45,147.472,147.474,147.330,147.332,478
2025.08.18,04:00,147.330,147.399,147.297,147.388,417
2025.08.18,04:15,147.389,147.503,147.386,147.481,431
2025.08.18,04:30,147.478,147.519,147.432,147.515,392
2025.08.18,04:45,147.518,147.519,147.463,147.464,333
2025.08.18,05:00,147.463,147.479,147.408,147.473,352
2025.08.18,05:15,147.472,147.472,147.394,147.395,355
2025.08.18,05:30,147.394,147.417,147.355,147.362,377
2025.08.18,05:45,147.361,147.389,147.331,147.381,380
2025.08.18,06:00,147.382,147.502,147.350,147.475,414
2025.08.18,06:15,147.476,147.479,147.399,147.400,377
2025.08.18,06:30,147.401,147.429,147.357,147.429,366
2025.08.18,06:45,147.427,147.443,147.360,147.374,423
2025.08.18,07:00,147.373,147.388,147.330,147.388,387
2025.08.18,07:15,147.387,147.401,147.370,147.384,337
2025.08.18,07:30,147.385,147.443,147.385,147.435,370
2025.08.18,07:45,147.434,147.449,147.346,147.379,433
2025.08.18,08:00,147.380,147.434,147.315,147.427,584
2025.08.18,08:15,147.429,147.462,147.364,147.448,626
2025.08.18,08:30,147.449,147.493,147.399,147.461,593
2025.08.18,08:45,147.464,147.470,147.356,147.372,643
2025.08.18,09:00,147.371,147.413,147.115,147.144,724
2025.08.18,09:15,147.139,147.271,147.136,147.225,641
2025.08.18,09:30,147.226,147.248,147.158,147.222,572
2025.08.18,09:45,147.221,147.465,147.219,147.450,667
2025.08.18,10:00,147.456,147.516,147.417,147.436,616
2025.08.18,10:15,147.433,147.489,147.343,147.354,636
2025.08.18,10:30,147.356,147.370,147.258,147.315,597
2025.08.18,10:45,147.316,147.367,147.250,147.336,551
2025.08.18,11:00,147.335,147.383,147.276,147.359,494
2025.08.18,11:15,147.354,147.428,147.341,147.387,507
2025.08.18,11:30,147.389,147.441,147.379,147.427,442
2025.08.18,11:45,147.424,147.467,147.398,147.408,510
2025.08.18,12:00,147.409,147.449,147.379,147.412,463
2025.08.18,12:15,147.414,147.455,147.359,147.432,428
2025.08.18,12:30,147.431,147.465,147.414,147.418,392
2025.08.18,12:45,147.419,147.431,147.389,147.420,408
2025.08.18,13:00,147.421,147.453,147.366,147.400,430
2025.08.18,13:15,147.398,147.446,147.382,147.425,415
2025.08.18,13:30,147.426,147.509,147.424,147.472,446
2025.08.18,13:45,147.471,147.565,147.458,147.549,590
2025.08.18,14:00,147.547,147.598,147.512,147.581,555
2025.08.18,14:15,147.580,147.675,147.566,147.672,654
2025.08.18,14:30,147.674,147.771,147.671,147.768,629
2025.08.18,14:45,147.770,147.788,147.721,147.721,605
2025.08.18,15:00,147.720,147.841,147.709,147.837,693
2025.08.18,15:15,147.839,147.891,147.816,147.838,631
2025.08.18,15:30,147.837,147.882,147.789,147.823,627
2025.08.18,15:45,147.818,147.912,147.813,147.813,624
2025.08.18,16:00,147.816,147.857,147.706,147.777,672
2025.08.18,16:15,147.780,147.800,147.684,147.727,658
2025.08.18,16:30,147.731,147.898,147.711,147.874,633
2025.08.18,16:45,147.875,147.974,147.869,147.937,733
2025.08.18,17:00,147.938,147.980,147.928,147.931,577
2025.08.18,17:15,147.930,147.966,147.865,147.872,539
2025.08.18,17:30,147.873,147.916,147.773,147.780,539
2025.08.18,17:45,147.781,147.787,147.731,147.754,636
2025.08.18,18:00,147.757,147.800,147.727,147.729,531
2025.08.18,18:15,147.731,147.766,147.724,147.733,369
2025.08.18,18:30,147.732,147.745,147.674,147.745,429
2025.08.18,18:45,147.744,147.795,147.723,147.785,471
2025.08.18,19:00,147.784,147.789,147.656,147.667,468
2025.08.18,19:15,147.668,147.772,147.668,147.754,471
2025.08.18,19:30,147.753,147.798,147.747,147.786,437
2025.08.18,19:45,147.787,147.821,147.749,147.796,384
2025.08.18,20:00,147.798,147.807,147.739,147.780,339
2025.08.18,20:15,147.779,147.831,147.773,147.786,447
2025.08.18,20:30,147.787,147.847,147.778,147.843,360
2025.08.18,20:45,147.841,147.859,147.812,147.854,436
2025.08.18,21:00,147.855,147.880,147.841,147.863,340
2025.08.18,21:15,147.862,147.873,147.841,147.843,368
2025.08.18,21:30,147.841,147.867,147.827,147.852,247
2025.08.18,21:45,147.853,147.879,147.820,147.820,307
2025.08.18,22:00,147.819,147.878,147.803,147.871,299
2025.08.18,22:15,147.870,147.921,147.848,147.852,219
2025.08.18,22:30,147.854,147.874,147.819,147.819,174
2025.08.18,22:45,147.818,147.886,147.816,147.877,391
2025.08.18,23:00,147.753,147.753,147.735,147.735,22
2025.08.18,23:15,147.734,147.743,147.719,147.728,43
2025.08.18,23:30,147.723,147.823,147.721,147.823,165
2025.08.18,23:45,147.823,147.830,147.793,147.798,79
2025.08.19,00:00,147.798,147.859,147.754,147.846,265
2025.08.19,00:15,147.847,147.876,147.829,147.867,439
2025.08.19,00:30,147.867,147.881,147.851,147.862,239
2025.08.19,00:45,147.862,147.878,147.831,147.873,216
2025.08.19,01:00,147.872,147.958,147.872,147.953,310
2025.08.19,01:15,147.952,147.975,147.939,147.945,415
2025.08.19,01:30,147.945,147.965,147.928,147.938,346
2025.08.19,01:45,147.929,147.939,147.905,147.916,326
2025.08.19,02:00,147.915,147.977,147.805,147.819,731
2025.08.19,02:15,147.820,147.854,147.787,147.815,677
2025.08.19,02:30,147.814,147.853,147.797,147.844,699
2025.08.19,02:45,147.842,147.880,147.767,147.771,896
2025.08.19,03:00,147.770,147.770,147.693,147.722,707
2025.08.19,03:15,147.721,147.924,147.708,147.924,745
2025.08.19,03:30,147.921,148.106,147.733,147.745,1123
2025.08.19,03:45,147.746,147.789,147.616,147.741,988
2025.08.19,04:00,147.744,147.777,147.658,147.668,738
2025.08.19,04:15,147.668,147.758,147.668,147.754,577
2025.08.19,04:30,147.755,147.797,147.726,147.778,582
2025.08.19,04:45,147.777,147.822,147.747,147.802,680
2025.08.19,05:00,147.803,147.834,147.727,147.727,546
2025.08.19,05:15,147.725,147.779,147.716,147.778,823
2025.08.19,05:30,147.778,147.824,147.737,147.815,627
2025.08.19,05:45,147.812,147.870,147.774,147.824,738
2025.08.19,06:00,147.824,147.864,147.783,147.813,564
2025.08.19,06:15,147.814,147.836,147.746,147.791,518
2025.08.19,06:30,147.791,147.842,147.749,147.799,542
2025.08.19,06:45,147.800,147.837,147.737,147.755,414
2025.08.19,07:00,147.754,147.761,147.693,147.739,345
2025.08.19,07:15,147.738,147.771,147.706,147.711,376
2025.08.19,07:30,147.712,147.733,147.631,147.636,439
2025.08.19,07:45,147.635,147.722,147.613,147.642,560
2025.08.19,08:00,147.635,147.701,147.590,147.644,695
2025.08.19,08:15,147.645,147.661,147.584,147.612,593
2025.08.19,08:30,147.610,147.650,147.585,147.626,560
2025.08.19,08:45,147.624,147.635,147.565,147.597,605
2025.08.19,09:00,147.595,147.641,147.530,147.641,623
2025.08.19,09:15,147.642,147.665,147.606,147.620,534
2025.08.19,09:30,147.619,147.668,147.606,147.667,433
2025.08.19,09:45,147.666,147.704,147.633,147.700,538
2025.08.19,10:00,147.701,147.744,147.697,147.714,577
2025.08.19,10:15,147.713,147.717,147.626,147.638,501
2025.08.19,10:30,147.635,147.722,147.635,147.668,510
2025.08.19,10:45,147.669,147.688,147.617,147.659,502
2025.08.19,11:00,147.658,147.707,147.616,147.685,486
2025.08.19,11:15,147.686,147.808,147.686,147.783,469
2025.08.19,11:30,147.784,147.790,147.724,147.736,444
2025.08.19,11:45,147.735,147.771,147.725,147.758,456
2025.08.19,12:00,147.761,147.763,147.646,147.655,497
2025.08.19,12:15,147.656,147.661,147.596,147.618,498
2025.08.19,12:30,147.619,147.713,147.606,147.699,384
2025.08.19,12:45,147.698,147.717,147.663,147.709,390
2025.08.19,13:00,147.708,147.744,147.648,147.666,425
2025.08.19,13:15,147.664,147.775,147.644,147.770,436
2025.08.19,13:30,147.771,147.800,147.752,147.779,391
2025.08.19,13:45,147.775,147.815,147.683,147.705,524
2025.08.19,14:00,147.704,147.804,147.698,147.735,657
2025.08.19,14:15,147.734,147.778,147.695,147.731,573
2025.08.19,14:30,147.744,147.846,147.726,147.737,728
2025.08.19,14:45,147.738,147.789,147.728,147.774,596
2025.08.19,15:00,147.777,147.892,147.746,147.870,711
2025.08.19,15:15,147.869,147.888,147.836,147.854,514
2025.08.19,15:30,147.855,147.883,147.706,147.727,700
2025.08.19,15:45,147.728,147.728,147.631,147.646,746
2025.08.19,16:00,147.648,147.648,147.547,147.644,729
2025.08.19,16:15,147.645,147.681,147.598,147.678,612
2025.08.19,16:30,147.676,147.798,147.673,147.742,667
2025.08.19,16:45,147.741,147.799,147.713,147.724,731
2025.08.19,17:00,147.723,147.781,147.625,147.647,807
2025.08.19,17:15,147.648,147.739,147.646,147.737,563
2025.08.19,17:30,147.734,147.775,147.724,147.756,503
2025.08.19,17:45,147.758,147.786,147.705,147.720,465
2025.08.19,18:00,147.717,147.717,147.600,147.624,526
2025.08.19,18:15,147.623,147.627,147.553,147.627,470
2025.08.19,18:30,147.626,147.653,147.583,147.616,476
2025.08.19,18:45,147.615,147.631,147.588,147.619,478
2025.08.19,19:00,147.620,147.640,147.440,147.479,577
2025.08.19,19:15,147.476,147.566,147.471,147.561,455
2025.08.19,19:30,147.562,147.564,147.493,147.511,499
2025.08.19,19:45,147.510,147.548,147.469,147.471,450
2025.08.19,20:00,147.469,147.512,147.447,147.498,490
2025.08.19,20:15,147.495,147.524,147.470,147.500,424
2025.08.19,20:30,147.498,147.572,147.498,147.543,448
2025.08.19,20:45,147.540,147.552,147.463,147.507,523
2025.08.19,21:00,147.506,147.532,147.465,147.469,418
2025.08.19,21:15,147.468,147.482,147.454,147.474,316
2025.08.19,21:30,147.475,147.515,147.475,147.509,247
2025.08.19,21:45,147.510,147.583,147.510,147.579,381
2025.08.19,22:00,147.581,147.636,147.581,147.635,268
2025.08.19,22:15,147.636,147.658,147.613,147.652,264
2025.08.19,22:30,147.658,147.660,147.614,147.623,240
2025.08.19,22:45,147.621,147.694,147.617,147.663,491
2025.08.19,23:00,147.578,147.578,147.529,147.537,50
2025.08.19,23:15,147.551,147.562,147.527,147.531,79
2025.08.19,23:30,147.555,147.650,147.555,147.649,119
2025.08.19,23:45,147.647,147.647,147.569,147.569,101
2025.08.20,00:00,147.542,147.633,147.520,147.594,114
2025.08.20,00:15,147.593,147.613,147.591,147.609,137
2025.08.20,00:30,147.608,147.645,147.597,147.603,273
2025.08.20,00:45,147.604,147.614,147.596,147.600,314
2025.08.20,01:00,147.596,147.673,147.596,147.663,321
2025.08.20,01:15,147.664,147.731,147.664,147.719,283
2025.08.20,01:30,147.720,147.751,147.702,147.723,349
2025.08.20,01:45,147.722,147.748,147.700,147.732,376
2025.08.20,02:00,147.735,147.803,147.656,147.792,673
2025.08.20,02:15,147.793,147.801,147.721,147.787,482
2025.08.20,02:30,147.789,147.813,147.762,147.792,446
2025.08.20,02:45,147.794,147.795,147.499,147.562,868
2025.08.20,03:00,147.564,147.638,147.511,147.567,774
2025.08.20,03:15,147.568,147.660,147.530,147.568,678
2025.08.20,03:30,147.569,147.593,147.427,147.459,693
2025.08.20,03:45,147.458,147.528,147.419,147.493,520
2025.08.20,04:00,147.492,147.617,147.474,147.563,644
2025.08.20,04:15,147.562,147.606,147.486,147.605,532
2025.08.20,04:30,147.606,147.609,147.544,147.570,527
2025.08.20,04:45,147.568,147.605,147.558,147.576,540
2025.08.20,05:00,147.580,147.584,147.477,147.529,560
2025.08.20,05:15,147.530,147.554,147.492,147.547,394
2025.08.20,05:30,147.549,147.549,147.484,147.510,503
2025.08.20,05:45,147.511,147.525,147.451,147.523,414
2025.08.20,06:00,147.525,147.539,147.453,147.483,361
2025.08.20,06:15,147.489,147.538,147.472,147.536,327
2025.08.20,06:30,147.532,147.568,147.506,147.549,255
2025.08.20,06:45,147.551,147.602,147.546,147.576,310
2025.08.20,07:00,147.575,147.575,147.499,147.516,313
2025.08.20,07:15,147.517,147.526,147.485,147.508,285
2025.08.20,07:30,147.509,147.509,147.437,147.453,416
2025.08.20,07:45,147.454,147.490,147.394,147.458,491
2025.08.20,08:00,147.456,147.467,147.276,147.276,745
2025.08.20,08:15,147.277,147.277,147.134,147.228,816
2025.08.20,08:30,147.222,147.325,147.217,147.256,762
2025.08.20,08:45,147.258,147.372,147.258,147.372,673
2025.08.20,09:00,147.375,147.449,147.325,147.358,656
2025.08.20,09:15,147.359,147.441,147.342,147.439,533
2025.08.20,09:30,147.440,147.593,147.440,147.579,678
2025.08.20,09:45,147.580,147.691,147.579,147.622,656
2025.08.20,10:00,147.623,147.638,147.523,147.575,580
2025.08.20,10:15,147.576,147.602,147.535,147.579,409
2025.08.20,10:30,147.576,147.610,147.520,147.561,474
2025.08.20,10:45,147.560,147.617,147.524,147.581,380
2025.08.20,11:00,147.580,147.586,147.462,147.478,436
2025.08.20,11:15,147.481,147.510,147.465,147.491,310
2025.08.20,11:30,147.494,147.498,147.417,147.454,379
2025.08.20,11:45,147.453,147.479,147.443,147.474,236
2025.08.20,12:00,147.473,147.483,147.407,147.414,305
2025.08.20,12:15,147.412,147.444,147.391,147.411,351
2025.08.20,12:30,147.409,147.437,147.364,147.413,352
2025.08.20,12:45,147.414,147.489,147.403,147.446,307
2025.08.20,13:00,147.443,147.477,147.411,147.456,357
2025.08.20,13:15,147.457,147.500,147.428,147.498,272
2025.08.20,13:30,147.500,147.534,147.473,147.530,335
2025.08.20,13:45,147.529,147.542,147.484,147.533,362
2025.08.20,14:00,147.529,147.530,147.400,147.421,536
2025.08.20,14:15,147.420,147.466,147.376,147.451,577
2025.08.20,14:30,147.450,147.458,147.255,147.326,803
2025.08.20,14:45,147.324,147.362,147.235,147.270,656
2025.08.20,15:00,147.271,147.410,147.249,147.361,635
2025.08.20,15:15,147.365,147.435,147.337,147.409,579
2025.08.20,15:30,147.410,147.418,147.276,147.294,682
2025.08.20,15:45,147.292,147.337,147.079,147.150,1013
2025.08.20,16:00,147.151,147.229,147.117,147.191,924
2025.08.20,16:15,147.189,147.250,147.140,147.161,833
2025.08.20,16:30,147.160,147.181,147.098,147.115,778
2025.08.20,16:45,147.116,147.142,146.867,146.990,1065
2025.08.20,17:00,146.991,147.031,146.945,147.028,739
2025.08.20,17:15,147.020,147.170,147.009,147.142,647
2025.08.20,17:30,147.139,147.176,147.121,147.150,482
2025.08.20,17:45,147.149,147.204,147.140,147.190,535
2025.08.20,18:00,147.186,147.226,147.165,147.210,388
2025.08.20,18:15,147.208,147.208,147.147,147.179,506
2025.08.20,18:30,147.178,147.180,147.147,147.162,416
2025.08.20,18:45,147.161,147.180,147.094,147.113,422
2025.08.20,19:00,147.111,147.136,147.072,147.098,421
2025.08.20,19:15,147.102,147.114,147.051,147.060,402
2025.08.20,19:30,147.056,147.117,147.051,147.112,310
2025.08.20,19:45,147.114,147.114,147.008,147.025,420
2025.08.20,20:00,147.009,147.187,147.001,147.182,597
2025.08.20,20:15,147.183,147.228,147.180,147.197,481
2025.08.20,20:30,147.199,147.272,147.191,147.261,357
2025.08.20,20:45,147.262,147.281,147.238,147.264,407
2025.08.20,21:00,147.266,147.301,147.235,147.239,426
2025.08.20,21:15,147.241,147.281,147.240,147.256,347
2025.08.20,21:30,147.255,147.272,147.236,147.266,259
2025.08.20,21:45,147.267,147.350,147.254,147.339,376
2025.08.20,22:00,147.341,147.489,147.341,147.439,271
2025.08.20,22:15,147.438,147.439,147.408,147.420,171
2025.08.20,22:30,147.417,147.432,147.372,147.372,204
2025.08.20,22:45,147.374,147.391,147.291,147.309,309
2025.08.20,23:00,147.263,147.301,147.232,147.273,51
2025.08.20,23:15,147.280,147.322,147.277,147.322,62
2025.08.20,23:30,147.323,147.351,147.283,147.308,116
2025.08.20,23:45,147.307,147.321,147.294,147.309,441
2025.08.21,00:00,147.294,147.301,147.251,147.268,263
2025.08.21,00:15,147.269,147.364,147.264,147.322,389
2025.08.21,00:30,147.323,147.335,147.303,147.314,156
2025.08.21,00:45,147.315,147.355,147.315,147.341,157
2025.08.21,01:00,147.340,147.408,147.340,147.367,225
2025.08.21,01:15,147.368,147.380,147.312,147.345,285
2025.08.21,01:30,147.356,147.399,147.339,147.390,394
2025.08.21,01:45,147.396,147.406,147.295,147.299,403
2025.08.21,02:00,147.300,147.453,147.251,147.362,818
2025.08.21,02:15,147.361,147.424,147.311,147.391,598
2025.08.21,02:30,147.390,147.454,147.383,147.400,641
2025.08.21,02:45,147.401,147.457,147.348,147.380,903
2025.08.21,03:00,147.383,147.415,147.309,147.406,705
2025.08.21,03:15,147.407,147.498,147.381,147.444,624
2025.08.21,03:30,147.443,147.502,147.338,147.377,551
2025.08.21,03:45,147.378,147.432,147.349,147.421,509
2025.08.21,04:00,147.422,147.449,147.262,147.279,534
2025.08.21,04:15,147.280,147.332,147.251,147.311,532
2025.08.21,04:30,147.312,147.413,147.305,147.389,456
2025.08.21,04:45,147.385,147.385,147.325,147.338,428
2025.08.21,05:00,147.339,147.389,147.339,147.383,367
2025.08.21,05:15,147.382,147.430,147.286,147.418,421
2025.08.21,05:30,147.420,147.442,147.396,147.412,357
2025.08.21,05:45,147.413,147.429,147.386,147.414,310
2025.08.21,06:00,147.417,147.426,147.370,147.374,353
2025.08.21,06:15,147.373,147.383,147.341,147.368,299
2025.08.21,06:30,147.367,147.384,147.351,147.356,272
2025.08.21,06:45,147.346,147.391,147.344,147.380,172
2025.08.21,07:00,147.378,147.441,147.367,147.432,269
2025.08.21,07:15,147.434,147.436,147.368,147.400,312
2025.08.21,07:30,147.401,147.491,147.394,147.480,358
2025.08.21,07:45,147.481,147.494,147.391,147.422,479
2025.08.21,08:00,147.423,147.437,147.338,147.379,673
2025.08.21,08:15,147.380,147.520,147.379,147.508,678
2025.08.21,08:30,147.508,147.566,147.436,147.564,709
2025.08.21,08:45,147.563,147.572,147.505,147.557,745
2025.08.21,09:00,147.556,147.635,147.537,147.538,662
2025.08.21,09:15,147.539,147.623,147.517,147.553,581
2025.08.21,09:30,147.549,147.567,147.506,147.542,555
2025.08.21,09:45,147.543,147.591,147.531,147.591,462
2025.08.21,10:00,147.580,147.620,147.564,147.571,547
2025.08.21,10:15,147.567,147.618,147.551,147.591,421
2025.08.21,10:30,147.587,147.618,147.554,147.581,493
2025.08.21,10:45,147.582,147.600,147.567,147.583,430
2025.08.21,11:00,147.582,147.597,147.478,147.482,449
2025.08.21,11:15,147.480,147.583,147.479,147.580,403
2025.08.21,11:30,147.581,147.687,147.581,147.687,471
2025.08.21,11:45,147.689,147.691,147.636,147.666,394
2025.08.21,12:00,147.668,147.759,147.654,147.747,456
2025.08.21,12:15,147.748,147.789,147.746,147.770,386
2025.08.21,12:30,147.772,147.886,147.772,147.872,478
2025.08.21,12:45,147.873,147.886,147.816,147.843,468
2025.08.21,13:00,147.842,147.891,147.816,147.868,535
2025.08.21,13:15,147.869,147.869,147.818,147.859,433
2025.08.21,13:30,147.864,147.908,147.841,147.882,402
2025.08.21,13:45,147.881,147.928,147.878,147.918,533
2025.08.21,14:00,147.912,147.925,147.816,147.825,558
2025.08.21,14:15,147.824,147.852,147.791,147.829,569
2025.08.21,14:30,147.742,147.755,147.575,147.754,1081
2025.08.21,14:45,147.755,147.798,147.698,147.752,723
2025.08.21,15:00,147.759,147.834,147.705,147.784,696
2025.08.21,15:15,147.792,147.799,147.660,147.664,625
2025.08.21,15:30,147.662,147.662,147.578,147.649,882
2025.08.21,15:45,147.639,147.935,147.639,147.797,1100
2025.08.21,16:00,147.800,147.984,147.792,147.941,982
2025.08.21,16:15,147.948,148.117,147.948,148.116,833
2025.08.21,16:30,148.114,148.121,148.038,148.117,780
2025.08.21,16:45,148.115,148.165,148.100,148.152,816
2025.08.21,17:00,148.154,148.399,148.137,148.271,950
2025.08.21,17:15,148.270,148.328,148.077,148.169,826
2025.08.21,17:30,148.159,148.309,148.150,148.294,845
2025.08.21,17:45,148.293,148.358,148.281,148.352,658
2025.08.21,18:00,148.353,148.390,148.349,148.367,553
2025.08.21,18:15,148.369,148.386,148.293,148.304,453
2025.08.21,18:30,148.305,148.343,148.284,148.318,382
2025.08.21,18:45,148.319,148.342,148.273,148.282,437
2025.08.21,19:00,148.283,148.283,148.167,148.208,493
2025.08.21,19:15,148.206,148.233,148.195,148.228,415
2025.08.21,19:30,148.229,148.301,148.229,148.277,353
2025.08.21,19:45,148.278,148.290,148.227,148.266,362
2025.08.21,20:00,148.267,148.294,148.237,148.277,341
2025.08.21,20:15,148.276,148.290,148.228,148.277,376
2025.08.21,20:30,148.276,148.311,148.232,148.303,373
2025.08.21,20:45,148.304,148.344,148.285,148.343,413
2025.08.21,21:00,148.342,148.377,148.341,148.372,328
2025.08.21,21:15,148.373,148.400,148.351,148.395,347
2025.08.21,21:30,148.394,148.401,148.378,148.387,264
2025.08.21,21:45,148.389,148.400,148.358,148.373,282
2025.08.21,22:00,148.374,148.378,148.355,148.365,253
2025.08.21,22:15,148.366,148.368,148.347,148.350,246
2025.08.21,22:30,148.349,148.352,148.315,148.319,224
2025.08.21,22:45,148.317,148.377,148.317,148.356,313
2025.08.21,23:00,148.272,148.272,148.180,148.201,82
2025.08.21,23:15,148.227,148.358,148.223,148.321,60
2025.08.21,23:30,148.322,148.362,148.322,148.361,56
2025.08.21,23:45,148.365,148.375,148.347,148.347,455
2025.08.22,00:00,148.350,148.376,148.319,148.350,228
2025.08.22,00:15,148.351,148.355,148.314,148.327,156
2025.08.22,00:30,148.329,148.352,148.321,148.349,131
2025.08.22,00:45,148.350,148.362,148.330,148.331,223
2025.08.22,01:00,148.332,148.402,148.317,148.369,256
2025.08.22,01:15,148.372,148.450,148.363,148.406,393
2025.08.22,01:30,148.405,148.407,148.290,148.332,340
2025.08.22,01:45,148.333,148.392,148.302,148.382,452
2025.08.22,02:00,148.383,148.468,148.286,148.299,817
2025.08.22,02:15,148.300,148.383,148.277,148.368,674
2025.08.22,02:30,148.369,148.455,148.366,148.443,487
2025.08.22,02:45,148.444,148.501,148.383,148.469,793
2025.08.22,03:00,148.471,148.482,148.406,148.432,517
2025.08.22,03:15,148.431,148.524,148.428,148.462,615
2025.08.22,03:30,148.453,148.462,148.422,148.431,468
2025.08.22,03:45,148.432,148.680,148.429,148.548,616
2025.08.22,04:00,148.545,148.554,148.453,148.491,465
2025.08.22,04:15,148.493,148.517,148.475,148.501,421
2025.08.22,04:30,148.502,148.525,148.487,148.508,340
2025.08.22,04:45,148.506,148.544,148.479,148.483,387
2025.08.22,05:00,148.481,148.539,148.480,148.539,374
2025.08.22,05:15,148.537,148.558,148.499,148.551,356
2025.08.22,05:30,148.556,148.629,148.545,148.598,524
2025.08.22,05:45,148.600,148.711,148.600,148.673,472
2025.08.22,06:00,148.674,148.709,148.643,148.682,349
2025.08.22,06:15,148.683,148.713,148.666,148.713,349
2025.08.22,06:30,148.715,148.724,148.670,148.677,295
2025.08.22,06:45,148.678,148.758,148.667,148.739,384
2025.08.22,07:00,148.741,148.774,148.708,148.708,375
2025.08.22,07:15,148.707,148.738,148.659,148.684,389
2025.08.22,07:30,148.683,148.685,148.608,148.609,466
2025.08.22,07:45,148.605,148.672,148.583,148.659,443
2025.08.22,08:00,148.668,148.701,148.540,148.549,835
2025.08.22,08:15,148.537,148.562,148.498,148.511,648
2025.08.22,08:30,148.508,148.554,148.416,148.435,618
2025.08.22,08:45,148.438,148.521,148.438,148.511,523
2025.08.22,09:00,148.510,148.552,148.456,148.468,508
2025.08.22,09:15,148.469,148.478,148.408,148.456,543
2025.08.22,09:30,148.457,148.600,148.450,148.590,360
2025.08.22,09:45,148.589,148.618,148.541,148.599,449
2025.08.22,10:00,148.601,148.619,148.568,148.576,505
2025.08.22,10:15,148.577,148.605,148.549,148.588,455
2025.08.22,10:30,148.577,148.589,148.550,148.569,376
2025.08.22,10:45,148.568,148.669,148.540,148.632,483
2025.08.22,11:00,148.633,148.660,148.597,148.624,473
2025.08.22,11:15,148.626,148.690,148.609,148.665,420
2025.08.22,11:30,148.666,148.678,148.639,148.668,412
2025.08.22,11:45,148.673,148.706,148.627,148.700,369
2025.08.22,12:00,148.701,148.721,148.696,148.700,366
2025.08.22,12:15,148.698,148.711,148.674,148.695,327
2025.08.22,12:30,148.696,148.729,148.688,148.700,294
2025.08.22,12:45,148.697,148.703,148.618,148.628,353
2025.08.22,13:00,148.627,148.650,148.594,148.621,357
2025.08.22,13:15,148.620,148.705,148.620,148.702,452
2025.08.22,13:30,148.705,148.709,148.627,148.669,427
2025.08.22,13:45,148.668,148.735,148.663,148.704,514
2025.08.22,14:00,148.705,148.716,148.639,148.652,609
2025.08.22,14:15,148.650,148.666,148.599,148.639,536
2025.08.22,14:30,148.637,148.685,148.605,148.684,535
2025.08.22,14:45,148.683,148.704,148.641,148.700,512
2025.08.22,15:00,148.704,148.714,148.537,148.542,595
2025.08.22,15:15,148.543,148.610,148.530,148.607,506
2025.08.22,15:30,148.609,148.610,148.490,148.542,601
2025.08.22,15:45,148.539,148.623,148.536,148.609,623
2025.08.22,16:00,148.593,148.593,147.229,147.284,2092
2025.08.22,16:15,147.281,147.304,146.828,147.068,1774
2025.08.22,16:30,147.063,147.063,146.873,146.918,1409
2025.08.22,16:45,146.920,146.983,146.798,146.849,1175
2025.08.22,17:00,146.850,146.887,146.606,146.677,1226
2025.08.22,17:15,146.668,146.780,146.568,146.669,976
2025.08.22,17:30,146.671,146.771,146.596,146.733,916
2025.08.22,17:45,146.735,146.829,146.729,146.820,792
2025.08.22,18:00,146.826,146.846,146.686,146.755,689
2025.08.22,18:15,146.754,146.767,146.691,146.737,637
2025.08.22,18:30,146.734,146.765,146.670,146.707,667
2025.08.22,18:45,146.706,146.742,146.646,146.698,646
2025.08.22,19:00,146.699,146.731,146.634,146.635,584
2025.08.22,19:15,146.634,146.657,146.597,146.638,573
2025.08.22,19:30,146.640,146.648,146.574,146.584,496
2025.08.22,19:45,146.583,146.655,146.575,146.641,521
2025.08.22,20:00,146.642,146.687,146.599,146.659,475
2025.08.22,20:15,146.663,146.806,146.650,146.753,536
2025.08.22,20:30,146.752,146.853,146.737,146.846,458
2025.08.22,20:45,146.842,146.871,146.837,146.860,490
2025.08.22,21:00,146.859,146.936,146.858,146.892,384
2025.08.22,21:15,146.893,146.904,146.839,146.848,383
2025.08.22,21:30,146.847,146.918,146.847,146.903,350
2025.08.22,21:45,146.904,146.997,146.875,146.958,426
2025.08.24,23:00,146.779,146.879,146.771,146.847,944
2025.08.24,23:15,146.864,146.903,146.792,146.810,836
2025.08.24,23:30,146.807,146.920,146.790,146.889,1639
2025.08.24,23:45,146.890,146.925,146.804,146.909,1196
2025.08.25,00:00,146.903,146.953,146.832,146.944,447
2025.08.25,00:15,146.943,146.951,146.907,146.919,296
2025.08.25,00:30,146.921,147.060,146.920,147.052,397
2025.08.25,00:45,147.053,147.059,147.020,147.058,317
2025.08.25,01:00,147.059,147.140,147.041,147.093,331
2025.08.25,01:15,147.094,147.247,147.091,147.224,393
2025.08.25,01:30,147.223,147.298,147.223,147.292,348
2025.08.25,01:45,147.291,147.294,147.216,147.265,550
2025.08.25,02:00,147.259,147.491,147.246,147.417,916
2025.08.25,02:15,147.419,147.488,147.369,147.488,747
2025.08.25,02:30,147.487,147.522,147.409,147.429,545
2025.08.25,02:45,147.428,147.433,147.330,147.384,748
2025.08.25,03:00,147.387,147.387,147.276,147.337,643
2025.08.25,03:15,147.338,147.392,147.250,147.392,572
2025.08.25,03:30,147.390,147.452,147.357,147.414,530
2025.08.25,03:45,147.415,147.456,147.376,147.392,590
2025.08.25,04:00,147.391,147.456,147.390,147.455,486
2025.08.25,04:15,147.456,147.510,147.447,147.491,389
2025.08.25,04:30,147.490,147.510,147.405,147.406,377
2025.08.25,04:45,147.405,147.445,147.405,147.433,401
2025.08.25,05:00,147.432,147.432,147.328,147.346,448
2025.08.25,05:15,147.339,147.385,147.336,147.352,322
2025.08.25,05:30,147.350,147.352,147.308,147.325,316
2025.08.25,05:45,147.327,147.346,147.299,147.338,275
2025.08.25,06:00,147.337,147.352,147.309,147.318,271
2025.08.25,06:15,147.317,147.336,147.265,147.295,350
2025.08.25,06:30,147.293,147.295,147.219,147.219,294
2025.08.25,06:45,147.220,147.238,147.203,147.228,356
2025.08.25,07:00,147.227,147.365,147.227,147.364,333
2025.08.25,07:15,147.365,147.366,147.287,147.341,343
2025.08.25,07:30,147.342,147.362,147.274,147.288,307
2025.08.25,07:45,147.289,147.371,147.286,147.295,416
2025.08.25,08:00,147.285,147.312,147.166,147.168,660
2025.08.25,08:15,147.167,147.181,147.118,147.166,567
2025.08.25,08:30,147.165,147.238,147.097,147.099,519
2025.08.25,08:45,147.100,147.176,147.091,147.158,596
2025.08.25,09:00,147.157,147.242,147.153,147.209,502
2025.08.25,09:15,147.212,147.269,147.136,147.190,476
2025.08.25,09:30,147.189,147.288,147.167,147.249,454
2025.08.25,09:45,147.250,147.364,147.231,147.331,545
2025.08.25,10:00,147.334,147.365,147.268,147.274,437
2025.08.25,10:15,147.277,147.320,147.253,147.299,423
2025.08.25,10:30,147.300,147.317,147.268,147.292,419
2025.08.25,10:45,147.298,147.326,147.258,147.282,387
2025.08.25,11:00,147.281,147.298,147.219,147.288,345
2025.08.25,11:15,147.289,147.311,147.249,147.261,275
2025.08.25,11:30,147.270,147.330,147.264,147.306,361
2025.08.25,11:45,147.307,147.378,147.293,147.344,413
2025.08.25,12:00,147.342,147.408,147.316,147.385,417
2025.08.25,12:15,147.386,147.435,147.369,147.420,412
2025.08.25,12:30,147.422,147.436,147.382,147.422,319
2025.08.25,12:45,147.423,147.443,147.410,147.435,342
2025.08.25,13:00,147.433,147.441,147.378,147.381,400
2025.08.25,13:15,147.379,147.384,147.323,147.341,392
2025.08.25,13:30,147.340,147.353,147.313,147.332,338
2025.08.25,13:45,147.333,147.334,147.283,147.316,431
2025.08.25,14:00,147.312,147.366,147.307,147.362,472
2025.08.25,14:15,147.361,147.371,147.315,147.363,464
2025.08.25,14:30,147.366,147.444,147.362,147.389,537
2025.08.25,14:45,147.388,147.430,147.359,147.376,523
2025.08.25,15:00,147.375,147.497,147.368,147.472,603
2025.08.25,15:15,147.474,147.538,147.468,147.501,633
2025.08.25,15:30,147.499,147.530,147.402,147.411,646
2025.08.25,15:45,147.410,147.412,147.295,147.295,632
2025.08.25,16:00,147.297,147.417,147.286,147.371,641
2025.08.25,16:15,147.370,147.439,147.356,147.411,559
2025.08.25,16:30,147.410,147.453,147.392,147.433,584
2025.08.25,16:45,147.432,147.490,147.416,147.485,639
2025.08.25,17:00,147.483,147.503,147.406,147.447,670
2025.08.25,17:15,147.448,147.513,147.396,147.436,514
2025.08.25,17:30,147.443,147.641,147.440,147.635,678
2025.08.25,17:45,147.634,147.667,147.603,147.608,643
2025.08.25,18:00,147.607,147.625,147.556,147.566,590
2025.08.25,18:15,147.567,147.596,147.529,147.542,495
2025.08.25,18:30,147.543,147.564,147.530,147.541,437
2025.08.25,18:45,147.543,147.580,147.512,147.532,484
2025.08.25,19:00,147.531,147.539,147.497,147.533,536
2025.08.25,19:15,147.531,147.562,147.503,147.534,454
2025.08.25,19:30,147.535,147.570,147.516,147.537,454
2025.08.25,19:45,147.538,147.591,147.512,147.559,552
2025.08.25,20:00,147.556,147.633,147.534,147.628,548
2025.08.25,20:15,147.629,147.689,147.615,147.687,434
2025.08.25,20:30,147.688,147.800,147.679,147.782,593
2025.08.25,20:45,147.781,147.820,147.740,147.800,679
2025.08.25,21:00,147.793,147.933,147.785,147.889,706
2025.08.25,21:15,147.888,147.892,147.826,147.826,518
2025.08.25,21:30,147.829,147.865,147.804,147.806,467
2025.08.25,21:45,147.809,147.835,147.801,147.817,430
2025.08.25,22:00,147.816,147.819,147.777,147.786,340
2025.08.25,22:15,147.787,147.794,147.710,147.740,375
2025.08.25,22:30,147.737,147.738,147.665,147.665,224
2025.08.25,22:45,147.664,147.765,147.660,147.753,479
2025.08.25,23:00,147.746,147.746,147.697,147.709,29
2025.08.25,23:15,147.712,147.716,147.648,147.699,88
2025.08.25,23:30,147.702,147.736,147.678,147.702,328
2025.08.25,23:45,147.702,147.752,147.646,147.669,405
2025.08.26,00:00,147.685,147.751,147.641,147.751,240
2025.08.26,00:15,147.753,147.786,147.740,147.752,396
2025.08.26,00:30,147.750,147.760,147.711,147.724,336
2025.08.26,00:45,147.721,147.738,147.709,147.724,253
2025.08.26,01:00,147.723,147.810,147.687,147.795,416
2025.08.26,01:15,147.796,147.816,147.776,147.816,331
2025.08.26,01:30,147.813,147.831,147.805,147.810,396
2025.08.26,01:45,147.810,147.847,147.799,147.808,383
2025.08.26,02:00,147.807,147.871,147.196,147.212,1575
2025.08.26,02:15,147.215,147.353,147.185,147.260,1334
2025.08.26,02:30,147.257,147.340,146.991,147.030,1385
2025.08.26,02:45,147.031,147.161,146.982,147.105,1198
2025.08.26,03:00,147.106,147.329,147.104,147.304,969
2025.08.26,03:15,147.305,147.367,147.266,147.279,803
2025.08.26,03:30,147.277,147.372,147.262,147.346,861
2025.08.26,03:45,147.348,147.353,147.266,147.313,742
2025.08.26,04:00,147.312,147.431,147.250,147.413,863
2025.08.26,04:15,147.412,147.442,147.361,147.432,632
2025.08.26,04:30,147.433,147.579,147.427,147.557,789
2025.08.26,04:45,147.559,147.600,147.502,147.514,735
2025.08.26,05:00,147.514,147.685,147.514,147.631,834
2025.08.26,05:15,147.639,147.715,147.631,147.687,725
2025.08.26,05:30,147.688,147.721,147.644,147.700,695
2025.08.26,05:45,147.699,147.801,147.685,147.794,535
2025.08.26,06:00,147.791,147.806,147.728,147.794,681
2025.08.26,06:15,147.795,147.800,147.738,147.766,532
2025.08.26,06:30,147.767,147.785,147.717,147.755,456
2025.08.26,06:45,147.754,147.796,147.754,147.766,435
2025.08.26,07:00,147.764,147.842,147.745,147.836,408
2025.08.26,07:15,147.835,147.882,147.808,147.811,496
2025.08.26,07:30,147.810,147.815,147.688,147.693,483
2025.08.26,07:45,147.692,147.762,147.667,147.705,667
2025.08.26,08:00,147.708,147.825,147.689,147.745,831
2025.08.26,08:15,147.743,147.799,147.720,147.761,697
2025.08.26,08:30,147.759,147.760,147.630,147.669,836
2025.08.26,08:45,147.669,147.805,147.657,147.771,694
2025.08.26,09:00,147.770,147.901,147.708,147.809,961
2025.08.26,09:15,147.807,147.866,147.653,147.656,850
2025.08.26,09:30,147.664,147.747,147.634,147.746,667
2025.08.26,09:45,147.748,147.789,147.684,147.691,684
2025.08.26,10:00,147.689,147.694,147.596,147.608,697
2025.08.26,10:15,147.605,147.686,147.557,147.557,705
2025.08.26,10:30,147.556,147.557,147.489,147.550,618
2025.08.26,10:45,147.551,147.580,147.497,147.566,530
2025.08.26,11:00,147.568,147.617,147.531,147.597,584
2025.08.26,11:15,147.595,147.597,147.535,147.553,503
2025.08.26,11:30,147.554,147.609,147.542,147.547,437
2025.08.26,11:45,147.549,147.559,147.484,147.543,536
2025.08.26,12:00,147.544,147.548,147.467,147.527,462
2025.08.26,12:15,147.528,147.608,147.525,147.603,512
2025.08.26,12:30,147.604,147.662,147.594,147.623,534
2025.08.26,12:45,147.619,147.645,147.569,147.580,437
2025.08.26,13:00,147.582,147.617,147.501,147.536,536
2025.08.26,13:15,147.537,147.573,147.515,147.564,478
2025.08.26,13:30,147.569,147.572,147.396,147.426,612
2025.08.26,13:45,147.425,147.456,147.397,147.456,599
2025.08.26,14:00,147.457,147.460,147.325,147.341,621
2025.08.26,14:15,147.339,147.458,147.329,147.421,632
2025.08.26,14:30,147.422,147.505,147.394,147.473,693
2025.08.26,14:45,147.474,147.543,147.468,147.536,649
2025.08.26,15:00,147.539,147.681,147.539,147.625,820
2025.08.26,15:15,147.624,147.678,147.579,147.594,589
2025.08.26,15:30,147.600,147.614,147.534,147.605,724
2025.08.26,15:45,147.619,147.627,147.535,147.551,716
2025.08.26,16:00,147.560,147.711,147.518,147.685,877
2025.08.26,16:15,147.684,147.717,147.511,147.539,815
2025.08.26,16:30,147.538,147.604,147.502,147.581,749
2025.08.26,16:45,147.582,147.588,147.483,147.496,759
2025.08.26,17:00,147.497,147.497,147.350,147.371,767
2025.08.26,17:15,147.369,147.440,147.343,147.359,648
2025.08.26,17:30,147.357,147.389,147.321,147.339,535
2025.08.26,17:45,147.331,147.341,147.288,147.312,500
2025.08.26,18:00,147.310,147.310,147.247,147.260,506
2025.08.26,18:15,147.259,147.259,147.095,147.169,709
2025.08.26,18:30,147.170,147.236,147.129,147.227,513
2025.08.26,18:45,147.225,147.305,147.222,147.303,457
2025.08.26,19:00,147.301,147.335,147.268,147.313,534
2025.08.26,19:15,147.312,147.318,147.266,147.307,416
2025.08.26,19:30,147.306,147.337,147.299,147.319,444
2025.08.26,19:45,147.320,147.385,147.305,147.385,499
2025.08.26,20:00,147.384,147.505,147.374,147.501,521
2025.08.26,20:15,147.502,147.538,147.467,147.475,528
2025.08.26,20:30,147.476,147.478,147.415,147.415,455
2025.08.26,20:45,147.406,147.406,147.331,147.375,487
2025.08.26,21:00,147.371,147.371,147.302,147.339,482
2025.08.26,21:15,147.351,147.366,147.331,147.349,396
2025.08.26,21:30,147.348,147.392,147.337,147.374,443
2025.08.26,21:45,147.375,147.434,147.351,147.424,423
2025.08.26,22:00,147.427,147.484,147.422,147.423,331
2025.08.26,22:15,147.425,147.483,147.421,147.476,224
2025.08.26,22:30,147.477,147.484,147.422,147.426,229
2025.08.26,22:45,147.425,147.447,147.393,147.408,353
2025.08.26,23:00,147.281,147.316,147.229,147.316,92
2025.08.26,23:15,147.317,147.373,147.288,147.325,92
2025.08.26,23:30,147.325,147.387,147.324,147.387,57
2025.08.26,23:45,147.385,147.390,147.349,147.356,46
2025.08.27,00:00,147.298,147.426,147.264,147.420,158
2025.08.27,00:15,147.421,147.428,147.403,147.425,124
2025.08.27,00:30,147.424,147.428,147.355,147.413,234
2025.08.27,00:45,147.411,147.476,147.408,147.431,245
2025.08.27,01:00,147.428,147.489,147.428,147.460,256
2025.08.27,01:15,147.457,147.457,147.356,147.416,297
2025.08.27,01:30,147.414,147.482,147.402,147.459,282
2025.08.27,01:45,147.457,147.505,147.446,147.469,343
2025.08.27,02:00,147.470,147.529,147.400,147.490,702
2025.08.27,02:15,147.488,147.572,147.446,147.474,698
2025.08.27,02:30,147.473,147.494,147.430,147.479,546
2025.08.27,02:45,147.480,147.576,147.444,147.576,841
2025.08.27,03:00,147.577,147.619,147.509,147.567,720
2025.08.27,03:15,147.568,147.635,147.514,147.596,627
2025.08.27,03:30,147.596,147.639,147.564,147.607,651
2025.08.27,03:45,147.606,147.643,147.585,147.596,490
2025.08.27,04:00,147.598,147.689,147.595,147.688,510
2025.08.27,04:15,147.687,147.723,147.656,147.688,523
2025.08.27,04:30,147.689,147.728,147.685,147.721,441
2025.08.27,04:45,147.720,147.731,147.689,147.718,412
2025.08.27,05:00,147.719,147.788,147.709,147.771,378
2025.08.27,05:15,147.770,147.811,147.753,147.801,498
2025.08.27,05:30,147.803,147.834,147.802,147.828,465
2025.08.27,05:45,147.827,147.847,147.812,147.827,382
2025.08.27,06:00,147.825,147.891,147.823,147.856,445
2025.08.27,06:15,147.855,147.941,147.844,147.905,508
2025.08.27,06:30,147.904,147.944,147.897,147.934,408
2025.08.27,06:45,147.933,147.952,147.918,147.939,323
2025.08.27,07:00,147.940,147.964,147.924,147.925,463
2025.08.27,07:15,147.924,147.939,147.855,147.890,543
2025.08.27,07:30,147.889,147.930,147.859,147.864,560
2025.08.27,07:45,147.859,147.883,147.802,147.809,444
2025.08.27,08:00,147.810,147.834,147.742,147.772,686
2025.08.27,08:15,147.771,147.772,147.721,147.752,562
2025.08.27,08:30,147.751,147.751,147.683,147.684,577
2025.08.27,08:45,147.684,147.731,147.649,147.704,638
2025.08.27,09:00,147.705,147.796,147.705,147.796,502
2025.08.27,09:15,147.797,147.840,147.755,147.840,470
2025.08.27,09:30,147.836,147.888,147.798,147.807,543
2025.08.27,09:45,147.808,147.841,147.752,147.753,602
2025.08.27,10:00,147.754,147.923,147.740,147.903,646
2025.08.27,10:15,147.904,147.953,147.901,147.943,563
2025.08.27,10:30,147.941,147.997,147.891,147.911,596
2025.08.27,10:45,147.913,147.928,147.843,147.912,511
2025.08.27,11:00,147.914,147.967,147.903,147.935,503
2025.08.27,11:15,147.936,147.936,147.872,147.892,445
2025.08.27,11:30,147.893,147.898,147.860,147.887,348
2025.08.27,11:45,147.886,148.028,147.877,148.028,544
2025.08.27,12:00,148.029,148.075,147.961,147.987,577
2025.08.27,12:15,147.988,148.080,147.980,148.072,373
2025.08.27,12:30,148.073,148.121,148.051,148.097,529
2025.08.27,12:45,148.098,148.140,148.067,148.115,473
2025.08.27,13:00,148.116,148.178,148.026,148.029,569
2025.08.27,13:15,148.030,148.149,148.028,148.143,487
2025.08.27,13:30,148.142,148.157,148.074,148.127,461
2025.08.27,13:45,148.128,148.140,148.066,148.136,604
2025.08.27,14:00,148.137,148.141,148.028,148.035,625
2025.08.27,14:15,148.036,148.083,147.995,148.077,637
2025.08.27,14:30,148.079,148.104,148.035,148.067,634
2025.08.27,14:45,148.068,148.084,147.979,148.065,678
2025.08.27,15:00,148.067,148.079,147.934,147.986,712
2025.08.27,15:15,147.984,148.047,147.912,148.026,667
2025.08.27,15:30,148.027,148.123,148.010,148.109,728
2025.08.27,15:45,148.110,148.113,147.998,148.079,743
2025.08.27,16:00,148.078,148.089,147.951,147.980,710
2025.08.27,16:15,147.979,148.015,147.921,147.942,601
2025.08.27,16:30,147.943,148.005,147.910,147.938,635
2025.08.27,16:45,147.939,147.958,147.818,147.858,788
2025.08.27,17:00,147.856,147.856,147.705,147.718,891
2025.08.27,17:15,147.719,147.754,147.687,147.717,575
2025.08.27,17:30,147.718,147.760,147.687,147.689,570
2025.08.27,17:45,147.696,147.773,147.689,147.742,590
2025.08.27,18:00,147.743,147.749,147.691,147.697,467
2025.08.27,18:15,147.696,147.719,147.628,147.628,413
2025.08.27,18:30,147.629,147.629,147.444,147.479,722
2025.08.27,18:45,147.480,147.482,147.342,147.356,788
2025.08.27,19:00,147.355,147.375,147.289,147.348,751
2025.08.27,19:15,147.346,147.396,147.296,147.392,553
2025.08.27,19:30,147.393,147.423,147.373,147.373,491
2025.08.27,19:45,147.375,147.395,147.337,147.350,516
2025.08.27,20:00,147.351,147.485,147.349,147.459,557
2025.08.27,20:15,147.449,147.462,147.397,147.410,429
2025.08.27,20:30,147.406,147.464,147.369,147.371,461
2025.08.27,20:45,147.372,147.404,147.368,147.403,496
2025.08.27,21:00,147.401,147.459,147.401,147.449,452
2025.08.27,21:15,147.450,147.486,147.438,147.459,385
2025.08.27,21:30,147.460,147.513,147.444,147.478,403
2025.08.27,21:45,147.479,147.491,147.450,147.471,316
2025.08.27,22:00,147.469,147.498,147.447,147.489,282
2025.08.27,22:15,147.492,147.511,147.396,147.471,434
2025.08.27,22:30,147.472,147.475,147.416,147.431,303
2025.08.27,22:45,147.430,147.457,147.379,147.399,513
2025.08.27,23:00,147.396,147.396,147.275,147.318,20
2025.08.27,23:15,147.315,147.373,147.288,147.295,133
2025.08.27,23:30,147.290,147.298,147.269,147.276,104
2025.08.27,23:45,147.277,147.419,147.272,147.389,189
2025.08.28,00:00,147.350,147.410,147.323,147.355,314
2025.08.28,00:15,147.354,147.381,147.319,147.334,322
2025.08.28,00:30,147.335,147.344,147.203,147.203,455
2025.08.28,00:45,147.201,147.302,147.199,147.281,410
2025.08.28,01:00,147.278,147.304,147.249,147.267,358
2025.08.28,01:15,147.277,147.293,147.232,147.272,386
2025.08.28,01:30,147.270,147.294,147.218,147.275,455
2025.08.28,01:45,147.274,147.338,147.271,147.336,489
2025.08.28,02:00,147.333,147.478,147.297,147.456,879
2025.08.28,02:15,147.457,147.461,147.406,147.426,580
2025.08.28,02:30,147.427,147.469,147.426,147.439,581
2025.08.28,02:45,147.437,147.437,147.272,147.284,717
2025.08.28,03:00,147.291,147.325,147.218,147.241,659
2025.08.28,03:15,147.242,147.338,147.221,147.297,469
2025.08.28,03:30,147.298,147.442,147.186,147.409,729
2025.08.28,03:45,147.408,147.419,147.336,147.336,578
2025.08.28,04:00,147.335,147.362,147.228,147.254,685
2025.08.28,04:15,147.253,147.360,147.245,147.313,644
2025.08.28,04:30,147.312,147.329,147.271,147.297,487
2025.08.28,04:45,147.298,147.303,147.231,147.237,491
2025.08.28,05:00,147.234,147.286,147.222,147.241,454
2025.08.28,05:15,147.242,147.243,147.162,147.208,559
2025.08.28,05:30,147.209,147.233,147.133,147.144,532
2025.08.28,05:45,147.143,147.147,147.077,147.092,461
2025.08.28,06:00,147.091,147.192,147.075,147.174,509
2025.08.28,06:15,147.173,147.196,147.122,147.128,334
2025.08.28,06:30,147.127,147.176,147.107,147.176,305
2025.08.28,06:45,147.175,147.202,147.147,147.155,427
2025.08.28,07:00,147.157,147.201,147.119,147.123,396
2025.08.28,07:15,147.125,147.141,147.082,147.098,401
2025.08.28,07:30,147.097,147.175,147.078,147.167,417
2025.08.28,07:45,147.168,147.193,147.117,147.121,603
2025.08.28,08:00,147.120,147.133,146.995,147.132,838
2025.08.28,08:15,147.133,147.180,147.074,147.166,654
2025.08.28,08:30,147.167,147.288,147.167,147.258,700
2025.08.28,08:45,147.260,147.338,147.260,147.300,813
2025.08.28,09:00,147.301,147.353,147.252,147.302,720
2025.08.28,09:15,147.300,147.399,147.291,147.320,701
2025.08.28,09:30,147.325,147.357,147.237,147.237,621
2025.08.28,09:45,147.236,147.283,147.153,147.162,581
2025.08.28,10:00,147.166,147.338,147.125,147.314,679
2025.08.28,10:15,147.315,147.354,147.291,147.351,643
2025.08.28,10:30,147.350,147.364,147.212,147.241,619
2025.08.28,10:45,147.242,147.242,147.166,147.183,588
2025.08.28,11:00,147.179,147.180,147.085,147.110,583
2025.08.28,11:15,147.108,147.134,147.086,147.096,525
2025.08.28,11:30,147.095,147.122,147.061,147.109,534
2025.08.28,11:45,147.108,147.157,147.093,147.135,557
2025.08.28,12:00,147.139,147.160,147.078,147.102,534
2025.08.28,12:15,147.101,147.122,146.988,147.038,579
2025.08.28,12:30,147.039,147.047,146.926,146.938,710
2025.08.28,12:45,146.936,146.952,146.903,146.924,581
2025.08.28,13:00,146.925,146.962,146.807,146.894,712
2025.08.28,13:15,146.893,146.932,146.822,146.825,507
2025.08.28,13:30,146.824,146.914,146.803,146.914,599
2025.08.28,13:45,146.915,146.957,146.896,146.926,608
2025.08.28,14:00,146.922,146.938,146.853,146.889,705
2025.08.28,14:15,146.887,146.969,146.872,146.921,689
2025.08.28,14:30,146.837,147.165,146.833,146.905,1172
2025.08.28,14:45,146.902,147.140,146.868,147.097,1023
2025.08.28,15:00,147.107,147.218,147.070,147.184,897
2025.08.28,15:15,147.183,147.199,147.094,147.167,767
2025.08.28,15:30,147.160,147.226,147.102,147.180,890
2025.08.28,15:45,147.182,147.200,147.022,147.087,820
2025.08.28,16:00,147.089,147.112,146.989,147.010,950
2025.08.28,16:15,147.011,147.032,146.871,146.924,776
2025.08.28,16:30,146.923,146.987,146.874,146.961,677
2025.08.28,16:45,146.964,147.037,146.946,146.971,749
2025.08.28,17:00,146.970,147.065,146.970,147.052,718
2025.08.28,17:15,147.053,147.058,146.981,147.016,638
2025.08.28,17:30,147.017,147.037,146.945,147.024,498
2025.08.28,17:45,147.022,147.044,146.980,146.987,463
2025.08.28,18:00,146.982,146.991,146.911,146.911,481
2025.08.28,18:15,146.912,146.956,146.885,146.931,494
2025.08.28,18:30,146.928,146.928,146.860,146.906,538
2025.08.28,18:45,146.905,146.907,146.827,146.845,507
2025.08.28,19:00,146.844,146.848,146.662,146.671,637
2025.08.28,19:15,146.670,146.755,146.658,146.730,600
2025.08.28,19:30,146.729,146.818,146.718,146.766,457
2025.08.28,19:45,146.767,146.808,146.739,146.802,580
2025.08.28,20:00,146.803,146.864,146.801,146.858,540
2025.08.28,20:15,146.859,146.863,146.810,146.853,444
2025.08.28,20:30,146.854,146.883,146.827,146.832,409
2025.08.28,20:45,146.831,146.850,146.796,146.816,472
2025.08.28,21:00,146.815,146.871,146.802,146.869,419
2025.08.28,21:15,146.868,146.891,146.855,146.891,390
2025.08.28,21:30,146.890,146.918,146.890,146.906,484
2025.08.28,21:45,146.904,146.930,146.903,146.912,506
2025.08.28,22:00,146.914,146.971,146.914,146.967,313
2025.08.28,22:15,146.965,146.993,146.959,146.959,177
2025.08.28,22:30,146.961,146.973,146.955,146.968,165
2025.08.28,22:45,146.969,146.982,146.905,146.927,350
2025.08.28,23:15,146.810,146.872,146.806,146.864,57
2025.08.28,23:30,146.865,146.893,146.839,146.887,122
2025.08.28,23:45,146.888,146.944,146.810,146.926,93
2025.08.29,00:00,146.902,146.973,146.850,146.942,377
2025.08.29,00:15,146.941,146.989,146.920,146.989,227
2025.08.29,00:30,146.990,147.076,146.971,147.029,446
2025.08.29,00:45,147.030,147.038,146.983,147.026,240
2025.08.29,01:00,147.027,147.027,146.919,146.958,317
2025.08.29,01:15,146.961,146.966,146.850,146.868,430
2025.08.29,01:30,146.869,146.929,146.824,146.826,344
2025.08.29,01:45,146.833,146.861,146.790,146.829,445
2025.08.29,02:00,146.826,146.884,146.759,146.814,765
2025.08.29,02:15,146.815,146.962,146.815,146.912,682
2025.08.29,02:30,146.911,146.970,146.896,146.926,563
2025.08.29,02:45,146.922,146.927,146.804,146.821,814
2025.08.29,03:00,146.819,146.950,146.786,146.875,693
2025.08.29,03:15,146.874,147.108,146.867,147.058,768
2025.08.29,03:30,147.057,147.089,146.994,147.000,567
2025.08.29,03:45,147.002,147.075,146.995,146.999,650
2025.08.29,04:00,146.998,146.998,146.912,146.962,501
2025.08.29,04:15,146.964,146.971,146.869,146.890,477
2025.08.29,04:30,146.889,146.936,146.859,146.872,445
2025.08.29,04:45,146.871,146.905,146.823,146.890,484
2025.08.29,05:00,146.891,146.954,146.886,146.953,389
2025.08.29,05:15,146.952,146.985,146.928,146.967,436
2025.08.29,05:30,146.970,146.985,146.939,146.942,344
2025.08.29,05:45,146.941,146.988,146.941,146.982,335
2025.08.29,06:00,146.983,147.034,146.959,146.982,449
2025.08.29,06:15,146.980,147.023,146.961,146.989,375
2025.08.29,06:30,146.991,147.009,146.912,146.931,324
2025.08.29,06:45,146.930,146.962,146.900,146.900,367
2025.08.29,07:00,146.899,146.957,146.898,146.947,314
2025.08.29,07:15,146.949,146.991,146.919,146.967,366
2025.08.29,07:30,146.966,147.020,146.965,146.998,369
2025.08.29,07:45,146.999,147.021,146.966,147.009,348
2025.08.29,08:00,147.008,147.040,146.955,147.010,590
2025.08.29,08:15,147.008,147.034,146.954,147.019,520
2025.08.29,08:30,147.017,147.094,147.014,147.085,582
2025.08.29,08:45,147.086,147.166,147.078,147.148,613
2025.08.29,09:00,147.156,147.176,147.121,147.131,523
2025.08.29,09:15,147.129,147.192,147.105,147.124,469
2025.08.29,09:30,147.123,147.123,147.016,147.021,591
2025.08.29,09:45,147.020,147.096,146.956,146.998,578
2025.08.29,10:00,146.999,147.025,146.945,146.988,642
2025.08.29,10:15,146.989,147.011,146.945,146.948,467
2025.08.29,10:30,146.949,146.949,146.871,146.884,508
2025.08.29,10:45,146.883,146.948,146.864,146.946,509
2025.08.29,11:00,146.947,147.026,146.934,146.982,504
2025.08.29,11:15,146.981,147.031,146.961,146.985,467
2025.08.29,11:30,146.984,147.108,146.973,147.077,473
2025.08.29,11:45,147.079,147.092,147.031,147.090,484
2025.08.29,12:00,147.091,147.171,147.071,147.158,505
2025.08.29,12:15,147.159,147.181,147.122,147.127,425
2025.08.29,12:30,147.126,147.167,147.126,147.152,340
2025.08.29,12:45,147.151,147.240,147.141,147.195,519
2025.08.29,13:00,147.196,147.259,147.186,147.233,462
2025.08.29,13:15,147.232,147.235,147.166,147.198,513
2025.08.29,13:30,147.197,147.227,147.193,147.214,385
2025.08.29,13:45,147.215,147.254,147.206,147.246,443
2025.08.29,14:00,147.245,147.310,147.242,147.262,545
2025.08.29,14:15,147.261,147.294,147.161,147.161,594
2025.08.29,14:30,147.099,147.404,147.097,147.327,1125
2025.08.29,14:45,147.328,147.346,147.272,147.317,759
2025.08.29,15:00,147.323,147.385,147.252,147.294,735
2025.08.29,15:15,147.293,147.316,147.228,147.236,765
2025.08.29,15:30,147.235,147.277,147.128,147.154,751
2025.08.29,15:45,147.157,147.218,147.079,147.099,831
2025.08.29,16:00,147.097,147.097,146.957,147.004,960
2025.08.29,16:15,147.002,147.034,146.897,146.991,856
2025.08.29,16:30,146.989,147.008,146.836,146.890,901
2025.08.29,16:45,146.884,146.971,146.804,146.822,1002
2025.08.29,17:00,146.819,146.906,146.764,146.903,941
2025.08.29,17:15,146.902,146.966,146.873,146.937,694
2025.08.29,17:30,146.929,146.939,146.870,146.871,566
2025.08.29,17:45,146.872,146.901,146.825,146.901,629
2025.08.29,18:00,146.899,146.918,146.851,146.878,563
2025.08.29,18:15,146.879,146.959,146.873,146.905,534
2025.08.29,18:30,146.906,146.941,146.888,146.904,459
2025.08.29,18:45,146.903,146.939,146.892,146.909,449
2025.08.29,19:00,146.910,146.924,146.878,146.902,438
2025.08.29,19:15,146.904,146.934,146.884,146.913,372
2025.08.29,19:30,146.912,146.926,146.892,146.911,355
2025.08.29,19:45,146.910,147.002,146.906,146.978,442
2025.08.29,20:00,146.976,146.994,146.955,146.992,350
2025.08.29,20:15,146.994,147.013,146.981,147.009,376
2025.08.29,20:30,147.010,147.023,146.976,146.999,295
2025.08.29,20:45,146.998,147.020,146.977,147.010,403
2025.08.29,21:00,147.011,147.040,147.008,147.018,390
2025.08.29,21:15,147.017,147.035,147.002,147.006,292
2025.08.29,21:30,147.004,147.006,146.965,146.975,291
2025.08.29,21:45,146.976,146.986,146.917,146.956,554
2025.08.31,23:00,146.931,147.037,146.931,147.006,588
2025.08.31,23:15,147.009,147.038,146.993,147.010,788
2025.08.31,23:30,147.010,147.036,146.986,147.007,501
2025.08.31,23:45,147.003,147.044,146.995,147.018,480
2025.09.01,00:00,147.030,147.116,146.996,147.061,330
2025.09.01,00:15,147.060,147.083,147.046,147.078,236
2025.09.01,00:30,147.080,147.100,147.073,147.091,174
2025.09.01,00:45,147.088,147.154,147.087,147.127,206
2025.09.01,01:00,147.126,147.173,147.079,147.145,325
2025.09.01,01:15,147.146,147.183,147.127,147.176,296
2025.09.01,01:30,147.177,147.183,147.142,147.157,222
2025.09.01,01:45,147.154,147.183,147.080,147.115,468
2025.09.01,02:00,147.125,147.251,147.114,147.201,777
2025.09.01,02:15,147.200,147.234,147.183,147.191,566
2025.09.01,02:30,147.188,147.232,147.153,147.193,475
2025.09.01,02:45,147.194,147.256,147.190,147.228,560
2025.09.01,03:00,147.229,147.287,147.177,147.258,588
2025.09.01,03:15,147.259,147.360,147.256,147.350,527
2025.09.01,03:30,147.351,147.376,147.311,147.350,574
2025.09.01,03:45,147.349,147.353,147.251,147.283,580
2025.09.01,04:00,147.285,147.289,147.137,147.164,627
2025.09.01,04:15,147.163,147.163,147.028,147.041,598
2025.09.01,04:30,147.039,147.056,147.023,147.040,527
2025.09.01,04:45,147.039,147.056,146.852,146.890,613
2025.09.01,05:00,146.888,146.961,146.836,146.932,585
2025.09.01,05:15,146.931,146.952,146.910,146.927,408
2025.09.01,05:30,146.929,146.999,146.877,146.885,530
2025.09.01,05:45,146.884,146.937,146.869,146.888,385
2025.09.01,06:00,146.890,146.936,146.879,146.921,341
2025.09.01,06:15,146.920,146.983,146.904,146.964,495
2025.09.01,06:30,146.965,147.028,146.954,146.975,508
2025.09.01,06:45,146.974,147.055,146.970,147.036,376
2025.09.01,07:00,147.042,147.055,146.981,147.010,402
2025.09.01,07:15,147.011,147.012,146.975,146.984,385
2025.09.01,07:30,146.985,147.000,146.916,146.955,405
2025.09.01,07:45,146.956,146.963,146.891,146.910,437
2025.09.01,08:00,146.911,146.916,146.835,146.894,640
2025.09.01,08:15,146.894,146.941,146.849,146.862,581
2025.09.01,08:30,146.864,146.866,146.779,146.813,726
2025.09.01,08:45,146.814,146.930,146.799,146.927,699
2025.09.01,09:00,146.932,147.091,146.893,147.077,764
2025.09.01,09:15,147.074,147.135,147.039,147.133,559
2025.09.01,09:30,147.135,147.195,147.121,147.148,593
2025.09.01,09:45,147.149,147.159,147.057,147.065,510
2025.09.01,10:00,147.067,147.194,147.020,147.155,589
2025.09.01,10:15,147.154,147.173,147.098,147.119,546
2025.09.01,10:30,147.120,147.136,147.024,147.037,458
2025.09.01,10:45,147.038,147.039,146.957,146.982,533
2025.09.01,11:00,146.983,147.066,146.934,147.056,592
2025.09.01,11:15,147.055,147.074,146.990,147.003,546
2025.09.01,11:30,147.001,147.062,146.993,147.016,479
2025.09.01,11:45,147.018,147.115,146.996,147.098,526
2025.09.01,12:00,147.100,147.139,147.067,147.081,509
2025.09.01,12:15,147.083,147.102,147.047,147.060,419
2025.09.01,12:30,147.059,147.094,147.045,147.094,354
2025.09.01,12:45,147.092,147.138,147.080,147.125,449
2025.09.01,13:00,147.126,147.143,147.059,147.089,458
2025.09.01,13:15,147.095,147.139,147.094,147.136,452
2025.09.01,13:30,147.135,147.155,147.112,147.139,413
2025.09.01,13:45,147.140,147.162,147.131,147.153,426
2025.09.01,14:00,147.154,147.198,147.146,147.194,445
2025.09.01,14:15,147.193,147.194,147.147,147.163,424
2025.09.01,14:30,147.165,147.229,147.159,147.219,485
2025.09.01,14:45,147.216,147.226,147.179,147.197,459
2025.09.01,15:00,147.189,147.243,147.162,147.176,537
2025.09.01,15:15,147.177,147.221,147.173,147.210,474
2025.09.01,15:30,147.209,147.229,147.176,147.211,445
2025.09.01,15:45,147.212,147.265,147.212,147.247,435
2025.09.01,16:00,147.249,147.282,147.218,147.241,423
2025.09.01,16:15,147.243,147.260,147.227,147.238,391
2025.09.01,16:30,147.239,147.274,147.220,147.273,423
2025.09.01,16:45,147.275,147.293,147.250,147.285,556
2025.09.01,17:00,147.287,147.294,147.269,147.275,489
2025.09.01,17:15,147.274,147.302,147.254,147.262,361
2025.09.01,17:30,147.264,147.279,147.249,147.274,334
2025.09.01,17:45,147.275,147.290,147.265,147.267,188
2025.09.01,18:00,147.265,147.280,147.246,147.259,235
2025.09.01,18:15,147.258,147.260,147.195,147.201,259
2025.09.01,18:30,147.205,147.241,147.202,147.222,265
2025.09.01,18:45,147.221,147.235,147.216,147.231,187
2025.09.01,19:00,147.232,147.236,147.218,147.230,239
2025.09.01,19:15,147.229,147.236,147.214,147.225,273
2025.09.01,19:30,147.226,147.230,147.214,147.230,223
2025.09.01,19:45,147.237,147.237,147.206,147.214,114
2025.09.01,20:00,147.215,147.222,147.205,147.217,158
2025.09.01,20:15,147.218,147.228,147.211,147.217,174
2025.09.01,20:30,147.216,147.228,147.215,147.218,103
2025.09.01,20:45,147.219,147.223,147.209,147.217,204
2025.09.01,21:00,147.215,147.215,147.175,147.177,191
2025.09.01,21:15,147.178,147.187,147.169,147.172,127
2025.09.01,21:30,147.173,147.185,147.167,147.170,181
2025.09.01,21:45,147.171,147.181,147.152,147.180,198
2025.09.01,22:00,147.184,147.186,147.142,147.165,149
2025.09.01,22:15,147.164,147.171,147.148,147.154,144
2025.09.01,22:30,147.153,147.158,147.139,147.154,119
2025.09.01,22:45,147.155,147.172,147.144,147.162,263
2025.09.01,23:00,147.105,147.128,147.103,147.110,20
2025.09.01,23:15,147.111,147.114,147.093,147.093,44
2025.09.01,23:30,147.096,147.159,147.081,147.157,614
2025.09.01,23:45,147.156,147.164,147.141,147.141,303
2025.09.02,00:00,147.145,147.197,147.145,147.165,317
2025.09.02,00:15,147.166,147.175,147.132,147.140,331
2025.09.02,00:30,147.140,147.152,147.125,147.144,286
2025.09.02,00:45,147.143,147.170,147.117,147.167,427
2025.09.02,01:00,147.168,147.172,147.139,147.149,316
2025.09.02,01:15,147.150,147.151,147.058,147.076,349
2025.09.02,01:30,147.077,147.087,147.065,147.069,283
2025.09.02,01:45,147.068,147.099,147.041,147.088,423
2025.09.02,02:00,147.090,147.303,147.086,147.297,768
2025.09.02,02:15,147.298,147.332,147.275,147.328,621
2025.09.02,02:30,147.329,147.347,147.275,147.332,603
2025.09.02,02:45,147.334,147.358,147.207,147.300,832
2025.09.02,03:00,147.301,147.397,147.288,147.300,685
2025.09.02,03:15,147.310,147.357,147.248,147.260,525
2025.09.02,03:30,147.259,147.542,147.190,147.435,865
2025.09.02,03:45,147.438,147.579,147.433,147.539,872
2025.09.02,04:00,147.538,147.687,147.527,147.686,767
2025.09.02,04:15,147.679,147.710,147.647,147.647,637
2025.09.02,04:30,147.648,147.676,147.600,147.642,576
2025.09.02,04:45,147.640,147.671,147.632,147.659,449
2025.09.02,05:00,147.660,147.669,147.569,147.587,473
2025.09.02,05:15,147.586,147.633,147.580,147.599,441
2025.09.02,05:30,147.600,147.722,147.595,147.709,591
2025.09.02,05:45,147.710,147.745,147.696,147.699,380
2025.09.02,06:00,147.698,147.781,147.685,147.779,367
2025.09.02,06:15,147.780,147.817,147.767,147.805,483
2025.09.02,06:30,147.806,147.856,147.725,147.768,600
2025.09.02,06:45,147.769,147.771,147.681,147.719,566
2025.09.02,07:00,147.720,147.791,147.696,147.779,545
2025.09.02,07:15,147.778,147.863,147.728,147.854,559
2025.09.02,07:30,147.855,147.896,147.816,147.831,532
2025.09.02,07:45,147.830,147.918,147.829,147.913,576
2025.09.02,08:00,147.912,147.980,147.902,147.976,734
2025.09.02,08:15,147.977,148.045,147.937,147.981,840
2025.09.02,08:30,147.981,148.020,147.932,148.013,879
2025.09.02,08:45,148.013,148.025,147.948,147.960,655
2025.09.02,09:00,147.959,148.271,147.947,148.254,764
2025.09.02,09:15,148.271,148.455,148.160,148.427,1149
2025.09.02,09:30,148.429,148.666,148.405,148.461,1360
2025.09.02,09:45,148.459,148.737,148.439,148.651,1167
2025.09.02,10:00,148.648,148.786,148.561,148.565,1174
2025.09.02,10:15,148.570,148.574,148.320,148.338,935
2025.09.02,10:30,148.341,148.431,148.219,148.327,898
2025.09.02,10:45,148.329,148.500,148.307,148.434,763
2025.09.02,11:00,148.435,148.560,148.369,148.535,766
2025.09.02,11:15,148.537,148.641,148.535,148.606,738
2025.09.02,11:30,148.604,148.629,148.507,148.511,638
2025.09.02,11:45,148.512,148.590,148.477,148.557,676
2025.09.02,12:00,148.543,148.666,148.532,148.574,732
2025.09.02,12:15,148.575,148.704,148.571,148.659,639
2025.09.02,12:30,148.658,148.663,148.530,148.609,717
2025.09.02,12:45,148.611,148.665,148.556,148.598,675
2025.09.02,13:00,148.593,148.676,148.508,148.581,659
2025.09.02,13:15,148.583,148.682,148.552,148.665,522
2025.09.02,13:30,148.664,148.737,148.596,148.622,644
2025.09.02,13:45,148.623,148.649,148.585,148.616,697
2025.09.02,14:00,148.613,148.712,148.530,148.699,883
2025.09.02,14:15,148.696,148.861,148.691,148.800,1040
2025.09.02,14:30,148.807,148.920,148.747,148.875,989
2025.09.02,14:45,148.869,148.937,148.788,148.818,986
2025.09.02,15:00,148.820,148.843,148.577,148.581,1023
2025.09.02,15:15,148.580,148.604,148.514,148.552,841
2025.09.02,15:30,148.550,148.561,148.354,148.385,1110
2025.09.02,15:45,148.384,148.487,148.342,148.406,942
2025.09.02,16:00,148.369,148.369,148.049,148.050,1435
2025.09.02,16:15,148.051,148.087,147.932,148.057,1175
2025.09.02,16:30,148.046,148.124,147.943,147.998,956
2025.09.02,16:45,147.997,148.122,147.945,148.078,1104
2025.09.02,17:00,148.079,148.236,148.067,148.212,1072
2025.09.02,17:15,148.213,148.248,148.155,148.221,768
2025.09.02,17:30,148.210,148.331,148.205,148.281,782
2025.09.02,17:45,148.282,148.282,148.198,148.225,674
2025.09.02,18:00,148.227,148.282,148.196,148.223,570
2025.09.02,18:15,148.228,148.326,148.227,148.295,547
2025.09.02,18:30,148.298,148.330,148.265,148.298,463
2025.09.02,18:45,148.300,148.312,148.272,148.294,555
2025.09.02,19:00,148.293,148.344,148.254,148.263,496
2025.09.02,19:15,148.264,148.300,148.242,148.274,466
2025.09.02,19:30,148.273,148.392,148.267,148.363,426
2025.09.02,19:45,148.364,148.413,148.362,148.377,483
2025.09.02,20:00,148.386,148.443,148.363,148.397,502
2025.09.02,20:15,148.398,148.429,148.377,148.379,411
2025.09.02,20:30,148.378,148.448,148.376,148.448,479
2025.09.02,20:45,148.449,148.528,148.446,148.471,564
2025.09.02,21:00,148.470,148.477,148.402,148.413,466
2025.09.02,21:15,148.412,148.416,148.349,148.372,426
2025.09.02,21:30,148.371,148.374,148.313,148.331,370
2025.09.02,21:45,148.330,148.375,148.328,148.355,349
2025.09.02,22:00,148.344,148.359,148.331,148.354,187
2025.09.02,22:15,148.357,148.398,148.351,148.374,292
2025.09.02,22:30,148.373,148.408,148.356,148.363,251
2025.09.02,22:45,148.362,148.362,148.302,148.354,444
2025.09.02,23:00,148.311,148.314,148.250,148.291,26
2025.09.02,23:15,148.291,148.329,148.291,148.329,34
2025.09.02,23:30,148.331,148.347,148.329,148.347,49
2025.09.02,23:45,148.346,148.348,148.330,148.341,247
2025.09.03,00:00,148.336,148.382,148.308,148.357,157
2025.09.03,00:15,148.348,148.354,148.332,148.345,160
2025.09.03,00:30,148.344,148.369,148.341,148.358,169
2025.09.03,00:45,148.359,148.556,148.358,148.501,493
2025.09.03,01:00,148.498,148.519,148.446,148.518,286
2025.09.03,01:15,148.519,148.535,148.474,148.517,251
2025.09.03,01:30,148.510,148.569,148.508,148.564,315
2025.09.03,01:45,148.563,148.585,148.491,148.573,620
2025.09.03,02:00,148.576,148.621,148.508,148.578,681
2025.09.03,02:15,148.582,148.660,148.572,148.629,688
2025.09.03,02:30,148.628,148.688,148.609,148.681,612
2025.09.03,02:45,148.682,148.762,148.647,148.752,746
2025.09.03,03:00,148.753,148.798,148.721,148.738,603
2025.09.03,03:15,148.739,148.833,148.734,148.800,468
2025.09.03,03:30,148.792,148.827,148.761,148.795,532
2025.09.03,03:45,148.794,148.896,148.785,148.861,565
2025.09.03,04:00,148.862,148.866,148.743,148.791,452
2025.09.03,04:15,148.792,148.831,148.705,148.823,568
2025.09.03,04:30,148.824,148.898,148.790,148.829,570
2025.09.03,04:45,148.826,148.842,148.776,148.836,440
2025.09.03,05:00,148.838,148.861,148.806,148.859,406
2025.09.03,05:15,148.861,148.894,148.838,148.885,393
2025.09.03,05:30,148.886,148.912,148.870,148.885,422
2025.09.03,05:45,148.887,148.912,148.880,148.907,309
2025.09.03,06:00,148.908,148.918,148.762,148.801,438
2025.09.03,06:15,148.802,148.880,148.733,148.741,464
2025.09.03,06:30,148.740,148.740,148.629,148.629,487
2025.09.03,06:45,148.628,148.652,148.550,148.583,446
2025.09.03,07:00,148.584,148.651,148.559,148.639,442
2025.09.03,07:15,148.637,148.643,148.484,148.544,364
2025.09.03,07:30,148.545,148.649,148.537,148.627,510
2025.09.03,07:45,148.628,148.654,148.542,148.595,486
2025.09.03,08:00,148.586,148.676,148.562,148.652,705
2025.09.03,08:15,148.651,148.656,148.545,148.559,843
2025.09.03,08:30,148.561,148.603,148.506,148.564,754
2025.09.03,08:45,148.567,148.619,148.555,148.607,612
2025.09.03,09:00,148.608,148.775,148.608,148.755,640
2025.09.03,09:15,148.757,149.131,148.750,148.963,1036
2025.09.03,09:30,148.962,148.973,148.765,148.848,794
2025.09.03,09:45,148.847,148.848,148.678,148.732,753
2025.09.03,10:00,148.729,148.743,148.619,148.691,818
2025.09.03,10:15,148.692,148.707,148.593,148.682,619
2025.09.03,10:30,148.686,148.767,148.682,148.751,653
2025.09.03,10:45,148.752,148.755,148.562,148.583,618
2025.09.03,11:00,148.581,148.659,148.555,148.639,556
2025.09.03,11:15,148.640,148.702,148.623,148.656,472
2025.09.03,11:30,148.654,148.654,148.481,148.487,689
2025.09.03,11:45,148.490,148.558,148.427,148.552,629
2025.09.03,12:00,148.550,148.556,148.473,148.550,512
2025.09.03,12:15,148.548,148.604,148.538,148.593,471
2025.09.03,12:30,148.601,148.692,148.601,148.692,432
2025.09.03,12:45,148.691,148.730,148.651,148.689,468
2025.09.03,13:00,148.690,148.723,148.642,148.670,543
2025.09.03,13:15,148.672,148.702,148.633,148.678,416
2025.09.03,13:30,148.679,148.684,148.597,148.621,533
2025.09.03,13:45,148.622,148.647,148.595,148.613,507
2025.09.03,14:00,148.597,148.637,148.543,148.572,588
2025.09.03,14:15,148.570,148.704,148.568,148.625,609
2025.09.03,14:30,148.626,148.745,148.590,148.741,656
2025.09.03,14:45,148.738,148.792,148.652,148.723,817
2025.09.03,15:00,148.721,148.790,148.693,148.717,851
2025.09.03,15:15,148.715,148.787,148.684,148.684,740
2025.09.03,15:30,148.683,148.752,148.619,148.720,865
2025.09.03,15:45,148.724,148.761,148.569,148.613,814
2025.09.03,16:00,148.468,148.468,148.150,148.183,1398
2025.09.03,16:15,148.172,148.218,148.071,148.113,984
2025.09.03,16:30,148.112,148.238,148.091,148.137,969
2025.09.03,16:45,148.136,148.267,148.100,148.166,957
2025.09.03,17:00,148.165,148.191,148.018,148.091,826
2025.09.03,17:15,148.093,148.195,147.979,147.994,797
2025.09.03,17:30,147.993,148.049,147.924,148.018,709
2025.09.03,17:45,148.016,148.052,147.945,147.966,629
2025.09.03,18:00,147.962,148.026,147.926,147.976,659
2025.09.03,18:15,147.975,147.983,147.903,147.950,489
2025.09.03,18:30,147.951,147.999,147.920,147.996,435
2025.09.03,18:45,147.995,147.999,147.906,147.935,510
2025.09.03,19:00,147.934,147.942,147.900,147.927,483
2025.09.03,19:15,147.926,147.942,147.874,147.903,501
2025.09.03,19:30,147.901,147.995,147.897,147.952,482
2025.09.03,19:45,147.951,148.049,147.948,148.035,430
2025.09.03,20:00,148.034,148.064,147.959,147.961,477
2025.09.03,20:15,147.960,147.971,147.926,147.936,395
2025.09.03,20:30,147.938,148.002,147.915,147.971,584
2025.09.03,20:45,147.973,147.974,147.924,147.966,500
2025.09.03,21:00,147.965,148.037,147.960,148.018,390
2025.09.03,21:15,148.022,148.089,148.019,148.060,360
2025.09.03,21:30,148.061,148.097,148.059,148.064,359
2025.09.03,21:45,148.066,148.128,148.066,148.127,391
2025.09.03,22:00,148.131,148.156,148.105,148.126,240
2025.09.03,22:15,148.128,148.151,148.115,148.129,278
2025.09.03,22:30,148.128,148.128,148.088,148.093,263
2025.09.03,22:45,148.091,148.110,148.080,148.102,340
2025.09.03,23:00,148.056,148.068,148.006,148.052,22
2025.09.03,23:15,148.045,148.101,148.042,148.095,45
2025.09.03,23:30,148.095,148.095,148.051,148.059,39
2025.09.03,23:45,148.052,148.063,148.052,148.053,111
2025.09.04,00:00,148.051,148.142,148.051,148.134,203
2025.09.04,00:15,148.133,148.133,148.055,148.097,150
2025.09.04,00:30,148.096,148.096,148.047,148.047,247
2025.09.04,00:45,148.049,148.069,148.030,148.055,233
2025.09.04,01:00,148.057,148.060,147.963,147.969,280
2025.09.04,01:15,147.969,148.021,147.946,148.010,365
2025.09.04,01:30,148.007,148.059,147.950,147.955,375
2025.09.04,01:45,147.956,148.010,147.956,147.972,461
2025.09.04,02:00,147.963,148.122,147.923,147.942,1014
2025.09.04,02:15,147.941,148.073,147.901,148.050,791
2025.09.04,02:30,148.051,148.166,148.032,148.134,709
2025.09.04,02:45,148.133,148.166,147.947,148.024,914
2025.09.04,03:00,148.023,148.106,147.976,148.020,746
2025.09.04,03:15,148.023,148.088,147.979,147.988,732
2025.09.04,03:30,147.987,147.999,147.785,147.967,863
2025.09.04,03:45,147.968,148.047,147.950,148.007,652
2025.09.04,04:00,148.009,148.124,148.009,148.102,624
2025.09.04,04:15,148.103,148.124,148.054,148.057,595
2025.09.04,04:30,148.056,148.156,148.032,148.131,587
2025.09.04,04:45,148.130,148.187,148.110,148.135,666
2025.09.04,05:00,148.131,148.190,148.115,148.178,574
2025.09.04,05:15,148.177,148.183,148.139,148.152,411
2025.09.04,05:30,148.151,148.250,148.149,148.219,510
2025.09.04,05:45,148.220,148.260,148.215,148.239,443
2025.09.04,06:00,148.238,148.269,148.221,148.260,393
2025.09.04,06:15,148.261,148.277,148.196,148.219,426
2025.09.04,06:30,148.223,148.239,148.122,148.162,419
2025.09.04,06:45,148.161,148.262,148.161,148.237,479
2025.09.04,07:00,148.238,148.270,148.229,148.251,405
2025.09.04,07:15,148.253,148.276,148.183,148.212,423
2025.09.04,07:30,148.216,148.216,148.155,148.172,488
2025.09.04,07:45,148.173,148.253,148.165,148.223,504
2025.09.04,08:00,148.228,148.240,148.126,148.162,699
2025.09.04,08:15,148.164,148.209,148.156,148.174,608
2025.09.04,08:30,148.170,148.240,148.162,148.205,639
2025.09.04,08:45,148.207,148.241,148.155,148.188,702
2025.09.04,09:00,148.197,148.306,148.106,148.209,805
2025.09.04,09:15,148.204,148.364,148.203,148.263,725
2025.09.04,09:30,148.264,148.338,148.248,148.320,629
2025.09.04,09:45,148.322,148.409,148.304,148.361,691
2025.09.04,10:00,148.369,148.396,148.280,148.328,703
2025.09.04,10:15,148.327,148.394,148.304,148.371,580
2025.09.04,10:30,148.372,148.402,148.129,148.273,617
2025.09.04,10:45,148.274,148.292,148.189,148.211,471
2025.09.04,11:00,148.210,148.241,148.165,148.219,476
2025.09.04,11:15,148.218,148.353,148.201,148.352,591
2025.09.04,11:30,148.355,148.367,148.297,148.310,481
2025.09.04,11:45,148.311,148.359,148.293,148.314,476
2025.09.04,12:00,148.311,148.332,148.218,148.220,467
2025.09.04,12:15,148.223,148.268,148.223,148.241,512
2025.09.04,12:30,148.240,148.274,148.199,148.274,439
2025.09.04,12:45,148.277,148.296,148.239,148.257,517
2025.09.04,13:00,148.256,148.362,148.245,148.326,549
2025.09.04,13:15,148.324,148.346,148.306,148.330,414
2025.09.04,13:30,148.335,148.350,148.298,148.318,513
2025.09.04,13:45,148.319,148.386,148.292,148.339,476
2025.09.04,14:00,148.337,148.349,148.273,148.273,595
2025.09.04,14:15,148.221,148.357,148.006,148.329,968
2025.09.04,14:30,148.301,148.524,148.105,148.439,1198
2025.09.04,14:45,148.438,148.507,148.402,148.423,876
2025.09.04,15:00,148.426,148.523,148.346,148.506,896
2025.09.04,15:15,148.505,148.517,148.382,148.435,742
2025.09.04,15:30,148.447,148.460,148.389,148.453,741
2025.09.04,15:45,148.393,148.490,148.361,148.361,763
2025.09.04,16:00,148.599,148.617,148.381,148.396,1174
2025.09.04,16:15,148.405,148.513,148.400,148.490,881
2025.09.04,16:30,148.492,148.705,148.483,148.670,918
2025.09.04,16:45,148.668,148.746,148.645,148.735,828
2025.09.04,17:00,148.732,148.768,148.691,148.756,774
2025.09.04,17:15,148.757,148.775,148.662,148.664,598
2025.09.04,17:30,148.661,148.701,148.642,148.681,620
2025.09.04,17:45,148.680,148.702,148.622,148.625,578
2025.09.04,18:00,148.620,148.735,148.605,148.722,583
2025.09.04,18:15,148.723,148.729,148.643,148.657,504
2025.09.04,18:30,148.656,148.666,148.594,148.625,468
2025.09.04,18:45,148.624,148.654,148.602,148.615,450
2025.09.04,19:00,148.616,148.667,148.602,148.641,409
2025.09.04,19:15,148.640,148.645,148.617,148.644,405
2025.09.04,19:30,148.645,148.662,148.626,148.645,379
2025.09.04,19:45,148.646,148.667,148.640,148.640,457
2025.09.04,20:00,148.641,148.646,148.579,148.585,406
2025.09.04,20:15,148.583,148.601,148.561,148.577,372
2025.09.04,20:30,148.578,148.584,148.555,148.576,298
2025.09.04,20:45,148.577,148.589,148.534,148.558,362
2025.09.04,21:00,148.559,148.559,148.501,148.505,318
2025.09.04,21:15,148.504,148.516,148.482,148.506,315
2025.09.04,21:30,148.505,148.507,148.457,148.461,255
2025.09.04,21:45,148.460,148.505,148.450,148.483,315
2025.09.04,22:00,148.481,148.547,148.462,148.517,277
2025.09.04,22:15,148.516,148.529,148.455,148.500,302
2025.09.04,22:30,148.501,148.507,148.450,148.451,250
2025.09.04,22:45,148.450,148.477,148.438,148.475,359
2025.09.04,23:00,148.503,148.503,148.444,148.488,40
2025.09.04,23:15,148.484,148.497,148.364,148.390,121
2025.09.04,23:30,148.391,148.430,148.378,148.415,40
2025.09.04,23:45,148.417,148.427,148.405,148.411,202
2025.09.05,00:00,148.390,148.500,148.390,148.500,209
2025.09.05,00:15,148.501,148.503,148.468,148.477,159
2025.09.05,00:30,148.474,148.493,148.420,148.477,264
2025.09.05,00:45,148.476,148.511,148.440,148.475,214
2025.09.05,01:00,148.473,148.502,148.458,148.465,249
2025.09.05,01:15,148.472,148.478,148.405,148.420,380
2025.09.05,01:30,148.419,148.422,148.339,148.361,461
2025.09.05,01:45,148.360,148.420,148.326,148.418,636
2025.09.05,02:00,148.417,148.434,148.303,148.323,792
2025.09.05,02:15,148.322,148.374,148.300,148.348,748
2025.09.05,02:30,148.347,148.347,148.255,148.277,610
2025.09.05,02:45,148.279,148.303,148.125,148.163,849
2025.09.05,03:00,148.166,148.194,148.127,148.179,734
2025.09.05,03:15,148.180,148.259,148.166,148.201,619
2025.09.05,03:30,148.202,148.240,148.168,148.235,439
2025.09.05,03:45,148.236,148.238,148.083,148.132,667
2025.09.05,04:00,148.136,148.173,148.076,148.121,530
2025.09.05,04:15,148.120,148.158,148.101,148.127,409
2025.09.05,04:30,148.129,148.157,148.110,148.127,402
2025.09.05,04:45,148.126,148.176,148.122,148.176,345
2025.09.05,05:00,148.177,148.201,148.138,148.159,347
2025.09.05,05:15,148.160,148.179,148.112,148.117,359
2025.09.05,05:30,148.116,148.173,148.106,148.172,511
2025.09.05,05:45,148.171,148.175,148.130,148.172,330
2025.09.05,06:00,148.171,148.199,148.163,148.186,337
2025.09.05,06:15,148.184,148.221,148.180,148.213,302
2025.09.05,06:30,148.214,148.227,148.189,148.221,346
2025.09.05,06:45,148.220,148.231,148.209,148.214,348
2025.09.05,07:00,148.215,148.215,148.173,148.183,318
2025.09.05,07:15,148.182,148.197,148.166,148.184,296
2025.09.05,07:30,148.186,148.206,148.181,148.189,337
2025.09.05,07:45,148.190,148.199,148.166,148.166,423
2025.09.05,08:00,148.168,148.243,148.144,148.241,468
2025.09.05,08:15,148.240,148.269,148.176,148.204,612
2025.09.05,08:30,148.205,148.262,148.187,148.226,690
2025.09.05,08:45,148.229,148.254,148.190,148.229,514
2025.09.05,09:00,148.230,148.248,148.191,148.226,521
2025.09.05,09:15,148.223,148.242,148.202,148.224,389
2025.09.05,09:30,148.223,148.252,148.188,148.209,457
2025.09.05,09:45,148.206,148.242,148.190,148.208,482
2025.09.05,10:00,148.209,148.219,148.154,148.174,456
2025.09.05,10:15,148.177,148.177,148.112,148.129,498
2025.09.05,10:30,148.128,148.188,148.121,148.163,405
2025.09.05,10:45,148.165,148.179,148.143,148.157,393
2025.09.05,11:00,148.156,148.168,148.126,148.137,442
2025.09.05,11:15,148.136,148.155,148.080,148.119,489
2025.09.05,11:30,148.120,148.184,148.085,148.156,398
2025.09.05,11:45,148.155,148.181,148.149,148.168,413
2025.09.05,12:00,148.169,148.180,148.149,148.166,410
2025.09.05,12:15,148.167,148.167,148.076,148.090,386
2025.09.05,12:30,148.089,148.134,148.089,148.100,485
2025.09.05,12:45,148.101,148.149,148.099,148.140,417
2025.09.05,13:00,148.141,148.180,148.130,148.152,444
2025.09.05,13:15,148.153,148.226,148.141,148.219,445
2025.09.05,13:30,148.216,148.248,148.199,148.208,364
2025.09.05,13:45,148.210,148.237,148.184,148.194,621
2025.09.05,14:00,148.192,148.193,147.916,148.038,992
2025.09.05,14:15,148.039,148.079,147.889,147.930,952
2025.09.05,14:30,147.497,147.546,147.177,147.393,2100
2025.09.05,14:45,147.387,147.513,147.259,147.294,1500
2025.09.05,15:00,147.277,147.333,147.079,147.106,1350
2025.09.05,15:15,147.105,147.463,147.105,147.306,1417
2025.09.05,15:30,147.305,147.387,147.160,147.225,1193
2025.09.05,15:45,147.222,147.224,147.035,147.055,1119
2025.09.05,16:00,147.052,147.138,146.989,147.085,1101
2025.09.05,16:15,147.083,147.202,147.059,147.172,1113
2025.09.05,16:30,147.173,147.186,147.028,147.072,1075
2025.09.05,16:45,147.073,147.204,147.017,147.074,1018
2025.09.05,17:00,147.077,147.078,146.893,146.901,1028
2025.09.05,17:15,146.900,147.002,146.888,146.973,841
2025.09.05,17:30,146.971,146.992,146.896,146.899,663
2025.09.05,17:45,146.898,146.920,146.813,146.833,775
2025.09.05,18:00,146.836,146.910,146.822,146.831,629
2025.09.05,18:15,146.832,146.914,146.818,146.889,609
2025.09.05,18:30,146.888,147.035,146.885,147.019,624
2025.09.05,18:45,147.018,147.146,147.004,147.136,590
2025.09.05,19:00,147.135,147.284,147.130,147.223,734
2025.09.05,19:15,147.225,147.234,147.174,147.199,566
2025.09.05,19:30,147.192,147.252,147.160,147.219,443
2025.09.05,19:45,147.205,147.300,147.180,147.272,554
2025.09.05,20:00,147.273,147.320,147.262,147.307,534
2025.09.05,20:15,147.308,147.381,147.295,147.366,494
2025.09.05,20:30,147.374,147.454,147.354,147.451,541
2025.09.05,20:45,147.452,147.480,147.430,147.458,506
2025.09.05,21:00,147.460,147.460,147.369,147.407,523
2025.09.05,21:15,147.405,147.433,147.403,147.425,567
2025.09.05,21:30,147.426,147.479,147.406,147.453,466
2025.09.05,21:45,147.452,147.494,147.427,147.460,523
2025.09.07,23:00,148.099,148.181,148.040,148.153,382
2025.09.07,23:15,148.166,148.178,148.050,148.103,572
2025.09.07,23:30,148.103,148.163,148.066,148.079,477
2025.09.07,23:45,148.079,148.107,147.875,147.903,458
2025.09.08,00:00,147.895,148.227,147.866,148.223,847
2025.09.08,00:15,148.220,148.222,148.134,148.165,666
2025.09.08,00:30,148.166,148.439,148.165,148.410,912
2025.09.08,00:45,148.420,148.465,148.363,148.428,600
2025.09.08,01:00,148.427,148.443,148.208,148.307,712
2025.09.08,01:15,148.305,148.429,148.262,148.408,601
2025.09.08,01:30,148.407,148.448,148.352,148.364,582
2025.09.08,01:45,148.363,148.401,148.285,148.317,873
2025.09.08,02:00,148.312,148.540,148.293,148.470,1058
2025.09.08,02:15,148.459,148.573,148.447,148.476,885
2025.09.08,02:30,148.474,148.481,148.371,148.425,650
2025.09.08,02:45,148.421,148.453,148.293,148.337,853
2025.09.08,03:00,148.336,148.351,148.209,148.294,725
2025.09.08,03:15,148.293,148.382,148.263,148.349,775
2025.09.08,03:30,148.348,148.379,148.237,148.240,683
2025.09.08,03:45,148.241,148.252,148.120,148.137,712
2025.09.08,04:00,148.135,148.135,147.999,148.054,642
2025.09.08,04:15,148.057,148.147,148.041,148.106,515
2025.09.08,04:30,148.110,148.141,148.013,148.067,554
2025.09.08,04:45,148.068,148.094,148.032,148.076,523
2025.09.08,05:00,148.078,148.124,148.014,148.111,603
2025.09.08,05:15,148.110,148.143,148.061,148.129,469
2025.09.08,05:30,148.130,148.188,148.129,148.184,413
2025.09.08,05:45,148.185,148.218,148.156,148.198,438
2025.09.08,06:00,148.199,148.248,148.153,148.234,427
2025.09.08,06:15,148.235,148.238,148.141,148.184,377
2025.09.08,06:30,148.186,148.188,148.109,148.128,310
2025.09.08,06:45,148.129,148.164,148.113,148.162,355
2025.09.08,07:00,148.172,148.172,148.111,148.112,375
2025.09.08,07:15,148.111,148.113,148.042,148.060,409
2025.09.08,07:30,148.062,148.063,148.001,148.062,474
2025.09.08,07:45,148.063,148.157,148.062,148.133,424
2025.09.08,08:00,148.129,148.155,148.002,148.013,762
2025.09.08,08:15,148.012,148.132,147.970,148.031,731
2025.09.08,08:30,148.032,148.038,147.943,147.943,723
2025.09.08,08:45,147.943,147.974,147.796,147.821,835
2025.09.08,09:00,147.824,147.828,147.714,147.718,759
2025.09.08,09:15,147.717,147.739,147.595,147.631,735
2025.09.08,09:30,147.630,147.658,147.530,147.533,713
2025.09.08,09:45,147.532,147.590,147.510,147.529,659
2025.09.08,10:00,147.527,147.563,147.461,147.491,641
2025.09.08,10:15,147.490,147.638,147.490,147.638,611
2025.09.08,10:30,147.637,147.654,147.595,147.649,516
2025.09.08,10:45,147.650,147.737,147.616,147.683,585
2025.09.08,11:00,147.684,147.741,147.662,147.719,613
2025.09.08,11:15,147.723,147.765,147.668,147.743,505
2025.09.08,11:30,147.741,147.750,147.685,147.695,485
2025.09.08,11:45,147.697,147.766,147.682,147.748,479
2025.09.08,12:00,147.750,147.870,147.743,147.857,557
2025.09.08,12:15,147.858,147.873,147.832,147.842,450
2025.09.08,12:30,147.841,147.856,147.813,147.833,429
2025.09.08,12:45,147.834,147.858,147.789,147.799,502
2025.09.08,13:00,147.802,147.804,147.725,147.781,478
2025.09.08,13:15,147.780,147.796,147.753,147.769,382
2025.09.08,13:30,147.768,147.769,147.676,147.688,582
2025.09.08,13:45,147.687,147.812,147.672,147.773,609
2025.09.08,14:00,147.775,147.840,147.757,147.781,586
2025.09.08,14:15,147.779,147.875,147.755,147.814,618
2025.09.08,14:30,147.813,147.817,147.690,147.728,705
2025.09.08,14:45,147.726,147.752,147.644,147.691,654
2025.09.08,15:00,147.690,147.737,147.571,147.601,748
2025.09.08,15:15,147.599,147.679,147.589,147.596,696
2025.09.08,15:30,147.595,147.698,147.534,147.670,755
2025.09.08,15:45,147.669,147.732,147.626,147.674,739
2025.09.08,16:00,147.673,147.731,147.620,147.715,671
2025.09.08,16:15,147.716,147.799,147.695,147.702,626
2025.09.08,16:30,147.701,147.870,147.670,147.850,719
2025.09.08,16:45,147.851,147.867,147.743,147.745,722
2025.09.08,17:00,147.743,147.760,147.594,147.618,687
2025.09.08,17:15,147.617,147.627,147.563,147.618,501
2025.09.08,17:30,147.617,147.638,147.578,147.606,545
2025.09.08,17:45,147.605,147.631,147.541,147.584,556
2025.09.08,18:00,147.585,147.620,147.562,147.606,479
2025.09.08,18:15,147.604,147.617,147.549,147.608,444
2025.09.08,18:30,147.609,147.773,147.609,147.705,517
2025.09.08,18:45,147.701,147.734,147.671,147.682,497
2025.09.08,19:00,147.684,147.740,147.674,147.737,458
2025.09.08,19:15,147.736,147.762,147.670,147.694,452
2025.09.08,19:30,147.693,147.752,147.691,147.731,444
2025.09.08,19:45,147.732,147.746,147.687,147.725,442
2025.09.08,20:00,147.726,147.726,147.665,147.670,401
2025.09.08,20:15,147.667,147.667,147.567,147.567,456
2025.09.08,20:30,147.566,147.578,147.538,147.542,365
2025.09.08,20:45,147.541,147.551,147.443,147.455,472
2025.09.08,21:00,147.454,147.469,147.344,147.367,463
2025.09.08,21:15,147.368,147.421,147.367,147.379,499
2025.09.08,21:30,147.378,147.389,147.357,147.359,403
2025.09.08,21:45,147.358,147.414,147.335,147.414,418
2025.09.08,22:00,147.416,147.448,147.375,147.430,335
2025.09.08,22:15,147.432,147.470,147.423,147.458,217
2025.09.08,22:30,147.457,147.535,147.457,147.532,251
2025.09.08,22:45,147.531,147.535,147.487,147.507,363
2025.09.08,23:00,147.457,147.513,147.445,147.446,24
2025.09.08,23:15,147.449,147.458,147.418,147.458,50
2025.09.08,23:30,147.456,147.502,147.417,147.501,85
2025.09.08,23:45,147.502,147.545,147.442,147.505,199
2025.09.09,00:00,147.480,147.498,147.379,147.467,152
2025.09.09,00:15,147.466,147.477,147.445,147.463,194
2025.09.09,00:30,147.466,147.469,147.420,147.433,233
2025.09.09,00:45,147.432,147.443,147.384,147.406,254
2025.09.09,01:00,147.405,147.417,147.345,147.376,301
2025.09.09,01:15,147.377,147.378,147.220,147.222,470
2025.09.09,01:30,147.221,147.321,147.212,147.291,440
2025.09.09,01:45,147.290,147.382,147.280,147.370,531
2025.09.09,02:00,147.369,147.429,147.338,147.365,740
2025.09.09,02:15,147.366,147.387,147.187,147.212,667
2025.09.09,02:30,147.210,147.283,147.178,147.276,609
2025.09.09,02:45,147.278,147.355,147.151,147.339,884
2025.09.09,03:00,147.341,147.366,147.298,147.311,660
2025.09.09,03:15,147.310,147.395,147.307,147.371,616
2025.09.09,03:30,147.372,147.394,147.306,147.330,567
2025.09.09,03:45,147.332,147.339,147.195,147.232,639
2025.09.09,04:00,147.230,147.269,147.209,147.234,492
2025.09.09,04:15,147.236,147.298,147.229,147.297,394
2025.09.09,04:30,147.298,147.307,147.270,147.280,368
2025.09.09,04:45,147.281,147.336,147.274,147.329,460
2025.09.09,05:00,147.330,147.366,147.317,147.332,411
2025.09.09,05:15,147.334,147.398,147.334,147.375,380
2025.09.09,05:30,147.374,147.387,147.350,147.356,310
2025.09.09,05:45,147.353,147.378,147.337,147.361,326
2025.09.09,06:00,147.360,147.372,147.281,147.281,337
2025.09.09,06:15,147.279,147.300,147.176,147.178,513
2025.09.09,06:30,147.169,147.214,147.133,147.180,455
2025.09.09,06:45,147.181,147.182,147.090,147.123,448
2025.09.09,07:00,147.124,147.128,147.030,147.049,532
2025.09.09,07:15,147.050,147.071,147.002,147.004,462
2025.09.09,07:30,147.003,147.015,146.892,146.924,562
2025.09.09,07:45,146.925,146.949,146.842,146.852,558
2025.09.09,08:00,146.847,147.026,146.812,146.991,808
2025.09.09,08:15,146.992,147.045,146.959,147.003,630
2025.09.09,08:30,147.000,147.083,146.950,147.060,644
2025.09.09,08:45,147.056,147.127,147.040,147.044,563
2025.09.09,09:00,147.044,147.053,146.996,147.004,474
2025.09.09,09:15,147.005,147.172,146.999,147.157,558
2025.09.09,09:30,147.166,147.240,147.125,147.238,462
2025.09.09,09:45,147.236,147.311,147.191,147.201,604
2025.09.09,10:00,147.202,147.305,147.202,147.281,465
2025.09.09,10:15,147.282,147.327,146.665,146.670,1280
2025.09.09,10:30,146.667,146.740,146.557,146.692,986
2025.09.09,10:45,146.694,146.763,146.601,146.621,730
2025.09.09,11:00,146.615,146.615,146.357,146.456,892
2025.09.09,11:15,146.455,146.548,146.402,146.410,717
2025.09.09,11:30,146.408,146.465,146.324,146.447,653
2025.09.09,11:45,146.446,146.465,146.305,146.346,594
2025.09.09,12:00,146.344,146.429,146.323,146.395,503
2025.09.09,12:15,146.385,146.462,146.362,146.399,441
2025.09.09,12:30,146.402,146.514,146.397,146.499,437
2025.09.09,12:45,146.498,146.504,146.443,146.464,447
2025.09.09,13:00,146.463,146.559,146.456,146.557,505
2025.09.09,13:15,146.556,146.617,146.521,146.574,414
2025.09.09,13:30,146.573,146.619,146.563,146.608,448
2025.09.09,13:45,146.610,146.760,146.597,146.725,654
2025.09.09,14:00,146.724,146.819,146.722,146.791,776
2025.09.09,14:15,146.789,146.900,146.787,146.865,783
2025.09.09,14:30,146.867,147.001,146.867,146.943,798
2025.09.09,14:45,146.944,146.949,146.852,146.918,767
2025.09.09,15:00,146.919,146.962,146.829,146.833,819
2025.09.09,15:15,146.834,146.834,146.771,146.788,769
2025.09.09,15:30,146.774,146.863,146.774,146.850,810
2025.09.09,15:45,146.851,146.886,146.780,146.866,834
2025.09.09,16:00,146.861,147.101,146.526,146.931,1566
2025.09.09,16:15,146.932,147.041,146.848,146.930,1138
2025.09.09,16:30,146.932,147.111,146.926,146.981,1076
2025.09.09,16:45,146.975,147.127,146.939,147.092,892
2025.09.09,17:00,147.094,147.291,147.094,147.289,1050
2025.09.09,17:15,147.288,147.344,147.182,147.187,918
2025.09.09,17:30,147.188,147.216,147.149,147.163,649
2025.09.09,17:45,147.161,147.266,147.156,147.230,520
2025.09.09,18:00,147.229,147.253,147.176,147.188,496
2025.09.09,18:15,147.193,147.331,147.176,147.263,566
2025.09.09,18:30,147.262,147.276,147.179,147.276,441
2025.09.09,18:45,147.275,147.305,147.251,147.268,531
2025.09.09,19:00,147.266,147.353,147.232,147.302,566
2025.09.09,19:15,147.300,147.346,147.273,147.340,506
2025.09.09,19:30,147.339,147.343,147.303,147.326,528
2025.09.09,19:45,147.327,147.360,147.307,147.349,503
2025.09.09,20:00,147.348,147.392,147.311,147.342,476
2025.09.09,20:15,147.343,147.399,147.337,147.381,391
2025.09.09,20:30,147.379,147.421,147.369,147.420,409
2025.09.09,20:45,147.417,147.426,147.393,147.396,512
2025.09.09,21:00,147.394,147.446,147.385,147.437,446
2025.09.09,21:15,147.438,147.452,147.419,147.422,426
2025.09.09,21:30,147.423,147.452,147.395,147.449,444
2025.09.09,21:45,147.448,147.462,147.436,147.442,432
2025.09.09,22:00,147.443,147.464,147.439,147.456,310
2025.09.09,22:15,147.455,147.457,147.419,147.447,226
2025.09.09,22:30,147.446,147.466,147.403,147.403,280
2025.09.09,22:45,147.402,147.449,147.385,147.396,497
2025.09.09,23:00,147.303,147.335,147.211,147.334,149
2025.09.09,23:15,147.335,147.392,147.307,147.387,119
2025.09.09,23:30,147.384,147.399,147.376,147.380,68
2025.09.09,23:45,147.378,147.396,147.374,147.386,201
2025.09.10,00:00,147.389,147.406,147.378,147.402,199
2025.09.10,00:15,147.403,147.412,147.394,147.405,146
2025.09.10,00:30,147.410,147.410,147.348,147.348,249
2025.09.10,00:45,147.349,147.359,147.339,147.351,218
2025.09.10,01:00,147.349,147.369,147.332,147.364,296
2025.09.10,01:15,147.365,147.424,147.362,147.423,428
2025.09.10,01:30,147.422,147.449,147.411,147.432,217
2025.09.10,01:45,147.434,147.435,147.387,147.391,248
2025.09.10,02:00,147.392,147.471,147.365,147.418,627
2025.09.10,02:15,147.420,147.447,147.400,147.441,454
2025.09.10,02:30,147.439,147.440,147.380,147.431,455
2025.09.10,02:45,147.432,147.476,147.380,147.421,615
2025.09.10,03:00,147.422,147.500,147.376,147.476,547
2025.09.10,03:15,147.478,147.570,147.431,147.548,559
2025.09.10,03:30,147.544,147.556,147.347,147.392,596
2025.09.10,03:45,147.391,147.447,147.328,147.390,544
2025.09.10,04:00,147.392,147.409,147.305,147.331,627
2025.09.10,04:15,147.332,147.363,147.299,147.332,392
2025.09.10,04:30,147.331,147.356,147.302,147.316,378
2025.09.10,04:45,147.317,147.337,147.293,147.295,345
2025.09.10,05:00,147.296,147.346,147.295,147.342,372
2025.09.10,05:15,147.341,147.345,147.307,147.309,264
2025.09.10,05:30,147.307,147.347,147.299,147.314,360
2025.09.10,05:45,147.315,147.395,147.265,147.391,451
2025.09.10,06:00,147.390,147.455,147.388,147.414,356
2025.09.10,06:15,147.415,147.448,147.364,147.382,367
2025.09.10,06:30,147.381,147.411,147.375,147.387,318
2025.09.10,06:45,147.388,147.400,147.321,147.322,331
2025.09.10,07:00,147.323,147.337,147.277,147.304,407
2025.09.10,07:15,147.306,147.329,147.298,147.309,300
2025.09.10,07:30,147.311,147.400,147.311,147.379,377
2025.09.10,07:45,147.381,147.480,147.380,147.422,491
2025.09.10,08:00,147.423,147.444,147.363,147.400,666
2025.09.10,08:15,147.399,147.450,147.329,147.444,696
2025.09.10,08:30,147.443,147.529,147.426,147.436,769
2025.09.10,08:45,147.435,147.580,147.384,147.564,714
2025.09.10,09:00,147.561,147.565,147.408,147.445,847
2025.09.10,09:15,147.449,147.526,147.409,147.416,530
2025.09.10,09:30,147.415,147.456,147.387,147.410,526
2025.09.10,09:45,147.411,147.492,147.403,147.490,528
2025.09.10,10:00,147.493,147.546,147.392,147.435,599
2025.09.10,10:15,147.434,147.538,147.419,147.528,548
2025.09.10,10:30,147.530,147.553,147.461,147.510,527
2025.09.10,10:45,147.509,147.515,147.470,147.515,490
2025.09.10,11:00,147.516,147.534,147.474,147.487,477
2025.09.10,11:15,147.486,147.498,147.441,147.460,493
2025.09.10,11:30,147.462,147.481,147.407,147.436,479
2025.09.10,11:45,147.435,147.442,147.393,147.419,499
2025.09.10,12:00,147.420,147.441,147.393,147.397,483
2025.09.10,12:15,147.398,147.467,147.396,147.451,424
2025.09.10,12:30,147.452,147.467,147.426,147.467,417
2025.09.10,12:45,147.466,147.480,147.404,147.472,431
2025.09.10,13:00,147.470,147.523,147.470,147.477,419
2025.09.10,13:15,147.476,147.488,147.443,147.458,416
2025.09.10,13:30,147.456,147.538,147.451,147.521,467
2025.09.10,13:45,147.522,147.537,147.461,147.510,598
2025.09.10,14:00,147.503,147.546,147.455,147.533,599
2025.09.10,14:15,147.526,147.587,147.520,147.549,627
2025.09.10,14:30,147.473,147.477,147.097,147.391,1482
2025.09.10,14:45,147.383,147.641,147.333,147.525,1020
2025.09.10,15:00,147.535,147.600,147.388,147.445,916
2025.09.10,15:15,147.446,147.454,147.300,147.345,848
2025.09.10,15:30,147.344,147.359,147.270,147.313,893
2025.09.10,15:45,147.315,147.408,147.306,147.339,774
2025.09.10,16:00,147.335,147.358,147.261,147.267,769
2025.09.10,16:15,147.273,147.390,147.253,147.325,761
2025.09.10,16:30,147.327,147.345,147.276,147.340,701
2025.09.10,16:45,147.342,147.422,147.321,147.397,767
2025.09.10,17:00,147.399,147.422,147.341,147.344,606
2025.09.10,17:15,147.337,147.436,147.332,147.389,601
2025.09.10,17:30,147.388,147.389,147.311,147.340,549
2025.09.10,17:45,147.342,147.372,147.311,147.365,561
2025.09.10,18:00,147.364,147.408,147.345,147.406,494
2025.09.10,18:15,147.405,147.407,147.278,147.320,472
2025.09.10,18:30,147.319,147.347,147.285,147.300,434
2025.09.10,18:45,147.301,147.394,147.292,147.371,478
2025.09.10,19:00,147.370,147.384,147.243,147.283,598
2025.09.10,19:15,147.284,147.333,147.276,147.329,495
2025.09.10,19:30,147.330,147.356,147.314,147.321,439
2025.09.10,19:45,147.320,147.351,147.307,147.328,365
2025.09.10,20:00,147.329,147.349,147.289,147.305,347
2025.09.10,20:15,147.304,147.304,147.243,147.271,336
2025.09.10,20:30,147.280,147.324,147.280,147.316,327
2025.09.10,20:45,147.317,147.338,147.310,147.318,417
2025.09.10,21:00,147.311,147.347,147.309,147.347,372
2025.09.10,21:15,147.348,147.406,147.348,147.398,379
2025.09.10,21:30,147.400,147.463,147.400,147.433,396
2025.09.10,21:45,147.432,147.436,147.389,147.403,356
2025.09.10,22:00,147.407,147.422,147.389,147.418,219
2025.09.10,22:15,147.419,147.419,147.375,147.399,239
2025.09.10,22:30,147.401,147.447,147.394,147.427,173
2025.09.10,22:45,147.426,147.459,147.415,147.456,344
2025.09.10,23:00,147.360,147.413,147.339,147.357,26
2025.09.10,23:15,147.357,147.400,147.331,147.400,32
2025.09.10,23:30,147.399,147.409,147.360,147.397,97
2025.09.10,23:45,147.386,147.399,147.346,147.356,134
2025.09.11,00:00,147.343,147.420,147.342,147.420,167
2025.09.11,00:15,147.419,147.420,147.379,147.390,94
2025.09.11,00:30,147.391,147.391,147.343,147.345,178
2025.09.11,00:45,147.343,147.368,147.336,147.343,87
2025.09.11,01:00,147.342,147.374,147.337,147.348,199
2025.09.11,01:15,147.347,147.361,147.282,147.289,350
2025.09.11,01:30,147.290,147.337,147.277,147.326,265
2025.09.11,01:45,147.325,147.352,147.291,147.346,350
2025.09.11,02:00,147.347,147.393,147.347,147.349,595
2025.09.11,02:15,147.347,147.449,147.340,147.411,568
2025.09.11,02:30,147.412,147.440,147.398,147.430,408
2025.09.11,02:45,147.429,147.464,147.380,147.455,648
2025.09.11,03:00,147.456,147.473,147.413,147.420,475
2025.09.11,03:15,147.419,147.473,147.315,147.359,610
2025.09.11,03:30,147.358,147.392,147.335,147.346,339
2025.09.11,03:45,147.347,147.400,147.344,147.384,335
2025.09.11,04:00,147.387,147.439,147.372,147.430,330
2025.09.11,04:15,147.431,147.466,147.430,147.441,312
2025.09.11,04:30,147.443,147.473,147.443,147.459,334
2025.09.11,04:45,147.458,147.474,147.444,147.459,276
2025.09.11,05:00,147.462,147.471,147.430,147.437,325
2025.09.11,05:15,147.438,147.455,147.430,147.438,188
2025.09.11,05:30,147.439,147.455,147.432,147.441,252
2025.09.11,05:45,147.442,147.456,147.431,147.440,257
2025.09.11,06:00,147.441,147.451,147.426,147.431,200
2025.09.11,06:15,147.432,147.443,147.412,147.419,290
2025.09.11,06:30,147.421,147.442,147.409,147.424,379
2025.09.11,06:45,147.425,147.437,147.418,147.428,264
2025.09.11,07:00,147.429,147.452,147.424,147.441,288
2025.09.11,07:15,147.442,147.459,147.438,147.449,264
2025.09.11,07:30,147.448,147.484,147.441,147.484,275
2025.09.11,07:45,147.485,147.582,147.468,147.575,487
2025.09.11,08:00,147.576,147.692,147.555,147.690,909
2025.09.11,08:15,147.690,147.736,147.672,147.705,694
2025.09.11,08:30,147.702,147.784,147.702,147.716,591
2025.09.11,08:45,147.717,147.730,147.667,147.716,498
2025.09.11,09:00,147.730,147.751,147.651,147.686,629
2025.09.11,09:15,147.690,147.773,147.667,147.768,537
2025.09.11,09:30,147.770,147.827,147.767,147.779,487
2025.09.11,09:45,147.781,147.808,147.766,147.774,485
2025.09.11,10:00,147.771,147.829,147.767,147.825,582
2025.09.11,10:15,147.826,147.826,147.787,147.822,410
2025.09.11,10:30,147.823,147.834,147.775,147.817,441
2025.09.11,10:45,147.822,147.858,147.801,147.844,547
2025.09.11,11:00,147.845,147.891,147.836,147.890,472
2025.09.11,11:15,147.889,147.953,147.869,147.934,474
2025.09.11,11:30,147.943,147.974,147.908,147.969,398
2025.09.11,11:45,147.968,147.987,147.912,147.957,406
2025.09.11,12:00,147.956,147.958,147.893,147.897,453
2025.09.11,12:15,147.898,147.966,147.898,147.966,399
2025.09.11,12:30,147.967,147.984,147.956,147.972,410
2025.09.11,12:45,147.971,147.983,147.951,147.965,393
2025.09.11,13:00,147.966,147.966,147.919,147.937,355
2025.09.11,13:15,147.938,147.944,147.895,147.931,340
2025.09.11,13:30,147.930,147.982,147.916,147.977,391
2025.09.11,13:45,147.976,147.976,147.926,147.962,523
2025.09.11,14:00,147.963,147.963,147.906,147.924,474
2025.09.11,14:15,147.913,147.930,147.824,147.824,793
2025.09.11,14:30,147.805,148.187,147.355,147.604,1994
2025.09.11,14:45,147.597,147.721,147.497,147.529,1375
2025.09.11,15:00,147.513,147.513,147.375,147.420,1300
2025.09.11,15:15,147.419,147.615,147.407,147.494,1129
2025.09.11,15:30,147.499,147.547,147.382,147.422,1072
2025.09.11,15:45,147.420,147.491,147.327,147.353,958
2025.09.11,16:00,147.356,147.373,147.171,147.201,989
2025.09.11,16:15,147.199,147.199,147.040,147.156,1019
2025.09.11,16:30,147.150,147.151,146.988,147.057,931
2025.09.11,16:45,147.056,147.241,147.041,147.183,863
2025.09.11,17:00,147.181,147.305,147.149,147.152,856
2025.09.11,17:15,147.151,147.182,147.053,147.174,752
2025.09.11,17:30,147.175,147.211,147.107,147.161,743
2025.09.11,17:45,147.160,147.196,147.128,147.164,609
2025.09.11,18:00,147.163,147.164,146.982,147.027,631
2025.09.11,18:15,147.026,147.055,147.003,147.034,606
2025.09.11,18:30,147.033,147.084,147.013,147.084,540
2025.09.11,18:45,147.083,147.101,147.035,147.052,584
2025.09.11,19:00,147.045,147.140,147.045,147.095,626
2025.09.11,19:15,147.096,147.156,147.056,147.140,552
2025.09.11,19:30,147.141,147.225,147.093,147.223,470
2025.09.11,19:45,147.220,147.300,147.209,147.285,518
2025.09.11,20:00,147.288,147.296,147.234,147.262,426
2025.09.11,20:15,147.261,147.302,147.256,147.277,494
2025.09.11,20:30,147.276,147.292,147.242,147.260,456
2025.09.11,20:45,147.261,147.262,147.144,147.172,574
2025.09.11,21:00,147.173,147.178,147.085,147.109,531
2025.09.11,21:15,147.108,147.145,147.087,147.137,483
2025.09.11,21:30,147.138,147.186,147.138,147.172,382
2025.09.11,21:45,147.176,147.188,147.134,147.159,446
2025.09.11,22:00,147.160,147.184,147.147,147.160,310
2025.09.11,22:15,147.165,147.173,147.144,147.168,295
2025.09.11,22:30,147.170,147.183,147.115,147.165,346
2025.09.11,22:45,147.163,147.240,147.161,147.200,545
2025.09.11,23:00,147.150,147.166,147.147,147.166,29
2025.09.11,23:15,147.167,147.202,147.166,147.201,34
2025.09.11,23:30,147.202,147.202,147.177,147.180,31
2025.09.11,23:45,147.178,147.178,147.161,147.169,261
2025.09.12,00:00,147.162,147.202,147.117,147.160,241
2025.09.12,00:15,147.161,147.188,147.151,147.170,195
2025.09.12,00:30,147.177,147.190,147.127,147.189,219
2025.09.12,00:45,147.190,147.224,147.178,147.181,159
2025.09.12,01:00,147.182,147.208,147.181,147.200,211
2025.09.12,01:15,147.199,147.206,147.148,147.176,245
2025.09.12,01:30,147.182,147.229,147.177,147.223,228
2025.09.12,01:45,147.214,147.233,147.189,147.224,450
2025.09.12,02:00,147.223,147.257,147.163,147.215,676
2025.09.12,02:15,147.213,147.245,147.163,147.219,541
2025.09.12,02:30,147.221,147.307,147.220,147.283,484
2025.09.12,02:45,147.282,147.332,147.211,147.226,635
2025.09.12,03:00,147.225,147.301,147.210,147.266,534
2025.09.12,03:15,147.267,147.316,147.256,147.272,377
2025.09.12,03:30,147.274,147.386,147.274,147.378,515
2025.09.12,03:45,147.373,147.444,147.369,147.411,506
2025.09.12,04:00,147.410,147.439,147.397,147.411,397
2025.09.12,04:15,147.413,147.459,147.398,147.449,356
2025.09.12,04:30,147.450,147.477,147.434,147.467,303
2025.09.12,04:45,147.468,147.471,147.396,147.417,357
2025.09.12,05:00,147.418,147.470,147.418,147.432,368
2025.09.12,05:15,147.438,147.476,147.438,147.455,286
2025.09.12,05:30,147.457,147.467,147.418,147.442,246
2025.09.12,05:45,147.443,147.454,147.432,147.442,313
2025.09.12,06:00,147.443,147.529,147.443,147.518,356
2025.09.12,06:15,147.519,147.527,147.484,147.489,322
2025.09.12,06:30,147.490,147.532,147.489,147.529,241
2025.09.12,06:45,147.530,147.540,147.484,147.495,251
2025.09.12,07:00,147.501,147.551,147.499,147.501,374
2025.09.12,07:15,147.500,147.502,147.453,147.467,340
2025.09.12,07:30,147.468,147.468,147.365,147.386,370
2025.09.12,07:45,147.387,147.395,147.326,147.336,371
2025.09.12,08:00,147.332,147.423,147.318,147.366,693
2025.09.12,08:15,147.365,147.470,147.365,147.461,654
2025.09.12,08:30,147.462,147.500,147.435,147.463,620
2025.09.12,08:45,147.465,147.479,147.400,147.401,640
2025.09.12,09:00,147.397,147.407,147.306,147.341,670
2025.09.12,09:15,147.338,147.372,147.238,147.350,663
2025.09.12,09:30,147.356,147.478,147.354,147.452,663
2025.09.12,09:45,147.453,147.460,147.377,147.450,638
2025.09.12,10:00,147.453,147.689,147.448,147.674,814
2025.09.12,10:15,147.675,147.804,147.675,147.733,904
2025.09.12,10:30,147.727,147.873,147.727,147.869,723
2025.09.12,10:45,147.871,147.922,147.851,147.891,677
2025.09.12,11:00,147.892,147.946,147.889,147.900,573
2025.09.12,11:15,147.901,147.925,147.854,147.901,519
2025.09.12,11:30,147.902,147.977,147.872,147.970,498
2025.09.12,11:45,147.967,147.969,147.897,147.921,432
2025.09.12,12:00,147.922,147.934,147.843,147.891,500
2025.09.12,12:15,147.893,147.894,147.822,147.823,411
2025.09.12,12:30,147.822,147.850,147.764,147.782,494
2025.09.12,12:45,147.780,147.810,147.737,147.746,422
2025.09.12,13:00,147.747,147.774,147.680,147.680,627
2025.09.12,13:15,147.682,147.742,147.682,147.718,487
2025.09.12,13:30,147.717,147.754,147.698,147.738,384
2025.09.12,13:45,147.741,147.850,147.733,147.834,535
2025.09.12,14:00,147.832,147.933,147.803,147.909,607
2025.09.12,14:15,147.908,147.942,147.863,147.916,536
2025.09.12,14:30,147.917,148.066,147.916,147.991,844
2025.09.12,14:45,147.992,147.992,147.838,147.843,691
2025.09.12,15:00,147.848,147.881,147.776,147.841,676
2025.09.12,15:15,147.842,147.876,147.754,147.786,602
2025.09.12,15:30,147.787,147.864,147.762,147.798,797
2025.09.12,15:45,147.799,147.806,147.694,147.711,720
2025.09.12,16:00,147.697,147.741,147.617,147.669,845
2025.09.12,16:15,147.670,147.688,147.585,147.663,709
2025.09.12,16:30,147.658,147.722,147.637,147.707,582
2025.09.12,16:45,147.708,147.743,147.646,147.663,660
2025.09.12,17:00,147.661,147.767,147.644,147.751,639
2025.09.12,17:15,147.752,147.839,147.724,147.819,540
2025.09.12,17:30,147.821,147.861,147.778,147.792,451
2025.09.12,17:45,147.791,147.857,147.782,147.851,509
2025.09.12,18:00,147.848,147.863,147.828,147.851,344
2025.09.12,18:15,147.852,147.870,147.764,147.765,383
2025.09.12,18:30,147.768,147.779,147.655,147.655,398
2025.09.12,18:45,147.656,147.695,147.626,147.679,469
2025.09.12,19:00,147.678,147.678,147.614,147.620,388
2025.09.12,19:15,147.621,147.621,147.546,147.548,466
2025.09.12,19:30,147.542,147.565,147.518,147.542,344
2025.09.12,19:45,147.543,147.556,147.509,147.555,422
2025.09.12,20:00,147.556,147.556,147.506,147.511,403
2025.09.12,20:15,147.512,147.527,147.486,147.494,467
2025.09.12,20:30,147.497,147.529,147.477,147.488,315
2025.09.12,20:45,147.487,147.499,147.467,147.482,383
2025.09.12,21:00,147.481,147.502,147.457,147.496,274
2025.09.12,21:15,147.497,147.535,147.497,147.502,328
2025.09.12,21:30,147.503,147.603,147.503,147.583,414
2025.09.12,21:45,147.584,147.595,147.564,147.580,346
2025.09.14,23:00,147.451,147.452,147.447,147.452,13
2025.09.14,23:15,147.451,147.484,147.443,147.480,68
2025.09.14,23:30,147.482,147.536,147.466,147.536,353
2025.09.14,23:45,147.536,147.536,147.468,147.474,147
2025.09.15,00:00,147.567,147.776,147.567,147.654,346
2025.09.15,00:15,147.662,147.707,147.657,147.689,216
2025.09.15,00:30,147.690,147.707,147.673,147.705,234
2025.09.15,00:45,147.704,147.732,147.696,147.708,246
2025.09.15,01:00,147.707,147.721,147.662,147.707,291
2025.09.15,01:15,147.709,147.709,147.624,147.658,328
2025.09.15,01:30,147.657,147.723,147.652,147.692,297
2025.09.15,01:45,147.691,147.710,147.663,147.673,301
2025.09.15,02:00,147.674,147.674,147.601,147.627,554
2025.09.15,02:15,147.630,147.686,147.620,147.671,311
2025.09.15,02:30,147.669,147.682,147.577,147.577,382
2025.09.15,02:45,147.578,147.602,147.542,147.544,388
2025.09.15,03:00,147.546,147.579,147.536,147.558,572
2025.09.15,03:15,147.557,147.573,147.538,147.550,421
2025.09.15,03:30,147.547,147.568,147.535,147.566,375
2025.09.15,03:45,147.565,147.581,147.546,147.573,344
2025.09.15,04:00,147.574,147.603,147.561,147.563,297
2025.09.15,04:15,147.562,147.582,147.547,147.568,327
2025.09.15,04:30,147.567,147.568,147.525,147.552,347
2025.09.15,04:45,147.553,147.560,147.502,147.512,314
2025.09.15,05:00,147.513,147.513,147.465,147.473,310
2025.09.15,05:15,147.472,147.488,147.459,147.476,324
2025.09.15,05:30,147.475,147.479,147.431,147.443,356
2025.09.15,05:45,147.446,147.447,147.400,147.424,361
2025.09.15,06:00,147.423,147.423,147.366,147.391,280
2025.09.15,06:15,147.392,147.393,147.335,147.348,265
2025.09.15,06:30,147.349,147.430,147.349,147.427,304
2025.09.15,06:45,147.425,147.447,147.393,147.398,265
2025.09.15,07:00,147.394,147.457,147.387,147.401,300
2025.09.15,07:15,147.402,147.440,147.399,147.434,265
2025.09.15,07:30,147.435,147.453,147.418,147.452,282
2025.09.15,07:45,147.451,147.515,147.451,147.506,368
2025.09.15,08:00,147.505,147.550,147.491,147.526,565
2025.09.15,08:15,147.528,147.602,147.528,147.587,600
2025.09.15,08:30,147.588,147.595,147.545,147.563,544
2025.09.15,08:45,147.565,147.577,147.505,147.523,648
2025.09.15,09:00,147.524,147.589,147.458,147.474,707
2025.09.15,09:15,147.472,147.495,147.425,147.449,580
2025.09.15,09:30,147.450,147.451,147.369,147.418,547
2025.09.15,09:45,147.420,147.487,147.418,147.464,514
2025.09.15,10:00,147.468,147.478,147.418,147.427,528
2025.09.15,10:15,147.428,147.435,147.373,147.418,518
2025.09.15,10:30,147.421,147.459,147.371,147.446,527
2025.09.15,10:45,147.443,147.461,147.398,147.404,431
2025.09.15,11:00,147.405,147.423,147.371,147.376,421
2025.09.15,11:15,147.372,147.391,147.333,147.337,400
2025.09.15,11:30,147.339,147.384,147.302,147.374,435
2025.09.15,11:45,147.373,147.410,147.351,147.361,386
2025.09.15,12:00,147.362,147.367,147.300,147.321,393
2025.09.15,12:15,147.320,147.327,147.242,147.273,508
2025.09.15,12:30,147.271,147.332,147.267,147.331,388
2025.09.15,12:45,147.332,147.402,147.332,147.388,445
2025.09.15,13:00,147.386,147.394,147.336,147.338,384
2025.09.15,13:15,147.337,147.388,147.317,147.375,405
2025.09.15,13:30,147.374,147.472,147.364,147.460,478
2025.09.15,13:45,147.461,147.461,147.391,147.411,461
2025.09.15,14:00,147.413,147.413,147.338,147.367,602
2025.09.15,14:15,147.368,147.378,147.304,147.357,619
2025.09.15,14:30,147.356,147.356,147.245,147.275,708
2025.09.15,14:45,147.276,147.292,147.248,147.262,602
2025.09.15,15:00,147.263,147.346,147.227,147.285,664
2025.09.15,15:15,147.286,147.322,147.246,147.273,633
2025.09.15,15:30,147.272,147.316,147.245,147.260,624
2025.09.15,15:45,147.261,147.347,147.246,147.343,643
2025.09.15,16:00,147.344,147.438,147.344,147.391,715
2025.09.15,16:15,147.394,147.450,147.392,147.437,551
2025.09.15,16:30,147.440,147.464,147.360,147.426,638
2025.09.15,16:45,147.427,147.455,147.397,147.414,643
2025.09.15,17:00,147.413,147.430,147.351,147.377,575
2025.09.15,17:15,147.376,147.377,147.315,147.319,511
2025.09.15,17:30,147.320,147.358,147.305,147.357,443
2025.09.15,17:45,147.358,147.364,147.264,147.268,584
2025.09.15,18:00,147.266,147.351,147.240,147.351,496
2025.09.15,18:15,147.350,147.391,147.323,147.391,480
2025.09.15,18:30,147.390,147.411,147.323,147.328,514
2025.09.15,18:45,147.329,147.370,147.321,147.331,511
2025.09.15,19:00,147.333,147.360,147.318,147.336,418
2025.09.15,19:15,147.337,147.367,147.325,147.330,369
2025.09.15,19:30,147.326,147.336,147.276,147.291,397
2025.09.15,19:45,147.290,147.294,147.239,147.249,400
2025.09.15,20:00,147.248,147.262,147.237,147.262,358
2025.09.15,20:15,147.261,147.283,147.251,147.252,302
2025.09.15,20:30,147.251,147.293,147.251,147.260,364
2025.09.15,20:45,147.261,147.324,147.260,147.319,491
2025.09.15,21:00,147.314,147.335,147.312,147.313,333
2025.09.15,21:15,147.318,147.340,147.310,147.335,240
2025.09.15,21:30,147.336,147.387,147.325,147.370,351
2025.09.15,21:45,147.368,147.409,147.368,147.386,427
2025.09.15,22:00,147.385,147.391,147.363,147.376,300
2025.09.15,22:15,147.375,147.410,147.367,147.406,238
2025.09.15,22:30,147.407,147.425,147.404,147.416,206
2025.09.15,22:45,147.415,147.417,147.389,147.398,532
2025.09.15,23:00,147.277,147.361,147.244,147.330,138
2025.09.15,23:15,147.326,147.341,147.303,147.337,113
2025.09.15,23:30,147.339,147.347,147.325,147.347,84
2025.09.15,23:45,147.347,147.357,147.337,147.337,438
2025.09.16,00:00,147.307,147.398,147.302,147.369,201
2025.09.16,00:15,147.368,147.382,147.349,147.359,144
2025.09.16,00:30,147.360,147.373,147.347,147.359,158
2025.09.16,00:45,147.360,147.400,147.358,147.391,112
2025.09.16,01:00,147.390,147.406,147.365,147.396,196
2025.09.16,01:15,147.401,147.401,147.357,147.371,209
2025.09.16,01:30,147.370,147.420,147.358,147.379,283
2025.09.16,01:45,147.380,147.406,147.329,147.395,567
2025.09.16,02:00,147.398,147.434,147.346,147.394,857
2025.09.16,02:15,147.393,147.425,147.374,147.421,635
2025.09.16,02:30,147.420,147.463,147.420,147.447,563
2025.09.16,02:45,147.448,147.498,147.423,147.437,767
2025.09.16,03:00,147.435,147.462,147.427,147.449,589
2025.09.16,03:15,147.453,147.534,147.448,147.523,651
2025.09.16,03:30,147.522,147.530,147.332,147.342,670
2025.09.16,03:45,147.341,147.364,147.260,147.348,543
2025.09.16,04:00,147.349,147.350,147.197,147.253,677
2025.09.16,04:15,147.252,147.265,147.111,147.211,712
2025.09.16,04:30,147.212,147.233,147.175,147.202,456
2025.09.16,04:45,147.201,147.201,147.119,147.148,572
2025.09.16,05:00,147.149,147.195,147.123,147.171,539
2025.09.16,05:15,147.169,147.182,147.104,147.128,505
2025.09.16,05:30,147.127,147.128,147.017,147.021,623
2025.09.16,05:45,147.020,147.112,147.015,147.096,599
2025.09.16,06:00,147.095,147.126,147.028,147.038,470
2025.09.16,06:15,147.039,147.049,146.982,147.027,460
2025.09.16,06:30,147.023,147.077,146.966,147.007,560
2025.09.16,06:45,147.006,147.042,146.985,147.010,609
2025.09.16,07:00,147.011,147.032,146.956,146.970,571
2025.09.16,07:15,146.969,147.012,146.955,146.958,499
2025.09.16,07:30,146.957,147.022,146.912,147.012,584
2025.09.16,07:45,147.011,147.066,146.983,146.988,661
2025.09.16,08:00,146.987,147.021,146.887,146.913,1030
2025.09.16,08:15,146.913,146.914,146.829,146.859,849
2025.09.16,08:30,146.862,146.880,146.774,146.838,945
2025.09.16,08:45,146.838,146.950,146.833,146.893,988
2025.09.16,09:00,146.890,146.892,146.703,146.722,813
2025.09.16,09:15,146.721,146.756,146.689,146.722,818
2025.09.16,09:30,146.723,146.836,146.690,146.802,712
2025.09.16,09:45,146.803,146.894,146.797,146.882,665
2025.09.16,10:00,146.888,146.955,146.872,146.907,675
2025.09.16,10:15,146.908,146.987,146.874,146.954,748
2025.09.16,10:30,146.960,147.087,146.958,146.980,731
2025.09.16,10:45,146.981,147.017,146.939,146.993,575
2025.09.16,11:00,146.992,147.001,146.866,146.903,723
2025.09.16,11:15,146.904,146.947,146.864,146.917,576
2025.09.16,11:30,146.918,146.955,146.896,146.903,594
2025.09.16,11:45,146.902,146.981,146.863,146.957,706
2025.09.16,12:00,146.956,147.082,146.942,147.052,604
2025.09.16,12:15,147.055,147.062,146.995,147.001,554
2025.09.16,12:30,147.002,147.080,146.994,147.046,553
2025.09.16,12:45,147.045,147.086,147.014,147.051,598
2025.09.16,13:00,147.050,147.092,147.004,147.088,650
2025.09.16,13:15,147.089,147.110,147.055,147.100,573
2025.09.16,13:30,147.102,147.109,146.938,146.976,698
2025.09.16,13:45,146.975,147.001,146.875,146.951,737
2025.09.16,14:00,146.950,147.037,146.904,147.016,656
2025.09.16,14:15,147.018,147.071,146.973,147.033,771
2025.09.16,14:30,147.025,147.258,147.009,147.146,1310
2025.09.16,14:45,147.148,147.170,147.039,147.099,940
2025.09.16,15:00,147.092,147.133,146.987,147.010,838
2025.09.16,15:15,147.011,147.052,146.879,146.900,847
2025.09.16,15:30,146.898,146.900,146.798,146.853,984
2025.09.16,15:45,146.856,146.909,146.732,146.755,915
2025.09.16,16:00,146.753,146.800,146.588,146.594,1076
2025.09.16,16:15,146.588,146.646,146.538,146.587,962
2025.09.16,16:30,146.586,146.650,146.550,146.576,912
2025.09.16,16:45,146.556,146.589,146.517,146.520,864
2025.09.16,17:00,146.521,146.593,146.497,146.575,818
2025.09.16,17:15,146.576,146.630,146.541,146.585,648
2025.09.16,17:30,146.584,146.675,146.582,146.646,491
2025.09.16,17:45,146.647,146.647,146.538,146.553,572
2025.09.16,18:00,146.554,146.559,146.470,146.474,544
2025.09.16,18:15,146.472,146.507,146.409,146.465,537
2025.09.16,18:30,146.464,146.464,146.387,146.402,523
2025.09.16,18:45,146.403,146.420,146.345,146.351,542
2025.09.16,19:00,146.350,146.367,146.278,146.282,546
2025.09.16,19:15,146.277,146.371,146.275,146.362,578
2025.09.16,19:30,146.361,146.383,146.289,146.380,508
2025.09.16,19:45,146.378,146.396,146.335,146.372,528
2025.09.16,20:00,146.370,146.392,146.328,146.334,463
2025.09.16,20:15,146.335,146.364,146.323,146.337,399
2025.09.16,20:30,146.336,146.370,146.332,146.339,421
2025.09.16,20:45,146.337,146.380,146.327,146.337,551
2025.09.16,21:00,146.342,146.412,146.342,146.363,516
2025.09.16,21:15,146.364,146.386,146.359,146.365,420
2025.09.16,21:30,146.364,146.474,146.363,146.451,458
2025.09.16,21:45,146.452,146.495,146.431,146.493,578
2025.09.16,22:00,146.495,146.502,146.453,146.470,216
2025.09.16,22:15,146.471,146.475,146.442,146.458,261
2025.09.16,22:30,146.453,146.503,146.452,146.478,373
2025.09.16,22:45,146.479,146.488,146.436,146.473,602
2025.09.16,23:00,146.420,146.563,146.380,146.380,90
2025.09.16,23:15,146.386,146.426,146.351,146.417,20
2025.09.16,23:30,146.435,146.496,146.358,146.472,236
2025.09.16,23:45,146.471,146.495,146.449,146.482,472
2025.09.17,00:00,146.436,146.475,146.429,146.455,91
2025.09.17,00:15,146.456,146.489,146.450,146.476,136
2025.09.17,00:30,146.477,146.482,146.454,146.481,130
2025.09.17,00:45,146.482,146.513,146.471,146.489,194
2025.09.17,01:00,146.488,146.489,146.433,146.436,217
2025.09.17,01:15,146.440,146.444,146.319,146.354,328
2025.09.17,01:30,146.352,146.365,146.307,146.356,216
2025.09.17,01:45,146.360,146.426,146.339,146.409,347
2025.09.17,02:00,146.408,146.443,146.230,146.238,816
2025.09.17,02:15,146.239,146.295,146.196,146.265,578
2025.09.17,02:30,146.263,146.494,146.261,146.491,638
2025.09.17,02:45,146.492,146.563,146.440,146.531,894
2025.09.17,03:00,146.532,146.541,146.458,146.471,660
2025.09.17,03:15,146.470,146.541,146.426,146.540,606
2025.09.17,03:30,146.539,146.602,146.516,146.554,657
2025.09.17,03:45,146.553,146.573,146.471,146.489,499
2025.09.17,04:00,146.493,146.550,146.492,146.527,416
2025.09.17,04:15,146.526,146.545,146.505,146.537,342
2025.09.17,04:30,146.535,146.586,146.514,146.525,381
2025.09.17,04:45,146.528,146.540,146.491,146.531,381
2025.09.17,05:00,146.530,146.558,146.499,146.509,320
2025.09.17,05:15,146.508,146.527,146.488,146.518,311
2025.09.17,05:30,146.517,146.520,146.471,146.494,349
2025.09.17,05:45,146.493,146.541,146.482,146.527,260
2025.09.17,06:00,146.529,146.539,146.506,146.510,251
2025.09.17,06:15,146.506,146.520,146.470,146.473,238
2025.09.17,06:30,146.479,146.507,146.474,146.494,250
2025.09.17,06:45,146.493,146.506,146.429,146.451,234
2025.09.17,07:00,146.455,146.455,146.365,146.443,470
2025.09.17,07:15,146.444,146.486,146.414,146.473,432
2025.09.17,07:30,146.474,146.492,146.442,146.484,377
2025.09.17,07:45,146.485,146.548,146.470,146.510,413
2025.09.17,08:00,146.500,146.531,146.458,146.523,617
2025.09.17,08:15,146.522,146.536,146.470,146.484,556
2025.09.17,08:30,146.485,146.539,146.463,146.518,462
2025.09.17,08:45,146.516,146.529,146.477,146.490,631
2025.09.17,09:00,146.493,146.602,146.473,146.601,635
2025.09.17,09:15,146.600,146.677,146.599,146.627,561
2025.09.17,09:30,146.621,146.654,146.603,146.609,438
2025.09.17,09:45,146.600,146.667,146.565,146.664,528
2025.09.17,10:00,146.663,146.679,146.619,146.652,508
2025.09.17,10:15,146.653,146.661,146.555,146.555,398
2025.09.17,10:30,146.554,146.557,146.449,146.463,526
2025.09.17,10:45,146.466,146.466,146.368,146.447,551
2025.09.17,11:00,146.448,146.448,146.343,146.388,486
2025.09.17,11:15,146.387,146.423,146.357,146.375,417
2025.09.17,11:30,146.376,146.426,146.317,146.317,437
2025.09.17,11:45,146.315,146.317,146.273,146.313,503
2025.09.17,12:00,146.316,146.384,146.200,146.364,566
2025.09.17,12:15,146.366,146.385,146.286,146.287,507
2025.09.17,12:30,146.286,146.290,146.213,146.230,446
2025.09.17,12:45,146.229,146.298,146.208,146.267,536
2025.09.17,13:00,146.266,146.268,146.220,146.242,478
2025.09.17,13:15,146.241,146.306,146.241,146.268,416
2025.09.17,13:30,146.269,146.313,146.258,146.269,447
2025.09.17,13:45,146.270,146.339,146.249,146.333,467
2025.09.17,14:00,146.332,146.421,146.316,146.417,603
2025.09.17,14:15,146.418,146.468,146.393,146.468,545
2025.09.17,14:30,146.470,146.474,146.381,146.421,654
2025.09.17,14:45,146.424,146.464,146.368,146.374,538
2025.09.17,15:00,146.370,146.396,146.336,146.353,630
2025.09.17,15:15,146.352,146.368,146.281,146.316,535
2025.09.17,15:30,146.314,146.342,146.266,146.268,520
2025.09.17,15:45,146.265,146.335,146.239,146.331,732
2025.09.17,16:00,146.333,146.387,146.247,146.256,717
2025.09.17,16:15,146.255,146.269,146.206,146.252,582
2025.09.17,16:30,146.249,146.266,146.229,146.240,539
2025.09.17,16:45,146.230,146.338,146.229,146.337,672
2025.09.17,17:00,146.338,146.374,146.301,146.307,690
2025.09.17,17:15,146.306,146.370,146.299,146.325,479
2025.09.17,17:30,146.326,146.382,146.316,146.376,439
2025.09.17,17:45,146.374,146.381,146.325,146.357,483
2025.09.17,18:00,146.361,146.371,146.333,146.346,465
2025.09.17,18:15,146.348,146.349,146.251,146.268,425
2025.09.17,18:30,146.271,146.288,146.252,146.286,373
2025.09.17,18:45,146.285,146.327,146.256,146.283,524
2025.09.17,19:00,146.285,146.361,146.280,146.325,484
2025.09.17,19:15,146.327,146.364,146.317,146.329,598
2025.09.17,19:30,146.330,146.336,146.292,146.320,370
2025.09.17,19:45,146.316,146.321,146.229,146.229,454
2025.09.17,20:00,146.122,146.175,145.478,145.765,2076
2025.09.17,20:15,145.766,145.978,145.582,145.936,1534
2025.09.17,20:30,145.928,146.609,145.867,146.466,2057
2025.09.17,20:45,146.468,146.853,146.429,146.709,1857
2025.09.17,21:00,146.701,146.842,146.499,146.731,1527
2025.09.17,21:15,146.732,146.742,146.437,146.551,1298
2025.09.17,21:30,146.561,146.721,146.561,146.688,1009
2025.09.17,21:45,146.689,146.833,146.687,146.779,890
2025.09.17,22:00,146.776,146.871,146.751,146.843,531
2025.09.17,22:15,146.842,147.042,146.840,147.019,567
2025.09.17,22:30,147.021,147.044,146.941,146.951,457
2025.09.17,22:45,146.950,147.029,146.896,146.975,440
2025.09.17,23:00,146.889,146.958,146.880,146.932,65
2025.09.17,23:15,146.933,146.966,146.906,146.908,99
2025.09.17,23:30,146.935,146.942,146.846,146.888,151
2025.09.17,23:45,146.887,146.947,146.826,146.947,125
2025.09.18,00:00,146.910,146.980,146.906,146.938,240
2025.09.18,00:15,146.940,146.959,146.870,146.881,275
2025.09.18,00:30,146.882,146.891,146.796,146.796,277
2025.09.18,00:45,146.800,146.863,146.794,146.837,348
2025.09.18,01:00,146.836,146.861,146.765,146.778,333
2025.09.18,01:15,146.780,146.885,146.772,146.851,369
2025.09.18,01:30,146.846,146.916,146.771,146.798,415
2025.09.18,01:45,146.799,146.903,146.794,146.878,416
2025.09.18,02:00,146.880,147.001,146.865,146.973,777
2025.09.18,02:15,146.976,147.023,146.863,146.947,577
2025.09.18,02:30,146.951,146.981,146.898,146.927,530
2025.09.18,02:45,146.926,146.951,146.851,146.909,701
2025.09.18,03:00,146.910,147.074,146.842,147.074,668
2025.09.18,03:15,147.073,147.142,147.016,147.051,644
2025.09.18,03:30,147.048,147.101,147.024,147.071,611
2025.09.18,03:45,147.069,147.133,147.020,147.020,496
2025.09.18,04:00,147.019,147.064,146.990,147.046,558
2025.09.18,04:15,147.045,147.046,146.946,146.976,419
2025.09.18,04:30,146.975,147.017,146.971,146.998,343
2025.09.18,04:45,147.000,147.002,146.891,146.902,337
2025.09.18,05:00,146.901,146.942,146.847,146.921,401
2025.09.18,05:15,146.918,146.979,146.916,146.971,344
2025.09.18,05:30,146.969,146.999,146.956,146.993,245
2025.09.18,05:45,146.994,147.047,146.979,147.046,458
2025.09.18,06:00,147.048,147.103,147.040,147.063,432
2025.09.18,06:15,147.062,147.132,147.036,147.123,350
2025.09.18,06:30,147.124,147.171,147.105,147.152,418
2025.09.18,06:45,147.154,147.214,147.154,147.201,465
2025.09.18,07:00,147.202,147.246,147.170,147.244,471
2025.09.18,07:15,147.242,147.252,147.176,147.196,409
2025.09.18,07:30,147.195,147.281,147.179,147.260,485
2025.09.18,07:45,147.261,147.402,147.259,147.349,675
2025.09.18,08:00,147.348,147.527,147.328,147.520,951
2025.09.18,08:15,147.517,147.525,147.418,147.484,896
2025.09.18,08:30,147.483,147.486,147.379,147.380,856
2025.09.18,08:45,147.378,147.428,147.352,147.404,777
2025.09.18,09:00,147.405,147.423,147.201,147.209,818
2025.09.18,09:15,147.208,147.233,147.126,147.141,775
2025.09.18,09:30,147.149,147.195,147.042,147.065,692
2025.09.18,09:45,147.066,147.144,147.022,147.112,722
2025.09.18,10:00,147.111,147.276,147.096,147.274,810
2025.09.18,10:15,147.272,147.385,147.250,147.354,751
2025.09.18,10:30,147.357,147.422,147.327,147.376,704
2025.09.18,10:45,147.375,147.484,147.361,147.429,744
2025.09.18,11:00,147.427,147.449,147.242,147.243,770
2025.09.18,11:15,147.242,147.326,147.217,147.261,605
2025.09.18,11:30,147.266,147.280,147.155,147.224,616
2025.09.18,11:45,147.226,147.314,147.223,147.267,639
2025.09.18,12:00,147.269,147.337,147.243,147.334,540
2025.09.18,12:15,147.335,147.368,147.243,147.268,521
2025.09.18,12:30,147.271,147.279,147.224,147.256,407
2025.09.18,12:45,147.252,147.278,147.222,147.257,475
2025.09.18,13:00,147.257,147.393,147.213,147.318,785
2025.09.18,13:15,147.319,147.358,147.275,147.278,632
2025.09.18,13:30,147.279,147.403,147.231,147.370,699
2025.09.18,13:45,147.368,147.420,147.338,147.380,622
2025.09.18,14:00,147.378,147.441,147.363,147.424,728
2025.09.18,14:15,147.419,147.434,147.361,147.371,616
2025.09.18,14:30,147.341,147.648,147.337,147.627,1168
2025.09.18,14:45,147.629,147.796,147.629,147.785,913
2025.09.18,15:00,147.793,147.949,147.793,147.901,1133
2025.09.18,15:15,147.905,147.984,147.844,147.956,918
2025.09.18,15:30,147.947,148.261,147.943,148.259,1168
2025.09.18,15:45,148.260,148.260,148.032,148.053,1126
2025.09.18,16:00,148.055,148.105,147.944,148.077,1163
2025.09.18,16:15,148.078,148.121,148.009,148.020,932
2025.09.18,16:30,148.019,148.077,147.956,148.046,896
2025.09.18,16:45,148.048,148.050,147.898,148.009,1001
2025.09.18,17:00,148.007,148.038,147.903,147.987,867
2025.09.18,17:15,147.986,148.013,147.899,147.924,742
2025.09.18,17:30,147.925,148.039,147.915,148.035,662
2025.09.18,17:45,148.034,148.076,148.017,148.019,602
2025.09.18,18:00,148.022,148.036,147.915,147.989,765
2025.09.18,18:15,147.992,148.022,147.919,147.919,584
2025.09.18,18:30,147.916,147.998,147.914,147.948,526
2025.09.18,18:45,147.946,147.953,147.852,147.860,555
2025.09.18,19:00,147.862,147.873,147.815,147.834,589
2025.09.18,19:15,147.833,147.863,147.814,147.833,505
2025.09.18,19:30,147.832,147.843,147.800,147.815,489
2025.09.18,19:45,147.817,147.889,147.801,147.870,540
2025.09.18,20:00,147.871,147.924,147.823,147.829,520
2025.09.18,20:15,147.828,147.878,147.823,147.851,386
2025.09.18,20:30,147.850,147.897,147.846,147.888,432
2025.09.18,20:45,147.891,147.899,147.854,147.876,474
2025.09.18,21:00,147.877,147.892,147.844,147.846,448
2025.09.18,21:15,147.842,147.878,147.840,147.876,570
2025.09.18,21:30,147.878,147.926,147.872,147.917,447
2025.09.18,21:45,147.915,147.957,147.893,147.947,381
2025.09.18,22:00,147.949,148.006,147.943,147.967,348
2025.09.18,22:15,147.965,147.974,147.960,147.972,184
2025.09.18,22:30,147.970,148.004,147.955,147.975,277
2025.09.18,22:45,147.977,148.009,147.971,147.984,400
2025.09.18,23:00,147.899,148.012,147.856,147.913,64
2025.09.18,23:15,147.914,148.010,147.876,147.894,111
2025.09.18,23:30,147.892,147.948,147.877,147.942,67
2025.09.18,23:45,147.939,147.957,147.886,147.952,206
2025.09.19,00:00,147.944,147.976,147.924,147.932,217
2025.09.19,00:15,147.933,147.958,147.904,147.927,339
2025.09.19,00:30,147.926,147.972,147.904,147.951,178
2025.09.19,00:45,147.950,147.956,147.927,147.938,185
2025.09.19,01:00,147.939,147.964,147.932,147.957,185
2025.09.19,01:15,147.956,147.969,147.941,147.944,105
2025.09.19,01:30,147.940,147.983,147.940,147.971,231
2025.09.19,01:45,147.969,148.003,147.936,147.961,332
2025.09.19,02:00,147.959,148.083,147.891,148.079,704
2025.09.19,02:15,148.078,148.109,148.042,148.094,437
2025.09.19,02:30,148.093,148.101,148.067,148.079,387
2025.09.19,02:45,148.078,148.104,147.914,148.004,672
2025.09.19,03:00,148.005,148.080,147.974,148.071,477
2025.09.19,03:15,148.069,148.088,148.020,148.031,470
2025.09.19,03:30,148.028,148.039,147.927,147.990,580
2025.09.19,03:45,147.991,148.081,147.975,148.058,542
2025.09.19,04:00,148.057,148.101,147.988,148.032,465
2025.09.19,04:15,148.031,148.042,147.979,148.000,363
2025.09.19,04:30,148.000,148.019,147.968,147.988,335
2025.09.19,04:45,147.986,148.018,147.948,147.988,359
2025.09.19,05:00,147.985,147.988,147.922,147.936,377
2025.09.19,05:15,147.937,147.942,147.811,147.824,586
2025.09.19,05:30,147.825,147.825,147.680,147.742,632
2025.09.19,05:45,147.741,147.905,147.369,147.622,1180
2025.09.19,06:00,147.620,147.624,147.211,147.227,1143
2025.09.19,06:15,147.226,147.377,147.192,147.304,1028
2025.09.19,06:30,147.303,147.464,147.282,147.439,903
2025.09.19,06:45,147.440,147.540,147.407,147.518,861
2025.09.19,07:00,147.520,147.535,147.429,147.464,713
2025.09.19,07:15,147.465,147.529,147.416,147.469,669
2025.09.19,07:30,147.468,147.576,147.413,147.498,808
2025.09.19,07:45,147.501,147.550,147.454,147.508,744
2025.09.19,08:00,147.517,147.583,147.463,147.563,937
2025.09.19,08:15,147.564,147.739,147.560,147.688,893
2025.09.19,08:30,147.689,147.921,147.541,147.684,1256
2025.09.19,08:45,147.685,147.983,147.631,147.844,1193
2025.09.19,09:00,147.847,147.952,147.770,147.883,937
2025.09.19,09:15,147.884,147.910,147.751,147.818,726
2025.09.19,09:30,147.820,147.845,147.662,147.842,682
2025.09.19,09:45,147.838,147.946,147.807,147.927,705
2025.09.19,10:00,147.928,147.964,147.880,147.934,624
2025.09.19,10:15,147.937,148.018,147.933,147.954,495
2025.09.19,10:30,147.951,148.030,147.805,147.982,744
2025.09.19,10:45,147.983,147.983,147.838,147.851,626
2025.09.19,11:00,147.849,147.883,147.785,147.803,645
2025.09.19,11:15,147.800,147.846,147.748,147.842,427
2025.09.19,11:30,147.841,147.876,147.788,147.802,421
2025.09.19,11:45,147.801,147.977,147.800,147.954,496
2025.09.19,12:00,147.957,147.957,147.853,147.879,396
2025.09.19,12:15,147.878,147.908,147.856,147.908,346
2025.09.19,12:30,147.910,147.975,147.878,147.965,342
2025.09.19,12:45,147.964,147.967,147.920,147.937,439
2025.09.19,13:00,147.933,148.032,147.931,148.005,515
2025.09.19,13:15,148.004,148.013,147.968,147.992,359
2025.09.19,13:30,147.993,148.041,147.929,148.033,501
2025.09.19,13:45,148.036,148.193,148.029,148.162,686
2025.09.19,14:00,148.161,148.161,148.018,148.019,770
2025.09.19,14:15,148.018,148.162,148.013,148.094,614
2025.09.19,14:30,148.096,148.192,148.088,148.166,688
2025.09.19,14:45,148.167,148.278,148.135,148.154,779
2025.09.19,15:00,148.155,148.155,148.001,148.018,760
2025.09.19,15:15,148.019,148.051,147.897,148.004,864
2025.09.19,15:30,147.996,148.024,147.852,147.860,890
2025.09.19,15:45,147.858,147.882,147.798,147.829,837
2025.09.19,16:00,147.831,147.899,147.801,147.884,792
2025.09.19,16:15,147.883,147.897,147.801,147.837,730
2025.09.19,16:30,147.836,147.886,147.785,147.799,629
2025.09.19,16:45,147.800,147.922,147.790,147.880,894
2025.09.19,17:00,147.881,147.944,147.844,147.881,832
2025.09.19,17:15,147.882,147.930,147.868,147.903,599
2025.09.19,17:30,147.902,147.945,147.860,147.881,586
2025.09.19,17:45,147.883,147.904,147.822,147.832,488
2025.09.19,18:00,147.827,147.887,147.791,147.882,518
2025.09.19,18:15,147.884,147.921,147.869,147.893,332
2025.09.19,18:30,147.898,147.909,147.871,147.876,340
2025.09.19,18:45,147.879,147.921,147.841,147.846,485
2025.09.19,19:00,147.847,147.948,147.841,147.940,420
2025.09.19,19:15,147.941,147.941,147.882,147.899,274
2025.09.19,19:30,147.893,147.948,147.891,147.946,255
2025.09.19,19:45,147.948,147.948,147.891,147.938,321
2025.09.19,20:00,147.937,147.940,147.918,147.928,334
2025.09.19,20:15,147.929,147.941,147.913,147.931,369
2025.09.19,20:30,147.929,147.942,147.916,147.927,231
2025.09.19,20:45,147.926,147.970,147.926,147.957,332
2025.09.19,21:00,147.959,147.976,147.930,147.940,375
2025.09.19,21:15,147.939,147.981,147.936,147.974,310
2025.09.19,21:30,147.972,147.989,147.925,147.932,259
2025.09.19,21:45,147.931,147.956,147.916,147.937,419
2025.09.21,23:00,147.813,147.890,147.811,147.876,15
2025.09.21,23:15,147.876,147.883,147.874,147.880,18
2025.09.21,23:30,147.885,147.930,147.885,147.915,364
2025.09.21,23:45,147.914,147.926,147.880,147.907,324
2025.09.22,00:00,147.876,147.968,147.800,147.929,267
2025.09.22,00:15,147.928,147.965,147.922,147.960,212
2025.09.22,00:30,147.961,147.972,147.936,147.948,147
2025.09.22,00:45,147.949,148.010,147.947,147.988,273
2025.09.22,01:00,147.989,148.022,147.972,148.017,230
2025.09.22,01:15,148.016,148.034,147.988,148.028,166
2025.09.22,01:30,148.031,148.065,148.005,148.054,305
2025.09.22,01:45,148.053,148.107,148.052,148.097,630
2025.09.22,02:00,148.105,148.184,148.102,148.116,615
2025.09.22,02:15,148.114,148.162,148.109,148.157,487
2025.09.22,02:30,148.158,148.185,148.137,148.171,402
2025.09.22,02:45,148.170,148.253,148.146,148.158,699
2025.09.22,03:00,148.152,148.210,148.085,148.162,712
2025.09.22,03:15,148.164,148.172,148.115,148.162,475
2025.09.22,03:30,148.163,148.192,148.132,148.158,533
2025.09.22,03:45,148.159,148.193,148.133,148.188,437
2025.09.22,04:00,148.190,148.331,148.178,148.306,556
2025.09.22,04:15,148.307,148.349,148.304,148.310,509
2025.09.22,04:30,148.313,148.337,148.302,148.310,359
2025.09.22,04:45,148.311,148.344,148.310,148.344,407
2025.09.22,05:00,148.345,148.372,148.307,148.307,373
2025.09.22,05:15,148.311,148.337,148.300,148.329,363
2025.09.22,05:30,148.328,148.371,148.311,148.322,320
2025.09.22,05:45,148.324,148.350,148.320,148.331,249
2025.09.22,06:00,148.333,148.347,148.304,148.309,323
2025.09.22,06:15,148.310,148.355,148.310,148.355,205
2025.09.22,06:30,148.354,148.365,148.314,148.335,265
2025.09.22,06:45,148.334,148.335,148.271,148.282,253
2025.09.22,07:00,148.281,148.301,148.241,148.290,429
2025.09.22,07:15,148.291,148.301,148.253,148.259,317
2025.09.22,07:30,148.261,148.273,148.219,148.247,450
2025.09.22,07:45,148.248,148.261,148.235,148.250,412
2025.09.22,08:00,148.251,148.254,148.184,148.201,565
2025.09.22,08:15,148.200,148.217,148.041,148.061,633
2025.09.22,08:30,148.063,148.107,148.026,148.028,578
2025.09.22,08:45,148.029,148.104,147.990,148.070,761
2025.09.22,09:00,148.065,148.127,148.016,148.093,671
2025.09.22,09:15,148.094,148.128,147.889,147.935,782
2025.09.22,09:30,147.936,148.077,147.933,148.062,709
2025.09.22,09:45,148.064,148.122,148.020,148.110,553
2025.09.22,10:00,148.113,148.127,147.890,147.947,754
2025.09.22,10:15,147.945,147.957,147.856,147.892,689
2025.09.22,10:30,147.889,147.896,147.822,147.828,565
2025.09.22,10:45,147.826,147.891,147.814,147.850,516
2025.09.22,11:00,147.848,147.851,147.795,147.831,471
2025.09.22,11:15,147.830,147.922,147.830,147.919,528
2025.09.22,11:30,147.921,147.942,147.881,147.915,394
2025.09.22,11:45,147.914,147.922,147.843,147.872,376
2025.09.22,12:00,147.873,147.888,147.826,147.871,530
2025.09.22,12:15,147.873,147.915,147.829,147.877,462
2025.09.22,12:30,147.878,147.927,147.878,147.907,348
2025.09.22,12:45,147.906,147.914,147.816,147.851,432
2025.09.22,13:00,147.855,147.900,147.825,147.892,441
2025.09.22,13:15,147.891,147.902,147.833,147.851,407
2025.09.22,13:30,147.850,147.852,147.811,147.847,446
2025.09.22,13:45,147.846,147.879,147.737,147.837,632
2025.09.22,14:00,147.835,147.856,147.757,147.842,649
2025.09.22,14:15,147.837,147.923,147.825,147.888,563
2025.09.22,14:30,147.887,147.924,147.822,147.838,645
2025.09.22,14:45,147.837,147.846,147.767,147.835,695
2025.09.22,15:00,147.837,147.969,147.768,147.781,843
2025.09.22,15:15,147.784,147.801,147.728,147.787,584
2025.09.22,15:30,147.786,147.902,147.753,147.890,812
2025.09.22,15:45,147.889,147.955,147.813,147.814,653
2025.09.22,16:00,147.813,147.901,147.811,147.890,620
2025.09.22,16:15,147.905,147.957,147.878,147.910,587
2025.09.22,16:30,147.911,147.981,147.881,147.885,589
2025.09.22,16:45,147.886,147.939,147.865,147.872,718
2025.09.22,17:00,147.876,147.888,147.820,147.888,641
2025.09.22,17:15,147.886,147.896,147.816,147.825,571
2025.09.22,17:30,147.826,147.847,147.820,147.827,530
2025.09.22,17:45,147.829,147.852,147.814,147.832,535
2025.09.22,18:00,147.834,147.881,147.801,147.807,475
2025.09.22,18:15,147.806,147.807,147.731,147.767,552
2025.09.22,18:30,147.766,147.788,147.747,147.768,431
2025.09.22,18:45,147.770,147.792,147.734,147.736,403
2025.09.22,19:00,147.737,147.776,147.713,147.762,417
2025.09.22,19:15,147.763,147.765,147.716,147.726,393
2025.09.22,19:30,147.727,147.728,147.680,147.680,443
2025.09.22,19:45,147.681,147.698,147.654,147.682,437
2025.09.22,20:00,147.686,147.722,147.656,147.710,432
2025.09.22,20:15,147.709,147.732,147.707,147.728,546
2025.09.22,20:30,147.730,147.758,147.693,147.757,596
2025.09.22,20:45,147.759,147.770,147.723,147.724,432
2025.09.22,21:00,147.723,147.725,147.703,147.716,413
2025.09.22,21:15,147.715,147.728,147.693,147.715,345
2025.09.22,21:30,147.716,147.724,147.695,147.720,308
2025.09.22,21:45,147.719,147.734,147.685,147.729,343
2025.09.22,22:00,147.730,147.763,147.707,147.759,214
2025.09.22,22:15,147.758,147.775,147.752,147.752,128
2025.09.22,22:30,147.751,147.765,147.735,147.739,211
2025.09.22,22:45,147.738,147.745,147.704,147.710,493
2025.09.22,23:00,147.722,147.755,147.677,147.733,13
2025.09.22,23:15,147.691,147.725,147.664,147.725,38
2025.09.22,23:30,147.726,147.739,147.717,147.737,30
2025.09.22,23:45,147.732,147.766,147.716,147.724,167
2025.09.23,00:00,147.693,147.744,147.643,147.715,210
2025.09.23,00:15,147.713,147.722,147.685,147.721,162
2025.09.23,00:30,147.722,147.738,147.717,147.732,106
2025.09.23,00:45,147.733,147.735,147.695,147.696,106
2025.09.23,01:00,147.695,147.729,147.687,147.728,196
2025.09.23,01:15,147.727,147.735,147.675,147.701,241
2025.09.23,01:30,147.700,147.722,147.700,147.721,127
2025.09.23,01:45,147.722,147.762,147.705,147.726,353
2025.09.23,02:00,147.727,147.753,147.714,147.747,408
2025.09.23,02:15,147.749,147.763,147.715,147.726,403
2025.09.23,02:30,147.724,147.730,147.682,147.700,351
2025.09.23,02:45,147.699,147.699,147.646,147.664,504
2025.09.23,03:00,147.662,147.679,147.631,147.654,437
2025.09.23,03:15,147.655,147.678,147.643,147.673,379
2025.09.23,03:30,147.675,147.697,147.604,147.611,479
2025.09.23,03:45,147.612,147.618,147.596,147.614,403
2025.09.23,04:00,147.616,147.732,147.604,147.721,484
2025.09.23,04:15,147.720,147.738,147.700,147.728,520
2025.09.23,04:30,147.727,147.759,147.716,147.737,348
2025.09.23,04:45,147.738,147.811,147.729,147.793,384
2025.09.23,05:00,147.792,147.861,147.792,147.836,428
2025.09.23,05:15,147.837,147.844,147.773,147.778,479
2025.09.23,05:30,147.777,147.822,147.768,147.780,356
2025.09.23,05:45,147.781,147.790,147.745,147.756,297
2025.09.23,06:00,147.757,147.797,147.729,147.780,259
2025.09.23,06:15,147.781,147.809,147.773,147.782,344
2025.09.23,06:30,147.781,147.782,147.747,147.755,281
2025.09.23,06:45,147.757,147.794,147.751,147.794,253
2025.09.23,07:00,147.797,147.836,147.769,147.792,265
2025.09.23,07:15,147.793,147.793,147.767,147.768,317
2025.09.23,07:30,147.767,147.771,147.734,147.747,329
2025.09.23,07:45,147.748,147.799,147.733,147.797,381
2025.09.23,08:00,147.803,147.828,147.786,147.790,516
2025.09.23,08:15,147.792,147.801,147.747,147.758,501
2025.09.23,08:30,147.757,147.791,147.706,147.706,397
2025.09.23,08:45,147.706,147.720,147.632,147.713,579
2025.09.23,09:00,147.712,147.795,147.640,147.768,682
2025.09.23,09:15,147.770,147.816,147.717,147.737,545
2025.09.23,09:30,147.733,147.803,147.707,147.776,647
2025.09.23,09:45,147.775,147.782,147.702,147.724,637
2025.09.23,10:00,147.733,147.771,147.701,147.761,503
2025.09.23,10:15,147.760,147.766,147.690,147.708,484
2025.09.23,10:30,147.705,147.737,147.601,147.614,668
2025.09.23,10:45,147.615,147.636,147.533,147.559,685
2025.09.23,11:00,147.560,147.569,147.505,147.535,698
2025.09.23,11:15,147.533,147.569,147.503,147.532,547
2025.09.23,11:30,147.533,147.593,147.526,147.591,523
2025.09.23,11:45,147.592,147.620,147.578,147.605,500
2025.09.23,12:00,147.604,147.643,147.577,147.584,449
2025.09.23,12:15,147.581,147.695,147.577,147.687,471
2025.09.23,12:30,147.688,147.765,147.686,147.759,493
2025.09.23,12:45,147.760,147.762,147.703,147.708,342
2025.09.23,13:00,147.712,147.761,147.684,147.748,556
2025.09.23,13:15,147.747,147.771,147.728,147.760,434
2025.09.23,13:30,147.759,147.789,147.742,147.746,390
2025.09.23,13:45,147.747,147.767,147.730,147.759,440
2025.09.23,14:00,147.760,147.822,147.755,147.791,578
2025.09.23,14:15,147.789,147.828,147.760,147.790,582
2025.09.23,14:30,147.792,147.881,147.792,147.844,615
2025.09.23,14:45,147.841,147.851,147.752,147.768,634
2025.09.23,15:00,147.770,147.772,147.681,147.711,767
2025.09.23,15:15,147.706,147.764,147.698,147.733,648
2025.09.23,15:30,147.729,147.797,147.707,147.771,709
2025.09.23,15:45,147.741,147.883,147.662,147.672,1005
2025.09.23,16:00,147.670,147.771,147.611,147.685,915
2025.09.23,16:15,147.684,147.794,147.658,147.741,709
2025.09.23,16:30,147.736,147.793,147.700,147.707,644
2025.09.23,16:45,147.709,147.797,147.704,147.758,663
2025.09.23,17:00,147.757,147.848,147.745,147.811,662
2025.09.23,17:15,147.812,147.878,147.789,147.877,480
2025.09.23,17:30,147.876,147.916,147.846,147.865,546
2025.09.23,17:45,147.866,147.922,147.834,147.838,602
2025.09.23,18:00,147.835,147.863,147.785,147.802,484
2025.09.23,18:15,147.801,147.807,147.718,147.719,504
2025.09.23,18:30,147.717,147.922,147.683,147.770,881
2025.09.23,18:45,147.771,147.788,147.718,147.768,705
2025.09.23,19:00,147.767,147.767,147.678,147.709,538
2025.09.23,19:15,147.708,147.750,147.630,147.674,510
2025.09.23,19:30,147.673,147.690,147.507,147.529,683
2025.09.23,19:45,147.526,147.592,147.488,147.576,688
2025.09.23,20:00,147.584,147.613,147.528,147.534,474
2025.09.23,20:15,147.533,147.556,147.456,147.522,528
2025.09.23,20:30,147.524,147.583,147.479,147.496,485
2025.09.23,20:45,147.498,147.619,147.486,147.580,675
2025.09.23,21:00,147.576,147.610,147.555,147.562,552
2025.09.23,21:15,147.561,147.618,147.558,147.574,461
2025.09.23,21:30,147.575,147.589,147.546,147.555,405
2025.09.23,21:45,147.556,147.628,147.553,147.628,458
2025.09.23,22:00,147.623,147.634,147.582,147.613,280
2025.09.23,22:15,147.612,147.636,147.610,147.623,329
2025.09.23,22:30,147.622,147.675,147.618,147.658,411
2025.09.23,22:45,147.657,147.667,147.594,147.594,629
2025.09.23,23:00,147.557,147.665,147.555,147.600,53
2025.09.23,23:15,147.600,147.671,147.558,147.572,86
2025.09.23,23:30,147.580,147.611,147.567,147.601,124
2025.09.23,23:45,147.599,147.600,147.592,147.592,31
2025.09.24,00:00,147.561,147.596,147.516,147.586,177
2025.09.24,00:15,147.587,147.627,147.575,147.616,190
2025.09.24,00:30,147.618,147.622,147.594,147.606,125
2025.09.24,00:45,147.607,147.617,147.594,147.608,138
2025.09.24,01:00,147.609,147.638,147.594,147.618,179
2025.09.24,01:15,147.619,147.619,147.569,147.582,211
2025.09.24,01:30,147.583,147.647,147.575,147.636,296
2025.09.24,01:45,147.629,147.660,147.596,147.598,384
2025.09.24,02:00,147.597,147.597,147.512,147.581,702
2025.09.24,02:15,147.580,147.726,147.556,147.711,562
2025.09.24,02:30,147.712,147.795,147.707,147.754,511
2025.09.24,02:45,147.752,147.825,147.734,147.773,643
2025.09.24,03:00,147.770,147.810,147.731,147.755,512
2025.09.24,03:15,147.756,147.803,147.743,147.771,506
2025.09.24,03:30,147.768,147.785,147.710,147.733,486
2025.09.24,03:45,147.734,147.797,147.721,147.751,460
2025.09.24,04:00,147.753,147.781,147.732,147.746,336
2025.09.24,04:15,147.745,147.764,147.718,147.753,427
2025.09.24,04:30,147.755,147.765,147.741,147.748,347
2025.09.24,04:45,147.747,147.785,147.745,147.765,294
2025.09.24,05:00,147.766,147.796,147.757,147.774,231
2025.09.24,05:15,147.775,147.820,147.763,147.819,280
2025.09.24,05:30,147.821,147.853,147.809,147.840,320
2025.09.24,05:45,147.839,147.872,147.838,147.868,275
2025.09.24,06:00,147.870,147.915,147.870,147.891,318
2025.09.24,06:15,147.892,147.953,147.883,147.927,322
2025.09.24,06:30,147.932,147.957,147.923,147.946,325
2025.09.24,06:45,147.947,147.949,147.889,147.897,331
2025.09.24,07:00,147.899,147.931,147.886,147.909,330
2025.09.24,07:15,147.908,147.911,147.815,147.851,380
2025.09.24,07:30,147.853,147.897,147.849,147.895,426
2025.09.24,07:45,147.894,147.935,147.872,147.877,375
2025.09.24,08:00,147.870,148.002,147.863,147.992,683
2025.09.24,08:15,147.993,148.077,147.977,148.034,593
2025.09.24,08:30,148.033,148.102,148.023,148.032,527
2025.09.24,08:45,148.033,148.092,148.032,148.052,556
2025.09.24,09:00,148.050,148.089,148.004,148.081,569
2025.09.24,09:15,148.080,148.093,148.040,148.043,527
2025.09.24,09:30,148.042,148.095,148.042,148.071,490
2025.09.24,09:45,148.072,148.086,148.033,148.038,571
2025.09.24,10:00,148.039,148.096,148.010,148.079,608
2025.09.24,10:15,148.081,148.158,148.049,148.155,620
2025.09.24,10:30,148.156,148.260,148.156,148.259,623
2025.09.24,10:45,148.260,148.287,148.239,148.260,543
2025.09.24,11:00,148.259,148.302,148.236,148.269,611
2025.09.24,11:15,148.270,148.333,148.260,148.317,502
2025.09.24,11:30,148.319,148.339,148.290,148.319,480
2025.09.24,11:45,148.318,148.339,148.209,148.274,458
2025.09.24,12:00,148.275,148.382,148.275,148.373,383
2025.09.24,12:15,148.371,148.394,148.349,148.361,333
2025.09.24,12:30,148.362,148.391,148.336,148.387,412
2025.09.24,12:45,148.385,148.417,148.370,148.391,482
2025.09.24,13:00,148.392,148.436,148.387,148.405,529
2025.09.24,13:15,148.404,148.483,148.374,148.471,497
2025.09.24,13:30,148.470,148.483,148.396,148.439,546
2025.09.24,13:45,148.438,148.511,148.437,148.495,567
2025.09.24,14:00,148.497,148.528,148.425,148.496,642
2025.09.24,14:15,148.494,148.537,148.450,148.514,614
2025.09.24,14:30,148.515,148.615,148.511,148.615,622
2025.09.24,14:45,148.617,148.711,148.600,148.666,797
2025.09.24,15:00,148.665,148.732,148.642,148.711,560
2025.09.24,15:15,148.718,148.744,148.656,148.678,633
2025.09.24,15:30,148.679,148.769,148.679,148.762,760
2025.09.24,15:45,148.763,148.765,148.611,148.695,846
2025.09.24,16:00,148.711,148.782,148.684,148.721,822
2025.09.24,16:15,148.722,148.768,148.621,148.639,709
2025.09.24,16:30,148.641,148.671,148.589,148.590,714
2025.09.24,16:45,148.591,148.732,148.588,148.706,795
2025.09.24,17:00,148.707,148.767,148.697,148.752,616
2025.09.24,17:15,148.754,148.759,148.703,148.746,481
2025.09.24,17:30,148.755,148.771,148.701,148.746,524
2025.09.24,17:45,148.742,148.747,148.690,148.708,609
2025.09.24,18:00,148.706,148.747,148.682,148.737,439
2025.09.24,18:15,148.738,148.768,148.734,148.745,495
2025.09.24,18:30,148.743,148.788,148.735,148.744,375
2025.09.24,18:45,148.743,148.785,148.732,148.760,392
2025.09.24,19:00,148.761,148.763,148.715,148.715,403
2025.09.24,19:15,148.716,148.739,148.701,148.725,334
2025.09.24,19:30,148.726,148.750,148.720,148.740,367
2025.09.24,19:45,148.739,148.760,148.716,148.735,310
2025.09.24,20:00,148.737,148.788,148.734,148.770,320
2025.09.24,20:15,148.769,148.786,148.757,148.769,308
2025.09.24,20:30,148.768,148.836,148.766,148.823,506
2025.09.24,20:45,148.822,148.867,148.816,148.837,573
2025.09.24,21:00,148.838,148.880,148.832,148.853,422
2025.09.24,21:15,148.854,148.883,148.844,148.865,336
2025.09.24,21:30,148.864,148.870,148.838,148.848,419
2025.09.24,21:45,148.847,148.872,148.836,148.857,382
2025.09.24,22:00,148.856,148.873,148.851,148.862,241
2025.09.24,22:15,148.861,148.897,148.852,148.897,212
2025.09.24,22:30,148.896,148.902,148.865,148.885,208
2025.09.24,22:45,148.884,148.911,148.878,148.892,345
2025.09.24,23:00,148.799,148.870,148.795,148.839,41
2025.09.24,23:15,148.835,148.843,148.747,148.799,73
2025.09.24,23:30,148.798,148.825,148.792,148.805,45
2025.09.24,23:45,148.804,148.804,148.770,148.783,48
2025.09.25,00:00,148.752,148.846,148.752,148.844,167
2025.09.25,00:15,148.836,148.845,148.809,148.832,233
2025.09.25,00:30,148.833,148.836,148.788,148.803,240
2025.09.25,00:45,148.802,148.804,148.773,148.802,189
2025.09.25,01:00,148.801,148.830,148.789,148.789,263
2025.09.25,01:15,148.791,148.802,148.757,148.772,372
2025.09.25,01:30,148.773,148.810,148.773,148.797,172
2025.09.25,01:45,148.796,148.816,148.721,148.778,445
2025.09.25,02:00,148.777,148.789,148.665,148.710,686
2025.09.25,02:15,148.709,148.710,148.647,148.653,509
2025.09.25,02:30,148.651,148.676,148.630,148.633,415
2025.09.25,02:45,148.634,148.677,148.558,148.567,717
2025.09.25,03:00,148.568,148.640,148.556,148.617,499
2025.09.25,03:15,148.616,148.743,148.616,148.731,520
2025.09.25,03:30,148.729,148.816,148.710,148.813,517
2025.09.25,03:45,148.812,148.855,148.743,148.751,472
2025.09.25,04:00,148.752,148.753,148.612,148.643,504
2025.09.25,04:15,148.644,148.724,148.629,148.711,490
2025.09.25,04:30,148.710,148.721,148.668,148.675,341
2025.09.25,04:45,148.676,148.753,148.663,148.746,395
2025.09.25,05:00,148.748,148.770,148.711,148.722,309
2025.09.25,05:15,148.723,148.735,148.658,148.673,213
2025.09.25,05:30,148.674,148.690,148.657,148.664,211
2025.09.25,05:45,148.668,148.691,148.660,148.667,269
2025.09.25,06:00,148.666,148.694,148.630,148.686,313
2025.09.25,06:15,148.685,148.685,148.643,148.650,185
2025.09.25,06:30,148.649,148.673,148.644,148.646,221
2025.09.25,06:45,148.643,148.651,148.595,148.600,295
2025.09.25,07:00,148.601,148.676,148.593,148.673,356
2025.09.25,07:15,148.674,148.750,148.674,148.748,258
2025.09.25,07:30,148.750,148.766,148.712,148.754,364
2025.09.25,07:45,148.755,148.807,148.755,148.804,425
2025.09.25,08:00,148.805,148.854,148.781,148.838,689
2025.09.25,08:15,148.838,148.839,148.762,148.828,640
2025.09.25,08:30,148.829,148.830,148.760,148.760,609
2025.09.25,08:45,148.771,148.799,148.723,148.777,613
2025.09.25,09:00,148.776,148.797,148.691,148.698,581
2025.09.25,09:15,148.697,148.722,148.629,148.722,527
2025.09.25,09:30,148.721,148.748,148.649,148.700,550
2025.09.25,09:45,148.705,148.821,148.702,148.820,654
2025.09.25,10:00,148.816,148.820,148.720,148.723,564
2025.09.25,10:15,148.721,148.733,148.660,148.707,575
2025.09.25,10:30,148.708,148.778,148.681,148.769,497
2025.09.25,10:45,148.767,148.796,148.707,148.736,522
2025.09.25,11:00,148.738,148.774,148.680,148.724,476
2025.09.25,11:15,148.723,148.796,148.718,148.787,405
2025.09.25,11:30,148.788,148.809,148.769,148.793,393
2025.09.25,11:45,148.794,148.800,148.741,148.791,449
2025.09.25,12:00,148.789,148.796,148.726,148.732,412
2025.09.25,12:15,148.731,148.746,148.720,148.745,345
2025.09.25,12:30,148.743,148.766,148.730,148.757,375
2025.09.25,12:45,148.759,148.795,148.730,148.795,466
2025.09.25,13:00,148.798,148.887,148.796,148.881,566
2025.09.25,13:15,148.880,148.888,148.848,148.852,482
2025.09.25,13:30,148.851,148.860,148.813,148.840,535
2025.09.25,13:45,148.841,148.843,148.791,148.831,467
2025.09.25,14:00,148.832,148.856,148.797,148.819,521
2025.09.25,14:15,148.820,148.857,148.797,148.797,590
2025.09.25,14:30,148.797,149.245,148.797,149.186,1532
2025.09.25,14:45,149.193,149.349,149.158,149.240,1185
2025.09.25,15:00,149.238,149.300,149.160,149.210,1013
2025.09.25,15:15,149.208,149.240,149.147,149.171,807
2025.09.25,15:30,149.161,149.270,149.141,149.269,936
2025.09.25,15:45,149.268,149.473,149.258,149.424,1035
2025.09.25,16:00,149.427,149.471,149.335,149.452,936
2025.09.25,16:15,149.453,149.477,149.366,149.441,811
2025.09.25,16:30,149.439,149.607,149.439,149.529,884
2025.09.25,16:45,149.528,149.631,149.521,149.631,841
2025.09.25,17:00,149.630,149.679,149.623,149.657,793
2025.09.25,17:15,149.661,149.749,149.643,149.748,679
2025.09.25,17:30,149.750,149.839,149.746,149.796,816
2025.09.25,17:45,149.795,149.821,149.756,149.782,607
2025.09.25,18:00,149.783,149.813,149.705,149.744,655
2025.09.25,18:15,149.743,149.863,149.725,149.741,669
2025.09.25,18:30,149.742,149.793,149.725,149.781,515
2025.09.25,18:45,149.782,149.819,149.764,149.810,587
2025.09.25,19:00,149.813,149.845,149.773,149.787,535
2025.09.25,19:15,149.788,149.884,149.773,149.879,643
2025.09.25,19:30,149.880,149.912,149.854,149.854,547
2025.09.25,19:45,149.853,149.879,149.754,149.801,488
2025.09.25,20:00,149.797,149.923,149.723,149.905,750
2025.09.25,20:15,149.909,149.914,149.860,149.874,484
2025.09.25,20:30,149.875,149.896,149.823,149.860,378
2025.09.25,20:45,149.857,149.901,149.816,149.882,461
2025.09.25,21:00,149.884,149.889,149.788,149.790,511
2025.09.25,21:15,149.788,149.788,149.729,149.777,406
2025.09.25,21:30,149.776,149.818,149.769,149.805,440
2025.09.25,21:45,149.803,149.806,149.761,149.763,294
2025.09.25,22:00,149.771,149.797,149.741,149.782,153
2025.09.25,22:15,149.781,149.783,149.750,149.772,129
2025.09.25,22:30,149.774,149.807,149.771,149.783,97
2025.09.25,22:45,149.781,149.797,149.758,149.784,552
2025.09.25,23:00,149.740,149.805,149.727,149.789,69
2025.09.25,23:15,149.791,149.799,149.743,149.781,40
2025.09.25,23:30,149.798,149.806,149.666,149.794,131
2025.09.25,23:45,149.785,149.787,149.760,149.761,65
2025.09.26,00:00,149.706,149.802,149.706,149.772,158
2025.09.26,00:15,149.771,149.773,149.728,149.743,134
2025.09.26,00:30,149.744,149.802,149.744,149.764,222
2025.09.26,00:45,149.763,149.777,149.724,149.734,197
2025.09.26,01:00,149.731,149.814,149.731,149.806,265
2025.09.26,01:15,149.807,149.897,149.801,149.880,486
2025.09.26,01:30,149.879,149.956,149.830,149.887,625
2025.09.26,01:45,149.886,149.929,149.848,149.869,518
2025.09.26,02:00,149.870,149.939,149.807,149.852,721
2025.09.26,02:15,149.853,149.875,149.792,149.795,564
2025.09.26,02:30,149.797,149.839,149.758,149.771,401
2025.09.26,02:45,149.773,149.793,149.634,149.680,720
2025.09.26,03:00,149.681,149.739,149.628,149.729,593
2025.09.26,03:15,149.728,149.777,149.709,149.755,474
2025.09.26,03:30,149.760,149.821,149.738,149.798,455
2025.09.26,03:45,149.796,149.843,149.773,149.823,451
2025.09.26,04:00,149.822,149.829,149.769,149.813,433
2025.09.26,04:15,149.815,149.819,149.702,149.712,361
2025.09.26,04:30,149.711,149.725,149.687,149.714,392
2025.09.26,04:45,149.715,149.737,149.691,149.717,287
2025.09.26,05:00,149.718,149.743,149.693,149.737,248
2025.09.26,05:15,149.734,149.737,149.690,149.691,241
2025.09.26,05:30,149.692,149.718,149.666,149.668,251
2025.09.26,05:45,149.669,149.701,149.666,149.699,244
2025.09.26,06:00,149.700,149.719,149.670,149.677,372
2025.09.26,06:15,149.678,149.723,149.661,149.719,262
2025.09.26,06:30,149.720,149.724,149.668,149.686,338
2025.09.26,06:45,149.684,149.699,149.640,149.640,351
2025.09.26,07:00,149.639,149.670,149.612,149.650,358
2025.09.26,07:15,149.649,149.675,149.618,149.630,238
2025.09.26,07:30,149.631,149.689,149.627,149.686,291
2025.09.26,07:45,149.687,149.717,149.676,149.706,389
2025.09.26,08:00,149.708,149.740,149.689,149.739,637
2025.09.26,08:15,149.741,149.773,149.719,149.758,658
2025.09.26,08:30,149.760,149.778,149.730,149.765,558
2025.09.26,08:45,149.765,149.792,149.703,149.716,561
2025.09.26,09:00,149.718,149.836,149.718,149.833,683
2025.09.26,09:15,149.837,149.880,149.823,149.844,464
2025.09.26,09:30,149.845,149.857,149.813,149.836,473
2025.09.26,09:45,149.837,149.879,149.821,149.842,484
2025.09.26,10:00,149.843,149.843,149.768,149.782,457
2025.09.26,10:15,149.780,149.780,149.708,149.710,502
2025.09.26,10:30,149.708,149.713,149.645,149.688,517
2025.09.26,10:45,149.687,149.756,149.684,149.747,511
2025.09.26,11:00,149.748,149.775,149.731,149.753,509
2025.09.26,11:15,149.754,149.767,149.720,149.742,487
2025.09.26,11:30,149.743,149.755,149.707,149.719,406
2025.09.26,11:45,149.714,149.791,149.708,149.783,437
2025.09.26,12:00,149.786,149.817,149.777,149.812,449
2025.09.26,12:15,149.811,149.878,149.805,149.865,392
2025.09.26,12:30,149.866,149.894,149.861,149.889,419
2025.09.26,12:45,149.891,149.948,149.874,149.888,465
2025.09.26,13:00,149.886,149.893,149.805,149.835,469
2025.09.26,13:15,149.836,149.842,149.790,149.795,389
2025.09.26,13:30,149.799,149.823,149.763,149.768,474
2025.09.26,13:45,149.774,149.803,149.752,149.784,564
2025.09.26,14:00,149.792,149.800,149.719,149.723,511
2025.09.26,14:15,149.722,149.731,149.653,149.660,620
2025.09.26,14:30,149.661,149.833,149.597,149.642,1220
2025.09.26,14:45,149.637,149.705,149.582,149.618,873
2025.09.26,15:00,149.619,149.636,149.509,149.572,985
2025.09.26,15:15,149.570,149.716,149.537,149.696,839
2025.09.26,15:30,149.698,149.745,149.646,149.732,890
2025.09.26,15:45,149.733,149.778,149.707,149.735,718
2025.09.26,16:00,149.723,149.726,149.615,149.669,871
2025.09.26,16:15,149.671,149.684,149.577,149.614,769
2025.09.26,16:30,149.615,149.628,149.490,149.492,700
2025.09.26,16:45,149.493,149.547,149.462,149.498,828
2025.09.26,17:00,149.500,149.570,149.461,149.545,774
2025.09.26,17:15,149.546,149.557,149.436,149.436,472
2025.09.26,17:30,149.435,149.517,149.420,149.512,550
2025.09.26,17:45,149.511,149.530,149.481,149.515,499
2025.09.26,18:00,149.514,149.585,149.514,149.583,473
2025.09.26,18:15,149.587,149.591,149.515,149.519,480
2025.09.26,18:30,149.518,149.547,149.489,149.517,421
2025.09.26,18:45,149.516,149.552,149.491,149.546,433
2025.09.26,19:00,149.544,149.555,149.514,149.526,430
2025.09.26,19:15,149.528,149.539,149.510,149.515,378
2025.09.26,19:30,149.511,149.512,149.473,149.498,391
2025.09.26,19:45,149.497,149.535,149.486,149.515,410
2025.09.26,20:00,149.516,149.547,149.501,149.533,436
2025.09.26,20:15,149.532,149.547,149.512,149.531,358
2025.09.26,20:30,149.530,149.537,149.497,149.525,383
2025.09.26,20:45,149.524,149.544,149.400,149.436,556
2025.09.26,21:00,149.435,149.470,149.432,149.461,402
2025.09.26,21:15,149.468,149.532,149.468,149.528,452
2025.09.26,21:30,149.526,149.555,149.486,149.488,439
2025.09.26,21:45,149.489,149.515,149.464,149.500,345
2025.09.28,23:00,149.403,149.445,149.389,149.445,32
2025.09.28,23:15,149.445,149.445,149.445,149.445,40
2025.09.28,23:30,149.445,149.461,149.445,149.445,37
2025.09.28,23:45,149.445,149.459,149.445,149.455,55
2025.09.29,00:00,149.445,149.509,149.399,149.469,289
2025.09.29,00:15,149.470,149.508,149.456,149.505,243
2025.09.29,00:30,149.504,149.504,149.453,149.466,271
2025.09.29,00:45,149.465,149.491,149.456,149.465,146
2025.09.29,01:00,149.466,149.469,149.439,149.453,145
2025.09.29,01:15,149.454,149.457,149.336,149.348,391
2025.09.29,01:30,149.347,149.382,149.342,149.368,252
2025.09.29,01:45,149.367,149.411,149.353,149.407,361
2025.09.29,02:00,149.408,149.412,149.246,149.269,617
2025.09.29,02:15,149.270,149.270,149.199,149.243,496
2025.09.29,02:30,149.240,149.247,149.190,149.224,470
2025.09.29,02:45,149.222,149.222,149.113,149.172,690
2025.09.29,03:00,149.171,149.276,149.171,149.272,544
2025.09.29,03:15,149.271,149.273,149.096,149.098,566
2025.09.29,03:30,149.097,149.097,149.015,149.073,587
2025.09.29,03:45,149.071,149.135,149.041,149.086,533
2025.09.29,04:00,149.088,149.089,149.026,149.038,517
2025.09.29,04:15,149.046,149.052,148.918,148.958,587
2025.09.29,04:30,148.957,148.962,148.897,148.937,467
2025.09.29,04:45,148.938,148.944,148.898,148.934,383
2025.09.29,05:00,148.932,148.954,148.880,148.894,374
2025.09.29,05:15,148.896,148.909,148.878,148.884,298
2025.09.29,05:30,148.882,148.944,148.882,148.902,414
2025.09.29,05:45,148.900,148.935,148.885,148.930,315
2025.09.29,06:00,148.929,148.974,148.896,148.898,341
2025.09.29,06:15,148.901,148.950,148.889,148.942,286
2025.09.29,06:30,148.943,148.954,148.883,148.909,264
2025.09.29,06:45,148.908,148.956,148.893,148.945,317
2025.09.29,07:00,148.946,148.975,148.914,148.919,454
2025.09.29,07:15,148.918,148.954,148.917,148.951,334
2025.09.29,07:30,148.952,148.965,148.737,148.823,793
2025.09.29,07:45,148.818,148.869,148.746,148.773,591
2025.09.29,08:00,148.775,148.806,148.709,148.730,710
2025.09.29,08:15,148.727,148.811,148.708,148.806,596
2025.09.29,08:30,148.807,148.840,148.785,148.785,474
2025.09.29,08:45,148.786,148.843,148.783,148.820,550
2025.09.29,09:00,148.819,148.830,148.670,148.699,611
2025.09.29,09:15,148.700,148.704,148.643,148.676,551
2025.09.29,09:30,148.668,148.696,148.610,148.613,530
2025.09.29,09:45,148.611,148.616,148.516,148.572,607
2025.09.29,10:00,148.569,148.604,148.479,148.490,616
2025.09.29,10:15,148.491,148.616,148.466,148.577,621
2025.09.29,10:30,148.576,148.582,148.534,148.572,469
2025.09.29,10:45,148.571,148.589,148.499,148.524,507
2025.09.29,11:00,148.521,148.555,148.466,148.543,490
2025.09.29,11:15,148.544,148.592,148.504,148.552,496
2025.09.29,11:30,148.551,148.614,148.544,148.585,465
2025.09.29,11:45,148.586,148.632,148.578,148.599,539
2025.09.29,12:00,148.596,148.617,148.568,148.591,381
2025.09.29,12:15,148.592,148.645,148.578,148.625,416
2025.09.29,12:30,148.620,148.688,148.619,148.654,440
2025.09.29,12:45,148.651,148.670,148.643,148.664,393
2025.09.29,13:00,148.676,148.726,148.665,148.718,415
2025.09.29,13:15,148.716,148.790,148.694,148.789,472
2025.09.29,13:30,148.790,148.794,148.682,148.683,395
2025.09.29,13:45,148.682,148.724,148.618,148.623,511
2025.09.29,14:00,148.625,148.765,148.607,148.736,619
2025.09.29,14:15,148.735,148.794,148.682,148.763,638
2025.09.29,14:30,148.762,148.810,148.686,148.691,682
2025.09.29,14:45,148.687,148.705,148.570,148.599,738
2025.09.29,15:00,148.597,148.728,148.588,148.724,731
2025.09.29,15:15,148.723,148.733,148.661,148.670,646
2025.09.29,15:30,148.668,148.683,148.527,148.568,810
2025.09.29,15:45,148.566,148.584,148.477,148.578,736
2025.09.29,16:00,148.585,148.622,148.538,148.574,801
2025.09.29,16:15,148.572,148.617,148.557,148.559,631
2025.09.29,16:30,148.560,148.576,148.526,148.561,569
2025.09.29,16:45,148.560,148.647,148.525,148.647,659
2025.09.29,17:00,148.645,148.648,148.574,148.609,707
2025.09.29,17:15,148.608,148.631,148.530,148.541,520
2025.09.29,17:30,148.539,148.590,148.498,148.546,591
2025.09.29,17:45,148.547,148.568,148.511,148.562,393
2025.09.29,18:00,148.565,148.608,148.561,148.575,372
2025.09.29,18:15,148.574,148.609,148.554,148.582,316
2025.09.29,18:30,148.583,148.596,148.555,148.584,284
2025.09.29,18:45,148.585,148.596,148.568,148.577,328
2025.09.29,19:00,148.576,148.641,148.562,148.631,325
2025.09.29,19:15,148.630,148.644,148.592,148.595,337
2025.09.29,19:30,148.593,148.612,148.566,148.573,327
2025.09.29,19:45,148.574,148.588,148.545,148.580,473
2025.09.29,20:00,148.576,148.588,148.541,148.552,316
2025.09.29,20:15,148.553,148.583,148.542,148.583,284
2025.09.29,20:30,148.582,148.621,148.580,148.593,276
2025.09.29,20:45,148.594,148.637,148.592,148.632,438
2025.09.29,21:00,148.630,148.670,148.579,148.581,420
2025.09.29,21:15,148.580,148.604,148.555,148.584,325
2025.09.29,21:30,148.583,148.604,148.567,148.595,291
2025.09.29,21:45,148.594,148.655,148.594,148.624,342
2025.09.29,22:00,148.626,148.688,148.626,148.664,277
2025.09.29,22:15,148.663,148.671,148.636,148.642,175
2025.09.29,22:30,148.643,148.666,148.641,148.642,127
2025.09.29,22:45,148.643,148.653,148.576,148.576,440
2025.09.29,23:00,148.584,148.650,148.553,148.639,28
2025.09.29,23:15,148.651,148.672,148.547,148.580,57
2025.09.29,23:30,148.576,148.617,148.537,148.568,98
2025.09.29,23:45,148.569,148.598,148.544,148.597,159
2025.09.30,00:00,148.571,148.629,148.527,148.598,171
2025.09.30,00:15,148.597,148.599,148.584,148.593,114
2025.09.30,00:30,148.594,148.646,148.594,148.621,99
2025.09.30,00:45,148.622,148.640,148.588,148.593,133
2025.09.30,01:00,148.591,148.594,148.550,148.554,184
2025.09.30,01:15,148.555,148.569,148.498,148.536,280
2025.09.30,01:30,148.534,148.567,148.522,148.559,203
2025.09.30,01:45,148.558,148.622,148.498,148.615,499
2025.09.30,02:00,148.614,148.659,148.548,148.570,684
2025.09.30,02:15,148.569,148.638,148.557,148.612,670
2025.09.30,02:30,148.611,148.650,148.602,148.627,485
2025.09.30,02:45,148.624,148.839,148.623,148.791,952
2025.09.30,03:00,148.790,148.790,148.655,148.675,743
2025.09.30,03:15,148.677,148.692,148.626,148.627,534
2025.09.30,03:30,148.625,148.686,148.596,148.670,578
2025.09.30,03:45,148.668,148.764,148.654,148.746,560
2025.09.30,04:00,148.745,148.797,148.681,148.690,478
2025.09.30,04:15,148.688,148.692,148.643,148.644,315
2025.09.30,04:30,148.643,148.697,148.621,148.694,404
2025.09.30,04:45,148.693,148.731,148.644,148.712,473
2025.09.30,05:00,148.713,148.716,148.646,148.647,377
2025.09.30,05:15,148.645,148.667,148.622,148.627,289
2025.09.30,05:30,148.625,148.638,148.578,148.591,352
2025.09.30,05:45,148.590,148.592,148.509,148.512,488
2025.09.30,06:00,148.511,148.542,148.500,148.522,327
2025.09.30,06:15,148.521,148.555,148.413,148.540,497
2025.09.30,06:30,148.544,148.585,148.513,148.534,630
2025.09.30,06:45,148.532,148.538,148.383,148.398,529
2025.09.30,07:00,148.399,148.440,148.334,148.383,712
2025.09.30,07:15,148.385,148.390,148.255,148.277,527
2025.09.30,07:30,148.276,148.331,148.237,148.250,567
2025.09.30,07:45,148.249,148.292,148.222,148.283,556
2025.09.30,08:00,148.282,148.346,148.225,148.249,687
2025.09.30,08:15,148.249,148.263,148.186,148.187,655
2025.09.30,08:30,148.188,148.188,148.088,148.105,642
2025.09.30,08:45,148.104,148.112,148.043,148.058,744
2025.09.30,09:00,148.069,148.099,148.035,148.054,667
2025.09.30,09:15,148.055,148.064,148.008,148.034,514
2025.09.30,09:30,148.038,148.174,147.986,147.998,750
2025.09.30,09:45,147.995,148.100,147.936,148.048,720
2025.09.30,10:00,148.051,148.090,147.883,147.883,714
2025.09.30,10:15,147.884,147.948,147.847,147.925,577
2025.09.30,10:30,147.927,147.942,147.838,147.882,642
2025.09.30,10:45,147.879,147.893,147.833,147.850,590
2025.09.30,11:00,147.847,147.900,147.827,147.878,573
2025.09.30,11:15,147.879,147.922,147.844,147.880,572
2025.09.30,11:30,147.881,147.958,147.867,147.918,527
2025.09.30,11:45,147.917,147.979,147.899,147.966,534
2025.09.30,12:00,147.960,147.992,147.896,147.979,438
2025.09.30,12:15,147.978,147.992,147.929,147.934,440
2025.09.30,12:30,147.932,147.997,147.929,147.982,309
2025.09.30,12:45,147.981,148.031,147.974,148.020,375
2025.09.30,13:00,148.019,148.092,148.018,148.064,436
2025.09.30,13:15,148.070,148.073,148.012,148.034,311
2025.09.30,13:30,148.033,148.036,147.992,147.997,308
2025.09.30,13:45,147.998,148.062,147.961,147.965,445
2025.09.30,14:00,147.963,148.002,147.907,147.990,648
2025.09.30,14:15,147.992,148.008,147.951,147.987,624
2025.09.30,14:30,147.988,148.021,147.956,147.960,595
2025.09.30,14:45,147.959,147.963,147.892,147.952,636
2025.09.30,15:00,147.953,148.034,147.930,147.967,604
2025.09.30,15:15,147.968,148.057,147.968,147.994,611
2025.09.30,15:30,147.991,147.998,147.908,147.918,593
2025.09.30,15:45,147.908,147.921,147.805,147.811,816
2025.09.30,16:00,147.809,147.992,147.713,147.728,1139
2025.09.30,16:15,147.730,147.909,147.730,147.809,908
2025.09.30,16:30,147.808,147.848,147.743,147.814,791
2025.09.30,16:45,147.813,147.842,147.648,147.681,969
2025.09.30,17:00,147.684,147.899,147.657,147.892,903
2025.09.30,17:15,147.893,147.987,147.863,147.984,844
2025.09.30,17:30,147.982,148.010,147.941,147.988,722
2025.09.30,17:45,147.985,148.012,147.951,147.959,623
2025.09.30,18:00,147.962,147.962,147.863,147.902,588
2025.09.30,18:15,147.906,147.920,147.865,147.870,506
2025.09.30,18:30,147.867,147.874,147.748,147.752,509
2025.09.30,18:45,147.751,147.779,147.699,147.738,542
2025.09.30,19:00,147.737,147.745,147.704,147.732,471
2025.09.30,19:15,147.731,147.732,147.647,147.718,524
2025.09.30,19:30,147.717,147.779,147.699,147.772,449
2025.09.30,19:45,147.771,147.843,147.762,147.778,601
2025.09.30,20:00,147.779,147.836,147.767,147.785,538
2025.09.30,20:15,147.787,147.846,147.784,147.819,451
2025.09.30,20:30,147.818,147.879,147.806,147.840,495
2025.09.30,20:45,147.842,147.860,147.799,147.860,461
2025.09.30,21:00,147.867,147.919,147.835,147.870,599
2025.09.30,21:15,147.869,147.870,147.823,147.850,414
2025.09.30,21:30,147.851,147.869,147.837,147.867,346
2025.09.30,21:45,147.868,147.887,147.854,147.861,422
2025.09.30,22:00,147.857,147.972,147.857,147.952,399
2025.09.30,22:15,147.953,147.962,147.905,147.911,282
2025.09.30,22:30,147.912,147.937,147.905,147.934,145
2025.09.30,22:45,147.933,147.955,147.872,147.872,572
2025.09.30,23:00,147.794,147.850,147.772,147.801,26
2025.09.30,23:15,147.801,147.816,147.776,147.776,41
2025.09.30,23:30,147.780,147.851,147.774,147.831,170
2025.09.30,23:45,147.831,147.867,147.829,147.862,173
2025.10.01,00:00,147.825,147.894,147.802,147.875,192
2025.10.01,00:15,147.874,147.909,147.835,147.909,230
2025.10.01,00:30,147.905,147.918,147.894,147.906,113
2025.10.01,00:45,147.909,147.918,147.891,147.905,169
2025.10.01,01:00,147.904,147.927,147.807,147.841,284
2025.10.01,01:15,147.840,147.899,147.825,147.896,311
2025.10.01,01:30,147.897,147.929,147.878,147.915,251
2025.10.01,01:45,147.916,148.023,147.904,148.020,526
2025.10.01,02:00,148.021,148.148,148.020,148.068,787
2025.10.01,02:15,148.070,148.088,148.020,148.061,575
2025.10.01,02:30,148.058,148.192,148.058,148.182,649
2025.10.01,02:45,148.183,148.221,148.092,148.098,759
2025.10.01,03:00,148.101,148.161,148.058,148.089,521
2025.10.01,03:15,148.087,148.096,147.999,148.033,491
2025.10.01,03:30,148.029,148.040,147.954,147.958,453
2025.10.01,03:45,147.953,147.996,147.936,147.950,483
2025.10.01,04:00,147.943,147.971,147.901,147.953,457
2025.10.01,04:15,147.951,147.953,147.881,147.951,420
2025.10.01,04:30,147.952,148.008,147.946,147.998,383
2025.10.01,04:45,147.999,148.004,147.907,147.911,398
2025.10.01,05:00,147.910,147.923,147.863,147.897,398
2025.10.01,05:15,147.896,147.957,147.884,147.940,310
2025.10.01,05:30,147.941,147.995,147.941,147.956,369
2025.10.01,05:45,147.957,147.960,147.897,147.924,310
2025.10.01,06:00,147.922,147.952,147.914,147.952,339
2025.10.01,06:15,147.951,147.951,147.852,147.874,463
2025.10.01,06:30,147.873,147.873,147.746,147.747,502
2025.10.01,06:45,147.749,147.749,147.546,147.547,689
2025.10.01,07:00,147.546,147.638,147.455,147.596,852
2025.10.01,07:15,147.594,147.594,147.467,147.491,572
2025.10.01,07:30,147.492,147.554,147.478,147.534,515
2025.10.01,07:45,147.533,147.574,147.494,147.523,497
2025.10.01,08:00,147.522,147.522,147.334,147.363,1047
2025.10.01,08:15,147.362,147.411,147.321,147.335,776
2025.10.01,08:30,147.336,147.359,147.187,147.189,834
2025.10.01,08:45,147.188,147.266,147.162,147.223,995
2025.10.01,09:00,147.224,147.224,147.018,147.061,858
2025.10.01,09:15,147.059,147.209,147.030,147.181,772
2025.10.01,09:30,147.185,147.316,147.141,147.194,888
2025.10.01,09:45,147.195,147.206,147.096,147.124,765
2025.10.01,10:00,147.120,147.120,147.046,147.065,763
2025.10.01,10:15,147.064,147.069,146.988,147.038,676
2025.10.01,10:30,147.039,147.088,146.892,147.070,736
2025.10.01,10:45,147.064,147.147,147.035,147.145,643
2025.10.01,11:00,147.146,147.158,147.090,147.101,558
2025.10.01,11:15,147.100,147.173,147.078,147.136,607
2025.10.01,11:30,147.133,147.166,147.064,147.100,587
2025.10.01,11:45,147.106,147.222,147.077,147.202,733
2025.10.01,12:00,147.205,147.241,147.118,147.120,703
2025.10.01,12:15,147.121,147.238,147.121,147.228,602
2025.10.01,12:30,147.233,147.259,147.054,147.086,584
2025.10.01,12:45,147.085,147.137,147.058,147.074,575
2025.10.01,13:00,147.073,147.104,147.045,147.080,518
2025.10.01,13:15,147.079,147.085,147.016,147.043,543
2025.10.01,13:30,147.041,147.097,147.016,147.018,548
2025.10.01,13:45,147.023,147.052,146.989,146.998,594
2025.10.01,14:00,146.987,147.113,146.974,147.096,667
2025.10.01,14:15,147.073,147.108,146.585,146.896,1739
2025.10.01,14:30,146.895,146.911,146.702,146.752,1207
2025.10.01,14:45,146.753,146.904,146.733,146.796,1125
2025.10.01,15:00,146.791,146.821,146.697,146.807,984
2025.10.01,15:15,146.808,146.867,146.694,146.703,924
2025.10.01,15:30,146.702,146.760,146.623,146.643,987
2025.10.01,15:45,146.646,146.742,146.614,146.685,917
2025.10.01,16:00,146.709,147.010,146.697,146.992,1188
2025.10.01,16:15,146.994,147.043,146.881,146.894,1033
2025.10.01,16:30,146.892,146.906,146.754,146.755,838
2025.10.01,16:45,146.756,147.029,146.710,146.857,1381
2025.10.01,17:00,146.858,147.075,146.837,147.069,969
2025.10.01,17:15,147.063,147.206,147.063,147.170,929
2025.10.01,17:30,147.169,147.181,147.099,147.126,698
2025.10.01,17:45,147.124,147.147,147.080,147.143,682
2025.10.01,18:00,147.145,147.217,147.088,147.158,632
2025.10.01,18:15,147.159,147.216,147.147,147.163,536
2025.10.01,18:30,147.161,147.247,147.158,147.226,605
2025.10.01,18:45,147.225,147.236,147.145,147.156,562
2025.10.01,19:00,147.155,147.184,147.127,147.127,461
2025.10.01,19:15,147.128,147.149,147.108,147.149,397
2025.10.01,19:30,147.147,147.162,147.117,147.147,453
2025.10.01,19:45,147.148,147.175,147.114,147.162,459
2025.10.01,20:00,147.159,147.225,147.090,147.091,577
2025.10.01,20:15,147.092,147.101,147.035,147.036,465
2025.10.01,20:30,147.037,147.083,147.015,147.075,454
2025.10.01,20:45,147.074,147.087,147.052,147.083,444
2025.10.01,21:00,147.084,147.091,147.050,147.085,380
2025.10.01,21:15,147.083,147.153,147.076,147.129,372
2025.10.01,21:30,147.130,147.142,147.098,147.119,367
2025.10.01,21:45,147.120,147.126,147.075,147.091,409
2025.10.01,22:00,147.093,147.142,147.072,147.131,314
2025.10.01,22:15,147.130,147.160,147.109,147.152,217
2025.10.01,22:30,147.153,147.162,147.075,147.086,223
2025.10.01,22:45,147.085,147.120,147.059,147.065,480
2025.10.01,23:00,146.990,147.055,146.982,146.994,15
2025.10.01,23:15,147.057,147.058,147.050,147.050,21
2025.10.01,23:30,147.055,147.055,147.047,147.047,14
2025.10.01,23:45,147.046,147.046,147.033,147.038,179
2025.10.02,00:00,147.039,147.065,147.014,147.054,188
2025.10.02,00:15,147.053,147.060,147.025,147.031,132
2025.10.02,00:30,147.030,147.041,146.996,147.001,140
2025.10.02,00:45,147.000,147.015,146.995,147.004,157
2025.10.02,01:00,147.005,147.021,146.994,147.016,201
2025.10.02,01:15,147.015,147.062,147.015,147.052,197
2025.10.02,01:30,147.051,147.077,147.031,147.060,245
2025.10.02,01:45,147.062,147.110,147.038,147.106,393
2025.10.02,02:00,147.104,147.308,147.103,147.289,702
2025.10.02,02:15,147.287,147.315,147.195,147.262,597
2025.10.02,02:30,147.263,147.318,147.234,147.253,597
2025.10.02,02:45,147.252,147.274,147.120,147.188,761
2025.10.02,03:00,147.189,147.219,147.092,147.124,531
2025.10.02,03:15,147.125,147.137,147.044,147.119,498
2025.10.02,03:30,147.120,147.121,146.953,147.034,616
2025.10.02,03:45,147.033,147.073,146.971,146.980,443
2025.10.02,04:00,146.979,147.034,146.934,146.968,492
2025.10.02,04:15,146.967,147.052,146.967,147.045,274
2025.10.02,04:30,147.044,147.143,147.039,147.121,256
2025.10.02,04:45,147.118,147.181,147.118,147.160,289
2025.10.02,05:00,147.158,147.190,147.132,147.150,354
2025.10.02,05:15,147.149,147.161,147.101,147.129,279
2025.10.02,05:30,147.128,147.161,147.096,147.126,299
2025.10.02,05:45,147.127,147.135,147.047,147.079,276
2025.10.02,06:00,147.080,147.161,147.069,147.148,343
2025.10.02,06:15,147.149,147.174,147.129,147.171,282
2025.10.02,06:30,147.172,147.193,147.134,147.161,337
2025.10.02,06:45,147.160,147.195,147.145,147.170,275
2025.10.02,07:00,147.160,147.264,147.113,147.213,672
2025.10.02,07:15,147.211,147.215,147.148,147.180,353
2025.10.02,07:30,147.179,147.216,147.168,147.175,340
2025.10.02,07:45,147.174,147.192,147.126,147.158,369
2025.10.02,08:00,147.154,147.156,147.069,147.095,687
2025.10.02,08:15,147.094,147.161,147.075,147.157,470
2025.10.02,08:30,147.158,147.293,146.889,147.288,1088
2025.10.02,08:45,147.292,147.386,147.137,147.154,798
2025.10.02,09:00,147.147,147.191,147.046,147.085,821
2025.10.02,09:15,147.083,147.209,147.070,147.200,672
2025.10.02,09:30,147.201,147.205,147.096,147.106,604
2025.10.02,09:45,147.105,147.117,147.008,147.075,699
2025.10.02,10:00,147.076,147.079,146.948,146.977,702
2025.10.02,10:15,146.978,146.988,146.903,146.930,555
2025.10.02,10:30,146.932,146.962,146.882,146.916,629
2025.10.02,10:45,146.917,146.923,146.720,146.792,691
2025.10.02,11:00,146.794,146.804,146.691,146.711,622
2025.10.02,11:15,146.708,146.749,146.648,146.665,534
2025.10.02,11:30,146.667,146.677,146.608,146.627,553
2025.10.02,11:45,146.626,146.661,146.594,146.617,522
2025.10.02,12:00,146.618,146.712,146.616,146.698,644
2025.10.02,12:15,146.697,146.713,146.648,146.673,414
2025.10.02,12:30,146.674,146.760,146.643,146.731,458
2025.10.02,12:45,146.730,146.730,146.617,146.637,495
2025.10.02,13:00,146.636,146.709,146.621,146.685,480
2025.10.02,13:15,146.686,146.700,146.640,146.674,416
2025.10.02,13:30,146.673,146.792,146.671,146.762,499
2025.10.02,13:45,146.761,146.855,146.759,146.783,626
2025.10.02,14:00,146.793,146.851,146.741,146.824,594
2025.10.02,14:15,146.825,146.952,146.814,146.941,657
2025.10.02,14:30,146.941,147.101,146.938,147.066,690
2025.10.02,14:45,147.062,147.195,147.062,147.159,765
2025.10.02,15:00,147.150,147.155,147.061,147.099,836
2025.10.02,15:15,147.098,147.167,147.078,147.087,682
2025.10.02,15:30,147.080,147.217,147.053,147.213,871
2025.10.02,15:45,147.211,147.266,147.161,147.217,791
2025.10.02,16:00,147.219,147.324,147.197,147.237,826
2025.10.02,16:15,147.235,147.277,147.147,147.155,769
2025.10.02,16:30,147.154,147.265,147.150,147.247,788
2025.10.02,16:45,147.246,147.338,147.216,147.326,910
2025.10.02,17:00,147.328,147.417,147.326,147.396,752
2025.10.02,17:15,147.393,147.458,147.336,147.377,605
2025.10.02,17:30,147.378,147.510,147.378,147.418,695
2025.10.02,17:45,147.416,147.443,147.333,147.346,578
2025.10.02,18:00,147.347,147.362,147.257,147.259,518
2025.10.02,18:15,147.260,147.277,147.203,147.235,507
2025.10.02,18:30,147.236,147.254,147.211,147.247,457
2025.10.02,18:45,147.246,147.260,147.159,147.161,404
2025.10.02,19:00,147.162,147.190,147.137,147.187,447
2025.10.02,19:15,147.186,147.187,147.146,147.176,403
2025.10.02,19:30,147.177,147.231,147.165,147.197,360
2025.10.02,19:45,147.195,147.200,147.155,147.179,295
2025.10.02,20:00,147.180,147.198,147.159,147.189,293
2025.10.02,20:15,147.190,147.202,147.165,147.168,267
2025.10.02,20:30,147.170,147.187,147.164,147.175,228
2025.10.02,20:45,147.174,147.213,147.164,147.208,342
2025.10.02,21:00,147.207,147.213,147.127,147.155,402
2025.10.02,21:15,147.154,147.166,147.128,147.156,292
2025.10.02,21:30,147.155,147.191,147.147,147.189,257
2025.10.02,21:45,147.190,147.246,147.164,147.232,294
2025.10.02,22:00,147.233,147.255,147.185,147.210,249
2025.10.02,22:15,147.211,147.243,147.207,147.232,186
2025.10.02,22:30,147.233,147.252,147.206,147.251,134
2025.10.02,22:45,147.250,147.289,147.241,147.249,294
2025.10.02,23:00,147.226,147.255,147.226,147.244,20
2025.10.02,23:15,147.244,147.244,147.234,147.234,159
2025.10.02,23:30,147.233,147.234,147.207,147.224,932
2025.10.02,23:45,147.223,147.223,147.201,147.209,139
2025.10.03,00:00,147.199,147.225,147.173,147.193,187
2025.10.03,00:15,147.192,147.203,147.168,147.193,110
2025.10.03,00:30,147.192,147.194,147.163,147.178,84
2025.10.03,00:45,147.176,147.205,147.163,147.192,149
2025.10.03,01:00,147.190,147.200,147.160,147.162,185
2025.10.03,01:15,147.163,147.185,147.089,147.116,322
2025.10.03,01:30,147.115,147.138,147.097,147.126,225
2025.10.03,01:45,147.127,147.164,147.105,147.152,279
2025.10.03,02:00,147.151,147.323,147.151,147.276,564
2025.10.03,02:15,147.273,147.377,147.264,147.341,457
2025.10.03,02:30,147.339,147.371,147.311,147.319,427
2025.10.03,02:45,147.318,147.351,147.244,147.347,736
2025.10.03,03:00,147.348,147.603,147.180,147.483,829
2025.10.03,03:15,147.481,147.632,147.461,147.613,570
2025.10.03,03:30,147.612,147.679,147.594,147.602,596
2025.10.03,03:45,147.601,147.607,147.479,147.506,619
2025.10.03,04:00,147.507,147.646,147.496,147.631,453
2025.10.03,04:15,147.632,147.649,147.575,147.620,401
2025.10.03,04:30,147.621,147.680,147.598,147.600,443
2025.10.03,04:45,147.601,147.662,147.598,147.645,372
2025.10.03,05:00,147.646,147.763,147.635,147.735,419
2025.10.03,05:15,147.734,147.751,147.708,147.740,347
2025.10.03,05:30,147.736,147.749,147.674,147.688,388
2025.10.03,05:45,147.687,147.699,147.609,147.624,359
2025.10.03,06:00,147.623,147.667,147.589,147.635,271
2025.10.03,06:15,147.636,147.678,147.635,147.654,179
2025.10.03,06:30,147.655,147.732,147.655,147.710,254
2025.10.03,06:45,147.709,147.736,147.696,147.719,214
2025.10.03,07:00,147.720,147.769,147.643,147.654,491
2025.10.03,07:15,147.666,147.685,147.568,147.631,522
2025.10.03,07:30,147.632,147.699,147.608,147.664,362
2025.10.03,07:45,147.666,147.813,147.613,147.779,457
2025.10.03,08:00,147.782,147.797,147.604,147.624,836
2025.10.03,08:15,147.622,147.622,147.524,147.582,713
2025.10.03,08:30,147.583,147.596,147.493,147.555,673
2025.10.03,08:45,147.549,147.650,147.545,147.600,602
2025.10.03,09:00,147.597,147.677,147.547,147.633,551
2025.10.03,09:15,147.635,147.661,147.487,147.525,567
2025.10.03,09:30,147.524,147.528,147.423,147.463,607
2025.10.03,09:45,147.464,147.507,147.404,147.409,452
2025.10.03,10:00,147.408,147.422,147.353,147.385,547
2025.10.03,10:15,147.387,147.422,147.352,147.402,449
2025.10.03,10:30,147.406,147.435,147.348,147.349,474
2025.10.03,10:45,147.350,147.384,147.273,147.324,525
2025.10.03,11:00,147.325,147.429,147.307,147.399,439
2025.10.03,11:15,147.401,147.421,147.368,147.395,362
2025.10.03,11:30,147.393,147.402,147.311,147.346,346
2025.10.03,11:45,147.348,147.402,147.331,147.364,460
2025.10.03,12:00,147.357,147.358,147.322,147.354,353
2025.10.03,12:15,147.353,147.379,147.344,147.365,283
2025.10.03,12:30,147.364,147.385,147.305,147.327,326
2025.10.03,12:45,147.326,147.336,147.312,147.319,368
2025.10.03,13:00,147.318,147.387,147.305,147.366,348
2025.10.03,13:15,147.367,147.417,147.313,147.337,434
2025.10.03,13:30,147.338,147.339,147.219,147.219,475
2025.10.03,13:45,147.220,147.284,147.214,147.273,370
2025.10.03,14:00,147.259,147.364,147.245,147.324,495
2025.10.03,14:15,147.325,147.345,147.261,147.308,523
2025.10.03,14:30,147.302,147.407,147.269,147.320,672
2025.10.03,14:45,147.312,147.369,147.225,147.259,641
2025.10.03,15:00,147.258,147.349,147.240,147.302,609
2025.10.03,15:15,147.301,147.302,147.214,147.218,633
2025.10.03,15:30,147.219,147.281,147.216,147.239,616
2025.10.03,15:45,147.241,147.379,147.212,147.333,743
2025.10.03,16:00,147.309,147.492,147.029,147.481,1333
2025.10.03,16:15,147.485,147.514,147.347,147.430,1018
2025.10.03,16:30,147.431,147.483,147.375,147.471,791
2025.10.03,16:45,147.473,147.500,147.419,147.443,739
2025.10.03,17:00,147.441,147.487,147.401,147.435,689
2025.10.03,17:15,147.434,147.454,147.361,147.401,612
2025.10.03,17:30,147.402,147.413,147.324,147.334,580
2025.10.03,17:45,147.335,147.371,147.301,147.332,524
2025.10.03,18:00,147.326,147.437,147.325,147.417,464
2025.10.03,18:15,147.418,147.497,147.418,147.475,460
2025.10.03,18:30,147.476,147.522,147.463,147.520,514
2025.10.03,18:45,147.522,147.532,147.477,147.500,456
2025.10.03,19:00,147.499,147.509,147.429,147.439,395
2025.10.03,19:15,147.440,147.443,147.405,147.435,317
2025.10.03,19:30,147.434,147.455,147.416,147.416,336
2025.10.03,19:45,147.417,147.509,147.410,147.501,516
2025.10.03,20:00,147.502,147.537,147.486,147.507,456
2025.10.03,20:15,147.505,147.537,147.503,147.524,299
2025.10.03,20:30,147.526,147.526,147.469,147.475,316
2025.10.03,20:45,147.476,147.508,147.462,147.495,420
2025.10.03,21:00,147.496,147.520,147.472,147.484,549
2025.10.03,21:15,147.483,147.486,147.465,147.474,249
2025.10.03,21:30,147.473,147.496,147.465,147.465,211
2025.10.03,21:45,147.464,147.488,147.452,147.454,343
2025.10.05,23:00,149.350,149.419,149.280,149.393,624
2025.10.05,23:15,149.389,149.389,149.239,149.295,1250
2025.10.05,23:30,149.312,149.318,149.209,149.240,975
2025.10.05,23:45,149.239,149.239,149.095,149.116,942
2025.10.06,00:00,149.100,149.333,149.009,149.233,1330
2025.10.06,00:15,149.234,149.334,149.147,149.201,919
2025.10.06,00:30,149.200,149.336,149.188,149.266,763
2025.10.06,00:45,149.265,149.392,149.265,149.322,650
2025.10.06,01:00,149.321,149.338,149.249,149.283,680
2025.10.06,01:15,149.284,149.415,149.222,149.397,720
2025.10.06,01:30,149.398,149.585,149.396,149.561,876
2025.10.06,01:45,149.557,149.656,149.551,149.581,1237
2025.10.06,02:00,149.579,149.704,149.449,149.594,1327
2025.10.06,02:15,149.596,149.769,149.594,149.728,1088
2025.10.06,02:30,149.730,149.859,149.696,149.846,961
2025.10.06,02:45,149.847,149.848,149.585,149.701,1334
2025.10.06,03:00,149.696,149.771,149.620,149.668,850
2025.10.06,03:15,149.660,149.803,149.582,149.772,889
2025.10.06,03:30,149.785,149.824,149.618,149.816,873
2025.10.06,03:45,149.817,149.826,149.739,149.768,813
2025.10.06,04:00,149.769,149.852,149.714,149.832,828
2025.10.06,04:15,149.834,149.855,149.776,149.839,656
2025.10.06,04:30,149.837,149.909,149.837,149.903,507
2025.10.06,04:45,149.902,149.917,149.836,149.867,540
2025.10.06,05:00,149.866,149.943,149.815,149.938,607
2025.10.06,05:15,149.936,149.966,149.910,149.956,537
2025.10.06,05:30,149.957,150.000,149.906,149.969,669
2025.10.06,05:45,149.970,150.095,149.958,150.057,825
2025.10.06,06:00,150.059,150.114,149.853,150.090,798
2025.10.06,06:15,150.091,150.171,150.033,150.136,862
2025.10.06,06:30,150.137,150.340,150.134,150.282,933
2025.10.06,06:45,150.283,150.327,150.214,150.309,900
2025.10.06,07:00,150.310,150.342,150.261,150.338,814
2025.10.06,07:15,150.339,150.360,150.247,150.345,701
2025.10.06,07:30,150.341,150.431,150.284,150.293,759
2025.10.06,07:45,150.294,150.333,150.222,150.254,741
2025.10.06,08:00,150.251,150.345,150.099,150.304,1087
2025.10.06,08:15,150.305,150.319,150.099,150.126,893
2025.10.06,08:30,150.127,150.271,150.070,150.138,926
2025.10.06,08:45,150.138,150.186,150.004,150.026,919
2025.10.06,09:00,150.031,150.119,149.946,150.083,895
2025.10.06,09:15,150.081,150.129,149.984,150.018,714
2025.10.06,09:30,150.024,150.165,149.981,150.154,933
2025.10.06,09:45,150.133,150.215,150.012,150.029,1060
2025.10.06,10:00,150.026,150.219,149.995,150.168,933
2025.10.06,10:15,150.172,150.304,150.163,150.235,779
2025.10.06,10:30,150.241,150.364,150.233,150.323,675
2025.10.06,10:45,150.316,150.396,150.300,150.367,633
2025.10.06,11:00,150.363,150.426,150.327,150.360,598
2025.10.06,11:15,150.355,150.365,150.297,150.365,581
2025.10.06,11:30,150.366,150.473,150.350,150.466,592
2025.10.06,11:45,150.465,150.469,150.347,150.371,575
2025.10.06,12:00,150.373,150.427,150.334,150.351,562
2025.10.06,12:15,150.348,150.390,150.313,150.387,604
2025.10.06,12:30,150.388,150.423,150.339,150.346,548
2025.10.06,12:45,150.344,150.366,150.273,150.279,584
2025.10.06,13:00,150.280,150.378,150.269,150.365,656
2025.10.06,13:15,150.364,150.403,150.294,150.294,624
2025.10.06,13:30,150.293,150.310,150.215,150.252,680
2025.10.06,13:45,150.253,150.383,150.252,150.374,659
2025.10.06,14:00,150.369,150.383,149.844,149.974,1528
2025.10.06,14:15,149.972,149.986,149.828,149.943,977
2025.10.06,14:30,149.942,149.974,149.857,149.903,946
2025.10.06,14:45,149.902,149.934,149.747,149.779,1000
2025.10.06,15:00,149.778,149.880,149.750,149.877,828
2025.10.06,15:15,149.879,149.980,149.839,149.964,602
2025.10.06,15:30,149.963,150.079,149.836,149.868,950
2025.10.06,15:45,149.869,149.935,149.838,149.928,822
2025.10.06,16:00,149.930,149.944,149.795,149.943,885
2025.10.06,16:15,149.941,150.053,149.932,150.016,705
2025.10.06,16:30,150.013,150.109,149.962,149.963,683
2025.10.06,16:45,149.965,150.011,149.903,149.957,833
2025.10.06,17:00,149.953,150.001,149.918,149.973,747
2025.10.06,17:15,149.972,150.088,149.940,150.064,607
2025.10.06,17:30,150.065,150.103,150.017,150.041,590
2025.10.06,17:45,150.048,150.083,150.020,150.021,515
2025.10.06,18:00,150.014,150.057,149.950,150.057,671
2025.10.06,18:15,150.058,150.130,150.048,150.127,450
2025.10.06,18:30,150.128,150.154,150.117,150.121,374
2025.10.06,18:45,150.120,150.168,150.118,150.158,335
2025.10.06,19:00,150.157,150.165,150.077,150.102,344
2025.10.06,19:15,150.108,150.150,150.098,150.149,377
2025.10.06,19:30,150.153,150.182,150.141,150.171,259
2025.10.06,19:45,150.170,150.234,150.169,150.202,380
2025.10.06,20:00,150.201,150.235,150.183,150.203,321
2025.10.06,20:15,150.205,150.214,150.156,150.172,300
2025.10.06,20:30,150.171,150.238,150.171,150.225,325
2025.10.06,20:45,150.224,150.317,150.222,150.293,541
2025.10.06,21:00,150.294,150.317,150.239,150.259,367
2025.10.06,21:15,150.258,150.259,150.224,150.235,257
2025.10.06,21:30,150.236,150.247,150.219,150.238,290
2025.10.06,21:45,150.244,150.331,150.239,150.319,375
2025.10.06,22:00,150.318,150.327,150.283,150.315,185
2025.10.06,22:15,150.314,150.339,150.299,150.310,144
2025.10.06,22:30,150.311,150.393,150.311,150.391,127
2025.10.06,22:45,150.392,150.393,150.335,150.337,342
2025.10.06,23:00,150.247,150.337,150.243,150.316,34
2025.10.06,23:15,150.300,150.300,150.190,150.217,260
2025.10.06,23:30,150.222,150.255,150.219,150.252,40
2025.10.06,23:45,150.253,150.266,150.216,150.262,57
2025.10.07,00:00,150.229,150.324,150.226,150.291,263
2025.10.07,00:15,150.294,150.320,150.270,150.313,380
2025.10.07,00:30,150.315,150.386,150.303,150.366,360
2025.10.07,00:45,150.360,150.368,150.315,150.315,270
2025.10.07,01:00,150.310,150.367,150.260,150.367,268
2025.10.07,01:15,150.366,150.388,150.348,150.372,268
2025.10.07,01:30,150.373,150.392,150.283,150.313,327
2025.10.07,01:45,150.315,150.366,150.291,150.361,566
2025.10.07,02:00,150.359,150.577,150.356,150.569,838
2025.10.07,02:15,150.568,150.614,150.484,150.511,754
2025.10.07,02:30,150.510,150.593,150.495,150.533,504
2025.10.07,02:45,150.534,150.534,150.419,150.491,737
2025.10.07,03:00,150.494,150.609,150.482,150.488,638
2025.10.07,03:15,150.487,150.515,150.363,150.396,534
2025.10.07,03:30,150.405,150.474,150.394,150.473,319
2025.10.07,03:45,150.472,150.518,150.443,150.503,435
2025.10.07,04:00,150.502,150.508,150.337,150.418,476
2025.10.07,04:15,150.419,150.472,150.418,150.434,295
2025.10.07,04:30,150.433,150.473,150.411,150.461,237
2025.10.07,04:45,150.462,150.530,150.462,150.527,340
2025.10.07,05:00,150.528,150.530,150.407,150.407,343
2025.10.07,05:15,150.409,150.409,150.358,150.380,349
2025.10.07,05:30,150.381,150.450,150.376,150.383,327
2025.10.07,05:45,150.382,150.423,150.357,150.358,274
2025.10.07,06:00,150.357,150.372,150.306,150.314,290
2025.10.07,06:15,150.316,150.340,150.285,150.303,237
2025.10.07,06:30,150.304,150.386,150.242,150.372,510
2025.10.07,06:45,150.371,150.439,150.371,150.410,306
2025.10.07,07:00,150.408,150.503,150.398,150.470,444
2025.10.07,07:15,150.469,150.520,150.455,150.485,339
2025.10.07,07:30,150.486,150.518,150.432,150.503,388
2025.10.07,07:45,150.502,150.538,150.448,150.492,439
2025.10.07,08:00,150.493,150.673,150.491,150.618,959
2025.10.07,08:15,150.619,150.692,150.574,150.683,763
2025.10.07,08:30,150.686,150.686,150.622,150.630,518
2025.10.07,08:45,150.626,150.655,150.574,150.618,688
2025.10.07,09:00,150.621,150.706,150.601,150.625,692
2025.10.07,09:15,150.624,150.628,150.532,150.557,678
2025.10.07,09:30,150.556,150.617,150.551,150.617,532
2025.10.07,09:45,150.618,150.645,150.590,150.618,583
2025.10.07,10:00,150.619,150.626,150.522,150.579,539
2025.10.07,10:15,150.580,150.667,150.569,150.662,524
2025.10.07,10:30,150.663,150.757,150.646,150.742,559
2025.10.07,10:45,150.743,150.828,150.742,150.787,642
2025.10.07,11:00,150.788,150.826,150.742,150.793,504
2025.10.07,11:15,150.795,150.821,150.755,150.777,475
2025.10.07,11:30,150.778,150.808,150.731,150.741,458
2025.10.07,11:45,150.740,150.764,150.723,150.751,472
2025.10.07,12:00,150.750,150.784,150.715,150.772,382
2025.10.07,12:15,150.770,150.772,150.731,150.753,285
2025.10.07,12:30,150.754,150.754,150.712,150.719,420
2025.10.07,12:45,150.723,150.792,150.703,150.768,472
2025.10.07,13:00,150.770,150.841,150.759,150.839,456
2025.10.07,13:15,150.840,150.873,150.828,150.871,440
2025.10.07,13:30,150.872,150.880,150.838,150.866,467
2025.10.07,13:45,150.867,150.945,150.861,150.893,654
2025.10.07,14:00,150.892,150.945,150.853,150.941,600
2025.10.07,14:15,150.942,151.023,150.836,150.910,712
2025.10.07,14:30,150.911,150.952,150.856,150.871,743
2025.10.07,14:45,150.872,150.886,150.800,150.828,724
2025.10.07,15:00,150.827,150.878,150.730,150.860,815
2025.10.07,15:15,150.861,150.867,150.748,150.785,600
2025.10.07,15:30,150.786,150.867,150.775,150.830,689
2025.10.07,15:45,150.829,150.938,150.809,150.929,657
2025.10.07,16:00,150.931,151.111,150.931,150.976,949
2025.10.07,16:15,150.971,151.046,150.906,151.044,744
2025.10.07,16:30,151.048,151.172,151.035,151.167,849
2025.10.07,16:45,151.166,151.197,151.123,151.171,768
2025.10.07,17:00,151.172,151.200,150.995,151.049,850
2025.10.07,17:15,151.048,151.152,150.976,151.128,783
2025.10.07,17:30,151.129,151.183,151.114,151.114,699
2025.10.07,17:45,151.116,151.173,151.048,151.172,731
2025.10.07,18:00,151.165,151.186,151.100,151.151,641
2025.10.07,18:15,151.149,151.230,151.143,151.188,528
2025.10.07,18:30,151.189,151.406,151.189,151.302,713
2025.10.07,18:45,151.299,151.358,151.283,151.320,617
2025.10.07,19:00,151.318,151.362,151.246,151.361,630
2025.10.07,19:15,151.362,151.440,151.358,151.438,629
2025.10.07,19:30,151.437,151.529,151.437,151.471,656
2025.10.07,19:45,151.472,151.519,151.455,151.514,509
2025.10.07,20:00,151.512,151.616,151.492,151.591,632
2025.10.07,20:15,151.590,151.776,151.558,151.744,748
2025.10.07,20:30,151.745,151.931,151.745,151.868,821
2025.10.07,20:45,151.871,151.917,151.797,151.819,601
2025.10.07,21:00,151.821,151.831,151.738,151.793,558
2025.10.07,21:15,151.794,151.876,151.784,151.845,521
2025.10.07,21:30,151.846,151.945,151.841,151.941,497
2025.10.07,21:45,151.942,151.950,151.890,151.900,454
2025.10.07,22:00,151.902,152.040,151.902,151.978,469
2025.10.07,22:15,151.976,152.032,151.948,151.950,251
2025.10.07,22:30,151.951,151.971,151.945,151.945,165
2025.10.07,22:45,151.946,151.947,151.870,151.889,456
2025.10.07,23:00,151.878,151.933,151.869,151.901,48
2025.10.07,23:15,151.901,151.906,151.883,151.888,77
2025.10.07,23:30,151.887,151.896,151.878,151.883,109
2025.10.07,23:45,151.880,151.882,151.830,151.870,94
2025.10.08,00:00,151.844,151.874,151.734,151.793,277
2025.10.08,00:15,151.792,151.860,151.768,151.828,209
2025.10.08,00:30,151.830,151.888,151.814,151.841,196
2025.10.08,00:45,151.840,151.848,151.813,151.813,158
2025.10.08,01:00,151.815,151.959,151.793,151.952,418
2025.10.08,01:15,151.953,152.090,151.921,151.953,571
2025.10.08,01:30,151.952,152.027,151.927,151.973,473
2025.10.08,01:45,151.971,152.067,151.955,152.053,684
2025.10.08,02:00,152.052,152.324,152.052,152.259,920
2025.10.08,02:15,152.260,152.337,152.260,152.302,722
2025.10.08,02:30,152.303,152.372,152.198,152.261,720
2025.10.08,02:45,152.262,152.364,152.135,152.304,803
2025.10.08,03:00,152.304,152.447,152.269,152.317,831
2025.10.08,03:15,152.314,152.515,152.270,152.462,692
2025.10.08,03:30,152.454,152.526,152.387,152.420,682
2025.10.08,03:45,152.412,152.613,152.396,152.597,617
2025.10.08,04:00,152.599,152.644,152.534,152.567,648
2025.10.08,04:15,152.568,152.591,152.501,152.515,602
2025.10.08,04:30,152.516,152.518,152.385,152.395,494
2025.10.08,04:45,152.394,152.480,152.298,152.480,531
2025.10.08,05:00,152.481,152.540,152.481,152.531,298
2025.10.08,05:15,152.530,152.561,152.476,152.505,248
2025.10.08,05:30,152.500,152.535,152.446,152.456,285
2025.10.08,05:45,152.458,152.480,152.398,152.406,380
2025.10.08,06:00,152.405,152.487,152.370,152.458,327
2025.10.08,06:15,152.459,152.488,152.423,152.456,240
2025.10.08,06:30,152.457,152.480,152.340,152.364,368
2025.10.08,06:45,152.374,152.407,152.305,152.361,378
2025.10.08,07:00,152.360,152.407,152.348,152.376,365
2025.10.08,07:15,152.375,152.375,152.297,152.326,317
2025.10.08,07:30,152.321,152.402,152.282,152.377,457
2025.10.08,07:45,152.370,152.437,152.326,152.399,513
2025.10.08,08:00,152.402,152.515,152.250,152.483,994
2025.10.08,08:15,152.487,152.487,152.348,152.464,927
2025.10.08,08:30,152.462,152.508,152.369,152.428,919
2025.10.08,08:45,152.430,152.432,152.325,152.338,752
2025.10.08,09:00,152.337,152.449,152.327,152.448,742
2025.10.08,09:15,152.445,152.523,152.433,152.471,707
2025.10.08,09:30,152.470,152.485,152.391,152.431,701
2025.10.08,09:45,152.432,152.550,152.346,152.539,736
2025.10.08,10:00,152.541,152.563,152.370,152.428,689
2025.10.08,10:15,152.429,152.454,152.372,152.400,662
2025.10.08,10:30,152.401,152.561,152.389,152.552,609
2025.10.08,10:45,152.553,152.781,152.536,152.740,780
2025.10.08,11:00,152.741,152.886,152.727,152.727,769
2025.10.08,11:15,152.729,152.894,152.715,152.870,562
2025.10.08,11:30,152.872,152.955,152.871,152.954,665
2025.10.08,11:45,152.955,152.998,152.853,152.963,646
2025.10.08,12:00,152.967,152.992,152.835,152.858,490
2025.10.08,12:15,152.859,152.915,152.756,152.782,419
2025.10.08,12:30,152.781,152.926,152.781,152.863,363
2025.10.08,12:45,152.862,152.925,152.648,152.730,529
2025.10.08,13:00,152.723,152.845,152.676,152.745,661
2025.10.08,13:15,152.750,152.765,152.654,152.675,520
2025.10.08,13:30,152.674,152.755,152.639,152.715,421
2025.10.08,13:45,152.714,152.724,152.655,152.693,445
2025.10.08,14:00,152.688,152.743,152.631,152.635,694
2025.10.08,14:15,152.634,152.656,152.601,152.618,736
2025.10.08,14:30,152.619,152.694,152.543,152.615,719
2025.10.08,14:45,152.614,152.627,152.434,152.501,773
2025.10.08,15:00,152.500,152.523,152.417,152.461,717
2025.10.08,15:15,152.466,152.568,152.369,152.548,751
2025.10.08,15:30,152.547,152.585,152.475,152.509,854
2025.10.08,15:45,152.515,152.658,152.513,152.576,901
2025.10.08,16:00,152.587,152.668,152.520,152.627,840
2025.10.08,16:15,152.626,152.644,152.524,152.563,549
2025.10.08,16:30,152.555,152.576,152.444,152.501,699
2025.10.08,16:45,152.502,152.509,152.426,152.509,667
2025.10.08,17:00,152.510,152.662,152.508,152.645,591
2025.10.08,17:15,152.636,152.705,152.620,152.633,478
2025.10.08,17:30,152.635,152.717,152.631,152.685,583
2025.10.08,17:45,152.692,152.784,152.691,152.719,619
2025.10.08,18:00,152.716,152.784,152.688,152.753,557
2025.10.08,18:15,152.752,152.762,152.717,152.740,482
2025.10.08,18:30,152.738,152.793,152.737,152.753,462
2025.10.08,18:45,152.754,152.776,152.747,152.753,334
2025.10.08,19:00,152.752,152.812,152.743,152.791,438
2025.10.08,19:15,152.792,152.797,152.759,152.789,317
2025.10.08,19:30,152.788,152.809,152.771,152.783,383
2025.10.08,19:45,152.785,152.880,152.773,152.865,428
2025.10.08,20:00,152.865,152.940,152.838,152.891,651
2025.10.08,20:15,152.890,152.917,152.790,152.796,736
2025.10.08,20:30,152.795,152.798,152.640,152.681,502
2025.10.08,20:45,152.682,152.721,152.669,152.715,460
2025.10.08,21:00,152.697,152.735,152.636,152.722,599
2025.10.08,21:15,152.726,152.747,152.700,152.709,401
2025.10.08,21:30,152.707,152.737,152.666,152.737,409
2025.10.08,21:45,152.734,152.736,152.689,152.702,421
2025.10.08,22:00,152.703,152.729,152.688,152.716,256
2025.10.08,22:15,152.717,152.720,152.670,152.704,293
2025.10.08,22:30,152.706,152.718,152.652,152.652,192
2025.10.08,22:45,152.651,152.701,152.645,152.675,407
2025.10.08,23:00,152.587,152.685,152.569,152.685,27
2025.10.08,23:15,152.671,152.685,152.642,152.670,34
2025.10.08,23:30,152.669,152.670,152.543,152.545,30
2025.10.08,23:45,152.545,152.663,152.545,152.660,262
2025.10.09,00:00,152.654,152.670,152.611,152.617,248
2025.10.09,00:15,152.615,152.631,152.582,152.612,277
2025.10.09,00:30,152.609,152.619,152.558,152.559,242
2025.10.09,00:45,152.560,152.569,152.488,152.525,349
2025.10.09,01:00,152.524,152.548,152.460,152.476,358
2025.10.09,01:15,152.477,152.716,152.471,152.681,631
2025.10.09,01:30,152.673,152.673,152.599,152.635,414
2025.10.09,01:45,152.636,152.704,152.539,152.703,783
2025.10.09,02:00,152.717,152.737,152.489,152.605,806
2025.10.09,02:15,152.606,152.626,152.474,152.551,655
2025.10.09,02:30,152.550,152.553,152.452,152.532,661
2025.10.09,02:45,152.533,152.701,152.513,152.701,911
2025.10.09,03:00,152.702,152.761,152.576,152.639,916
2025.10.09,03:15,152.637,152.638,152.461,152.461,809
2025.10.09,03:30,152.462,152.526,152.412,152.425,724
2025.10.09,03:45,152.426,152.605,152.405,152.516,701
2025.10.09,04:00,152.517,152.577,152.505,152.530,486
2025.10.09,04:15,152.529,152.601,152.518,152.551,411
2025.10.09,04:30,152.552,152.592,152.484,152.486,436
2025.10.09,04:45,152.485,152.486,152.406,152.458,523
2025.10.09,05:00,152.459,152.565,152.450,152.564,379
2025.10.09,05:15,152.563,152.576,152.486,152.517,444
2025.10.09,05:30,152.518,152.534,152.481,152.495,361
2025.10.09,05:45,152.494,152.527,152.486,152.506,340
2025.10.09,06:00,152.507,152.599,152.505,152.564,340
2025.10.09,06:15,152.563,152.586,152.543,152.586,259
2025.10.09,06:30,152.587,152.588,152.550,152.550,246
2025.10.09,06:45,152.549,152.551,152.446,152.463,412
2025.10.09,07:00,152.462,152.524,152.460,152.496,411
2025.10.09,07:15,152.497,152.538,152.497,152.537,266
2025.10.09,07:30,152.539,152.565,152.525,152.536,317
2025.10.09,07:45,152.538,152.650,152.504,152.631,489
2025.10.09,08:00,152.632,152.912,152.630,152.893,883
2025.10.09,08:15,152.892,153.026,152.842,152.986,1050
2025.10.09,08:30,153.003,153.131,152.939,153.114,1139
2025.10.09,08:45,153.116,153.127,152.964,152.973,934
2025.10.09,09:00,152.972,153.053,152.845,152.884,843
2025.10.09,09:15,152.879,153.033,152.865,153.021,698
2025.10.09,09:30,153.016,153.214,152.962,153.107,778
2025.10.09,09:45,153.108,153.114,153.023,153.062,743
2025.10.09,10:00,153.058,153.131,153.010,153.079,624
2025.10.09,10:15,153.081,153.097,153.014,153.020,609
2025.10.09,10:30,153.022,153.095,152.877,152.884,640
2025.10.09,10:45,152.896,152.921,152.752,152.794,652
2025.10.09,11:00,152.799,152.804,152.474,152.789,1071
2025.10.09,11:15,152.795,152.851,152.669,152.704,815
2025.10.09,11:30,152.705,152.733,152.591,152.596,608
2025.10.09,11:45,152.587,152.655,152.512,152.550,711
2025.10.09,12:00,152.551,152.587,152.491,152.565,487
2025.10.09,12:15,152.566,152.658,152.557,152.631,420
2025.10.09,12:30,152.633,152.699,152.631,152.677,415
2025.10.09,12:45,152.676,152.743,152.646,152.657,460
2025.10.09,13:00,152.653,152.819,152.649,152.783,581
2025.10.09,13:15,152.784,152.788,152.690,152.719,434
2025.10.09,13:30,152.720,152.756,152.656,152.687,453
2025.10.09,13:45,152.686,152.836,152.664,152.788,574
2025.10.09,14:00,152.786,152.825,152.718,152.819,671
2025.10.09,14:15,152.815,152.819,152.716,152.731,634
2025.10.09,14:30,152.741,152.838,152.652,152.753,728
2025.10.09,14:45,152.754,152.837,152.725,152.742,780
2025.10.09,15:00,152.738,152.864,152.097,152.434,1452
2025.10.09,15:15,152.435,152.716,152.354,152.636,1078
2025.10.09,15:30,152.629,152.926,152.626,152.920,1045
2025.10.09,15:45,152.919,152.949,152.806,152.861,861
2025.10.09,16:00,152.860,152.986,152.860,152.971,825
2025.10.09,16:15,152.972,153.180,152.895,153.146,958
2025.10.09,16:30,153.155,153.173,152.954,152.991,865
2025.10.09,16:45,152.998,153.047,152.916,153.038,682
2025.10.09,17:00,153.036,153.145,153.019,153.057,709
2025.10.09,17:15,153.061,153.169,153.036,153.156,616
2025.10.09,17:30,153.155,153.226,153.102,153.139,958
2025.10.09,17:45,153.142,153.142,152.943,153.045,882
2025.10.09,18:00,153.046,153.094,152.990,153.093,635
2025.10.09,18:15,153.094,153.098,153.024,153.033,628
2025.10.09,18:30,153.034,153.142,153.031,153.081,746
2025.10.09,18:45,153.084,153.119,152.988,152.999,783
2025.10.09,19:00,153.001,153.064,152.906,153.044,866
2025.10.09,19:15,153.038,153.073,152.908,152.909,781
2025.10.09,19:30,152.904,153.065,152.904,153.061,603
2025.10.09,19:45,153.062,153.093,153.015,153.047,560
2025.10.09,20:00,153.048,153.076,153.014,153.053,466
2025.10.09,20:15,153.055,153.073,152.995,153.071,493
2025.10.09,20:30,153.072,153.139,153.057,153.106,532
2025.10.09,20:45,153.105,153.205,153.095,153.175,595
2025.10.09,21:00,153.176,153.176,153.090,153.153,593
2025.10.09,21:15,153.151,153.170,153.122,153.134,473
2025.10.09,21:30,153.136,153.156,153.106,153.131,488
2025.10.09,21:45,153.132,153.137,153.046,153.063,589
2025.10.09,22:00,153.077,153.094,153.043,153.058,332
2025.10.09,22:15,153.059,153.087,153.017,153.033,301
2025.10.09,22:30,153.036,153.076,153.003,153.075,218
2025.10.09,22:45,153.074,153.093,152.935,152.935,598
2025.10.09,23:00,152.958,153.043,152.958,153.020,33
2025.10.09,23:15,153.021,153.075,153.020,153.075,46
2025.10.09,23:30,153.077,153.077,153.067,153.069,40
2025.10.09,23:45,153.068,153.076,153.058,153.061,89
2025.10.10,00:00,153.042,153.081,152.973,153.048,290
2025.10.10,00:15,153.049,153.063,153.019,153.060,175
2025.10.10,00:30,153.059,153.069,153.038,153.060,143
2025.10.10,00:45,153.058,153.060,153.025,153.026,120
2025.10.10,01:00,153.025,153.273,153.025,153.226,446
2025.10.10,01:15,153.224,153.235,153.050,153.072,465
2025.10.10,01:30,153.071,153.118,153.035,153.046,423
2025.10.10,01:45,153.045,153.089,152.960,153.023,767
2025.10.10,02:00,153.021,153.156,152.957,153.150,859
2025.10.10,02:15,153.141,153.159,153.025,153.077,617
2025.10.10,02:30,153.078,153.131,153.055,153.090,561
2025.10.10,02:45,153.092,153.131,152.943,152.953,978
2025.10.10,03:00,152.948,152.999,152.855,152.902,725
2025.10.10,03:15,152.901,152.923,152.835,152.915,690
2025.10.10,03:30,152.913,152.976,152.913,152.939,606
2025.10.10,03:45,152.937,153.045,152.926,153.019,510
2025.10.10,04:00,153.017,153.030,152.864,152.952,538
2025.10.10,04:15,152.951,152.958,152.866,152.878,451
2025.10.10,04:30,152.877,152.951,152.863,152.941,391
2025.10.10,04:45,152.942,152.958,152.895,152.908,368
2025.10.10,05:00,152.909,152.932,152.829,152.881,551
2025.10.10,05:15,152.883,152.884,152.790,152.826,444
2025.10.10,05:30,152.825,152.834,152.713,152.728,566
2025.10.10,05:45,152.723,152.745,152.641,152.660,539
2025.10.10,06:00,152.661,152.733,152.633,152.721,543
2025.10.10,06:15,152.722,152.757,152.670,152.728,382
2025.10.10,06:30,152.731,152.794,152.730,152.777,306
2025.10.10,06:45,152.779,152.826,152.743,152.747,425
2025.10.10,07:00,152.749,152.774,152.683,152.770,542
2025.10.10,07:15,152.769,152.774,152.716,152.755,468
2025.10.10,07:30,152.754,152.826,152.747,152.760,440
2025.10.10,07:45,152.761,152.845,152.748,152.827,579
2025.10.10,08:00,152.825,152.894,152.817,152.871,709
2025.10.10,08:15,152.870,152.910,152.824,152.847,701
2025.10.10,08:30,152.848,152.899,152.375,152.700,1222
2025.10.10,08:45,152.706,152.743,152.491,152.529,1157
2025.10.10,09:00,152.526,152.745,152.485,152.701,1077
2025.10.10,09:15,152.699,152.946,152.675,152.887,859
2025.10.10,09:30,152.885,152.913,152.817,152.836,679
2025.10.10,09:45,152.839,152.902,152.801,152.843,654
2025.10.10,10:00,152.846,152.930,152.664,152.710,834
2025.10.10,10:15,152.711,152.713,152.588,152.638,714
2025.10.10,10:30,152.639,152.745,152.639,152.728,648
2025.10.10,10:45,152.730,152.756,152.641,152.642,578
2025.10.10,11:00,152.641,152.700,152.607,152.678,555
2025.10.10,11:15,152.676,152.782,152.655,152.771,645
2025.10.10,11:30,152.772,152.840,152.763,152.825,509
2025.10.10,11:45,152.823,152.824,152.753,152.796,533
2025.10.10,12:00,152.788,152.808,152.720,152.723,502
2025.10.10,12:15,152.722,152.723,152.629,152.676,516
2025.10.10,12:30,152.675,152.745,152.672,152.731,398
2025.10.10,12:45,152.732,152.737,152.665,152.715,503
2025.10.10,13:00,152.716,152.754,152.677,152.690,442
2025.10.10,13:15,152.689,152.733,152.666,152.700,439
2025.10.10,13:30,152.701,152.739,152.545,152.563,651
2025.10.10,13:45,152.562,152.639,152.542,152.629,661
2025.10.10,14:00,152.628,152.644,152.515,152.540,704
2025.10.10,14:15,152.542,152.586,152.515,152.566,545
2025.10.10,14:30,152.564,152.608,152.526,152.527,617
2025.10.10,14:45,152.529,152.585,152.513,152.554,656
2025.10.10,15:00,152.555,152.687,152.545,152.639,743
2025.10.10,15:15,152.642,152.658,152.528,152.650,666
2025.10.10,15:30,152.644,152.687,152.587,152.629,814
2025.10.10,15:45,152.630,152.670,152.591,152.645,695
2025.10.10,16:00,152.619,152.711,152.564,152.585,792
2025.10.10,16:15,152.586,152.658,152.550,152.620,731
2025.10.10,16:30,152.617,152.641,152.590,152.625,689
2025.10.10,16:45,152.624,152.640,152.413,152.457,866
2025.10.10,17:00,152.449,152.449,151.829,152.022,1772
2025.10.10,17:15,152.023,152.044,151.608,151.608,1563
2025.10.10,17:30,151.605,151.878,151.499,151.874,1423
2025.10.10,17:45,151.862,151.962,151.820,151.939,1299
2025.10.10,18:00,151.944,151.978,151.838,151.922,1213
2025.10.10,18:15,151.929,152.181,151.927,152.080,1210
2025.10.10,18:30,152.079,152.128,151.983,151.999,1066
2025.10.10,18:45,152.000,152.020,151.868,151.885,916
2025.10.10,19:00,151.884,151.944,151.775,151.846,1020
2025.10.10,19:15,151.849,151.859,151.717,151.836,886
2025.10.10,19:30,151.837,151.938,151.830,151.875,774
2025.10.10,19:45,151.874,151.939,151.830,151.862,630
2025.10.10,20:00,151.861,151.893,151.757,151.816,602
2025.10.10,20:15,151.815,151.858,151.750,151.761,561
2025.10.10,20:30,151.756,151.781,151.706,151.729,527
2025.10.10,20:45,151.727,151.760,151.630,151.712,644
2025.10.10,21:00,151.719,151.801,151.697,151.704,665
2025.10.10,21:15,151.702,151.736,151.641,151.641,568
2025.10.10,21:30,151.634,151.664,151.526,151.612,628
2025.10.10,21:45,151.616,151.686,151.545,151.592,740
2025.10.12,23:00,151.844,151.935,151.818,151.859,1419
2025.10.12,23:15,151.862,151.924,151.783,151.902,2018
2025.10.12,23:30,151.901,151.952,151.775,151.888,1976
2025.10.12,23:45,151.894,151.934,151.793,151.801,1357
2025.10.13,00:00,151.790,152.109,151.695,152.097,787
2025.10.13,00:15,152.099,152.271,152.045,152.049,845
2025.10.13,00:30,152.052,152.073,151.865,151.882,699
2025.10.13,00:45,151.883,151.992,151.883,151.931,540
2025.10.13,01:00,151.929,151.952,151.739,151.911,754
2025.10.13,01:15,151.910,151.936,151.826,151.886,607
2025.10.13,01:30,151.887,152.029,151.822,152.011,669
2025.10.13,01:45,152.010,152.081,151.911,152.062,879
2025.10.13,02:00,152.064,152.073,151.934,151.989,907
2025.10.13,02:15,151.987,152.011,151.910,151.966,702
2025.10.13,02:30,151.965,152.001,151.864,151.875,674
2025.10.13,02:45,151.866,151.900,151.794,151.839,725
2025.10.13,03:00,151.817,151.971,151.804,151.930,836
2025.10.13,03:15,151.931,151.970,151.872,151.952,702
2025.10.13,03:30,151.953,151.968,151.891,151.921,647
2025.10.13,03:45,151.924,151.971,151.910,151.954,552
2025.10.13,04:00,151.952,151.968,151.847,151.851,561
2025.10.13,04:15,151.854,151.959,151.851,151.958,423
2025.10.13,04:30,151.957,151.981,151.931,151.952,411
2025.10.13,04:45,151.957,151.980,151.929,151.937,389
2025.10.13,05:00,151.932,151.960,151.901,151.956,397
2025.10.13,05:15,151.955,151.983,151.950,151.977,271
2025.10.13,05:30,151.979,152.010,151.912,151.952,384
2025.10.13,05:45,151.951,151.979,151.910,151.925,415
2025.10.13,06:00,151.927,151.964,151.885,151.894,330
2025.10.13,06:15,151.893,151.895,151.806,151.870,418
2025.10.13,06:30,151.869,151.921,151.850,151.905,332
2025.10.13,06:45,151.906,151.948,151.898,151.906,255
2025.10.13,07:00,151.901,151.908,151.854,151.870,458
2025.10.13,07:15,151.872,151.873,151.759,151.826,478
2025.10.13,07:30,151.827,151.837,151.785,151.791,355
2025.10.13,07:45,151.792,151.894,151.792,151.872,487
2025.10.13,08:00,151.861,151.920,151.748,151.759,779
2025.10.13,08:15,151.760,151.827,151.714,151.822,715
2025.10.13,08:30,151.821,151.859,151.788,151.799,610
2025.10.13,08:45,151.805,152.024,151.795,151.932,826
2025.10.13,09:00,151.936,152.264,151.907,152.261,1039
2025.10.13,09:15,152.259,152.309,152.170,152.274,847
2025.10.13,09:30,152.277,152.371,152.230,152.256,789
2025.10.13,09:45,152.259,152.332,152.218,152.295,670
2025.10.13,10:00,152.296,152.323,152.249,152.276,654
2025.10.13,10:15,152.279,152.367,152.246,152.358,572
2025.10.13,10:30,152.359,152.440,152.285,152.307,694
2025.10.13,10:45,152.308,152.342,152.272,152.335,603
2025.10.13,11:00,152.336,152.363,152.210,152.237,602
2025.10.13,11:15,152.236,152.262,152.203,152.225,363
2025.10.13,11:30,152.227,152.230,152.156,152.206,430
2025.10.13,11:45,152.205,152.242,152.157,152.165,525
2025.10.13,12:00,152.164,152.197,152.152,152.191,442
2025.10.13,12:15,152.190,152.225,152.129,152.190,495
2025.10.13,12:30,152.191,152.193,152.144,152.160,382
2025.10.13,12:45,152.161,152.177,152.124,152.164,389
2025.10.13,13:00,152.166,152.168,151.975,152.053,943
2025.10.13,13:15,152.052,152.068,151.997,152.020,569
2025.10.13,13:30,152.019,152.126,151.984,152.102,603
2025.10.13,13:45,152.103,152.133,152.029,152.102,654
2025.10.13,14:00,152.101,152.137,152.047,152.103,637
2025.10.13,14:15,152.102,152.134,152.076,152.124,526
2025.10.13,14:30,152.122,152.221,152.100,152.188,626
2025.10.13,14:45,152.184,152.262,152.157,152.210,596
2025.10.13,15:00,152.211,152.255,152.171,152.193,657
2025.10.13,15:15,152.192,152.248,152.155,152.160,515
2025.10.13,15:30,152.161,152.216,152.101,152.179,711
2025.10.13,15:45,152.178,152.186,152.112,152.183,694
2025.10.13,16:00,152.187,152.345,152.174,152.345,670
2025.10.13,16:15,152.346,152.409,152.344,152.377,715
2025.10.13,16:30,152.379,152.443,152.363,152.426,683
2025.10.13,16:45,152.425,152.436,152.307,152.368,746
2025.10.13,17:00,152.372,152.385,152.298,152.301,639
2025.10.13,17:15,152.297,152.315,152.257,152.301,602
2025.10.13,17:30,152.303,152.315,152.259,152.287,417
2025.10.13,17:45,152.290,152.302,152.239,152.254,443
2025.10.13,18:00,152.243,152.248,152.193,152.235,461
2025.10.13,18:15,152.229,152.262,152.213,152.241,462
2025.10.13,18:30,152.240,152.288,152.239,152.273,344
2025.10.13,18:45,152.274,152.297,152.247,152.275,349
2025.10.13,19:00,152.276,152.343,152.261,152.296,358
2025.10.13,19:15,152.295,152.300,152.245,152.261,382
2025.10.13,19:30,152.260,152.282,152.237,152.273,305
2025.10.13,19:45,152.274,152.275,152.231,152.261,456
2025.10.13,20:00,152.263,152.263,152.224,152.237,277
2025.10.13,20:15,152.236,152.252,152.224,152.246,310
2025.10.13,20:30,152.248,152.284,152.215,152.280,335
2025.10.13,20:45,152.281,152.333,152.279,152.283,422
2025.10.13,21:00,152.281,152.285,152.257,152.270,361
2025.10.13,21:15,152.271,152.274,152.250,152.272,210
2025.10.13,21:30,152.271,152.295,152.260,152.286,278
2025.10.13,21:45,152.285,152.321,152.285,152.321,303
2025.10.13,22:00,152.317,152.331,152.296,152.322,257
2025.10.13,22:15,152.320,152.346,152.304,152.341,313
2025.10.13,22:30,152.340,152.346,152.310,152.310,137
2025.10.13,22:45,152.311,152.333,152.262,152.265,524
2025.10.13,23:00,152.143,152.195,152.135,152.155,45
2025.10.13,23:15,152.154,152.176,152.142,152.171,33
2025.10.13,23:30,152.173,152.225,152.153,152.183,98
2025.10.13,23:45,152.191,152.274,152.132,152.250,552
2025.10.14,00:00,152.249,152.298,152.189,152.197,350
2025.10.14,00:15,152.198,152.269,152.188,152.269,238
2025.10.14,00:30,152.268,152.318,152.262,152.318,222
2025.10.14,00:45,152.317,152.341,152.268,152.340,193
2025.10.14,01:00,152.339,152.375,152.325,152.345,302
2025.10.14,01:15,152.346,152.348,152.305,152.341,205
2025.10.14,01:30,152.342,152.350,152.276,152.336,281
2025.10.14,01:45,152.333,152.456,152.290,152.453,797
2025.10.14,02:00,152.452,152.534,152.424,152.451,963
2025.10.14,02:15,152.452,152.572,152.452,152.567,614
2025.10.14,02:30,152.568,152.608,152.531,152.535,643
2025.10.14,02:45,152.536,152.557,152.433,152.462,770
2025.10.14,03:00,152.461,152.465,152.351,152.381,793
2025.10.14,03:15,152.386,152.494,152.376,152.473,659
2025.10.14,03:30,152.470,152.493,152.412,152.444,628
2025.10.14,03:45,152.443,152.471,152.376,152.453,660
2025.10.14,04:00,152.454,152.464,152.392,152.454,491
2025.10.14,04:15,152.453,152.472,152.437,152.439,433
2025.10.14,04:30,152.441,152.481,152.436,152.453,432
2025.10.14,04:45,152.452,152.467,152.355,152.374,483
2025.10.14,05:00,152.377,152.388,152.293,152.312,513
2025.10.14,05:15,152.311,152.331,152.296,152.308,409
2025.10.14,05:30,152.309,152.309,152.104,152.106,620
2025.10.14,05:45,152.105,152.147,152.045,152.145,651
2025.10.14,06:00,152.144,152.144,151.855,151.871,848
2025.10.14,06:15,151.870,151.893,151.777,151.844,906
2025.10.14,06:30,151.845,151.922,151.817,151.882,733
2025.10.14,06:45,151.883,151.906,151.779,151.855,630
2025.10.14,07:00,151.854,151.918,151.805,151.869,657
2025.10.14,07:15,151.871,151.941,151.867,151.887,686
2025.10.14,07:30,151.886,151.898,151.667,151.745,942
2025.10.14,07:45,151.746,151.790,151.695,151.711,868
2025.10.14,08:00,151.700,151.861,151.613,151.848,1177
2025.10.14,08:15,151.848,151.887,151.696,151.758,1097
2025.10.14,08:30,151.756,151.892,151.756,151.885,997
2025.10.14,08:45,151.886,151.971,151.879,151.891,864
2025.10.14,09:00,151.890,151.890,151.668,151.828,974
2025.10.14,09:15,151.830,151.961,151.811,151.950,906
2025.10.14,09:30,151.952,152.069,151.837,151.928,1168
2025.10.14,09:45,151.927,151.995,151.896,151.955,892
2025.10.14,10:00,151.969,152.121,151.932,152.065,1014
2025.10.14,10:15,152.066,152.092,152.016,152.064,655
2025.10.14,10:30,152.063,152.072,151.962,152.007,711
2025.10.14,10:45,152.005,152.013,151.926,151.971,668
2025.10.14,11:00,151.970,152.148,151.970,152.139,649
2025.10.14,11:15,152.138,152.143,152.034,152.058,574
2025.10.14,11:30,152.059,152.075,151.969,152.018,613
2025.10.14,11:45,152.015,152.111,151.970,152.106,665
2025.10.14,12:00,152.107,152.119,151.960,151.981,680
2025.10.14,12:15,151.976,152.076,151.974,152.017,555
2025.10.14,12:30,152.016,152.025,151.946,151.952,664
2025.10.14,12:45,151.951,152.006,151.909,151.943,634
2025.10.14,13:00,151.942,152.075,151.934,152.042,585
2025.10.14,13:15,152.038,152.082,152.006,152.035,472
2025.10.14,13:30,152.033,152.122,152.006,152.092,463
2025.10.14,13:45,152.094,152.100,152.048,152.086,658
2025.10.14,14:00,152.087,152.121,152.030,152.046,770
2025.10.14,14:15,152.045,152.046,151.856,151.923,871
2025.10.14,14:30,151.926,152.012,151.864,151.971,806
2025.10.14,14:45,151.973,152.093,151.965,152.042,890
2025.10.14,15:00,152.043,152.159,151.983,151.986,941
2025.10.14,15:15,151.985,152.040,151.940,151.975,960
2025.10.14,15:30,151.982,152.051,151.826,151.860,1194
2025.10.14,15:45,151.851,151.996,151.816,151.993,1104
2025.10.14,16:00,151.999,152.080,151.929,151.958,958
2025.10.14,16:15,151.960,152.079,151.917,152.067,853
2025.10.14,16:30,152.077,152.098,151.948,151.985,879
2025.10.14,16:45,151.986,152.032,151.827,151.827,923
2025.10.14,17:00,151.826,151.932,151.812,151.853,891
2025.10.14,17:15,151.852,151.885,151.792,151.839,716
2025.10.14,17:30,151.840,151.888,151.738,151.836,951
2025.10.14,17:45,151.837,151.877,151.771,151.777,942
2025.10.14,18:00,151.775,151.828,151.745,151.816,801
2025.10.14,18:15,151.815,151.911,151.680,151.818,937
2025.10.14,18:30,151.820,151.867,151.676,151.680,755
2025.10.14,18:45,151.682,151.747,151.665,151.732,714
2025.10.14,19:00,151.733,151.820,151.671,151.818,666
2025.10.14,19:15,151.819,151.863,151.805,151.841,555
2025.10.14,19:30,151.840,151.845,151.770,151.786,504
2025.10.14,19:45,151.787,151.799,151.701,151.724,598
2025.10.14,20:00,151.723,151.748,151.693,151.733,502
2025.10.14,20:15,151.734,151.784,151.733,151.761,502
2025.10.14,20:30,151.762,151.786,151.733,151.773,414
2025.10.14,20:45,151.774,151.798,151.733,151.757,516
2025.10.14,21:00,151.759,151.769,151.705,151.744,487
2025.10.14,21:15,151.743,151.763,151.717,151.734,421
2025.10.14,21:30,151.727,151.735,151.601,151.615,860
2025.10.14,21:45,151.620,151.716,151.612,151.680,741
2025.10.14,22:00,151.684,151.758,151.683,151.728,459
2025.10.14,22:15,151.726,151.792,151.726,151.782,357
2025.10.14,22:30,151.780,151.818,151.780,151.792,217
2025.10.14,22:45,151.787,151.833,151.786,151.833,383
2025.10.14,23:15,151.649,151.735,151.647,151.735,14
2025.10.14,23:30,151.733,151.764,151.686,151.756,63
2025.10.14,23:45,151.759,151.762,151.738,151.756,44
2025.10.15,00:00,151.735,151.870,151.735,151.789,292
2025.10.15,00:15,151.787,151.797,151.743,151.793,364
2025.10.15,00:30,151.792,151.799,151.741,151.782,287
2025.10.15,00:45,151.783,151.827,151.762,151.804,194
2025.10.15,01:00,151.802,151.856,151.783,151.801,314
2025.10.15,01:15,151.802,151.826,151.737,151.771,428
2025.10.15,01:30,151.774,151.796,151.738,151.739,348
2025.10.15,01:45,151.738,151.773,151.692,151.698,579
2025.10.15,02:00,151.713,151.824,151.627,151.810,785
2025.10.15,02:15,151.809,151.825,151.663,151.716,679
2025.10.15,02:30,151.715,151.748,151.537,151.554,729
2025.10.15,02:45,151.552,151.635,151.493,151.561,955
2025.10.15,03:00,151.552,151.598,151.409,151.426,790
2025.10.15,03:15,151.436,151.450,151.318,151.391,754
2025.10.15,03:30,151.387,151.450,151.331,151.416,541
2025.10.15,03:45,151.414,151.415,151.293,151.297,668
2025.10.15,04:00,151.296,151.311,151.129,151.151,714
2025.10.15,04:15,151.153,151.231,151.097,151.159,597
2025.10.15,04:30,151.156,151.172,151.043,151.076,615
2025.10.15,04:45,151.075,151.089,151.029,151.053,604
2025.10.15,05:00,151.050,151.051,150.999,151.037,615
2025.10.15,05:15,151.036,151.106,151.033,151.084,486
2025.10.15,05:30,151.085,151.142,151.078,151.110,445
2025.10.15,05:45,151.109,151.168,151.092,151.134,377
2025.10.15,06:00,151.133,151.133,151.086,151.113,378
2025.10.15,06:15,151.114,151.213,151.107,151.188,438
2025.10.15,06:30,151.186,151.242,151.181,151.195,386
2025.10.15,06:45,151.196,151.243,151.187,151.242,398
2025.10.15,07:00,151.243,151.267,151.227,151.248,488
2025.10.15,07:15,151.249,151.254,151.140,151.140,372
2025.10.15,07:30,151.141,151.203,151.106,151.161,504
2025.10.15,07:45,151.159,151.245,151.146,151.203,537
2025.10.15,08:00,151.197,151.197,150.903,150.922,948
2025.10.15,08:15,150.923,151.032,150.894,151.027,788
2025.10.15,08:30,151.025,151.097,151.013,151.025,696
2025.10.15,08:45,151.026,151.047,150.965,151.031,735
2025.10.15,09:00,151.032,151.145,150.980,151.132,759
2025.10.15,09:15,151.134,151.263,151.133,151.255,731
2025.10.15,09:30,151.256,151.293,151.143,151.143,644
2025.10.15,09:45,151.141,151.246,151.095,151.240,751
2025.10.15,10:00,151.242,151.325,151.181,151.302,815
2025.10.15,10:15,151.301,151.390,151.222,151.241,819
2025.10.15,10:30,151.233,151.253,151.148,151.194,519
2025.10.15,10:45,151.195,151.240,151.121,151.213,648
2025.10.15,11:00,151.214,151.352,151.213,151.318,625
2025.10.15,11:15,151.316,151.400,151.308,151.387,734
2025.10.15,11:30,151.376,151.404,151.350,151.385,555
2025.10.15,11:45,151.388,151.429,151.324,151.340,496
2025.10.15,12:00,151.341,151.488,151.334,151.432,617
2025.10.15,12:15,151.434,151.480,151.404,151.437,544
2025.10.15,12:30,151.436,151.460,151.388,151.400,436
2025.10.15,12:45,151.401,151.418,151.344,151.362,426
2025.10.15,13:00,151.345,151.398,151.317,151.345,533
2025.10.15,13:15,151.346,151.377,151.333,151.356,425
2025.10.15,13:30,151.354,151.423,151.345,151.391,517
2025.10.15,13:45,151.392,151.506,151.391,151.494,616
2025.10.15,14:00,151.493,151.622,151.451,151.583,832
2025.10.15,14:15,151.582,151.682,151.529,151.536,1007
2025.10.15,14:30,151.556,151.632,151.519,151.607,906
2025.10.15,14:45,151.608,151.662,151.518,151.632,837
2025.10.15,15:00,151.637,151.735,151.607,151.672,789
2025.10.15,15:15,151.671,151.698,151.620,151.630,715
2025.10.15,15:30,151.631,151.698,151.505,151.521,1108
2025.10.15,15:45,151.520,151.549,151.395,151.401,1048
2025.10.15,16:00,151.398,151.506,151.345,151.424,881
2025.10.15,16:15,151.425,151.431,151.312,151.350,720
2025.10.15,16:30,151.349,151.449,151.338,151.438,602
2025.10.15,16:45,151.436,151.438,151.318,151.396,706
2025.10.15,17:00,151.395,151.454,151.257,151.274,794
2025.10.15,17:15,151.273,151.311,151.175,151.223,719
2025.10.15,17:30,151.224,151.233,151.042,151.063,803
2025.10.15,17:45,151.062,151.264,151.033,151.214,957
2025.10.15,18:00,151.216,151.316,151.205,151.276,781
2025.10.15,18:15,151.277,151.277,151.186,151.220,663
2025.10.15,18:30,151.219,151.272,151.189,151.216,494
2025.10.15,18:45,151.217,151.231,151.172,151.187,499
2025.10.15,19:00,151.190,151.231,151.062,151.133,848
2025.10.15,19:15,151.134,151.266,151.120,151.258,897
2025.10.15,19:30,151.262,151.324,151.243,151.294,682
2025.10.15,19:45,151.293,151.336,151.268,151.326,519
2025.10.15,20:00,151.328,151.386,151.280,151.325,556
2025.10.15,20:15,151.328,151.355,151.212,151.260,587
2025.10.15,20:30,151.258,151.323,151.253,151.311,347
2025.10.15,20:45,151.314,151.356,151.308,151.328,382
2025.10.15,21:00,151.330,151.336,151.242,151.257,398
2025.10.15,21:15,151.258,151.281,151.238,151.261,347
2025.10.15,21:30,151.262,151.273,151.234,151.268,342
2025.10.15,21:45,151.264,151.273,151.230,151.249,329
2025.10.15,22:00,151.251,151.270,151.183,151.249,310
2025.10.15,22:15,151.250,151.259,151.188,151.211,284
2025.10.15,22:30,151.213,151.216,151.109,151.140,261
2025.10.15,22:45,151.142,151.142,151.036,151.041,605
2025.10.15,23:00,151.025,151.091,151.024,151.051,32
2025.10.15,23:15,151.081,151.144,151.024,151.134,71
2025.10.15,23:30,151.133,151.137,151.055,151.078,43
2025.10.15,23:45,151.076,151.087,151.038,151.064,69
2025.10.16,00:00,151.050,151.080,151.014,151.058,274
2025.10.16,00:15,151.059,151.082,151.044,151.056,303
2025.10.16,00:30,151.060,151.065,150.822,150.826,461
2025.10.16,00:45,150.827,150.913,150.749,150.911,486
2025.10.16,01:00,150.910,150.982,150.878,150.968,344
2025.10.16,01:15,150.967,151.035,150.941,151.005,314
2025.10.16,01:30,151.006,151.018,150.925,150.970,311
2025.10.16,01:45,150.971,150.999,150.905,150.984,565
2025.10.16,02:00,150.983,151.085,150.776,150.785,916
2025.10.16,02:15,150.780,150.825,150.578,150.586,782
2025.10.16,02:30,150.573,150.621,150.509,150.581,833
2025.10.16,02:45,150.565,150.712,150.563,150.703,813
2025.10.16,03:00,150.700,150.752,150.665,150.699,716
2025.10.16,03:15,150.711,150.763,150.639,150.668,694
2025.10.16,03:30,150.667,150.724,150.550,150.554,699
2025.10.16,03:45,150.553,150.662,150.507,150.594,702
2025.10.16,04:00,150.593,150.671,150.563,150.669,545
2025.10.16,04:15,150.670,150.730,150.651,150.725,461
2025.10.16,04:30,150.726,150.741,150.690,150.724,563
2025.10.16,04:45,150.719,150.771,150.705,150.771,462
2025.10.16,05:00,150.773,150.841,150.754,150.779,524
2025.10.16,05:15,150.780,150.876,150.724,150.823,508
2025.10.16,05:30,150.826,150.883,150.820,150.859,506
2025.10.16,05:45,150.860,150.868,150.827,150.866,366
2025.10.16,06:00,150.867,150.917,150.861,150.911,331
2025.10.16,06:15,150.915,150.943,150.894,150.941,334
2025.10.16,06:30,150.942,150.972,150.936,150.967,294
2025.10.16,06:45,150.966,151.110,150.964,151.033,543
2025.10.16,07:00,151.041,151.146,151.013,151.127,495
2025.10.16,07:15,151.128,151.188,151.055,151.085,530
2025.10.16,07:30,151.086,151.163,151.084,151.124,615
2025.10.16,07:45,151.127,151.138,151.036,151.052,536
2025.10.16,08:00,151.048,151.114,151.013,151.017,899
2025.10.16,08:15,151.019,151.083,150.955,151.066,785
2025.10.16,08:30,151.072,151.265,151.070,151.258,906
2025.10.16,08:45,151.259,151.263,151.168,151.190,685
2025.10.16,09:00,151.183,151.226,151.046,151.061,782
2025.10.16,09:15,151.063,151.097,151.025,151.074,671
2025.10.16,09:30,151.076,151.122,150.968,150.990,637
2025.10.16,09:45,150.992,151.376,150.937,151.239,953
2025.10.16,10:00,151.240,151.281,151.087,151.142,805
2025.10.16,10:15,151.146,151.199,151.054,151.132,683
2025.10.16,10:30,151.131,151.175,151.114,151.170,494
2025.10.16,10:45,151.172,151.249,151.162,151.237,557
2025.10.16,11:00,151.239,151.325,151.239,151.290,603
2025.10.16,11:15,151.289,151.396,151.278,151.387,571
2025.10.16,11:30,151.384,151.386,151.253,151.263,516
2025.10.16,11:45,151.262,151.305,151.240,151.285,423
2025.10.16,12:00,151.286,151.296,151.230,151.256,509
2025.10.16,12:15,151.257,151.268,151.194,151.196,382
2025.10.16,12:30,151.195,151.241,151.177,151.207,451
2025.10.16,12:45,151.208,151.222,151.159,151.174,474
2025.10.16,13:00,151.172,151.255,151.157,151.231,537
2025.10.16,13:15,151.233,151.357,151.232,151.354,525
2025.10.16,13:30,151.361,151.371,151.231,151.259,637
2025.10.16,13:45,151.255,151.271,151.207,151.241,594
2025.10.16,14:00,151.237,151.277,151.128,151.163,746
2025.10.16,14:15,151.161,151.219,151.125,151.143,673
2025.10.16,14:30,151.166,151.201,151.028,151.192,961
2025.10.16,14:45,151.191,151.217,151.063,151.094,778
2025.10.16,15:00,151.097,151.281,151.062,151.120,1008
2025.10.16,15:15,151.118,151.198,151.088,151.138,892
2025.10.16,15:30,151.139,151.234,151.048,151.096,1032
2025.10.16,15:45,151.090,151.139,151.014,151.096,876
2025.10.16,16:00,151.097,151.117,150.869,150.900,960
2025.10.16,16:15,150.902,150.960,150.860,150.895,888
2025.10.16,16:30,150.898,150.914,150.825,150.884,827
2025.10.16,16:45,150.877,150.883,150.751,150.769,857
2025.10.16,17:00,150.773,150.863,150.761,150.822,813
2025.10.16,17:15,150.821,150.873,150.737,150.761,682
2025.10.16,17:30,150.760,150.821,150.718,150.750,763
2025.10.16,17:45,150.751,150.804,150.719,150.747,804
2025.10.16,18:00,150.745,150.790,150.681,150.743,755
2025.10.16,18:15,150.744,150.756,150.540,150.571,869
2025.10.16,18:30,150.569,150.569,150.319,150.447,1420
2025.10.16,18:45,150.446,150.446,150.229,150.393,1389
2025.10.16,19:00,150.397,150.428,150.285,150.297,1255
2025.10.16,19:15,150.299,150.469,150.269,150.374,1076
2025.10.16,19:30,150.381,150.429,150.314,150.338,1003
2025.10.16,19:45,150.339,150.350,150.251,150.330,887
2025.10.16,20:00,150.331,150.372,150.218,150.269,890
2025.10.16,20:15,150.267,150.365,150.248,150.358,957
2025.10.16,20:30,150.357,150.417,150.316,150.391,833
2025.10.16,20:45,150.397,150.413,150.289,150.332,738
2025.10.16,21:00,150.331,150.397,150.314,150.327,668
2025.10.16,21:15,150.324,150.326,150.269,150.325,618
2025.10.16,21:30,150.326,150.369,150.206,150.353,767
2025.10.16,21:45,150.354,150.424,150.339,150.392,725
2025.10.16,22:00,150.391,150.430,150.341,150.359,400
2025.10.16,22:15,150.360,150.380,150.345,150.368,307
2025.10.16,22:30,150.373,150.423,150.372,150.395,294
2025.10.16,22:45,150.394,150.447,150.388,150.415,591
2025.10.16,23:00,150.326,150.397,150.324,150.390,24
2025.10.16,23:15,150.395,150.406,150.393,150.404,21
2025.10.16,23:30,150.406,150.425,150.397,150.420,907
2025.10.16,23:45,150.423,150.432,150.360,150.360,486
2025.10.17,00:00,150.393,150.433,150.356,150.369,329
2025.10.17,00:15,150.367,150.371,150.253,150.324,548
2025.10.17,00:30,150.322,150.344,150.267,150.273,482
2025.10.17,00:45,150.276,150.287,150.240,150.259,497
2025.10.17,01:00,150.256,150.288,150.192,150.223,520
2025.10.17,01:15,150.224,150.231,150.115,150.134,514
2025.10.17,01:30,150.132,150.142,150.048,150.064,517
2025.10.17,01:45,150.063,150.151,150.051,150.146,843
2025.10.17,02:00,150.144,150.224,150.056,150.121,937
2025.10.17,02:15,150.123,150.207,150.037,150.149,746
2025.10.17,02:30,150.147,150.195,150.107,150.186,750
2025.10.17,02:45,150.187,150.226,150.036,150.225,795
2025.10.17,03:00,150.226,150.283,150.171,150.240,727
2025.10.17,03:15,150.241,150.330,150.227,150.327,592
2025.10.17,03:30,150.323,150.355,150.235,150.340,729
2025.10.17,03:45,150.343,150.357,150.281,150.311,809
2025.10.17,04:00,150.309,150.382,150.227,150.273,755
2025.10.17,04:15,150.281,150.281,150.122,150.136,553
2025.10.17,04:30,150.133,150.139,150.057,150.106,552
2025.10.17,04:45,150.105,150.223,150.099,150.177,517
2025.10.17,05:00,150.174,150.174,150.073,150.082,467
2025.10.17,05:15,150.081,150.125,150.062,150.106,383
2025.10.17,05:30,150.104,150.130,149.928,149.972,703
2025.10.17,05:45,149.971,150.027,149.890,150.009,731
2025.10.17,06:00,150.010,150.110,149.976,150.106,640
2025.10.17,06:15,150.104,150.134,150.067,150.107,555
2025.10.17,06:30,150.106,150.107,150.057,150.095,471
2025.10.17,06:45,150.094,150.096,149.934,149.958,587
2025.10.17,07:00,149.960,149.968,149.903,149.915,604
2025.10.17,07:15,149.916,149.939,149.854,149.922,595
2025.10.17,07:30,149.923,149.928,149.808,149.814,652
2025.10.17,07:45,149.815,149.850,149.734,149.744,717
2025.10.17,08:00,149.742,149.902,149.709,149.839,903
2025.10.17,08:15,149.834,149.872,149.737,149.788,971
2025.10.17,08:30,149.787,149.970,149.781,149.795,1105
2025.10.17,08:45,149.796,149.827,149.620,149.626,1134
2025.10.17,09:00,149.625,149.690,149.468,149.501,1349
2025.10.17,09:15,149.506,149.732,149.374,149.618,1427
2025.10.17,09:30,149.612,149.721,149.564,149.675,1273
2025.10.17,09:45,149.676,149.780,149.658,149.697,1066
2025.10.17,10:00,149.698,149.731,149.582,149.698,1142
2025.10.17,10:15,149.701,149.856,149.636,149.775,984
2025.10.17,10:30,149.774,149.905,149.716,149.726,951
2025.10.17,10:45,149.728,149.849,149.666,149.776,795
2025.10.17,11:00,149.775,149.831,149.753,149.802,680
2025.10.17,11:15,149.811,149.861,149.711,149.824,666
2025.10.17,11:30,149.825,149.896,149.684,149.688,685
2025.10.17,11:45,149.687,149.702,149.601,149.667,736
2025.10.17,12:00,149.669,149.817,149.665,149.772,769
2025.10.17,12:15,149.771,149.815,149.667,149.703,662
2025.10.17,12:30,149.698,149.836,149.693,149.783,735
2025.10.17,12:45,149.784,149.957,149.768,149.925,899
2025.10.17,13:00,149.927,150.285,149.867,150.251,1144
2025.10.17,13:15,150.254,150.294,150.136,150.271,1113
2025.10.17,13:30,150.275,150.325,150.165,150.232,947
2025.10.17,13:45,150.234,150.261,150.116,150.231,957
2025.10.17,14:00,150.227,150.444,150.227,150.365,1122
2025.10.17,14:15,150.361,150.512,150.356,150.442,976
2025.10.17,14:30,150.450,150.537,150.391,150.471,977
2025.10.17,14:45,150.472,150.489,150.370,150.380,837
2025.10.17,15:00,150.383,150.442,150.348,150.351,833
2025.10.17,15:15,150.352,150.352,150.209,150.227,813
2025.10.17,15:30,150.235,150.402,150.189,150.203,1341
2025.10.17,15:45,150.202,150.437,150.157,150.354,1154
2025.10.17,16:00,150.355,150.583,150.344,150.569,1294
2025.10.17,16:15,150.568,150.581,150.479,150.558,1043
2025.10.17,16:30,150.554,150.588,150.456,150.495,1069
2025.10.17,16:45,150.491,150.552,150.394,150.420,1079
2025.10.17,17:00,150.421,150.449,150.322,150.325,870
2025.10.17,17:15,150.322,150.359,150.246,150.316,783
2025.10.17,17:30,150.311,150.340,150.201,150.282,849
2025.10.17,17:45,150.280,150.368,150.271,150.339,762
2025.10.17,18:00,150.335,150.494,150.335,150.404,713
2025.10.17,18:15,150.406,150.427,150.346,150.411,693
2025.10.17,18:30,150.415,150.444,150.355,150.435,720
2025.10.17,18:45,150.429,150.429,150.333,150.402,812
2025.10.17,19:00,150.400,150.448,150.366,150.408,652
2025.10.17,19:15,150.407,150.412,150.361,150.385,484
2025.10.17,19:30,150.384,150.421,150.369,150.375,495
2025.10.17,19:45,150.376,150.486,150.362,150.481,681
2025.10.17,20:00,150.480,150.516,150.443,150.490,630
2025.10.17,20:15,150.491,150.510,150.403,150.426,559
2025.10.17,20:30,150.425,150.485,150.425,150.476,455
2025.10.17,20:45,150.477,150.529,150.459,150.492,571
2025.10.17,21:00,150.494,150.494,150.448,150.475,443
2025.10.17,21:15,150.478,150.494,150.470,150.482,452
2025.10.17,21:30,150.483,150.495,150.461,150.476,390
2025.10.17,21:45,150.482,150.514,150.469,150.476,393
2025.10.19,23:00,150.489,150.537,150.394,150.440,802
2025.10.19,23:15,150.428,150.520,150.412,150.471,1268
2025.10.19,23:30,150.471,150.509,150.407,150.482,1114
2025.10.19,23:45,150.475,150.514,150.351,150.460,781
2025.10.20,00:00,150.460,150.830,150.457,150.821,707
2025.10.20,00:15,150.818,150.905,150.798,150.835,572
2025.10.20,00:30,150.836,150.867,150.731,150.798,558
2025.10.20,00:45,150.799,150.839,150.757,150.821,328
2025.10.20,01:00,150.834,150.936,150.817,150.931,528
2025.10.20,01:15,150.930,150.961,150.824,150.833,529
2025.10.20,01:30,150.834,150.907,150.827,150.847,462
2025.10.20,01:45,150.846,150.932,150.809,150.915,643
2025.10.20,02:00,150.914,150.972,150.812,150.880,862
2025.10.20,02:15,150.878,150.908,150.761,150.845,745
2025.10.20,02:30,150.847,150.894,150.785,150.845,645
2025.10.20,02:45,150.846,150.988,150.767,150.904,803
2025.10.20,03:00,150.903,151.078,150.866,151.076,866
2025.10.20,03:15,151.072,151.198,151.068,151.141,754
2025.10.20,03:30,151.137,151.137,151.003,151.004,583
2025.10.20,03:45,151.006,151.015,150.895,150.960,527
2025.10.20,04:00,150.964,150.989,150.831,150.864,502
2025.10.20,04:15,150.865,150.880,150.805,150.810,452
2025.10.20,04:30,150.809,150.861,150.806,150.843,319
2025.10.20,04:45,150.842,150.891,150.832,150.861,542
2025.10.20,05:00,150.863,150.882,150.849,150.862,420
2025.10.20,05:15,150.863,150.867,150.797,150.822,334
2025.10.20,05:30,150.824,150.828,150.767,150.801,380
2025.10.20,05:45,150.799,150.843,150.658,150.726,577
2025.10.20,06:00,150.720,150.765,150.673,150.694,482
2025.10.20,06:15,150.695,150.695,150.610,150.615,384
2025.10.20,06:30,150.616,150.617,150.512,150.546,521
2025.10.20,06:45,150.547,150.644,150.514,150.595,519
2025.10.20,07:00,150.594,150.622,150.552,150.574,462
2025.10.20,07:15,150.575,150.612,150.521,150.535,554
2025.10.20,07:30,150.537,150.608,150.495,150.586,494
2025.10.20,07:45,150.590,150.685,150.588,150.648,633
2025.10.20,08:00,150.644,150.671,150.580,150.647,777
2025.10.20,08:15,150.650,150.736,150.611,150.655,749
2025.10.20,08:30,150.656,150.660,150.547,150.582,737
2025.10.20,08:45,150.583,150.735,150.544,150.681,717
2025.10.20,09:00,150.682,150.794,150.647,150.766,878
2025.10.20,09:15,150.768,150.827,150.760,150.784,632
2025.10.20,09:30,150.783,150.812,150.713,150.736,633
2025.10.20,09:45,150.738,150.813,150.727,150.741,613
2025.10.20,10:00,150.739,150.785,150.665,150.722,665
2025.10.20,10:15,150.723,150.792,150.721,150.766,564
2025.10.20,10:30,150.768,150.788,150.670,150.721,575
2025.10.20,10:45,150.729,150.763,150.573,150.579,766
2025.10.20,11:00,150.578,150.578,150.271,150.425,1088
2025.10.20,11:15,150.424,150.528,150.420,150.494,702
2025.10.20,11:30,150.497,150.606,150.474,150.599,588
2025.10.20,11:45,150.602,150.766,150.602,150.726,626
2025.10.20,12:00,150.732,150.832,150.724,150.787,700
2025.10.20,12:15,150.788,150.788,150.736,150.754,496
2025.10.20,12:30,150.755,150.799,150.724,150.724,500
2025.10.20,12:45,150.727,150.733,150.671,150.711,481
2025.10.20,13:00,150.690,150.782,150.670,150.747,445
2025.10.20,13:15,150.745,150.756,150.721,150.752,404
2025.10.20,13:30,150.756,150.850,150.740,150.832,617
2025.10.20,13:45,150.833,150.842,150.696,150.697,399
2025.10.20,14:00,150.698,150.770,150.648,150.729,642
2025.10.20,14:15,150.731,150.733,150.650,150.670,735
2025.10.20,14:30,150.672,150.685,150.602,150.641,775
2025.10.20,14:45,150.642,150.685,150.617,150.667,738
2025.10.20,15:00,150.668,150.686,150.609,150.637,741
2025.10.20,15:15,150.639,150.722,150.634,150.657,672
2025.10.20,15:30,150.662,150.848,150.661,150.784,916
2025.10.20,15:45,150.785,150.823,150.750,150.763,775
2025.10.20,16:00,150.761,150.806,150.633,150.651,764
2025.10.20,16:15,150.653,150.657,150.521,150.532,704
2025.10.20,16:30,150.534,150.553,150.405,150.508,833
2025.10.20,16:45,150.509,150.619,150.460,150.588,882
2025.10.20,17:00,150.587,150.617,150.535,150.552,738
2025.10.20,17:15,150.553,150.554,150.483,150.518,603
2025.10.20,17:30,150.519,150.576,150.494,150.561,589
2025.10.20,17:45,150.562,150.600,150.506,150.583,661
2025.10.20,18:00,150.586,150.597,150.525,150.564,483
2025.10.20,18:15,150.567,150.644,150.559,150.623,588
2025.10.20,18:30,150.625,150.643,150.588,150.639,359
2025.10.20,18:45,150.640,150.689,150.639,150.672,426
2025.10.20,19:00,150.675,150.725,150.663,150.720,411
2025.10.20,19:15,150.721,150.759,150.718,150.759,330
2025.10.20,19:30,150.760,150.792,150.755,150.767,382
2025.10.20,19:45,150.768,150.787,150.761,150.774,362
2025.10.20,20:00,150.775,150.814,150.752,150.796,354
2025.10.20,20:15,150.795,150.822,150.757,150.760,385
2025.10.20,20:30,150.758,150.778,150.727,150.744,414
2025.10.20,20:45,150.745,150.746,150.658,150.685,521
2025.10.20,21:00,150.687,150.688,150.624,150.666,539
2025.10.20,21:15,150.662,150.697,150.652,150.686,377
2025.10.20,21:30,150.684,150.720,150.683,150.718,379
2025.10.20,21:45,150.720,150.725,150.689,150.693,304
2025.10.20,22:00,150.691,150.741,150.680,150.737,302
2025.10.20,22:15,150.734,150.760,150.698,150.702,237
2025.10.20,22:30,150.701,150.724,150.685,150.721,195
2025.10.20,22:45,150.720,150.754,150.718,150.735,446
2025.10.20,23:00,150.629,150.685,150.623,150.633,30
2025.10.20,23:15,150.628,150.695,150.628,150.689,56
2025.10.20,23:30,150.686,150.695,150.682,150.695,36
2025.10.20,23:45,150.694,150.694,150.654,150.657,34
2025.10.21,00:00,150.634,150.721,150.634,150.719,178
2025.10.21,00:15,150.720,150.756,150.697,150.730,225
2025.10.21,00:30,150.731,150.757,150.700,150.740,173
2025.10.21,00:45,150.740,150.752,150.708,150.730,208
2025.10.21,01:00,150.726,150.788,150.715,150.785,260
2025.10.21,01:15,150.786,150.786,150.716,150.763,344
2025.10.21,01:30,150.772,150.793,150.760,150.786,267
2025.10.21,01:45,150.785,150.818,150.727,150.817,488
2025.10.21,02:00,150.818,150.844,150.499,150.603,1040
2025.10.21,02:15,150.602,150.710,150.579,150.681,624
2025.10.21,02:30,150.680,150.692,150.554,150.556,616
2025.10.21,02:45,150.557,150.657,150.466,150.652,965
2025.10.21,03:00,150.658,150.694,150.523,150.637,841
2025.10.21,03:15,150.638,150.733,150.567,150.731,618
2025.10.21,03:30,150.732,150.890,150.678,150.875,764
2025.10.21,03:45,150.876,150.990,150.855,150.974,774
2025.10.21,04:00,150.976,151.110,150.957,150.989,663
2025.10.21,04:15,150.986,151.044,150.974,151.016,524
2025.10.21,04:30,151.014,151.101,150.975,151.074,648
2025.10.21,04:45,151.073,151.142,151.071,151.120,556
2025.10.21,05:00,151.119,151.127,151.075,151.094,405
2025.10.21,05:15,151.095,151.145,151.082,151.107,466
2025.10.21,05:30,151.106,151.122,151.036,151.079,501
2025.10.21,05:45,151.073,151.091,151.001,151.044,529
2025.10.21,06:00,151.042,151.072,151.025,151.048,330
2025.10.21,06:15,151.047,151.131,151.037,151.117,343
2025.10.21,06:30,151.116,151.232,151.097,151.165,611
2025.10.21,06:45,151.171,151.235,150.883,151.074,1118
2025.10.21,07:00,151.083,151.268,150.866,151.233,1129
2025.10.21,07:15,151.234,151.435,151.234,151.371,1009
2025.10.21,07:30,151.370,151.494,151.348,151.469,831
2025.10.21,07:45,151.467,151.514,151.418,151.509,908
2025.10.21,08:00,151.515,151.570,151.483,151.531,914
2025.10.21,08:15,151.532,151.601,151.528,151.565,707
2025.10.21,08:30,151.566,151.577,151.289,151.299,1000
2025.10.21,08:45,151.301,151.350,151.219,151.254,927
2025.10.21,09:00,151.256,151.256,151.118,151.146,814
2025.10.21,09:15,151.148,151.196,151.067,151.113,798
2025.10.21,09:30,151.114,151.183,151.090,151.160,855
2025.10.21,09:45,151.161,151.163,151.059,151.150,803
2025.10.21,10:00,151.157,151.250,151.058,151.172,1022
2025.10.21,10:15,151.170,151.379,151.128,151.378,992
2025.10.21,10:30,151.379,151.562,151.361,151.531,839
2025.10.21,10:45,151.530,151.673,151.517,151.607,841
2025.10.21,11:00,151.605,151.759,151.591,151.731,716
2025.10.21,11:15,151.732,151.745,151.616,151.692,562
2025.10.21,11:30,151.687,151.775,151.685,151.736,718
2025.10.21,11:45,151.737,151.797,151.720,151.791,593
2025.10.21,12:00,151.792,151.883,151.733,151.863,579
2025.10.21,12:15,151.864,151.942,151.849,151.917,698
2025.10.21,12:30,151.918,152.013,151.905,151.959,648
2025.10.21,12:45,151.965,152.044,151.885,151.921,878
2025.10.21,13:00,151.920,151.920,151.807,151.863,674
2025.10.21,13:15,151.862,151.941,151.805,151.914,679
2025.10.21,13:30,151.910,151.921,151.863,151.887,675
2025.10.21,13:45,151.889,152.004,151.886,151.945,778
2025.10.21,14:00,151.944,152.057,151.887,152.020,1041
2025.10.21,14:15,152.016,152.086,151.992,152.037,793
2025.10.21,14:30,152.036,152.163,152.032,152.162,872
2025.10.21,14:45,152.163,152.170,152.018,152.024,918
2025.10.21,15:00,152.026,152.086,151.826,151.880,1149
2025.10.21,15:15,151.886,151.894,151.658,151.847,1197
2025.10.21,15:30,151.846,151.855,151.682,151.798,1101
2025.10.21,15:45,151.797,151.849,151.591,151.593,1153
2025.10.21,16:00,151.594,151.626,151.454,151.528,1062
2025.10.21,16:15,151.529,151.672,151.512,151.625,931
2025.10.21,16:30,151.624,151.798,151.596,151.793,1022
2025.10.21,16:45,151.791,151.877,151.771,151.865,1047
2025.10.21,17:00,151.866,151.872,151.756,151.802,808
2025.10.21,17:15,151.803,151.803,151.678,151.698,787
2025.10.21,17:30,151.704,151.818,151.704,151.791,744
2025.10.21,17:45,151.794,151.823,151.720,151.723,582
2025.10.21,18:00,151.718,151.825,151.651,151.790,787
2025.10.21,18:15,151.788,151.851,151.786,151.835,572
2025.10.21,18:30,151.834,151.926,151.831,151.912,691
2025.10.21,18:45,151.913,151.945,151.829,151.852,808
2025.10.21,19:00,151.851,151.938,151.812,151.924,790
2025.10.21,19:15,151.922,151.950,151.887,151.946,601
2025.10.21,19:30,151.945,151.968,151.918,151.924,515
2025.10.21,19:45,151.917,151.941,151.903,151.919,414
2025.10.21,20:00,151.920,151.920,151.872,151.892,489
2025.10.21,20:15,151.891,151.922,151.875,151.910,421
2025.10.21,20:30,151.909,151.911,151.873,151.899,462
2025.10.21,20:45,151.898,151.921,151.880,151.910,421
2025.10.21,21:00,151.909,151.933,151.887,151.913,490
2025.10.21,21:15,151.912,151.959,151.912,151.955,426
2025.10.21,21:30,151.954,151.966,151.911,151.911,314
2025.10.21,21:45,151.913,151.923,151.899,151.911,347
2025.10.21,22:00,151.916,151.942,151.873,151.886,264
2025.10.21,22:15,151.887,151.907,151.886,151.898,174
2025.10.21,22:30,151.899,151.923,151.866,151.891,173
2025.10.21,22:45,151.890,151.926,151.878,151.921,318
2025.10.21,23:00,151.893,151.899,151.850,151.886,124
2025.10.21,23:15,151.886,151.893,151.886,151.891,13
2025.10.21,23:30,151.892,151.902,151.888,151.891,21
2025.10.21,23:45,151.890,151.890,151.881,151.887,52
2025.10.22,00:00,151.868,151.895,151.861,151.883,172
2025.10.22,00:15,151.881,151.887,151.861,151.862,216
2025.10.22,00:30,151.863,151.888,151.862,151.881,197
2025.10.22,00:45,151.882,151.940,151.881,151.931,141
2025.10.22,01:00,151.929,151.947,151.906,151.930,233
2025.10.22,01:15,151.931,151.950,151.929,151.942,181
2025.10.22,01:30,151.943,151.953,151.897,151.906,129
2025.10.22,01:45,151.907,151.940,151.858,151.873,530
2025.10.22,02:00,151.875,151.875,151.711,151.715,1007
2025.10.22,02:15,151.713,151.727,151.615,151.633,818
2025.10.22,02:30,151.634,151.694,151.601,151.669,704
2025.10.22,02:45,151.668,151.701,151.624,151.625,781
2025.10.22,03:00,151.621,151.639,151.485,151.611,860
2025.10.22,03:15,151.600,151.718,151.597,151.702,728
2025.10.22,03:30,151.704,151.715,151.656,151.697,697
2025.10.22,03:45,151.695,151.745,151.682,151.740,626
2025.10.22,04:00,151.739,151.755,151.692,151.720,456
2025.10.22,04:15,151.723,151.731,151.626,151.664,540
2025.10.22,04:30,151.661,151.676,151.588,151.615,457
2025.10.22,04:45,151.617,151.653,151.616,151.626,283
2025.10.22,05:00,151.625,151.706,151.625,151.697,426
2025.10.22,05:15,151.696,151.755,151.693,151.732,406
2025.10.22,05:30,151.733,151.744,151.701,151.708,411
2025.10.22,05:45,151.709,151.815,151.697,151.792,499
2025.10.22,06:00,151.791,151.870,151.772,151.837,565
2025.10.22,06:15,151.838,151.858,151.800,151.800,408
2025.10.22,06:30,151.802,151.813,151.765,151.796,388
2025.10.22,06:45,151.797,151.820,151.750,151.755,374
2025.10.22,07:00,151.754,151.784,151.724,151.732,401
2025.10.22,07:15,151.730,151.755,151.722,151.742,364
2025.10.22,07:30,151.743,151.801,151.735,151.789,385
2025.10.22,07:45,151.791,151.867,151.789,151.857,447
2025.10.22,08:00,151.856,151.945,151.845,151.904,766
2025.10.22,08:15,151.906,151.917,151.789,151.798,781
2025.10.22,08:30,151.799,151.799,151.697,151.742,882
2025.10.22,08:45,151.743,151.769,151.690,151.735,860
2025.10.22,09:00,151.733,151.840,151.617,151.788,939
2025.10.22,09:15,151.786,151.846,151.753,151.808,736
2025.10.22,09:30,151.810,151.812,151.734,151.753,596
2025.10.22,09:45,151.761,151.827,151.714,151.821,560
2025.10.22,10:00,151.826,151.905,151.740,151.761,831
2025.10.22,10:15,151.760,151.795,151.661,151.706,877
2025.10.22,10:30,151.708,151.756,151.696,151.732,716
2025.10.22,10:45,151.737,151.741,151.627,151.684,681
2025.10.22,11:00,151.685,151.727,151.649,151.710,612
2025.10.22,11:15,151.711,151.778,151.690,151.740,639
2025.10.22,11:30,151.739,151.767,151.719,151.762,535
2025.10.22,11:45,151.764,151.822,151.762,151.810,498
2025.10.22,12:00,151.816,151.816,151.714,151.745,513
2025.10.22,12:15,151.744,151.830,151.738,151.741,457
2025.10.22,12:30,151.745,151.809,151.745,151.787,529
2025.10.22,12:45,151.789,151.819,151.766,151.814,575
2025.10.22,13:00,151.818,151.842,151.740,151.784,686
2025.10.22,13:15,151.783,151.852,151.739,151.842,552
2025.10.22,13:30,151.843,151.889,151.733,151.735,798
2025.10.22,13:45,151.737,151.788,151.721,151.782,679
2025.10.22,14:00,151.789,151.842,151.758,151.770,818
2025.10.22,14:15,151.769,151.835,151.750,151.780,638
2025.10.22,14:30,151.772,151.910,151.770,151.909,694
2025.10.22,14:45,151.908,151.964,151.873,151.917,843
2025.10.22,15:00,151.925,152.000,151.874,151.965,810
2025.10.22,15:15,151.966,152.041,151.927,151.998,822
2025.10.22,15:30,152.000,152.011,151.865,151.952,1067
2025.10.22,15:45,151.950,151.995,151.918,151.965,870
2025.10.22,16:00,151.964,151.977,151.864,151.886,831
2025.10.22,16:15,151.884,151.946,151.858,151.866,782
2025.10.22,16:30,151.869,152.000,151.869,151.947,937
2025.10.22,16:45,151.948,152.005,151.864,151.881,990
2025.10.22,17:00,151.880,151.904,151.779,151.820,933
2025.10.22,17:15,151.819,151.826,151.756,151.770,755
2025.10.22,17:30,151.772,151.801,151.746,151.796,676
2025.10.22,17:45,151.795,151.866,151.777,151.789,687
2025.10.22,18:00,151.783,151.838,151.749,151.797,615
2025.10.22,18:15,151.798,151.814,151.775,151.781,503
2025.10.22,18:30,151.782,151.796,151.500,151.714,1307
2025.10.22,18:45,151.713,151.782,151.678,151.760,876
2025.10.22,19:00,151.764,151.806,151.695,151.699,804
2025.10.22,19:15,151.698,151.719,151.604,151.680,770
2025.10.22,19:30,151.679,151.693,151.599,151.610,644
2025.10.22,19:45,151.609,151.684,151.608,151.641,644
2025.10.22,20:00,151.640,151.726,151.640,151.692,626
2025.10.22,20:15,151.693,151.789,151.683,151.775,581
2025.10.22,20:30,151.774,151.882,151.768,151.882,564
2025.10.22,20:45,151.883,151.885,151.830,151.869,506
2025.10.22,21:00,151.875,151.912,151.851,151.889,554
2025.10.22,21:15,151.888,151.951,151.877,151.947,454
2025.10.22,21:30,151.948,151.989,151.943,151.967,477
2025.10.22,21:45,151.968,152.003,151.955,151.977,486
2025.10.22,22:00,151.975,152.007,151.932,151.948,286
2025.10.22,22:15,151.947,151.970,151.927,151.927,225
2025.10.22,22:30,151.929,151.948,151.910,151.922,196
2025.10.22,22:45,151.930,151.965,151.909,151.962,346
2025.10.22,23:00,151.881,151.947,151.881,151.939,15
2025.10.22,23:15,151.931,151.944,151.916,151.923,22
2025.10.22,23:30,151.921,151.921,151.880,151.892,58
2025.10.22,23:45,151.893,151.911,151.875,151.878,103
2025.10.23,00:00,151.894,151.910,151.820,151.833,434
2025.10.23,00:15,151.834,151.879,151.814,151.876,514
2025.10.23,00:30,151.874,151.888,151.855,151.883,332
2025.10.23,00:45,151.884,151.922,151.884,151.898,446
2025.10.23,01:00,151.898,151.953,151.896,151.949,579
2025.10.23,01:15,151.950,151.955,151.912,151.954,536
2025.10.23,01:30,151.954,151.961,151.916,151.952,582
2025.10.23,01:45,151.953,151.993,151.928,151.980,847
2025.10.23,02:00,151.979,152.160,151.969,152.131,1128
2025.10.23,02:15,152.131,152.256,152.131,152.230,1074
2025.10.23,02:30,152.229,152.251,152.184,152.216,769
2025.10.23,02:45,152.217,152.225,152.146,152.146,956
2025.10.23,03:00,152.146,152.277,152.116,152.266,939
2025.10.23,03:15,152.284,152.448,152.272,152.421,1055
2025.10.23,03:30,152.421,152.450,152.361,152.361,839
2025.10.23,03:45,152.361,152.413,152.331,152.409,794
2025.10.23,04:00,152.410,152.444,152.384,152.393,585
2025.10.23,04:15,152.395,152.432,152.377,152.423,580
2025.10.23,04:30,152.422,152.477,152.422,152.469,456
2025.10.23,04:45,152.470,152.498,152.440,152.456,545
2025.10.23,05:00,152.455,152.471,152.436,152.442,431
2025.10.23,05:15,152.441,152.456,152.428,152.442,321
2025.10.23,05:30,152.443,152.452,152.387,152.395,545
2025.10.23,05:45,152.395,152.478,152.394,152.467,418
2025.10.23,06:00,152.466,152.572,152.465,152.507,583
2025.10.23,06:15,152.506,152.512,152.442,152.448,510
2025.10.23,06:30,152.447,152.472,152.430,152.456,531
2025.10.23,06:45,152.456,152.469,152.400,152.407,457
2025.10.23,07:00,152.408,152.422,152.366,152.377,411
2025.10.23,07:15,152.376,152.398,152.345,152.351,483
2025.10.23,07:30,152.352,152.379,152.318,152.319,425
2025.10.23,07:45,152.318,152.379,152.315,152.368,488
2025.10.23,08:00,152.370,152.399,152.324,152.361,761
2025.10.23,08:15,152.362,152.434,152.330,152.426,617
2025.10.23,08:30,152.426,152.580,152.414,152.529,708
2025.10.23,08:45,152.528,152.642,152.505,152.633,795
2025.10.23,09:00,152.634,152.640,152.535,152.552,811
2025.10.23,09:15,152.551,152.551,152.374,152.448,783
2025.10.23,09:30,152.449,152.537,152.435,152.438,608
2025.10.23,09:45,152.437,152.494,152.389,152.490,637
2025.10.23,10:00,152.492,152.504,152.450,152.496,630
2025.10.23,10:15,152.497,152.541,152.493,152.498,560
2025.10.23,10:30,152.500,152.605,152.472,152.591,537
2025.10.23,10:45,152.592,152.645,152.585,152.605,564
2025.10.23,11:00,152.606,152.657,152.569,152.607,607
2025.10.23,11:15,152.608,152.613,152.508,152.521,563
2025.10.23,11:30,152.523,152.621,152.523,152.589,500
2025.10.23,11:45,152.590,152.603,152.563,152.568,519
2025.10.23,12:00,152.567,152.622,152.563,152.585,485
2025.10.23,12:15,152.584,152.636,152.572,152.623,403
2025.10.23,12:30,152.624,152.679,152.604,152.675,400
2025.10.23,12:45,152.674,152.770,152.669,152.764,682
2025.10.23,13:00,152.765,152.777,152.717,152.746,499
2025.10.23,13:15,152.750,152.788,152.740,152.755,449
2025.10.23,13:30,152.752,152.764,152.704,152.706,499
2025.10.23,13:45,152.705,152.734,152.660,152.666,550
2025.10.23,14:00,152.665,152.678,152.607,152.646,628
2025.10.23,14:15,152.645,152.714,152.618,152.624,602
2025.10.23,14:30,152.632,152.641,152.516,152.542,719
2025.10.23,14:45,152.535,152.541,152.453,152.531,807
2025.10.23,15:00,152.522,152.568,152.471,152.556,745
2025.10.23,15:15,152.558,152.623,152.532,152.542,726
2025.10.23,15:30,152.539,152.669,152.496,152.668,918
2025.10.23,15:45,152.667,152.728,152.654,152.681,742
2025.10.23,16:00,152.684,152.702,152.573,152.658,863
2025.10.23,16:15,152.661,152.706,152.636,152.670,860
2025.10.23,16:30,152.671,152.679,152.611,152.626,772
2025.10.23,16:45,152.628,152.650,152.586,152.611,806
2025.10.23,17:00,152.609,152.670,152.577,152.670,673
2025.10.23,17:15,152.671,152.727,152.667,152.709,597
2025.10.23,17:30,152.710,152.759,152.677,152.710,632
2025.10.23,17:45,152.707,152.757,152.702,152.722,603
2025.10.23,18:00,152.717,152.766,152.687,152.746,561
2025.10.23,18:15,152.747,152.793,152.685,152.697,571
2025.10.23,18:30,152.693,152.717,152.671,152.714,539
2025.10.23,18:45,152.713,152.737,152.702,152.716,461
2025.10.23,19:00,152.713,152.731,152.645,152.727,511
2025.10.23,19:15,152.726,152.741,152.690,152.734,440
2025.10.23,19:30,152.732,152.762,152.664,152.671,501
2025.10.23,19:45,152.670,152.677,152.607,152.608,376
2025.10.23,20:00,152.611,152.644,152.600,152.627,542
2025.10.23,20:15,152.626,152.641,152.585,152.603,414
2025.10.23,20:30,152.602,152.610,152.546,152.552,493
2025.10.23,20:45,152.551,152.555,152.516,152.527,554
2025.10.23,21:00,152.529,152.531,152.489,152.518,478
2025.10.23,21:15,152.517,152.556,152.517,152.545,315
2025.10.23,21:30,152.544,152.560,152.534,152.542,323
2025.10.23,21:45,152.543,152.560,152.506,152.558,348
2025.10.23,22:00,152.556,152.606,152.556,152.594,303
2025.10.23,22:15,152.593,152.596,152.556,152.566,277
2025.10.23,22:30,152.569,152.595,152.565,152.593,214
2025.10.23,22:45,152.594,152.594,152.551,152.573,359
2025.10.23,23:00,152.520,152.563,152.519,152.537,38
2025.10.23,23:15,152.528,152.596,152.528,152.580,29
2025.10.23,23:30,152.584,152.588,152.578,152.582,38
2025.10.23,23:45,152.585,152.598,152.548,152.548,49
2025.10.24,00:00,152.526,152.558,152.509,152.524,182
2025.10.24,00:15,152.525,152.566,152.523,152.527,223
2025.10.24,00:30,152.526,152.577,152.501,152.576,200
2025.10.24,00:45,152.575,152.591,152.547,152.583,248
2025.10.24,01:00,152.582,152.625,152.562,152.611,293
2025.10.24,01:15,152.610,152.626,152.598,152.625,123
2025.10.24,01:30,152.623,152.670,152.575,152.577,310
2025.10.24,01:45,152.575,152.635,152.570,152.607,473
2025.10.24,02:00,152.606,152.609,152.502,152.545,747
2025.10.24,02:15,152.550,152.595,152.525,152.538,477
2025.10.24,02:30,152.539,152.555,152.472,152.537,421
2025.10.24,02:45,152.538,152.658,152.521,152.643,771
2025.10.24,03:00,152.645,152.739,152.635,152.714,720
2025.10.24,03:15,152.715,152.866,152.698,152.829,566
2025.10.24,03:30,152.828,152.890,152.826,152.850,586
2025.10.24,03:45,152.851,152.895,152.824,152.895,535
2025.10.24,04:00,152.893,152.910,152.831,152.840,434
2025.10.24,04:15,152.841,152.899,152.839,152.892,387
2025.10.24,04:30,152.893,152.907,152.765,152.817,432
2025.10.24,04:45,152.816,152.894,152.813,152.884,469
2025.10.24,05:00,152.885,152.896,152.859,152.896,272
2025.10.24,05:15,152.895,152.910,152.848,152.848,305
2025.10.24,05:30,152.849,152.849,152.770,152.788,348
2025.10.24,05:45,152.789,152.789,152.707,152.765,345
2025.10.24,06:00,152.767,152.877,152.765,152.849,428
2025.10.24,06:15,152.850,152.886,152.849,152.863,365
2025.10.24,06:30,152.864,152.886,152.859,152.885,313
2025.10.24,06:45,152.884,152.909,152.866,152.885,337
2025.10.24,07:00,152.887,153.002,152.887,152.930,518
2025.10.24,07:15,152.932,153.029,152.910,153.024,416
2025.10.24,07:30,153.022,153.033,152.872,152.925,461
2025.10.24,07:45,152.927,152.956,152.889,152.954,420
2025.10.24,08:00,152.953,153.053,152.916,153.052,817
2025.10.24,08:15,153.054,153.056,152.947,152.957,629
2025.10.24,08:30,152.957,152.989,152.926,152.950,561
2025.10.24,08:45,152.951,152.998,152.914,152.914,601
2025.10.24,09:00,152.915,152.946,152.808,152.829,646
2025.10.24,09:15,152.837,152.879,152.758,152.769,608
2025.10.24,09:30,152.769,152.859,152.748,152.847,729
2025.10.24,09:45,152.849,152.884,152.819,152.827,556
2025.10.24,10:00,152.824,152.881,152.806,152.861,586
2025.10.24,10:15,152.862,153.014,152.861,152.978,674
2025.10.24,10:30,152.979,153.002,152.909,152.938,524
2025.10.24,10:45,152.940,152.987,152.931,152.946,508
2025.10.24,11:00,152.947,152.989,152.916,152.921,521
2025.10.24,11:15,152.922,152.981,152.904,152.952,471
2025.10.24,11:30,152.953,152.955,152.896,152.912,435
2025.10.24,11:45,152.913,152.956,152.899,152.953,467
2025.10.24,12:00,152.956,152.977,152.900,152.931,417
2025.10.24,12:15,152.930,152.957,152.928,152.942,269
2025.10.24,12:30,152.943,152.964,152.914,152.928,316
2025.10.24,12:45,152.927,152.976,152.927,152.973,276
2025.10.24,13:00,152.975,152.988,152.928,152.950,529
2025.10.24,13:15,152.946,152.964,152.903,152.941,449
2025.10.24,13:30,152.943,152.957,152.930,152.950,356
2025.10.24,13:45,152.949,152.980,152.931,152.931,487
2025.10.24,14:00,152.929,152.935,152.837,152.878,738
2025.10.24,14:15,152.879,152.958,152.854,152.858,613
2025.10.24,14:30,152.837,152.837,152.209,152.416,1674
2025.10.24,14:45,152.417,152.687,152.398,152.670,1117
2025.10.24,15:00,152.669,152.749,152.592,152.738,1131
2025.10.24,15:15,152.733,152.819,152.725,152.770,955
2025.10.24,15:30,152.759,152.862,152.663,152.663,929
2025.10.24,15:45,152.885,153.017,152.798,152.815,1073
2025.10.24,16:00,152.813,152.895,152.699,152.733,993
2025.10.24,16:15,152.737,152.782,152.693,152.759,801
2025.10.24,16:30,152.763,152.840,152.744,152.778,781
2025.10.24,16:45,152.777,152.865,152.745,152.765,797
2025.10.24,17:00,152.764,152.794,152.701,152.757,696
2025.10.24,17:15,152.756,152.794,152.744,152.762,536
2025.10.24,17:30,152.763,152.870,152.755,152.821,610
2025.10.24,17:45,152.817,152.875,152.796,152.817,584
2025.10.24,18:00,152.825,152.832,152.781,152.796,444
2025.10.24,18:15,152.797,152.836,152.793,152.818,383
2025.10.24,18:30,152.819,152.871,152.809,152.847,380
2025.10.24,18:45,152.844,152.851,152.807,152.833,475
2025.10.24,19:00,152.835,152.835,152.746,152.771,402
2025.10.24,19:15,152.770,152.820,152.769,152.796,367
2025.10.24,19:30,152.801,152.817,152.774,152.794,268
2025.10.24,19:45,152.793,152.815,152.778,152.804,420
2025.10.24,20:00,152.805,152.842,152.794,152.841,355
2025.10.24,20:15,152.840,152.865,152.828,152.860,358
2025.10.24,20:30,152.862,152.871,152.841,152.868,348
2025.10.24,20:45,152.870,152.887,152.843,152.860,408
2025.10.24,21:00,152.859,152.859,152.814,152.814,276
2025.10.24,21:15,152.813,152.852,152.813,152.851,216
2025.10.24,21:30,152.852,152.890,152.850,152.850,313
2025.10.24,21:45,152.851,152.861,152.797,152.822,387
2025.10.26,23:00,153.052,153.141,152.942,153.065,618
2025.10.26,23:15,153.053,153.109,153.018,153.072,638
2025.10.26,23:30,153.071,153.118,152.991,153.051,506
2025.10.26,23:45,153.052,153.098,153.045,153.068,434
2025.10.27,00:00,153.071,153.158,153.049,153.145,409
2025.10.27,00:15,153.144,153.173,153.112,153.125,272
2025.10.27,00:30,153.127,153.133,153.012,153.058,504
2025.10.27,00:45,153.059,153.091,153.012,153.067,455
2025.10.27,01:00,153.071,153.150,152.920,153.140,807
2025.10.27,01:15,153.137,153.137,153.020,153.032,532
2025.10.27,01:30,153.031,153.045,152.919,152.919,509
2025.10.27,01:45,152.929,152.948,152.827,152.885,854
2025.10.27,02:00,152.884,152.984,152.726,152.731,741
2025.10.27,02:15,152.732,152.790,152.652,152.723,635
2025.10.27,02:30,152.722,152.794,152.708,152.775,555
2025.10.27,02:45,152.774,152.831,152.752,152.829,518
2025.10.27,03:00,152.831,152.952,152.818,152.940,523
2025.10.27,03:15,152.941,153.010,152.929,152.973,423
2025.10.27,03:30,152.974,152.998,152.946,152.958,296
2025.10.27,03:45,152.959,152.992,152.959,152.979,371
2025.10.27,04:00,152.976,152.999,152.958,152.973,358
2025.10.27,04:15,152.977,152.996,152.947,152.968,307
2025.10.27,04:30,152.962,152.998,152.960,152.996,272
2025.10.27,04:45,152.997,153.047,152.982,153.041,282
2025.10.27,05:00,153.042,153.121,153.042,153.085,480
2025.10.27,05:15,153.083,153.088,153.032,153.057,369
2025.10.27,05:30,153.056,153.162,153.054,153.103,421
2025.10.27,05:45,153.101,153.157,153.101,153.134,356
2025.10.27,06:00,153.135,153.238,153.126,153.225,526
2025.10.27,06:15,153.227,153.252,153.212,153.228,400
2025.10.27,06:30,153.229,153.238,153.148,153.169,462
2025.10.27,06:45,153.170,153.181,153.107,153.123,409
2025.10.27,07:00,153.122,153.133,153.027,153.051,622
2025.10.27,07:15,153.049,153.083,152.969,153.000,603
2025.10.27,07:30,153.001,153.034,152.829,152.915,619
2025.10.27,07:45,152.914,153.042,152.902,152.973,474
2025.10.27,08:00,152.977,152.991,152.862,152.907,803
2025.10.27,08:15,152.905,153.021,152.878,152.999,746
2025.10.27,08:30,153.003,153.020,152.855,152.929,693
2025.10.27,08:45,152.930,153.020,152.914,153.010,718
2025.10.27,09:00,153.011,153.073,152.896,152.916,761
2025.10.27,09:15,152.917,152.946,152.883,152.915,594
2025.10.27,09:30,152.911,152.918,152.739,152.779,859
2025.10.27,09:45,152.775,152.840,152.739,152.815,674
2025.10.27,10:00,152.816,152.816,152.753,152.782,676
2025.10.27,10:15,152.780,152.807,152.760,152.775,537
2025.10.27,10:30,152.774,152.790,152.711,152.711,582
2025.10.27,10:45,152.710,152.746,152.696,152.746,554
2025.10.27,11:00,152.744,152.783,152.732,152.755,535
2025.10.27,11:15,152.758,152.808,152.717,152.807,497
2025.10.27,11:30,152.810,152.844,152.767,152.787,545
2025.10.27,11:45,152.786,152.802,152.734,152.767,386
2025.10.27,12:00,152.761,152.765,152.702,152.733,541
2025.10.27,12:15,152.732,152.755,152.590,152.721,685
2025.10.27,12:30,152.722,152.803,152.691,152.746,633
2025.10.27,12:45,152.756,152.793,152.602,152.632,726
2025.10.27,13:00,152.633,152.669,152.562,152.652,744
2025.10.27,13:15,152.651,152.741,152.636,152.738,557
2025.10.27,13:30,152.739,152.840,152.719,152.817,679
2025.10.27,13:45,152.818,152.893,152.788,152.839,642
2025.10.27,14:00,152.838,152.891,152.803,152.836,664
2025.10.27,14:15,152.838,152.967,152.837,152.951,612
2025.10.27,14:30,152.953,153.182,152.939,153.164,979
2025.10.27,14:45,153.163,153.192,153.097,153.106,835
2025.10.27,15:00,153.099,153.185,153.070,153.073,724
2025.10.27,15:15,153.075,153.079,153.017,153.030,731
2025.10.27,15:30,153.023,153.092,153.014,153.069,645
2025.10.27,15:45,153.071,153.091,152.996,152.997,643
2025.10.27,16:00,153.000,153.111,152.982,153.031,724
2025.10.27,16:15,153.034,153.105,153.029,153.085,526
2025.10.27,16:30,153.087,153.107,153.043,153.093,539
2025.10.27,16:45,153.095,153.117,153.048,153.082,608
2025.10.27,17:00,153.083,153.087,153.021,153.058,427
2025.10.27,17:15,153.059,153.081,153.043,153.059,407
2025.10.27,17:30,153.043,153.058,153.004,153.043,473
2025.10.27,17:45,153.042,153.046,152.973,152.990,528
2025.10.27,18:00,152.989,153.013,152.935,152.997,467
2025.10.27,18:15,152.996,153.060,152.991,153.055,460
2025.10.27,18:30,153.053,153.086,153.046,153.086,375
2025.10.27,18:45,153.085,153.087,153.046,153.055,350
2025.10.27,19:00,153.051,153.066,153.033,153.034,299
2025.10.27,19:15,153.033,153.058,153.022,153.054,395
2025.10.27,19:30,153.055,153.057,152.884,152.908,467
2025.10.27,19:45,152.910,152.923,152.755,152.813,685
2025.10.27,20:00,152.812,152.880,152.812,152.827,589
2025.10.27,20:15,152.828,152.894,152.828,152.893,431
2025.10.27,20:30,152.892,152.946,152.891,152.940,445
2025.10.27,20:45,152.947,152.948,152.867,152.902,400
2025.10.27,21:00,152.900,152.902,152.848,152.881,218
2025.10.27,21:15,152.880,152.887,152.844,152.844,159
2025.10.27,21:30,152.845,152.899,152.845,152.895,172
2025.10.27,21:45,152.894,152.908,152.861,152.867,372
2025.10.27,22:00,152.783,152.863,152.783,152.852,17
2025.10.27,22:15,152.852,152.863,152.850,152.862,11
2025.10.27,22:30,152.863,152.864,152.844,152.844,15
2025.10.27,22:45,152.850,152.862,152.795,152.795,33
2025.10.27,23:00,152.757,152.810,152.700,152.810,264
2025.10.27,23:15,152.808,152.841,152.778,152.797,140
2025.10.27,23:30,152.795,152.798,152.771,152.788,172
2025.10.27,23:45,152.787,152.802,152.732,152.739,164
2025.10.28,00:00,152.746,152.767,152.723,152.755,264
2025.10.28,00:15,152.753,152.767,152.739,152.755,264
2025.10.28,00:30,152.754,152.757,152.682,152.683,260
2025.10.28,00:45,152.682,152.719,152.627,152.694,438
2025.10.28,01:00,152.690,152.730,152.546,152.549,762
2025.10.28,01:15,152.558,152.601,152.500,152.522,597
2025.10.28,01:30,152.514,152.519,152.398,152.451,612
2025.10.28,01:45,152.450,152.555,152.391,152.488,918
2025.10.28,02:00,152.492,152.509,152.289,152.302,823
2025.10.28,02:15,152.299,152.483,152.261,152.458,765
2025.10.28,02:30,152.457,152.459,152.320,152.341,672
2025.10.28,02:45,152.342,152.421,152.325,152.395,652
2025.10.28,03:00,152.397,152.398,152.293,152.375,572
2025.10.28,03:15,152.373,152.417,152.346,152.403,531
2025.10.28,03:30,152.402,152.463,152.402,152.428,443
2025.10.28,03:45,152.426,152.467,152.405,152.453,389
2025.10.28,04:00,152.455,152.463,152.386,152.415,374
2025.10.28,04:15,152.418,152.461,152.405,152.406,368
2025.10.28,04:30,152.405,152.469,152.389,152.431,388
2025.10.28,04:45,152.435,152.435,152.160,152.272,765
2025.10.28,05:00,152.271,152.299,152.217,152.256,594
2025.10.28,05:15,152.259,152.259,152.118,152.176,763
2025.10.28,05:30,152.177,152.221,152.004,152.025,768
2025.10.28,05:45,152.026,152.034,151.847,151.870,892
2025.10.28,06:00,151.872,151.930,151.817,151.898,846
2025.10.28,06:15,151.899,151.906,151.754,151.795,802
2025.10.28,06:30,151.791,151.893,151.763,151.874,725
2025.10.28,06:45,151.875,151.966,151.857,151.907,716
2025.10.28,07:00,151.908,151.990,151.852,151.927,690
2025.10.28,07:15,151.929,151.984,151.809,151.975,758
2025.10.28,07:30,151.977,152.052,151.957,151.984,802
2025.10.28,07:45,151.983,152.036,151.933,152.015,622
2025.10.28,08:00,152.027,152.346,152.027,152.137,1123
2025.10.28,08:15,152.136,152.228,152.117,152.144,862
2025.10.28,08:30,152.143,152.206,152.053,152.078,779
2025.10.28,08:45,152.077,152.196,152.026,152.138,1002
2025.10.28,09:00,152.137,152.157,152.035,152.093,867
2025.10.28,09:15,152.090,152.093,151.940,152.000,894
2025.10.28,09:30,151.997,151.997,151.842,151.858,845
2025.10.28,09:45,151.861,151.985,151.860,151.948,718
2025.10.28,10:00,151.950,152.021,151.897,151.986,714
2025.10.28,10:15,151.987,152.074,151.942,152.060,632
2025.10.28,10:30,152.054,152.055,151.870,151.893,579
2025.10.28,10:45,151.888,151.970,151.888,151.909,587
2025.10.28,11:00,151.911,151.981,151.857,151.896,623
2025.10.28,11:15,151.895,151.896,151.850,151.888,464
2025.10.28,11:30,151.889,151.924,151.821,151.871,648
2025.10.28,11:45,151.870,151.876,151.829,151.859,573
2025.10.28,12:00,151.858,151.963,151.854,151.950,530
2025.10.28,12:15,151.951,151.990,151.870,151.982,604
2025.10.28,12:30,151.983,152.079,151.965,152.042,539
2025.10.28,12:45,152.041,152.064,152.020,152.030,482
2025.10.28,13:00,152.029,152.171,152.014,152.119,717
2025.10.28,13:15,152.122,152.136,152.016,152.079,729
2025.10.28,13:30,152.081,152.180,152.038,152.168,741
2025.10.28,13:45,152.169,152.213,152.127,152.127,770
2025.10.28,14:00,152.128,152.338,152.124,152.334,848
2025.10.28,14:15,152.338,152.368,152.262,152.265,792
2025.10.28,14:30,152.269,152.332,152.222,152.285,850
2025.10.28,14:45,152.284,152.297,152.179,152.191,719
2025.10.28,15:00,152.194,152.254,152.090,152.114,878
2025.10.28,15:15,152.122,152.150,152.037,152.075,735
2025.10.28,15:30,152.073,152.146,151.980,152.010,732
2025.10.28,15:45,152.009,152.048,151.971,151.979,594
2025.10.28,16:00,151.981,152.018,151.891,152.012,772
2025.10.28,16:15,152.010,152.070,152.000,152.020,560
2025.10.28,16:30,152.019,152.020,151.849,151.907,682
2025.10.28,16:45,151.906,152.174,151.893,152.140,916
2025.10.28,17:00,152.138,152.201,152.114,152.150,740
2025.10.28,17:15,152.149,152.186,152.119,152.154,615
2025.10.28,17:30,152.153,152.301,152.153,152.208,863
2025.10.28,17:45,152.210,152.246,152.105,152.105,661
2025.10.28,18:00,152.104,152.190,152.100,152.159,622
2025.10.28,18:15,152.163,152.165,152.117,152.127,559
2025.10.28,18:30,152.123,152.171,152.089,152.168,496
2025.10.28,18:45,152.170,152.187,152.149,152.170,496
2025.10.28,19:00,152.171,152.202,152.147,152.149,521
2025.10.28,19:15,152.148,152.212,152.143,152.212,521
2025.10.28,19:30,152.215,152.240,152.156,152.190,520
2025.10.28,19:45,152.191,152.191,152.085,152.098,604
2025.10.28,20:00,152.097,152.099,152.030,152.044,511
2025.10.28,20:15,152.043,152.045,151.983,151.995,501
2025.10.28,20:30,151.994,152.001,151.942,151.964,375
2025.10.28,20:45,151.965,152.057,151.963,152.051,506
2025.10.28,21:00,152.052,152.082,152.043,152.077,356
2025.10.28,21:15,152.076,152.127,152.059,152.102,218
2025.10.28,21:30,152.101,152.120,152.073,152.082,253
2025.10.28,21:45,152.083,152.107,152.068,152.097,453
2025.10.28,22:00,151.994,152.075,151.992,152.034,40
2025.10.28,22:15,152.025,152.067,152.003,152.067,33
2025.10.28,22:30,152.059,152.076,152.057,152.057,26
2025.10.28,22:45,152.059,152.143,152.011,152.011,52
2025.10.28,23:00,152.026,152.156,151.953,152.153,246
2025.10.28,23:15,152.152,152.155,152.120,152.136,142
2025.10.28,23:30,152.134,152.157,152.129,152.157,162
2025.10.28,23:45,152.158,152.176,152.154,152.165,249
2025.10.29,00:00,152.163,152.177,152.093,152.095,130
2025.10.29,00:15,152.094,152.179,152.093,152.174,211
2025.10.29,00:30,152.175,152.191,152.109,152.109,224
2025.10.29,00:45,152.106,152.189,151.722,151.735,714
2025.10.29,01:00,151.744,151.758,151.532,151.720,876
2025.10.29,01:15,151.726,151.857,151.719,151.816,859
2025.10.29,01:30,151.815,151.883,151.747,151.803,768
2025.10.29,01:45,151.804,151.804,151.547,151.630,1052
2025.10.29,02:00,151.629,151.720,151.548,151.669,846
2025.10.29,02:15,151.668,151.791,151.599,151.731,695
2025.10.29,02:30,151.736,151.912,151.735,151.888,772
2025.10.29,02:45,151.887,151.893,151.785,151.888,701
2025.10.29,03:00,151.890,151.981,151.884,151.966,596
2025.10.29,03:15,151.968,152.108,151.946,152.094,609
2025.10.29,03:30,152.095,152.138,152.048,152.062,521
2025.10.29,03:45,152.061,152.085,151.970,151.977,419
2025.10.29,04:00,151.975,151.996,151.919,151.984,393
2025.10.29,04:15,151.983,151.998,151.933,151.976,437
2025.10.29,04:30,151.977,152.026,151.914,152.007,524
2025.10.29,04:45,152.006,152.052,151.977,152.048,475
2025.10.29,05:00,152.050,152.085,151.984,152.002,384
2025.10.29,05:15,152.003,152.052,151.955,152.036,361
2025.10.29,05:30,152.037,152.097,152.014,152.051,397
2025.10.29,05:45,152.050,152.108,152.037,152.070,394
2025.10.29,06:00,152.072,152.199,152.059,152.178,528
2025.10.29,06:15,152.177,152.448,152.177,152.446,729
2025.10.29,06:30,152.445,152.538,152.434,152.516,543
2025.10.29,06:45,152.515,152.520,152.327,152.361,701
2025.10.29,07:00,152.360,152.445,152.345,152.357,609
2025.10.29,07:15,152.360,152.401,152.259,152.279,557
2025.10.29,07:30,152.280,152.280,152.202,152.211,574
2025.10.29,07:45,152.212,152.225,152.126,152.137,532
2025.10.29,08:00,152.159,152.175,152.053,152.109,699
2025.10.29,08:15,152.108,152.145,152.012,152.025,738
2025.10.29,08:30,152.001,152.120,151.996,152.063,696
2025.10.29,08:45,152.064,152.135,152.009,152.054,686
2025.10.29,09:00,152.059,152.265,152.046,152.249,687
2025.10.29,09:15,152.250,152.284,152.201,152.226,589
2025.10.29,09:30,152.225,152.330,152.215,152.272,522
2025.10.29,09:45,152.261,152.330,152.252,152.330,573
2025.10.29,10:00,152.332,152.421,152.327,152.384,638
2025.10.29,10:15,152.385,152.463,152.313,152.343,560
2025.10.29,10:30,152.344,152.377,152.273,152.292,591
2025.10.29,10:45,152.293,152.297,152.193,152.228,658
2025.10.29,11:00,152.229,152.333,152.201,152.331,483
2025.10.29,11:15,152.334,152.338,152.238,152.250,362
2025.10.29,11:30,152.251,152.266,152.210,152.263,391
2025.10.29,11:45,152.262,152.289,152.220,152.238,344
2025.10.29,12:00,152.240,152.274,152.200,152.258,485
2025.10.29,12:15,152.259,152.404,152.257,152.359,550
2025.10.29,12:30,152.361,152.361,152.220,152.256,478
2025.10.29,12:45,152.257,152.278,152.132,152.238,646
2025.10.29,13:00,152.225,152.263,152.155,152.251,663
2025.10.29,13:15,152.250,152.294,152.206,152.261,645
2025.10.29,13:30,152.260,152.280,152.212,152.230,672
2025.10.29,13:45,152.231,152.260,152.191,152.236,604
2025.10.29,14:00,152.235,152.238,152.020,152.022,719
2025.10.29,14:15,152.028,152.030,151.882,151.906,839
2025.10.29,14:30,151.907,151.972,151.858,151.965,879
2025.10.29,14:45,151.964,152.067,151.944,151.996,787
2025.10.29,15:00,151.998,152.069,151.984,152.043,831
2025.10.29,15:15,152.044,152.089,151.979,152.080,749
2025.10.29,15:30,152.085,152.164,152.067,152.087,790
2025.10.29,15:45,152.086,152.114,152.019,152.030,647
2025.10.29,16:00,152.031,152.046,151.940,152.041,702
2025.10.29,16:15,152.040,152.056,151.998,152.031,664
2025.10.29,16:30,152.032,152.035,151.997,152.000,525
2025.10.29,16:45,152.001,152.044,151.900,151.907,848
2025.10.29,17:00,151.906,152.164,151.893,152.092,1017
2025.10.29,17:15,152.090,152.105,152.017,152.037,586
2025.10.29,17:30,152.042,152.129,152.042,152.113,640
2025.10.29,17:45,152.112,152.174,152.106,152.146,604
2025.10.29,18:00,152.145,152.151,152.097,152.097,468
2025.10.29,18:15,152.096,152.191,152.084,152.189,609
2025.10.29,18:30,152.193,152.311,152.193,152.288,648
2025.10.29,18:45,152.287,152.300,152.222,152.237,592
2025.10.29,19:00,152.237,152.473,152.181,152.468,1371
2025.10.29,19:15,152.470,152.482,152.359,152.426,1002
2025.10.29,19:30,152.429,153.046,152.252,152.787,1905
2025.10.29,19:45,152.777,152.993,152.764,152.820,1582
2025.10.29,20:00,152.817,152.963,152.775,152.878,1429
2025.10.29,20:15,152.868,153.028,152.811,153.013,1165
2025.10.29,20:30,153.023,153.054,152.853,152.895,896
2025.10.29,20:45,152.894,152.901,152.748,152.813,881
2025.10.29,21:00,152.812,152.872,152.770,152.821,825
2025.10.29,21:15,152.820,152.860,152.789,152.789,692
2025.10.29,21:30,152.788,152.801,152.582,152.682,718
2025.10.29,21:45,152.683,152.745,152.660,152.726,595
2025.10.29,22:00,152.621,152.647,152.607,152.646,12
2025.10.29,22:15,152.642,152.724,152.579,152.652,95
2025.10.29,22:30,152.647,152.715,152.543,152.664,59
2025.10.29,22:45,152.659,152.666,152.626,152.650,29
2025.10.29,23:00,152.642,152.681,152.604,152.656,343
2025.10.29,23:15,152.663,152.700,152.660,152.692,226
2025.10.29,23:30,152.689,152.731,152.689,152.699,294
2025.10.29,23:45,152.700,152.719,152.663,152.690,351
2025.10.30,00:00,152.689,152.724,152.647,152.708,373
2025.10.30,00:15,152.707,152.710,152.675,152.699,392
2025.10.30,00:30,152.698,152.709,152.583,152.632,431
2025.10.30,00:45,152.631,152.754,152.631,152.720,595
2025.10.30,01:00,152.721,152.942,152.685,152.719,968
2025.10.30,01:15,152.718,152.741,152.500,152.513,831
2025.10.30,01:30,152.514,152.715,152.514,152.604,762
2025.10.30,01:45,152.602,152.738,152.519,152.629,1051
2025.10.30,02:00,152.630,152.675,152.466,152.579,937
2025.10.30,02:15,152.578,152.655,152.548,152.588,731
2025.10.30,02:30,152.591,152.591,152.447,152.490,705
2025.10.30,02:45,152.489,152.543,152.453,152.538,587
2025.10.30,03:00,152.539,152.556,152.388,152.397,701
2025.10.30,03:15,152.396,152.489,152.386,152.480,611
2025.10.30,03:30,152.476,152.488,152.417,152.425,469
2025.10.30,03:45,152.424,152.439,152.312,152.334,663
2025.10.30,04:00,152.332,152.335,152.158,152.183,694
2025.10.30,04:15,152.182,152.958,152.181,152.911,1233
2025.10.30,04:30,152.912,153.132,152.910,153.009,979
2025.10.30,04:45,153.013,153.096,152.938,152.960,817
2025.10.30,05:00,152.956,153.017,152.643,152.739,1034
2025.10.30,05:15,152.737,152.788,152.557,152.600,1115
2025.10.30,05:30,152.604,152.943,152.604,152.786,1113
2025.10.30,05:45,152.787,152.850,152.707,152.761,878
2025.10.30,06:00,152.770,152.832,152.668,152.799,780
2025.10.30,06:15,152.800,152.979,152.780,152.960,726
2025.10.30,06:30,152.964,152.988,152.899,152.905,612
2025.10.30,06:45,152.904,153.037,152.887,153.033,547
2025.10.30,07:00,153.034,153.080,152.926,152.960,734
2025.10.30,07:15,152.962,153.050,152.937,153.047,731
2025.10.30,07:30,153.035,153.519,152.965,153.492,1089
2025.10.30,07:45,153.502,153.507,153.334,153.336,1036
2025.10.30,08:00,153.333,153.465,153.286,153.432,1206
2025.10.30,08:15,153.433,153.536,153.344,153.354,1110
2025.10.30,08:30,153.350,153.450,153.275,153.400,978
2025.10.30,08:45,153.401,153.477,153.397,153.399,936
2025.10.30,09:00,153.399,153.745,153.397,153.708,1023
2025.10.30,09:15,153.706,153.848,153.690,153.825,887
2025.10.30,09:30,153.823,153.883,153.729,153.744,672
2025.10.30,09:45,153.747,153.790,153.680,153.742,576
2025.10.30,10:00,153.745,153.796,153.716,153.771,656
2025.10.30,10:15,153.772,153.776,153.675,153.764,569
2025.10.30,10:30,153.767,153.768,153.620,153.696,769
2025.10.30,10:45,153.697,153.795,153.663,153.776,758
2025.10.30,11:00,153.777,153.889,153.769,153.845,720
2025.10.30,11:15,153.843,153.892,153.798,153.862,629
2025.10.30,11:30,153.863,153.945,153.846,153.931,583
2025.10.30,11:45,153.929,153.955,153.895,153.951,518
2025.10.30,12:00,153.954,154.001,153.861,153.906,740
2025.10.30,12:15,153.907,153.947,153.871,153.913,617
2025.10.30,12:30,153.917,154.034,153.867,154.028,739
2025.10.30,12:45,154.027,154.169,154.015,154.113,816
2025.10.30,13:00,154.111,154.182,154.074,154.162,749
2025.10.30,13:15,154.163,154.281,154.127,154.212,855
2025.10.30,13:30,154.220,154.247,154.155,154.187,934
2025.10.30,13:45,154.188,154.286,154.165,154.286,895
2025.10.30,14:00,154.287,154.441,154.254,154.351,1099
2025.10.30,14:15,154.345,154.377,154.276,154.312,870
2025.10.30,14:30,154.315,154.341,154.141,154.157,1102
2025.10.30,14:45,154.156,154.307,154.152,154.194,1102
2025.10.30,15:00,154.189,154.229,154.052,154.095,1117
2025.10.30,15:15,154.092,154.173,154.071,154.144,979
2025.10.30,15:30,154.147,154.207,154.103,154.170,907
2025.10.30,15:45,154.171,154.315,154.159,154.285,975
2025.10.30,16:00,154.274,154.336,154.200,154.203,932
2025.10.30,16:15,154.201,154.202,154.114,154.118,612
2025.10.30,16:30,154.127,154.223,154.105,154.106,597
2025.10.30,16:45,154.107,154.179,154.040,154.169,890
2025.10.30,17:00,154.167,154.226,154.129,154.150,760
2025.10.30,17:15,154.152,154.193,154.084,154.090,732
2025.10.30,17:30,154.089,154.143,154.088,154.096,599
2025.10.30,17:45,154.095,154.137,154.064,154.094,609
2025.10.30,18:00,154.095,154.098,154.046,154.097,602
2025.10.30,18:15,154.105,154.120,154.059,154.091,571
2025.10.30,18:30,154.095,154.165,154.073,154.136,519
2025.10.30,18:45,154.137,154.137,154.090,154.096,538
2025.10.30,19:00,154.095,154.143,154.082,154.118,547
2025.10.30,19:15,154.119,154.144,154.104,154.116,525
2025.10.30,19:30,154.113,154.120,154.045,154.096,470
2025.10.30,19:45,154.092,154.120,154.067,154.078,519
2025.10.30,20:00,154.077,154.077,154.019,154.022,606
2025.10.30,20:15,154.023,154.082,154.023,154.070,488
2025.10.30,20:30,154.071,154.085,154.045,154.048,361
2025.10.30,20:45,154.049,154.073,154.015,154.072,527
2025.10.30,21:00,154.061,154.078,154.041,154.065,307
2025.10.30,21:15,154.064,154.093,154.036,154.085,226
2025.10.30,21:30,154.056,154.110,154.045,154.107,377
2025.10.30,21:45,154.108,154.157,154.084,154.118,598
2025.10.30,22:00,154.046,154.056,154.044,154.048,14
2025.10.30,22:15,154.049,154.126,154.049,154.123,46
2025.10.30,22:30,154.122,154.123,154.106,154.116,23
2025.10.30,22:45,154.121,154.121,154.075,154.075,41
2025.10.30,23:00,154.067,154.118,154.044,154.054,313
2025.10.30,23:15,154.057,154.065,154.030,154.047,171
2025.10.30,23:30,154.046,154.134,154.042,154.110,245
2025.10.30,23:45,154.111,154.121,154.083,154.106,257
2025.10.31,00:00,154.103,154.124,154.064,154.067,432
2025.10.31,00:15,154.066,154.162,154.066,154.142,298
2025.10.31,00:30,154.107,154.111,153.936,153.936,560
2025.10.31,00:45,153.937,153.952,153.839,153.907,587
2025.10.31,01:00,153.902,153.965,153.818,153.914,738
2025.10.31,01:15,153.913,153.969,153.905,153.950,492
2025.10.31,01:30,153.951,153.955,153.849,153.882,523
2025.10.31,01:45,153.880,154.032,153.875,153.889,887
2025.10.31,02:00,153.890,153.916,153.696,153.763,963
2025.10.31,02:15,153.761,153.765,153.650,153.700,754
2025.10.31,02:30,153.700,153.778,153.651,153.657,644
2025.10.31,02:45,153.659,153.839,153.655,153.826,672
2025.10.31,03:00,153.827,153.876,153.795,153.812,608
2025.10.31,03:15,153.810,153.812,153.738,153.749,323
2025.10.31,03:30,153.750,153.829,153.738,153.825,491
2025.10.31,03:45,153.826,153.881,153.788,153.881,578
2025.10.31,04:00,153.880,153.912,153.846,153.912,466
2025.10.31,04:15,153.911,153.943,153.903,153.918,560
2025.10.31,04:30,153.919,153.990,153.911,153.982,524
2025.10.31,04:45,153.983,154.063,153.974,154.034,428
2025.10.31,05:00,154.032,154.049,153.903,153.925,507
2025.10.31,05:15,153.927,154.023,153.918,153.948,475
2025.10.31,05:30,153.947,153.994,153.905,153.913,493
2025.10.31,05:45,153.914,153.966,153.905,153.931,489
2025.10.31,06:00,153.928,153.959,153.912,153.951,488
2025.10.31,06:15,153.950,154.050,153.950,153.985,570
2025.10.31,06:30,153.988,153.992,153.875,153.923,600
2025.10.31,06:45,153.927,153.945,153.827,153.908,724
2025.10.31,07:00,153.906,154.026,153.881,153.952,756
2025.10.31,07:15,153.951,154.090,153.906,154.082,610
2025.10.31,07:30,154.077,154.169,154.000,154.164,741
2025.10.31,07:45,154.165,154.231,154.116,154.219,618
2025.10.31,08:00,154.220,154.398,154.193,154.291,1042
2025.10.31,08:15,154.289,154.302,154.169,154.251,789
2025.10.31,08:30,154.256,154.338,154.175,154.332,901
2025.10.31,08:45,154.333,154.368,154.233,154.303,1003
2025.10.31,09:00,154.301,154.336,154.223,154.336,760
2025.10.31,09:15,154.337,154.409,154.262,154.355,751
2025.10.31,09:30,154.356,154.369,154.270,154.304,705
2025.10.31,09:45,154.302,154.328,154.228,154.241,681
2025.10.31,10:00,154.243,154.286,154.166,154.182,635
2025.10.31,10:15,154.183,154.276,154.173,154.238,670
2025.10.31,10:30,154.236,154.251,154.143,154.144,574
2025.10.31,10:45,154.143,154.195,154.109,154.136,582
2025.10.31,11:00,154.135,154.144,154.088,154.104,643
2025.10.31,11:15,154.106,154.172,154.102,154.146,519
2025.10.31,11:30,154.148,154.178,154.129,154.141,468
2025.10.31,11:45,154.140,154.159,154.102,154.127,533
2025.10.31,12:00,154.126,154.127,154.047,154.100,573
2025.10.31,12:15,154.101,154.138,154.064,154.064,575
2025.10.31,12:30,154.063,154.169,154.055,154.154,594
2025.10.31,12:45,154.153,154.177,154.071,154.099,381
2025.10.31,13:00,154.097,154.172,154.097,154.167,595
2025.10.31,13:15,154.168,154.248,154.117,154.129,677
2025.10.31,13:30,154.132,154.141,153.894,154.028,911
2025.10.31,13:45,154.036,154.149,154.027,154.131,722
2025.10.31,14:00,154.137,154.199,154.129,154.168,845
2025.10.31,14:15,154.167,154.193,154.067,154.106,653
2025.10.31,14:30,154.086,154.212,154.073,154.199,800
2025.10.31,14:45,154.200,154.227,154.044,154.077,873
2025.10.31,15:00,154.074,154.081,153.920,153.976,964
2025.10.31,15:15,153.974,154.085,153.966,154.073,914
2025.10.31,15:30,154.074,154.092,153.937,153.973,745
2025.10.31,15:45,153.972,154.010,153.886,153.943,714
2025.10.31,16:00,153.942,154.005,153.911,153.956,754
2025.10.31,16:15,153.957,153.978,153.923,153.947,586
2025.10.31,16:30,153.945,154.054,153.945,154.047,714
2025.10.31,16:45,154.050,154.090,153.926,154.034,1066
2025.10.31,17:00,154.041,154.145,153.964,154.112,998
2025.10.31,17:15,154.116,154.170,154.099,154.129,763
2025.10.31,17:30,154.127,154.130,154.041,154.085,643
2025.10.31,17:45,154.084,154.119,154.049,154.108,560
2025.10.31,18:00,154.110,154.147,154.097,154.142,677
2025.10.31,18:15,154.143,154.173,154.102,154.107,557
2025.10.31,18:30,154.106,154.112,154.077,154.096,531
2025.10.31,18:45,154.095,154.134,154.077,154.090,449
2025.10.31,19:00,154.091,154.103,154.044,154.064,454
2025.10.31,19:15,154.065,154.102,154.057,154.089,404
2025.10.31,19:30,154.087,154.131,154.087,154.103,452
2025.10.31,19:45,154.104,154.105,154.031,154.081,541
2025.10.31,20:00,154.090,154.120,154.056,154.073,533
2025.10.31,20:15,154.072,154.094,154.058,154.065,474
2025.10.31,20:30,154.064,154.104,154.064,154.102,496
2025.10.31,20:45,154.101,154.132,154.090,154.106,622
2025.10.31,21:00,154.105,154.116,154.070,154.101,410
2025.10.31,21:15,154.100,154.107,154.027,154.068,320
2025.10.31,21:30,154.057,154.092,154.051,154.091,161
2025.10.31,21:45,154.092,154.092,153.928,153.928,558
2025.11.02,23:00,154.058,154.065,154.026,154.026,23
2025.11.02,23:15,154.028,154.052,154.009,154.044,37
2025.11.02,23:30,154.045,154.070,154.014,154.054,68
2025.11.02,23:45,154.056,154.075,154.043,154.068,54
2025.11.03,00:00,154.036,154.164,153.993,154.122,385
2025.11.03,00:15,154.123,154.212,154.050,154.153,440
2025.11.03,00:30,154.147,154.246,154.128,154.216,445
2025.11.03,00:45,154.213,154.247,154.148,154.204,444
2025.11.03,01:00,154.195,154.207,154.165,154.189,328
2025.11.03,01:15,154.190,154.210,154.115,154.155,391
2025.11.03,01:30,154.152,154.199,154.140,154.155,484
2025.11.03,01:45,154.154,154.193,154.144,154.171,535
2025.11.03,02:00,154.170,154.181,154.120,154.126,477
2025.11.03,02:15,154.128,154.132,154.074,154.100,407
2025.11.03,02:30,154.101,154.121,154.083,154.118,302
2025.11.03,02:45,154.121,154.128,154.096,154.111,303
2025.11.03,03:00,154.112,154.122,154.036,154.074,387
2025.11.03,03:15,154.073,154.082,154.039,154.051,326
2025.11.03,03:30,154.050,154.087,154.031,154.087,323
2025.11.03,03:45,154.086,154.097,154.063,154.080,382
2025.11.03,04:00,154.081,154.092,154.057,154.059,325
2025.11.03,04:15,154.061,154.061,154.036,154.050,365
2025.11.03,04:30,154.048,154.069,154.047,154.061,416
2025.11.03,04:45,154.060,154.072,154.043,154.063,385
2025.11.03,05:00,154.062,154.066,153.985,153.996,510
2025.11.03,05:15,153.994,154.037,153.994,154.032,328
2025.11.03,05:30,154.033,154.062,154.031,154.051,288
2025.11.03,05:45,154.053,154.082,154.033,154.068,195
2025.11.03,06:00,154.069,154.129,154.069,154.108,256
2025.11.03,06:15,154.106,154.116,154.088,154.104,233
2025.11.03,06:30,154.102,154.121,154.068,154.094,325
2025.11.03,06:45,154.095,154.125,154.055,154.118,412
2025.11.03,07:00,154.119,154.185,154.100,154.180,374
2025.11.03,07:15,154.181,154.222,154.161,154.221,446
2025.11.03,07:30,154.224,154.240,154.164,154.172,388
2025.11.03,07:45,154.170,154.205,154.146,154.183,323
2025.11.03,08:00,154.182,154.250,154.158,154.249,765
2025.11.03,08:15,154.250,154.279,154.200,154.209,634
2025.11.03,08:30,154.206,154.241,154.122,154.130,767
2025.11.03,08:45,154.129,154.186,154.101,154.104,715
2025.11.03,09:00,154.103,154.203,154.099,154.175,702
2025.11.03,09:15,154.176,154.190,154.122,154.153,596
2025.11.03,09:30,154.154,154.163,154.078,154.083,518
2025.11.03,09:45,154.082,154.157,154.047,154.103,534
2025.11.03,10:00,154.105,154.143,154.082,154.142,522
2025.11.03,10:15,154.143,154.156,154.111,154.117,448
2025.11.03,10:30,154.115,154.141,154.102,154.109,460
2025.11.03,10:45,154.110,154.165,154.110,154.161,351
2025.11.03,11:00,154.162,154.186,154.141,154.162,426
2025.11.03,11:15,154.165,154.173,154.133,154.142,371
2025.11.03,11:30,154.141,154.169,154.125,154.155,510
2025.11.03,11:45,154.154,154.178,154.145,154.164,344
2025.11.03,12:00,154.165,154.181,154.140,154.149,414
2025.11.03,12:15,154.151,154.164,154.112,154.117,359
2025.11.03,12:30,154.115,154.141,154.092,154.131,391
2025.11.03,12:45,154.132,154.161,154.129,154.147,361
2025.11.03,13:00,154.146,154.177,154.141,154.164,368
2025.11.03,13:15,154.165,154.165,154.136,154.150,327
2025.11.03,13:30,154.151,154.172,154.137,154.152,311
2025.11.03,13:45,154.153,154.183,154.146,154.176,398
2025.11.03,14:00,154.178,154.232,154.171,154.221,680
2025.11.03,14:15,154.222,154.276,154.207,154.270,552
2025.11.03,14:30,154.271,154.292,154.224,154.254,431
2025.11.03,14:45,154.255,154.290,154.232,154.244,502
2025.11.03,15:00,154.245,154.257,154.210,154.233,538
2025.11.03,15:15,154.232,154.267,154.186,154.244,561
2025.11.03,15:30,154.243,154.257,154.176,154.197,624
2025.11.03,15:45,154.194,154.219,154.051,154.051,738
2025.11.03,16:00,153.927,154.089,153.871,154.012,1101
2025.11.03,16:15,154.008,154.107,153.976,154.025,884
2025.11.03,16:30,154.019,154.155,154.008,154.142,858
2025.11.03,16:45,154.143,154.152,154.089,154.093,794
2025.11.03,17:00,154.095,154.137,154.076,154.090,744
2025.11.03,17:15,154.089,154.160,154.088,154.137,612
2025.11.03,17:30,154.138,154.143,154.094,154.095,444
2025.11.03,17:45,154.094,154.149,154.063,154.127,488
2025.11.03,18:00,154.126,154.142,154.097,154.105,422
2025.11.03,18:15,154.104,154.113,154.057,154.087,453
2025.11.03,18:30,154.086,154.139,154.080,154.122,409
2025.11.03,18:45,154.123,154.170,154.122,154.150,403
2025.11.03,19:00,154.149,154.167,154.111,154.165,381
2025.11.03,19:15,154.171,154.195,154.164,154.194,344
2025.11.03,19:30,154.193,154.235,154.170,154.172,387
2025.11.03,19:45,154.173,154.200,154.155,154.164,349
2025.11.03,20:00,154.163,154.214,154.136,154.211,499
2025.11.03,20:15,154.212,154.229,154.198,154.219,405
2025.11.03,20:30,154.220,154.246,154.197,154.211,340
2025.11.03,20:45,154.210,154.214,154.167,154.186,541
2025.11.03,21:00,154.188,154.202,154.170,154.177,402
2025.11.03,21:15,154.176,154.210,154.172,154.204,456
2025.11.03,21:30,154.203,154.213,154.185,154.186,270
2025.11.03,21:45,154.185,154.199,154.170,154.189,409
2025.11.03,22:00,154.190,154.214,154.186,154.197,336
2025.11.03,22:15,154.198,154.201,154.172,154.192,300
2025.11.03,22:30,154.199,154.206,154.190,154.193,162
2025.11.03,22:45,154.192,154.208,154.189,154.205,368
2025.11.03,23:00,154.227,154.247,154.188,154.242,51
2025.11.03,23:15,154.241,154.245,154.199,154.212,44
2025.11.03,23:30,154.211,154.211,154.203,154.208,36
2025.11.03,23:45,154.210,154.216,154.193,154.211,44
2025.11.04,00:00,154.216,154.230,154.191,154.209,103
2025.11.04,00:15,154.208,154.209,154.157,154.178,70
2025.11.04,00:30,154.178,154.217,154.173,154.185,156
2025.11.04,00:45,154.187,154.208,154.178,154.206,330
2025.11.04,01:00,154.208,154.397,154.194,154.351,837
2025.11.04,01:15,154.347,154.351,154.255,154.300,564
2025.11.04,01:30,154.291,154.317,154.227,154.304,552
2025.11.04,01:45,154.303,154.357,154.273,154.333,809
2025.11.04,02:00,154.332,154.408,154.308,154.371,666
2025.11.04,02:15,154.370,154.479,154.323,154.459,652
2025.11.04,02:30,154.454,154.459,154.297,154.316,537
2025.11.04,02:45,154.317,154.354,154.300,154.325,482
2025.11.04,03:00,154.324,154.352,154.286,154.300,575
2025.11.04,03:15,154.298,154.312,154.254,154.258,464
2025.11.04,03:30,154.257,154.267,154.153,154.192,498
2025.11.04,03:45,154.191,154.221,154.101,154.104,484
2025.11.04,04:00,154.102,154.142,154.069,154.115,437
2025.11.04,04:15,154.116,154.141,154.090,154.141,242
2025.11.04,04:30,154.140,154.153,154.051,154.081,490
2025.11.04,04:45,154.082,154.107,154.046,154.081,435
2025.11.04,05:00,154.080,154.094,154.065,154.077,252
2025.11.04,05:15,154.078,154.088,153.969,153.982,402
2025.11.04,05:30,153.980,153.997,153.806,153.863,639
2025.11.04,05:45,153.864,154.062,153.860,154.058,541
2025.11.04,06:00,154.061,154.078,153.901,153.905,550
2025.11.04,06:15,153.902,153.940,153.818,153.819,522
2025.11.04,06:30,153.816,153.816,153.707,153.758,677
2025.11.04,06:45,153.759,153.786,153.685,153.727,736
2025.11.04,07:00,153.724,153.783,153.596,153.634,736
2025.11.04,07:15,153.638,153.697,153.493,153.549,863
2025.11.04,07:30,153.548,153.630,153.501,153.561,696
2025.11.04,07:45,153.558,153.670,153.533,153.621,559
2025.11.04,08:00,153.610,153.628,153.459,153.524,824
2025.11.04,08:15,153.523,153.528,153.367,153.403,863
2025.11.04,08:30,153.396,153.426,153.324,153.397,832
2025.11.04,08:45,153.397,153.599,153.363,153.574,803
2025.11.04,09:00,153.584,153.596,153.467,153.471,911
2025.11.04,09:15,153.470,153.578,153.382,153.572,919
2025.11.04,09:30,153.573,153.689,153.567,153.651,798
2025.11.04,09:45,153.652,153.692,153.616,153.643,732
2025.11.04,10:00,153.642,153.693,153.618,153.666,649
2025.11.04,10:15,153.667,153.751,153.563,153.564,742
2025.11.04,10:30,153.563,153.609,153.478,153.500,769
2025.11.04,10:45,153.503,153.562,153.398,153.481,784
2025.11.04,11:00,153.480,153.481,153.312,153.395,858
2025.11.04,11:15,153.396,153.492,153.386,153.476,616
2025.11.04,11:30,153.473,153.547,153.465,153.510,614
2025.11.04,11:45,153.511,153.597,153.511,153.572,557
2025.11.04,12:00,153.563,153.586,153.455,153.455,545
2025.11.04,12:15,153.450,153.493,153.441,153.452,467
2025.11.04,12:30,153.450,153.490,153.369,153.459,625
2025.11.04,12:45,153.460,153.578,153.450,153.566,624
2025.11.04,13:00,153.563,153.588,153.502,153.526,551
2025.11.04,13:15,153.528,153.562,153.498,153.540,567
2025.11.04,13:30,153.541,153.619,153.525,153.539,662
2025.11.04,13:45,153.540,153.563,153.511,153.525,616
2025.11.04,14:00,153.521,153.537,153.422,153.476,728
2025.11.04,14:15,153.474,153.487,153.393,153.422,628
2025.11.04,14:30,153.421,153.422,153.365,153.375,651
2025.11.04,14:45,153.374,153.433,153.311,153.384,713
2025.11.04,15:00,153.381,153.481,153.367,153.441,722
2025.11.04,15:15,153.451,153.537,153.442,153.468,626
2025.11.04,15:30,153.464,153.521,153.426,153.429,946
2025.11.04,15:45,153.430,153.488,153.386,153.473,716
2025.11.04,16:00,153.477,153.594,153.430,153.462,836
2025.11.04,16:15,153.463,153.515,153.461,153.470,732
2025.11.04,16:30,153.465,153.470,153.365,153.426,713
2025.11.04,16:45,153.425,153.441,153.333,153.378,757
2025.11.04,17:00,153.377,153.431,153.362,153.367,729
2025.11.04,17:15,153.366,153.423,153.334,153.422,618
2025.11.04,17:30,153.424,153.516,153.411,153.501,652
2025.11.04,17:45,153.500,153.549,153.497,153.548,496
2025.11.04,18:00,153.546,153.571,153.525,153.568,524
2025.11.04,18:15,153.570,153.574,153.519,153.553,513
2025.11.04,18:30,153.554,153.585,153.545,153.585,521
2025.11.04,18:45,153.583,153.636,153.570,153.584,520
2025.11.04,19:00,153.585,153.620,153.568,153.617,396
2025.11.04,19:15,153.620,153.635,153.556,153.622,392
2025.11.04,19:30,153.621,153.656,153.562,153.573,376
2025.11.04,19:45,153.571,153.581,153.545,153.559,518
2025.11.04,20:00,153.562,153.596,153.557,153.564,423
2025.11.04,20:15,153.565,153.638,153.558,153.636,395
2025.11.04,20:30,153.637,153.637,153.580,153.603,410
2025.11.04,20:45,153.604,153.631,153.568,153.629,523
2025.11.04,21:00,153.627,153.672,153.627,153.665,382
2025.11.04,21:15,153.664,153.686,153.642,153.667,338
2025.11.04,21:30,153.666,153.674,153.636,153.659,316
2025.11.04,21:45,153.658,153.672,153.619,153.624,380
2025.11.04,22:00,153.627,153.661,153.615,153.637,279
2025.11.04,22:15,153.638,153.654,153.617,153.633,294
2025.11.04,22:30,153.630,153.652,153.596,153.652,253
2025.11.04,22:45,153.653,153.679,153.641,153.657,507
2025.11.04,23:00,153.647,153.658,153.618,153.658,12
2025.11.04,23:15,153.661,153.663,153.641,153.641,12
2025.11.04,23:30,153.638,153.641,153.637,153.640,11
2025.11.04,23:45,153.641,153.671,153.638,153.650,32
2025.11.05,00:00,153.644,153.685,153.614,153.684,211
2025.11.05,00:15,153.683,153.690,153.649,153.659,283
2025.11.05,00:30,153.658,153.674,153.631,153.631,253
2025.11.05,00:45,153.626,153.626,153.505,153.545,674
2025.11.05,01:00,153.546,153.742,153.496,153.582,1115
2025.11.05,01:15,153.586,153.639,153.489,153.496,759
2025.11.05,01:30,153.495,153.523,153.375,153.381,918
2025.11.05,01:45,153.380,153.458,153.225,153.234,1081
2025.11.05,02:00,153.233,153.286,153.119,153.121,958
2025.11.05,02:15,153.120,153.120,153.000,153.076,946
2025.11.05,02:30,153.075,153.178,152.953,152.994,963
2025.11.05,02:45,152.999,153.177,152.971,153.162,809
2025.11.05,03:00,153.158,153.225,153.063,153.213,826
2025.11.05,03:15,153.212,153.214,153.113,153.125,610
2025.11.05,03:30,153.129,153.253,153.098,153.253,518
2025.11.05,03:45,153.252,153.318,153.238,153.311,542
2025.11.05,04:00,153.312,153.363,153.296,153.362,567
2025.11.05,04:15,153.359,153.364,153.305,153.364,562
2025.11.05,04:30,153.365,153.450,153.349,153.450,760
2025.11.05,04:45,153.448,153.562,153.439,153.507,919
2025.11.05,05:00,153.506,153.525,153.435,153.452,669
2025.11.05,05:15,153.448,153.473,153.387,153.462,567
2025.11.05,05:30,153.461,153.474,153.422,153.435,468
2025.11.05,05:45,153.437,153.490,153.430,153.480,558
2025.11.05,06:00,153.481,153.536,153.470,153.530,505
2025.11.05,06:15,153.532,153.560,153.491,153.524,517
2025.11.05,06:30,153.519,153.554,153.512,153.512,530
2025.11.05,06:45,153.511,153.530,153.404,153.518,826
2025.11.05,07:00,153.512,153.520,153.447,153.483,602
2025.11.05,07:15,153.482,153.665,153.482,153.636,727
2025.11.05,07:30,153.635,153.734,153.611,153.724,727
2025.11.05,07:45,153.726,153.726,153.657,153.661,497
2025.11.05,08:00,153.663,153.684,153.486,153.539,861
2025.11.05,08:15,153.540,153.676,153.537,153.549,788
2025.11.05,08:30,153.551,153.556,153.443,153.520,877
2025.11.05,08:45,153.522,153.591,153.506,153.554,719
2025.11.05,09:00,153.543,153.659,153.509,153.634,876
2025.11.05,09:15,153.633,153.639,153.550,153.574,595
2025.11.05,09:30,153.573,153.600,153.491,153.516,513
2025.11.05,09:45,153.528,153.531,153.415,153.493,592
2025.11.05,10:00,153.494,153.570,153.483,153.542,655
2025.11.05,10:15,153.543,153.547,153.515,153.518,563
2025.11.05,10:30,153.519,153.638,153.505,153.615,609
2025.11.05,10:45,153.616,153.702,153.611,153.684,620
2025.11.05,11:00,153.686,153.839,153.685,153.750,742
2025.11.05,11:15,153.751,153.781,153.706,153.728,500
2025.11.05,11:30,153.729,153.738,153.673,153.673,421
2025.11.05,11:45,153.671,153.715,153.616,153.622,569
2025.11.05,12:00,153.621,153.706,153.602,153.697,431
2025.11.05,12:15,153.698,153.700,153.611,153.626,463
2025.11.05,12:30,153.631,153.667,153.611,153.634,381
2025.11.05,12:45,153.633,153.649,153.570,153.611,394
2025.11.05,13:00,153.605,153.624,153.559,153.612,478
2025.11.05,13:15,153.613,153.685,153.602,153.667,585
2025.11.05,13:30,153.666,153.722,153.661,153.704,576
2025.11.05,13:45,153.706,153.744,153.672,153.705,564
2025.11.05,14:00,153.704,153.758,153.647,153.647,695
2025.11.05,14:15,153.731,153.875,153.728,153.808,898
2025.11.05,14:30,153.825,153.976,153.822,153.971,831
2025.11.05,14:45,153.970,153.986,153.941,153.976,657
2025.11.05,15:00,153.978,154.026,153.943,153.983,730
2025.11.05,15:15,153.982,154.002,153.939,153.970,586
2025.11.05,15:30,153.969,153.996,153.911,153.944,779
2025.11.05,15:45,153.945,153.969,153.892,153.929,776
2025.11.05,16:00,154.147,154.310,154.121,154.194,1372
2025.11.05,16:15,154.191,154.241,154.169,154.183,990
2025.11.05,16:30,154.188,154.299,154.136,154.291,838
2025.11.05,16:45,154.290,154.306,154.231,154.301,824
2025.11.05,17:00,154.302,154.349,154.242,154.260,849
2025.11.05,17:15,154.261,154.262,154.201,154.231,481
2025.11.05,17:30,154.233,154.293,154.211,154.233,580
2025.11.05,17:45,154.231,154.233,154.102,154.115,671
2025.11.05,18:00,154.113,154.117,154.058,154.101,544
2025.11.05,18:15,154.102,154.113,154.053,154.076,475
2025.11.05,18:30,154.077,154.108,154.077,154.102,327
2025.11.05,18:45,154.101,154.132,154.051,154.072,346
2025.11.05,19:00,154.071,154.072,154.011,154.023,439
2025.11.05,19:15,154.024,154.067,154.002,154.060,385
2025.11.05,19:30,154.062,154.110,154.060,154.102,281
2025.11.05,19:45,154.103,154.138,154.060,154.120,448
2025.11.05,20:00,154.122,154.123,154.054,154.116,439
2025.11.05,20:15,154.118,154.125,154.087,154.095,412
2025.11.05,20:30,154.093,154.118,154.087,154.096,386
2025.11.05,20:45,154.094,154.118,154.084,154.103,514
2025.11.05,21:00,154.104,154.129,154.081,154.083,402
2025.11.05,21:15,154.084,154.126,154.081,154.117,357
2025.11.05,21:30,154.116,154.122,154.091,154.104,215
2025.11.05,21:45,154.105,154.129,154.077,154.116,377
2025.11.05,22:00,154.118,154.138,154.098,154.117,300
2025.11.05,22:15,154.118,154.120,154.097,154.106,252
2025.11.05,22:30,154.107,154.116,154.088,154.094,227
2025.11.05,22:45,154.093,154.117,154.089,154.101,643
2025.11.05,23:00,154.099,154.111,154.087,154.105,12
2025.11.05,23:15,154.112,154.112,154.093,154.099,31
2025.11.05,23:30,154.100,154.100,154.030,154.073,65
2025.11.05,23:45,154.077,154.081,154.073,154.074,31
2025.11.06,00:00,154.078,154.081,154.007,154.014,242
2025.11.06,00:15,154.010,154.016,153.977,154.016,241
2025.11.06,00:30,154.015,154.068,153.990,154.062,304
2025.11.06,00:45,154.061,154.089,154.038,154.084,408
2025.11.06,01:00,154.086,154.137,153.926,153.940,767
2025.11.06,01:15,153.941,153.954,153.853,153.874,857
2025.11.06,01:30,153.872,153.970,153.844,153.961,775
2025.11.06,01:45,153.960,153.961,153.871,153.887,789
2025.11.06,02:00,153.885,153.885,153.797,153.861,777
2025.11.06,02:15,153.862,153.930,153.827,153.860,637
2025.11.06,02:30,153.862,153.937,153.847,153.926,530
2025.11.06,02:45,153.927,153.938,153.857,153.867,419
2025.11.06,03:00,153.864,153.866,153.790,153.830,564
2025.11.06,03:15,153.832,153.894,153.829,153.887,449
2025.11.06,03:30,153.889,153.999,153.882,153.982,455
2025.11.06,03:45,153.983,153.987,153.930,153.943,373
2025.11.06,04:00,153.944,153.988,153.889,153.893,380
2025.11.06,04:15,153.892,153.928,153.880,153.895,372
2025.11.06,04:30,153.894,153.903,153.829,153.874,410
2025.11.06,04:45,153.875,153.896,153.857,153.866,363
2025.11.06,05:00,153.865,153.897,153.855,153.880,354
2025.11.06,05:15,153.881,153.969,153.879,153.962,262
2025.11.06,05:30,153.961,154.000,153.955,153.998,334
2025.11.06,05:45,154.000,154.022,153.936,153.947,491
2025.11.06,06:00,153.948,154.001,153.889,153.890,489
2025.11.06,06:15,153.889,153.891,153.829,153.841,498
2025.11.06,06:30,153.842,153.881,153.834,153.858,430
2025.11.06,06:45,153.859,153.880,153.827,153.879,456
2025.11.06,07:00,153.880,153.899,153.803,153.843,592
2025.11.06,07:15,153.851,153.911,153.851,153.867,416
2025.11.06,07:30,153.868,153.959,153.849,153.948,442
2025.11.06,07:45,153.947,154.001,153.934,153.976,413
2025.11.06,08:00,153.979,153.989,153.926,153.938,597
2025.11.06,08:15,153.938,153.952,153.868,153.876,615
2025.11.06,08:30,153.876,153.890,153.769,153.805,695
2025.11.06,08:45,153.806,153.876,153.788,153.862,728
2025.11.06,09:00,153.864,153.865,153.697,153.754,848
2025.11.06,09:15,153.756,153.766,153.662,153.683,663
2025.11.06,09:30,153.689,153.754,153.681,153.752,618
2025.11.06,09:45,153.754,153.754,153.527,153.556,750
2025.11.06,10:00,153.558,153.696,153.553,153.667,685
2025.11.06,10:15,153.668,153.748,153.668,153.707,553
2025.11.06,10:30,153.708,153.716,153.667,153.677,440
2025.11.06,10:45,153.676,153.767,153.666,153.714,431
2025.11.06,11:00,153.713,153.768,153.713,153.726,460
2025.11.06,11:15,153.725,153.746,153.700,153.711,396
2025.11.06,11:30,153.713,153.770,153.705,153.745,401
2025.11.06,11:45,153.744,153.762,153.735,153.741,377
2025.11.06,12:00,153.740,153.760,153.716,153.721,395
2025.11.06,12:15,153.722,153.723,153.692,153.704,292
2025.11.06,12:30,153.703,153.708,153.586,153.597,545
2025.11.06,12:45,153.596,153.676,153.594,153.641,475
2025.11.06,13:00,153.640,153.680,153.584,153.622,786
2025.11.06,13:15,153.623,153.718,153.608,153.716,540
2025.11.06,13:30,153.717,153.734,153.645,153.646,530
2025.11.06,13:45,153.645,153.647,153.597,153.602,582
2025.11.06,14:00,153.601,153.630,153.554,153.604,594
2025.11.06,14:15,153.603,153.612,153.548,153.572,579
2025.11.06,14:30,153.570,153.570,153.401,153.515,769
2025.11.06,14:45,153.512,153.512,153.408,153.499,593
2025.11.06,15:00,153.500,153.554,153.451,153.549,772
2025.11.06,15:15,153.553,153.553,153.492,153.526,730
2025.11.06,15:30,153.527,153.582,153.480,153.489,766
2025.11.06,15:45,153.487,153.538,153.381,153.406,829
2025.11.06,16:00,153.405,153.405,153.264,153.284,921
2025.11.06,16:15,153.282,153.385,153.269,153.348,853
2025.11.06,16:30,153.345,153.363,153.192,153.201,857
2025.11.06,16:45,153.202,153.233,153.039,153.042,1075
2025.11.06,17:00,153.039,153.163,153.032,153.130,878
2025.11.06,17:15,153.134,153.140,153.059,153.114,748
2025.11.06,17:30,153.115,153.123,153.008,153.056,801
2025.11.06,17:45,153.055,153.081,152.972,152.976,768
2025.11.06,18:00,152.973,153.055,152.916,152.916,906
2025.11.06,18:15,152.918,152.919,152.826,152.893,798
2025.11.06,18:30,152.889,152.942,152.839,152.888,632
2025.11.06,18:45,152.886,153.059,152.886,153.009,617
2025.11.06,19:00,153.008,153.084,152.916,152.940,678
2025.11.06,19:15,152.941,153.046,152.931,153.023,588
2025.11.06,19:30,153.024,153.070,153.000,153.051,608
2025.11.06,19:45,153.052,153.084,153.011,153.048,657
2025.11.06,20:00,153.047,153.082,153.024,153.073,552
2025.11.06,20:15,153.074,153.108,153.064,153.096,529
2025.11.06,20:30,153.095,153.144,153.071,153.096,567
2025.11.06,20:45,153.095,153.154,153.084,153.138,573
2025.11.06,21:00,153.136,153.139,153.100,153.112,425
2025.11.06,21:15,153.111,153.130,153.089,153.118,362
2025.11.06,21:30,153.117,153.140,153.099,153.112,345
2025.11.06,21:45,153.108,153.115,152.993,153.024,640
2025.11.06,22:00,153.031,153.074,153.010,153.020,332
2025.11.06,22:15,153.019,153.022,152.994,153.012,229
2025.11.06,22:30,153.016,153.096,153.016,153.086,209
2025.11.06,22:45,153.079,153.084,153.038,153.053,551
2025.11.06,23:00,152.988,153.075,152.986,153.063,26
2025.11.06,23:15,153.062,153.071,153.049,153.053,145
2025.11.06,23:30,153.092,153.093,153.059,153.078,69
2025.11.06,23:45,153.087,153.087,153.041,153.066,83
2025.11.07,00:00,153.072,153.073,152.980,152.981,265
2025.11.07,00:15,152.982,152.984,152.862,152.862,355
2025.11.07,00:30,152.863,152.970,152.816,152.876,447
2025.11.07,00:45,152.878,152.986,152.864,152.950,524
2025.11.07,01:00,152.935,153.077,152.856,152.914,986
2025.11.07,01:15,152.913,153.058,152.912,153.027,614
2025.11.07,01:30,153.038,153.200,153.025,153.194,829
2025.11.07,01:45,153.193,153.246,153.149,153.180,1010
2025.11.07,02:00,153.181,153.301,153.142,153.281,844
2025.11.07,02:15,153.282,153.286,153.184,153.185,705
2025.11.07,02:30,153.179,153.205,153.052,153.137,745
2025.11.07,02:45,153.141,153.198,153.105,153.125,573
2025.11.07,03:00,153.122,153.132,153.021,153.047,585
2025.11.07,03:15,153.048,153.054,152.948,152.994,578
2025.11.07,03:30,152.993,153.096,152.981,153.096,519
2025.11.07,03:45,153.097,153.171,153.088,153.144,515
2025.11.07,04:00,153.143,153.184,153.111,153.125,438
2025.11.07,04:15,153.126,153.139,153.081,153.102,492
2025.11.07,04:30,153.101,153.112,153.029,153.037,509
2025.11.07,04:45,153.040,153.078,153.015,153.056,444
2025.11.07,05:00,153.054,153.073,153.013,153.066,576
2025.11.07,05:15,153.065,153.174,153.065,153.125,544
2025.11.07,05:30,153.126,153.139,153.050,153.132,480
2025.11.07,05:45,153.131,153.131,153.095,153.108,415
2025.11.07,06:00,153.112,153.236,153.111,153.183,532
2025.11.07,06:15,153.181,153.217,153.172,153.177,442
2025.11.07,06:30,153.174,153.273,153.167,153.248,428
2025.11.07,06:45,153.249,153.363,153.237,153.348,538
2025.11.07,07:00,153.347,153.443,153.347,153.390,668
2025.11.07,07:15,153.391,153.488,153.371,153.471,607
2025.11.07,07:30,153.470,153.504,153.434,153.493,529
2025.11.07,07:45,153.487,153.521,153.454,153.505,490
2025.11.07,08:00,153.504,153.534,153.428,153.433,783
2025.11.07,08:15,153.428,153.448,153.377,153.426,667
2025.11.07,08:30,153.430,153.499,153.410,153.483,566
2025.11.07,08:45,153.484,153.487,153.385,153.385,678
2025.11.07,09:00,153.384,153.487,153.357,153.402,685
2025.11.07,09:15,153.414,153.440,153.358,153.429,566
2025.11.07,09:30,153.430,153.465,153.345,153.378,570
2025.11.07,09:45,153.377,153.510,153.377,153.504,627
2025.11.07,10:00,153.506,153.517,153.439,153.516,584
2025.11.07,10:15,153.515,153.517,153.439,153.459,557
2025.11.07,10:30,153.457,153.495,153.449,153.481,490
2025.11.07,10:45,153.482,153.493,153.444,153.489,587
2025.11.07,11:00,153.487,153.489,153.442,153.446,482
2025.11.07,11:15,153.447,153.454,153.336,153.347,466
2025.11.07,11:30,153.346,153.390,153.318,153.354,530
2025.11.07,11:45,153.353,153.357,153.315,153.344,427
2025.11.07,12:00,153.346,153.357,153.186,153.186,593
2025.11.07,12:15,153.185,153.195,153.075,153.095,714
2025.11.07,12:30,153.098,153.098,153.006,153.066,625
2025.11.07,12:45,153.065,153.154,153.055,153.125,588
2025.11.07,13:00,153.126,153.172,153.077,153.080,638
2025.11.07,13:15,153.081,153.124,153.043,153.115,587
2025.11.07,13:30,153.116,153.163,153.091,153.092,475
2025.11.07,13:45,153.093,153.105,153.036,153.090,529
2025.11.07,14:00,153.091,153.119,153.007,153.113,736
2025.11.07,14:15,153.112,153.129,153.048,153.128,643
2025.11.07,14:30,153.129,153.240,153.129,153.231,820
2025.11.07,14:45,153.232,153.371,153.227,153.353,738
2025.11.07,15:00,153.354,153.424,153.310,153.355,708
2025.11.07,15:15,153.353,153.470,153.346,153.417,677
2025.11.07,15:30,153.415,153.425,153.134,153.250,1229
2025.11.07,15:45,153.248,153.321,153.207,153.312,1108
2025.11.07,16:00,153.269,153.318,153.022,153.205,1260
2025.11.07,16:15,153.204,153.241,153.063,153.112,1053
2025.11.07,16:30,153.108,153.147,153.025,153.107,992
2025.11.07,16:45,153.113,153.191,153.046,153.133,945
2025.11.07,17:00,153.131,153.172,153.032,153.063,883
2025.11.07,17:15,153.064,153.157,153.029,153.076,807
2025.11.07,17:30,153.071,153.097,153.013,153.064,778
2025.11.07,17:45,153.057,153.075,153.010,153.056,637
2025.11.07,18:00,153.061,153.131,153.036,153.131,766
2025.11.07,18:15,153.126,153.206,153.124,153.184,640
2025.11.07,18:30,153.182,153.220,153.092,153.097,572
2025.11.07,18:45,153.096,153.111,153.046,153.093,664
2025.11.07,19:00,153.092,153.111,153.031,153.091,606
2025.11.07,19:15,153.092,153.185,153.080,153.183,524
2025.11.07,19:30,153.182,153.209,153.159,153.191,568
2025.11.07,19:45,153.192,153.262,153.135,153.250,568
2025.11.07,20:00,153.253,153.296,153.219,153.242,633
2025.11.07,20:15,153.250,153.318,153.226,153.317,537
2025.11.07,20:30,153.325,153.521,153.324,153.516,777
2025.11.07,20:45,153.518,153.579,153.472,153.554,805
2025.11.07,21:00,153.552,153.590,153.389,153.449,866
2025.11.07,21:15,153.451,153.466,153.407,153.448,704
2025.11.07,21:30,153.449,153.476,153.379,153.395,589
2025.11.07,21:45,153.394,153.429,153.356,153.426,595
2025.11.09,23:00,153.662,153.715,153.642,153.688,141
2025.11.09,23:15,153.687,153.699,153.658,153.693,54
2025.11.09,23:30,153.696,153.705,153.495,153.665,128
2025.11.09,23:45,153.664,153.719,153.663,153.706,126
2025.11.10,00:00,153.682,153.826,153.665,153.779,572
2025.11.10,00:15,153.780,153.850,153.776,153.835,380
2025.11.10,00:30,153.834,153.837,153.763,153.806,491
2025.11.10,00:45,153.805,153.863,153.757,153.824,648
2025.11.10,01:00,153.823,153.839,153.427,153.804,899
2025.11.10,01:15,153.803,153.910,153.744,153.792,898
2025.11.10,01:30,153.793,153.863,153.777,153.790,753
2025.11.10,01:45,153.802,153.876,153.739,153.850,890
2025.11.10,02:00,153.839,153.947,153.813,153.841,861
2025.11.10,02:15,153.840,153.890,153.796,153.815,700
2025.11.10,02:30,153.816,153.830,153.792,153.805,606
2025.11.10,02:45,153.807,153.840,153.772,153.826,658
2025.11.10,03:00,153.825,153.867,153.800,153.840,574
2025.11.10,03:15,153.842,153.878,153.797,153.832,510
2025.11.10,03:30,153.831,153.890,153.825,153.842,509
2025.11.10,03:45,153.843,153.895,153.843,153.887,478
2025.11.10,04:00,153.889,153.958,153.887,153.927,520
2025.11.10,04:15,153.926,153.994,153.923,153.980,434
2025.11.10,04:30,153.977,154.019,153.941,153.954,475
2025.11.10,04:45,153.953,153.989,153.928,153.932,561
2025.11.10,05:00,153.931,153.949,153.881,153.922,684
2025.11.10,05:15,153.923,153.933,153.877,153.884,521
2025.11.10,05:30,153.883,153.886,153.783,153.842,505
2025.11.10,05:45,153.841,153.875,153.817,153.874,494
2025.11.10,06:00,153.875,154.029,153.863,154.019,664
2025.11.10,06:15,154.030,154.054,153.918,153.939,608
2025.11.10,06:30,153.937,153.961,153.910,153.914,572
2025.11.10,06:45,153.910,153.939,153.885,153.936,586
2025.11.10,07:00,153.934,153.952,153.897,153.937,643
2025.11.10,07:15,153.936,154.029,153.936,153.960,664
2025.11.10,07:30,153.959,154.008,153.947,153.960,550
2025.11.10,07:45,153.961,154.078,153.956,154.024,654
2025.11.10,08:00,154.025,154.115,153.977,154.110,926
2025.11.10,08:15,154.103,154.145,154.047,154.049,710
2025.11.10,08:30,154.049,154.049,153.953,153.969,678
2025.11.10,08:45,153.970,154.056,153.944,154.040,791
2025.11.10,09:00,154.047,154.098,153.949,153.983,813
2025.11.10,09:15,153.984,154.044,153.947,154.008,636
2025.11.10,09:30,154.012,154.073,153.999,154.073,650
2025.11.10,09:45,154.074,154.175,154.059,154.167,666
2025.11.10,10:00,154.168,154.228,154.145,154.185,688
2025.11.10,10:15,154.186,154.223,154.156,154.169,677
2025.11.10,10:30,154.171,154.204,154.151,154.169,615
2025.11.10,10:45,154.170,154.199,154.142,154.155,592
2025.11.10,11:00,154.156,154.170,154.057,154.070,525
2025.11.10,11:15,154.071,154.123,154.065,154.122,412
2025.11.10,11:30,154.125,154.171,154.107,154.150,510
2025.11.10,11:45,154.151,154.173,154.139,154.158,472
2025.11.10,12:00,154.159,154.245,154.158,154.218,533
2025.11.10,12:15,154.219,154.221,154.164,154.182,402
2025.11.10,12:30,154.183,154.196,154.163,154.181,438
2025.11.10,12:45,154.180,154.190,154.112,154.126,529
2025.11.10,13:00,154.125,154.161,154.116,154.118,430
2025.11.10,13:15,154.117,154.120,154.037,154.067,520
2025.11.10,13:30,154.066,154.122,154.034,154.122,376
2025.11.10,13:45,154.125,154.159,154.074,154.111,468
2025.11.10,14:00,154.113,154.133,154.072,154.091,520
2025.11.10,14:15,154.090,154.116,154.054,154.084,520
2025.11.10,14:30,154.083,154.099,154.009,154.025,626
2025.11.10,14:45,154.028,154.079,153.975,154.055,609
2025.11.10,15:00,154.056,154.089,154.019,154.038,532
2025.11.10,15:15,154.037,154.092,154.027,154.059,438
2025.11.10,15:30,154.058,154.141,154.000,154.056,793
2025.11.10,15:45,154.057,154.161,154.057,154.078,812
2025.11.10,16:00,154.077,154.116,154.050,154.053,715
2025.11.10,16:15,154.060,154.067,154.008,154.041,673
2025.11.10,16:30,154.043,154.110,154.036,154.047,580
2025.11.10,16:45,154.049,154.136,154.023,154.024,750
2025.11.10,17:00,154.023,154.063,153.978,153.982,737
2025.11.10,17:15,153.983,153.986,153.885,153.932,752
2025.11.10,17:30,153.935,154.007,153.912,153.970,762
2025.11.10,17:45,153.972,154.005,153.937,153.992,583
2025.11.10,18:00,153.990,154.038,153.945,153.951,614
2025.11.10,18:15,153.950,154.016,153.948,153.955,427
2025.11.10,18:30,153.957,153.991,153.919,153.968,361
2025.11.10,18:45,153.969,153.981,153.945,153.950,508
2025.11.10,19:00,153.956,153.957,153.920,153.940,466
2025.11.10,19:15,153.941,153.982,153.922,153.980,476
2025.11.10,19:30,153.981,154.007,153.979,154.003,362
2025.11.10,19:45,154.004,154.016,153.979,153.987,292
2025.11.10,20:00,153.988,154.003,153.949,153.967,235
2025.11.10,20:15,153.966,153.980,153.957,153.967,275
2025.11.10,20:30,153.966,154.026,153.955,153.972,294
2025.11.10,20:45,153.977,154.070,153.968,154.047,485
2025.11.10,21:00,154.049,154.080,154.012,154.015,447
2025.11.10,21:15,154.014,154.038,153.994,154.013,457
2025.11.10,21:30,154.012,154.053,154.010,154.029,314
2025.11.10,21:45,154.030,154.053,154.012,154.025,418
2025.11.10,22:00,154.027,154.067,154.021,154.066,268
2025.11.10,22:15,154.072,154.089,154.055,154.088,257
2025.11.10,22:30,154.091,154.122,154.085,154.122,180
2025.11.10,22:45,154.125,154.165,154.110,154.127,366
2025.11.10,23:00,154.005,154.084,153.982,154.070,31
2025.11.10,23:15,154.070,154.076,154.066,154.066,17
2025.11.10,23:30,154.066,154.082,154.058,154.077,144
2025.11.10,23:45,154.078,154.081,154.058,154.060,141
2025.11.11,00:00,154.061,154.114,154.061,154.093,269
2025.11.11,00:15,154.083,154.106,154.070,154.101,251
2025.11.11,00:30,154.096,154.099,154.048,154.094,286
2025.11.11,00:45,154.097,154.153,154.080,154.147,569
2025.11.11,01:00,154.146,154.197,154.101,154.169,662
2025.11.11,01:15,154.170,154.193,154.108,154.191,536
2025.11.11,01:30,154.192,154.282,154.161,154.256,808
2025.11.11,01:45,154.257,154.306,154.215,154.306,820
2025.11.11,02:00,154.305,154.427,154.299,154.386,750
2025.11.11,02:15,154.387,154.492,154.374,154.420,532
2025.11.11,02:30,154.419,154.428,154.350,154.387,534
2025.11.11,02:45,154.388,154.411,154.314,154.321,541
2025.11.11,03:00,154.320,154.363,154.256,154.351,437
2025.11.11,03:15,154.352,154.387,154.310,154.323,449
2025.11.11,03:30,154.327,154.378,154.301,154.360,413
2025.11.11,03:45,154.358,154.386,154.345,154.363,558
2025.11.11,04:00,154.362,154.363,154.261,154.288,544
2025.11.11,04:15,154.287,154.301,154.219,154.233,401
2025.11.11,04:30,154.237,154.262,154.217,154.232,518
2025.11.11,04:45,154.231,154.275,154.223,154.263,493
2025.11.11,05:00,154.260,154.322,154.222,154.320,428
2025.11.11,05:15,154.321,154.341,154.296,154.323,422
2025.11.11,05:30,154.322,154.349,154.304,154.309,351
2025.11.11,05:45,154.310,154.324,154.291,154.297,372
2025.11.11,06:00,154.296,154.306,154.238,154.248,481
2025.11.11,06:15,154.247,154.248,154.163,154.189,618
2025.11.11,06:30,154.186,154.208,154.158,154.158,379
2025.11.11,06:45,154.157,154.159,154.087,154.123,566
2025.11.11,07:00,154.124,154.191,154.085,154.191,466
2025.11.11,07:15,154.194,154.218,154.163,154.216,309
2025.11.11,07:30,154.215,154.251,154.210,154.235,521
2025.11.11,07:45,154.236,154.263,154.184,154.192,423
2025.11.11,08:00,154.184,154.240,154.180,154.223,748
2025.11.11,08:15,154.223,154.246,154.164,154.202,595
2025.11.11,08:30,154.204,154.247,154.147,154.210,621
2025.11.11,08:45,154.210,154.212,154.174,154.185,514
2025.11.11,09:00,154.186,154.257,154.166,154.253,541
2025.11.11,09:15,154.251,154.350,154.251,154.305,536
2025.11.11,09:30,154.307,154.356,154.290,154.319,474
2025.11.11,09:45,154.298,154.385,154.298,154.375,537
2025.11.11,10:00,154.378,154.403,154.357,154.400,484
2025.11.11,10:15,154.401,154.455,154.323,154.329,514
2025.11.11,10:30,154.328,154.331,154.282,154.302,461
2025.11.11,10:45,154.301,154.339,154.283,154.326,418
2025.11.11,11:00,154.328,154.357,154.295,154.336,389
2025.11.11,11:15,154.334,154.335,154.266,154.286,440
2025.11.11,11:30,154.287,154.296,154.234,154.249,421
2025.11.11,11:45,154.248,154.253,154.206,154.243,430
2025.11.11,12:00,154.241,154.261,154.214,154.260,369
2025.11.11,12:15,154.259,154.261,154.225,154.237,374
2025.11.11,12:30,154.240,154.250,154.212,154.223,356
2025.11.11,12:45,154.222,154.252,154.211,154.247,353
2025.11.11,13:00,154.248,154.262,154.184,154.187,487
2025.11.11,13:15,154.186,154.215,154.170,154.206,324
2025.11.11,13:30,154.205,154.227,154.178,154.201,396
2025.11.11,13:45,154.200,154.215,154.165,154.191,459
2025.11.11,14:00,154.192,154.192,154.128,154.153,491
2025.11.11,14:15,154.152,154.154,153.718,153.800,1143
2025.11.11,14:30,153.802,153.841,153.663,153.706,1005
2025.11.11,14:45,153.705,153.815,153.682,153.770,794
2025.11.11,15:00,153.767,153.873,153.698,153.860,716
2025.11.11,15:15,153.851,153.879,153.790,153.812,653
2025.11.11,15:30,153.821,153.871,153.806,153.860,676
2025.11.11,15:45,153.861,154.002,153.861,153.993,737
2025.11.11,16:00,153.996,154.130,153.990,154.071,868
2025.11.11,16:15,154.068,154.071,153.950,153.963,752
2025.11.11,16:30,153.962,154.013,153.940,153.977,690
2025.11.11,16:45,153.976,154.016,153.918,153.966,702
2025.11.11,17:00,153.967,154.002,153.941,153.962,702
2025.11.11,17:15,153.961,154.021,153.951,153.995,539
2025.11.11,17:30,153.993,154.010,153.943,154.001,524
2025.11.11,17:45,154.002,154.010,153.961,153.998,542
2025.11.11,18:00,153.996,154.057,153.996,154.035,527
2025.11.11,18:15,154.036,154.082,154.027,154.070,454
2025.11.11,18:30,154.071,154.119,154.040,154.046,465
2025.11.11,18:45,154.047,154.069,154.021,154.069,436
2025.11.11,19:00,154.070,154.097,154.066,154.073,373
2025.11.11,19:15,154.072,154.092,154.047,154.092,410
2025.11.11,19:30,154.091,154.133,154.082,154.121,424
2025.11.11,19:45,154.120,154.142,154.092,154.104,338
2025.11.11,20:00,154.102,154.141,154.102,154.131,323
2025.11.11,20:15,154.130,154.141,154.097,154.099,427
2025.11.11,20:30,154.097,154.098,154.059,154.060,425
2025.11.11,20:45,154.061,154.129,154.059,154.115,528
2025.11.11,21:00,154.118,154.124,154.080,154.081,430
2025.11.11,21:15,154.080,154.119,154.077,154.105,376
2025.11.11,21:30,154.106,154.130,154.090,154.119,197
2025.11.11,21:45,154.117,154.138,154.113,154.117,372
2025.11.11,22:00,154.118,154.132,154.114,154.126,205
2025.11.11,22:15,154.127,154.134,154.114,154.120,227
2025.11.11,22:30,154.118,154.167,154.115,154.166,224
2025.11.11,22:45,154.165,154.172,154.134,154.150,406
2025.11.11,23:00,154.109,154.133,154.109,154.133,4
2025.11.11,23:15,154.127,154.132,154.122,154.132,15
2025.11.11,23:30,154.136,154.136,154.082,154.122,120
2025.11.11,23:45,154.122,154.122,154.053,154.064,235
2025.11.12,00:00,154.053,154.125,154.052,154.117,280
2025.11.12,00:15,154.118,154.155,154.112,154.151,262
2025.11.12,00:30,154.152,154.155,154.073,154.073,283
2025.11.12,00:45,154.072,154.129,154.072,154.077,279
2025.11.12,01:00,154.078,154.161,154.046,154.060,841
2025.11.12,01:15,154.061,154.191,154.054,154.176,589
2025.11.12,01:30,154.174,154.254,154.172,154.246,669
2025.11.12,01:45,154.247,154.300,154.196,154.295,905
2025.11.12,02:00,154.294,154.345,154.259,154.316,705
2025.11.12,02:15,154.315,154.331,154.269,154.301,530
2025.11.12,02:30,154.300,154.341,154.299,154.311,516
2025.11.12,02:45,154.309,154.328,154.289,154.318,625
2025.11.12,03:00,154.323,154.357,154.308,154.349,412
2025.11.12,03:15,154.350,154.400,154.337,154.388,522
2025.11.12,03:30,154.389,154.409,154.359,154.384,399
2025.11.12,03:45,154.385,154.385,154.327,154.344,494
2025.11.12,04:00,154.345,154.375,154.338,154.352,424
2025.11.12,04:15,154.353,154.353,154.235,154.271,521
2025.11.12,04:30,154.273,154.317,154.269,154.306,442
2025.11.12,04:45,154.304,154.345,154.299,154.340,368
2025.11.12,05:00,154.341,154.443,154.337,154.420,514
2025.11.12,05:15,154.421,154.596,154.393,154.531,883
2025.11.12,05:30,154.533,154.681,154.514,154.645,765
2025.11.12,05:45,154.644,154.738,154.633,154.733,650
2025.11.12,06:00,154.739,154.788,154.703,154.737,735
2025.11.12,06:15,154.738,154.754,154.553,154.663,819
2025.11.12,06:30,154.666,154.685,154.566,154.660,673
2025.11.12,06:45,154.664,154.681,154.597,154.641,574
2025.11.12,07:00,154.638,154.750,154.632,154.736,579
2025.11.12,07:15,154.738,154.746,154.635,154.656,521
2025.11.12,07:30,154.655,154.680,154.627,154.675,374
2025.11.12,07:45,154.681,154.688,154.578,154.609,464
2025.11.12,08:00,154.604,154.624,154.534,154.564,605
2025.11.12,08:15,154.565,154.593,154.488,154.544,718
2025.11.12,08:30,154.543,154.661,154.542,154.631,574
2025.11.12,08:45,154.630,154.653,154.590,154.617,664
2025.11.12,09:00,154.614,154.742,154.612,154.741,766
2025.11.12,09:15,154.742,154.756,154.651,154.711,741
2025.11.12,09:30,154.713,154.726,154.626,154.706,644
2025.11.12,09:45,154.705,154.769,154.683,154.755,693
2025.11.12,10:00,154.754,154.811,154.700,154.801,720
2025.11.12,10:15,154.802,154.867,154.770,154.867,619
2025.11.12,10:30,154.868,154.900,154.853,154.861,560
2025.11.12,10:45,154.862,154.881,154.825,154.842,570
2025.11.12,11:00,154.841,154.862,154.753,154.836,643
2025.11.12,11:15,154.835,154.893,154.804,154.874,477
2025.11.12,11:30,154.876,154.892,154.799,154.831,530
2025.11.12,11:45,154.832,154.863,154.816,154.860,443
2025.11.12,12:00,154.859,154.884,154.848,154.854,431
2025.11.12,12:15,154.855,154.881,154.838,154.853,414
2025.11.12,12:30,154.840,154.854,154.807,154.839,363
2025.11.12,12:45,154.840,154.868,154.799,154.799,582
2025.11.12,13:00,154.800,154.826,154.748,154.752,598
2025.11.12,13:15,154.751,154.777,154.700,154.735,491
2025.11.12,13:30,154.734,154.769,154.731,154.757,496
2025.11.12,13:45,154.758,154.830,154.742,154.802,591
2025.11.12,14:00,154.798,154.849,154.758,154.846,608
2025.11.12,14:15,154.848,154.941,154.827,154.939,714
2025.11.12,14:30,154.941,154.989,154.935,154.948,695
2025.11.12,14:45,154.949,154.966,154.921,154.938,557
2025.11.12,15:00,154.937,154.976,154.880,154.960,642
2025.11.12,15:15,154.961,155.039,154.945,155.001,757
2025.11.12,15:30,155.000,155.011,154.908,154.947,900
2025.11.12,15:45,154.946,154.971,154.857,154.865,882
2025.11.12,16:00,154.866,154.919,154.818,154.865,802
2025.11.12,16:15,154.861,154.868,154.800,154.832,649
2025.11.12,16:30,154.836,154.849,154.783,154.818,732
2025.11.12,16:45,154.820,154.834,154.724,154.735,875
2025.11.12,17:00,154.737,154.751,154.664,154.684,762
2025.11.12,17:15,154.682,154.765,154.680,154.751,539
2025.11.12,17:30,154.749,154.768,154.674,154.677,506
2025.11.12,17:45,154.676,154.704,154.642,154.644,635
2025.11.12,18:00,154.640,154.640,154.493,154.543,782
2025.11.12,18:15,154.545,154.574,154.500,154.573,464
2025.11.12,18:30,154.572,154.623,154.571,154.611,420
2025.11.12,18:45,154.612,154.629,154.587,154.589,471
2025.11.12,19:00,154.591,154.622,154.576,154.616,532
2025.11.12,19:15,154.615,154.656,154.606,154.618,539
2025.11.12,19:30,154.617,154.643,154.611,154.623,362
2025.11.12,19:45,154.621,154.683,154.617,154.681,490
2025.11.12,20:00,154.682,154.695,154.668,154.678,499
2025.11.12,20:15,154.677,154.691,154.628,154.630,535
2025.11.12,20:30,154.632,154.648,154.604,154.642,502
2025.11.12,20:45,154.643,154.724,154.643,154.711,584
2025.11.12,21:00,154.715,154.730,154.689,154.698,618
2025.11.12,21:15,154.697,154.738,154.689,154.728,383
2025.11.12,21:30,154.735,154.740,154.709,154.735,444
2025.11.12,21:45,154.736,154.763,154.717,154.753,451
2025.11.12,22:00,154.760,154.839,154.755,154.825,367
2025.11.12,22:15,154.822,154.865,154.799,154.822,331
2025.11.12,22:30,154.820,154.826,154.792,154.819,189
2025.11.12,22:45,154.818,154.832,154.796,154.802,640
2025.11.12,23:00,154.788,154.793,154.774,154.781,29
2025.11.12,23:15,154.780,154.784,154.748,154.769,29
2025.11.12,23:30,154.770,154.771,154.736,154.740,62
2025.11.12,23:45,154.741,154.741,154.708,154.710,59
2025.11.13,00:00,154.712,154.753,154.692,154.748,296
2025.11.13,00:15,154.749,154.750,154.695,154.726,408
2025.11.13,00:30,154.725,154.744,154.701,154.732,328
2025.11.13,00:45,154.733,154.751,154.685,154.704,448
2025.11.13,01:00,154.703,154.859,154.690,154.836,822
2025.11.13,01:15,154.837,154.875,154.737,154.784,674
2025.11.13,01:30,154.780,154.848,154.727,154.835,668
2025.11.13,01:45,154.833,154.953,154.810,154.938,851
2025.11.13,02:00,154.939,154.988,154.921,154.975,628
2025.11.13,02:15,154.965,155.011,154.881,154.903,705
2025.11.13,02:30,154.904,154.939,154.882,154.891,561
2025.11.13,02:45,154.890,154.898,154.702,154.731,623
2025.11.13,03:00,154.729,154.729,154.619,154.689,815
2025.11.13,03:15,154.688,154.785,154.688,154.765,616
2025.11.13,03:30,154.764,154.773,154.703,154.714,385
2025.11.13,03:45,154.710,154.741,154.640,154.655,385
2025.11.13,04:00,154.654,154.696,154.619,154.659,421
2025.11.13,04:15,154.657,154.719,154.657,154.719,410
2025.11.13,04:30,154.714,154.742,154.713,154.740,367
2025.11.13,04:45,154.739,154.757,154.729,154.730,488
2025.11.13,05:00,154.731,154.735,154.639,154.676,681
2025.11.13,05:15,154.677,154.840,154.675,154.817,559
2025.11.13,05:30,154.816,154.845,154.798,154.842,406
2025.11.13,05:45,154.844,154.850,154.816,154.817,389
2025.11.13,06:00,154.818,154.894,154.809,154.872,524
2025.11.13,06:15,154.873,154.902,154.848,154.894,415
2025.11.13,06:30,154.895,154.942,154.872,154.936,405
2025.11.13,06:45,154.939,154.994,154.909,154.949,587
2025.11.13,07:00,154.947,154.950,154.895,154.931,640
2025.11.13,07:15,154.932,154.947,154.861,154.944,450
2025.11.13,07:30,154.947,155.003,154.917,154.933,507
2025.11.13,07:45,154.934,154.944,154.880,154.890,396
2025.11.13,08:00,154.888,154.945,154.888,154.913,522
2025.11.13,08:15,154.914,154.945,154.798,154.802,681
2025.11.13,08:30,154.804,154.847,154.732,154.837,708
2025.11.13,08:45,154.838,154.845,154.697,154.710,734
2025.11.13,09:00,154.710,154.766,154.669,154.731,744
2025.11.13,09:15,154.729,154.768,154.673,154.691,608
2025.11.13,09:30,154.684,154.693,154.564,154.590,675
2025.11.13,09:45,154.589,154.649,154.511,154.514,713
2025.11.13,10:00,154.516,154.581,154.360,154.425,984
2025.11.13,10:15,154.426,154.474,154.352,154.360,749
2025.11.13,10:30,154.357,154.531,154.324,154.492,756
2025.11.13,10:45,154.496,154.534,154.457,154.523,550
2025.11.13,11:00,154.522,154.557,154.479,154.516,537
2025.11.13,11:15,154.515,154.567,154.508,154.563,499
2025.11.13,11:30,154.560,154.642,154.554,154.634,561
2025.11.13,11:45,154.635,154.671,154.600,154.653,497
2025.11.13,12:00,154.654,154.693,154.638,154.692,431
2025.11.13,12:15,154.693,154.740,154.684,154.712,491
2025.11.13,12:30,154.713,154.738,154.665,154.716,497
2025.11.13,12:45,154.717,154.760,154.699,154.737,595
2025.11.13,13:00,154.736,154.750,154.704,154.721,516
2025.11.13,13:15,154.722,154.745,154.681,154.700,547
2025.11.13,13:30,154.701,154.703,154.606,154.673,643
2025.11.13,13:45,154.674,154.680,154.586,154.602,636
2025.11.13,14:00,154.584,154.589,154.534,154.562,708
2025.11.13,14:15,154.560,154.708,154.560,154.705,616
2025.11.13,14:30,154.708,154.728,154.667,154.712,692
2025.11.13,14:45,154.715,154.736,154.636,154.644,648
2025.11.13,15:00,154.643,154.674,154.596,154.669,657
2025.11.13,15:15,154.668,154.670,154.612,154.631,537
2025.11.13,15:30,154.630,154.633,154.414,154.445,973
2025.11.13,15:45,154.447,154.480,154.385,154.391,1031
2025.11.13,16:00,154.398,154.496,154.358,154.496,968
2025.11.13,16:15,154.503,154.534,154.405,154.410,892
2025.11.13,16:30,154.408,154.408,154.213,154.216,962
2025.11.13,16:45,154.207,154.245,154.123,154.196,884
2025.11.13,17:00,154.193,154.317,154.155,154.301,969
2025.11.13,17:15,154.304,154.387,154.290,154.333,974
2025.11.13,17:30,154.334,154.373,154.274,154.277,876
2025.11.13,17:45,154.276,154.429,154.252,154.395,828
2025.11.13,18:00,154.394,154.466,154.334,154.356,883
2025.11.13,18:15,154.355,154.385,154.243,154.253,748
2025.11.13,18:30,154.251,154.314,154.248,154.258,644
2025.11.13,18:45,154.259,154.374,154.232,154.314,826
2025.11.13,19:00,154.312,154.402,154.276,154.361,711
2025.11.13,19:15,154.362,154.368,154.269,154.303,620
2025.11.13,19:30,154.302,154.371,154.291,154.361,650
2025.11.13,19:45,154.360,154.437,154.354,154.418,697
2025.11.13,20:00,154.420,154.441,154.350,154.367,605
2025.11.13,20:15,154.360,154.471,154.357,154.468,690
2025.11.13,20:30,154.467,154.482,154.406,154.428,651
2025.11.13,20:45,154.430,154.477,154.393,154.467,614
2025.11.13,21:00,154.469,154.516,154.458,154.512,735
2025.11.13,21:15,154.511,154.522,154.476,154.507,586
2025.11.13,21:30,154.510,154.521,154.476,154.505,577
2025.11.13,21:45,154.504,154.537,154.481,154.537,577
2025.11.13,22:00,154.539,154.583,154.537,154.566,293
2025.11.13,22:15,154.567,154.573,154.541,154.541,200
2025.11.13,22:30,154.550,154.553,154.486,154.514,208
2025.11.13,22:45,154.512,154.552,154.477,154.552,510
2025.11.13,23:00,154.598,154.607,154.563,154.563,44
2025.11.13,23:15,154.561,154.565,154.468,154.525,92
2025.11.13,23:30,154.525,154.533,154.439,154.523,84
2025.11.13,23:45,154.517,154.532,154.503,154.511,87
2025.11.14,00:00,154.519,154.601,154.519,154.592,316
2025.11.14,00:15,154.593,154.631,154.575,154.631,419
2025.11.14,00:30,154.632,154.681,154.608,154.640,535
2025.11.14,00:45,154.639,154.669,154.616,154.628,552
2025.11.14,01:00,154.629,154.737,154.601,154.723,718
2025.11.14,01:15,154.724,154.735,154.568,154.591,667
2025.11.14,01:30,154.592,154.689,154.588,154.682,685
2025.11.14,01:45,154.683,154.717,154.559,154.601,924
2025.11.14,02:00,154.603,154.680,154.587,154.595,644
2025.11.14,02:15,154.596,154.598,154.455,154.488,733
2025.11.14,02:30,154.489,154.549,154.464,154.475,674
2025.11.14,02:45,154.476,154.502,154.436,154.502,597
2025.11.14,03:00,154.499,154.571,154.484,154.538,527
2025.11.14,03:15,154.537,154.568,154.511,154.536,563
2025.11.14,03:30,154.540,154.572,154.502,154.511,498
2025.11.14,03:45,154.512,154.512,154.432,154.442,426
2025.11.14,04:00,154.441,154.447,154.391,154.445,544
2025.11.14,04:15,154.443,154.447,154.396,154.421,251
2025.11.14,04:30,154.422,154.423,154.306,154.336,552
2025.11.14,04:45,154.335,154.572,154.335,154.538,1071
2025.11.14,05:00,154.539,154.551,154.456,154.488,600
2025.11.14,05:15,154.489,154.533,154.476,154.517,479
2025.11.14,05:30,154.516,154.570,154.498,154.512,443
2025.11.14,05:45,154.510,154.523,154.417,154.418,422
2025.11.14,06:00,154.420,154.445,154.381,154.394,654
2025.11.14,06:15,154.396,154.465,154.365,154.464,620
2025.11.14,06:30,154.465,154.493,154.413,154.492,502
2025.11.14,06:45,154.491,154.499,154.444,154.478,548
2025.11.14,07:00,154.479,154.501,154.429,154.485,603
2025.11.14,07:15,154.487,154.551,154.486,154.550,529
2025.11.14,07:30,154.551,154.564,154.436,154.552,569
2025.11.14,07:45,154.554,154.656,154.554,154.594,575
2025.11.14,08:00,154.595,154.599,154.507,154.512,660
2025.11.14,08:15,154.511,154.572,154.448,154.560,919
2025.11.14,08:30,154.557,154.608,154.553,154.568,838
2025.11.14,08:45,154.570,154.677,154.550,154.673,887
2025.11.14,09:00,154.676,154.730,154.605,154.653,880
2025.11.14,09:15,154.652,154.665,154.535,154.588,770
2025.11.14,09:30,154.584,154.634,154.452,154.500,854
2025.11.14,09:45,154.501,154.552,154.458,154.550,863
2025.11.14,10:00,154.556,154.663,154.551,154.653,773
2025.11.14,10:15,154.652,154.689,154.622,154.638,608
2025.11.14,10:30,154.637,154.663,154.587,154.626,562
2025.11.14,10:45,154.627,154.695,154.610,154.687,520
2025.11.14,11:00,154.688,154.710,154.663,154.701,513
2025.11.14,11:15,154.698,154.725,154.679,154.722,469
2025.11.14,11:30,154.723,154.759,154.686,154.687,416
2025.11.14,11:45,154.688,154.747,154.665,154.743,575
2025.11.14,12:00,154.742,154.744,154.700,154.711,587
2025.11.14,12:15,154.712,154.726,154.630,154.666,705
2025.11.14,12:30,154.665,154.686,154.647,154.685,538
2025.11.14,12:45,154.686,154.710,154.624,154.652,645
2025.11.14,13:00,154.653,154.657,154.444,154.445,795
2025.11.14,13:15,154.438,154.498,154.261,154.300,1037
2025.11.14,13:30,154.301,154.311,154.006,154.033,1159
2025.11.14,13:45,154.035,154.147,153.807,153.810,1152
2025.11.14,14:00,153.806,153.969,153.725,153.857,1286
2025.11.14,14:15,153.860,153.860,153.612,153.797,1070
2025.11.14,14:30,153.803,153.845,153.679,153.756,1121
2025.11.14,14:45,153.757,154.136,153.754,154.081,1160
2025.11.14,15:00,154.082,154.241,154.063,154.158,998
2025.11.14,15:15,154.155,154.196,154.078,154.099,963
2025.11.14,15:30,154.104,154.223,153.978,154.206,1331
2025.11.14,15:45,154.208,154.345,154.173,154.340,1212
2025.11.14,16:00,154.338,154.412,154.232,154.260,1182
2025.11.14,16:15,154.259,154.402,154.257,154.391,1100
2025.11.14,16:30,154.390,154.445,154.317,154.425,963
2025.11.14,16:45,154.424,154.490,154.404,154.423,977
2025.11.14,17:00,154.424,154.459,154.347,154.434,873
2025.11.14,17:15,154.433,154.571,154.433,154.541,789
2025.11.14,17:30,154.543,154.607,154.513,154.589,754
2025.11.14,17:45,154.592,154.661,154.524,154.637,730
2025.11.14,18:00,154.634,154.738,154.615,154.721,707
2025.11.14,18:15,154.722,154.737,154.650,154.679,714
2025.11.14,18:30,154.680,154.723,154.661,154.687,609
2025.11.14,18:45,154.685,154.701,154.629,154.638,698
2025.11.14,19:00,154.636,154.658,154.554,154.643,683
2025.11.14,19:15,154.644,154.645,154.605,154.629,571
2025.11.14,19:30,154.625,154.639,154.570,154.579,604
2025.11.14,19:45,154.578,154.604,154.554,154.576,572
2025.11.14,20:00,154.572,154.581,154.525,154.534,593
2025.11.14,20:15,154.535,154.563,154.534,154.544,598
2025.11.14,20:30,154.545,154.558,154.522,154.545,583
2025.11.14,20:45,154.548,154.561,154.530,154.554,526
2025.11.14,21:00,154.555,154.565,154.499,154.523,476
2025.11.14,21:15,154.521,154.535,154.511,154.521,423
2025.11.14,21:30,154.518,154.548,154.510,154.520,485
2025.11.14,21:45,154.519,154.536,154.495,154.526,497
2025.11.16,23:00,154.570,154.570,154.570,154.570,8
2025.11.16,23:15,154.518,154.606,154.515,154.565,123
2025.11.16,23:30,154.560,154.573,154.532,154.542,72
2025.11.16,23:45,154.541,154.542,154.501,154.522,122
2025.11.17,00:00,154.493,154.533,154.443,154.522,443
2025.11.17,00:15,154.521,154.583,154.491,154.568,467
2025.11.17,00:30,154.567,154.602,154.527,154.581,461
2025.11.17,00:45,154.578,154.630,154.537,154.591,522
2025.11.17,01:00,154.589,154.640,154.491,154.533,878
2025.11.17,01:15,154.532,154.537,154.412,154.531,715
2025.11.17,01:30,154.529,154.619,154.520,154.565,625
2025.11.17,01:45,154.566,154.654,154.557,154.632,790
2025.11.17,02:00,154.634,154.647,154.543,154.580,755
2025.11.17,02:15,154.579,154.647,154.566,154.602,461
2025.11.17,02:30,154.603,154.610,154.505,154.527,558
2025.11.17,02:45,154.528,154.592,154.528,154.572,527
2025.11.17,03:00,154.571,154.649,154.568,154.636,571
2025.11.17,03:15,154.634,154.664,154.594,154.594,504
2025.11.17,03:30,154.593,154.688,154.593,154.685,473
2025.11.17,03:45,154.686,154.706,154.634,154.686,555
2025.11.17,04:00,154.687,154.783,154.687,154.746,617
2025.11.17,04:15,154.745,154.763,154.716,154.721,454
2025.11.17,04:30,154.720,154.747,154.684,154.731,364
2025.11.17,04:45,154.733,154.756,154.701,154.710,386
2025.11.17,05:00,154.711,154.723,154.660,154.672,443
2025.11.17,05:15,154.673,154.678,154.633,154.639,409
2025.11.17,05:30,154.637,154.667,154.605,154.658,412
2025.11.17,05:45,154.660,154.668,154.626,154.626,421
2025.11.17,06:00,154.625,154.653,154.602,154.616,362
2025.11.17,06:15,154.615,154.638,154.588,154.636,342
2025.11.17,06:30,154.637,154.639,154.587,154.614,342
2025.11.17,06:45,154.612,154.712,154.612,154.686,318
2025.11.17,07:00,154.685,154.789,154.680,154.780,492
2025.11.17,07:15,154.778,154.810,154.720,154.725,508
2025.11.17,07:30,154.730,154.735,154.664,154.694,454
2025.11.17,07:45,154.693,154.696,154.636,154.673,416
2025.11.17,08:00,154.674,154.736,154.639,154.735,657
2025.11.17,08:15,154.735,154.786,154.721,154.722,629
2025.11.17,08:30,154.725,154.760,154.656,154.659,553
2025.11.17,08:45,154.660,154.727,154.644,154.686,668
2025.11.17,09:00,154.685,154.736,154.620,154.684,751
2025.11.17,09:15,154.686,154.752,154.669,154.715,780
2025.11.17,09:30,154.716,154.831,154.710,154.752,726
2025.11.17,09:45,154.751,154.755,154.660,154.706,526
2025.11.17,10:00,154.708,154.739,154.696,154.717,672
2025.11.17,10:15,154.719,154.736,154.700,154.723,563
2025.11.17,10:30,154.724,154.736,154.652,154.713,502
2025.11.17,10:45,154.714,154.785,154.713,154.750,480
2025.11.17,11:00,154.747,154.767,154.726,154.745,468
2025.11.17,11:15,154.744,154.752,154.691,154.728,517
2025.11.17,11:30,154.729,154.779,154.726,154.775,477
2025.11.17,11:45,154.777,154.840,154.765,154.837,580
2025.11.17,12:00,154.832,154.868,154.812,154.849,542
2025.11.17,12:15,154.848,154.850,154.816,154.821,380
2025.11.17,12:30,154.825,154.844,154.787,154.787,545
2025.11.17,12:45,154.786,154.807,154.763,154.791,493
2025.11.17,13:00,154.790,154.816,154.758,154.781,446
2025.11.17,13:15,154.782,154.794,154.743,154.745,428
2025.11.17,13:30,154.744,154.795,154.732,154.775,496
2025.11.17,13:45,154.776,154.868,154.751,154.842,638
2025.11.17,14:00,154.843,154.908,154.837,154.858,653
2025.11.17,14:15,154.859,154.891,154.838,154.851,534
2025.11.17,14:30,154.861,154.898,154.835,154.837,592
2025.11.17,14:45,154.839,154.890,154.839,154.884,669
2025.11.17,15:00,154.885,154.906,154.860,154.870,569
2025.11.17,15:15,154.871,154.927,154.871,154.918,593
2025.11.17,15:30,154.917,154.977,154.896,154.965,821
2025.11.17,15:45,154.964,155.029,154.885,155.028,991
2025.11.17,16:00,155.030,155.291,155.000,155.273,1145
2025.11.17,16:15,155.275,155.291,155.142,155.224,930
2025.11.17,16:30,155.225,155.295,155.215,155.291,860
2025.11.17,16:45,155.290,155.299,155.182,155.192,850
2025.11.17,17:00,155.191,155.197,155.102,155.123,786
2025.11.17,17:15,155.122,155.139,155.052,155.138,700
2025.11.17,17:30,155.137,155.196,155.130,155.171,662
2025.11.17,17:45,155.172,155.200,155.162,155.193,470
2025.11.17,18:00,155.198,155.226,155.180,155.209,359
2025.11.17,18:15,155.210,155.218,155.138,155.174,448
2025.11.17,18:30,155.173,155.216,155.169,155.172,541
2025.11.17,18:45,155.171,155.208,155.147,155.153,630
2025.11.17,19:00,155.154,155.194,155.133,155.180,472
2025.11.17,19:15,155.182,155.195,155.159,155.177,478
2025.11.17,19:30,155.178,155.203,155.166,155.183,490
2025.11.17,19:45,155.182,155.183,155.122,155.138,415
2025.11.17,20:00,155.137,155.141,155.098,155.127,589
2025.11.17,20:15,155.128,155.128,155.066,155.082,462
2025.11.17,20:30,155.080,155.202,155.080,155.197,554
2025.11.17,20:45,155.198,155.249,155.160,155.242,702
2025.11.17,21:00,155.240,155.257,155.164,155.194,546
2025.11.17,21:15,155.193,155.219,155.185,155.192,418
2025.11.17,21:30,155.193,155.218,155.167,155.190,685
2025.11.17,21:45,155.190,155.239,155.179,155.218,741
2025.11.17,22:00,155.222,155.235,155.214,155.230,422
2025.11.17,22:15,155.229,155.236,155.215,155.231,338
2025.11.17,22:30,155.226,155.233,155.215,155.232,172
2025.11.17,22:45,155.233,155.253,155.214,155.248,407
2025.11.17,23:00,155.211,155.232,155.204,155.232,10
2025.11.17,23:15,155.227,155.227,155.207,155.208,18
2025.11.17,23:30,155.209,155.220,155.207,155.208,33
2025.11.17,23:45,155.206,155.219,155.187,155.196,116
2025.11.18,00:00,155.198,155.265,155.182,155.206,322
2025.11.18,00:15,155.205,155.226,155.172,155.216,423
2025.11.18,00:30,155.217,155.269,155.193,155.255,302
2025.11.18,00:45,155.256,155.285,155.229,155.276,576
2025.11.18,01:00,155.277,155.374,155.239,155.241,851
2025.11.18,01:15,155.238,155.258,155.177,155.219,537
2025.11.18,01:30,155.218,155.247,155.182,155.196,598
2025.11.18,01:45,155.195,155.326,155.195,155.255,776
2025.11.18,02:00,155.256,155.336,155.210,155.302,709
2025.11.18,02:15,155.303,155.360,155.207,155.226,619
2025.11.18,02:30,155.224,155.256,155.141,155.158,487
2025.11.18,02:45,155.160,155.212,155.147,155.196,488
2025.11.18,03:00,155.197,155.279,155.187,155.231,473
2025.11.18,03:15,155.232,155.244,155.168,155.182,446
2025.11.18,03:30,155.183,155.201,155.169,155.196,459
2025.11.18,03:45,155.195,155.260,155.180,155.181,507
2025.11.18,04:00,155.179,155.183,155.107,155.136,514
2025.11.18,04:15,155.148,155.191,155.145,155.167,383
2025.11.18,04:30,155.168,155.192,155.147,155.161,501
2025.11.18,04:45,155.160,155.197,155.158,155.171,426
2025.11.18,05:00,155.172,155.186,155.084,155.089,554
2025.11.18,05:15,155.088,155.093,154.813,154.873,1048
2025.11.18,05:30,154.872,154.972,154.843,154.956,724
2025.11.18,05:45,154.955,155.102,154.920,155.038,684
2025.11.18,06:00,155.049,155.092,154.992,155.087,606
2025.11.18,06:15,155.086,155.097,155.041,155.060,470
2025.11.18,06:30,155.061,155.063,155.006,155.030,520
2025.11.18,06:45,155.031,155.097,155.026,155.079,604
2025.11.18,07:00,155.083,155.185,155.083,155.134,598
2025.11.18,07:15,155.132,155.162,155.059,155.081,626
2025.11.18,07:30,155.068,155.070,154.866,154.991,887
2025.11.18,07:45,154.990,155.214,154.982,155.176,720
2025.11.18,08:00,155.173,155.215,154.965,155.000,1198
2025.11.18,08:15,155.001,155.013,154.867,154.978,1057
2025.11.18,08:30,154.975,155.085,154.945,155.027,977
2025.11.18,08:45,155.026,155.060,154.946,154.993,941
2025.11.18,09:00,154.992,155.075,154.907,154.930,966
2025.11.18,09:15,154.931,155.038,154.925,155.035,765
2025.11.18,09:30,155.048,155.216,155.023,155.192,850
2025.11.18,09:45,155.193,155.196,155.084,155.124,751
2025.11.18,10:00,155.125,155.203,155.079,155.196,732
2025.11.18,10:15,155.195,155.246,155.185,155.205,638
2025.11.18,10:30,155.204,155.240,155.165,155.195,593
2025.11.18,10:45,155.196,155.263,155.193,155.229,543
2025.11.18,11:00,155.231,155.261,155.202,155.216,540
2025.11.18,11:15,155.214,155.277,155.207,155.277,520
2025.11.18,11:30,155.283,155.360,155.279,155.332,617
2025.11.18,11:45,155.334,155.420,155.320,155.419,610
2025.11.18,12:00,155.412,155.420,155.358,155.376,541
2025.11.18,12:15,155.381,155.421,155.379,155.406,520
2025.11.18,12:30,155.409,155.421,155.356,155.408,485
2025.11.18,12:45,155.409,155.438,155.397,155.422,652
2025.11.18,13:00,155.421,155.435,155.293,155.314,698
2025.11.18,13:15,155.313,155.370,155.304,155.347,642
2025.11.18,13:30,155.348,155.364,155.258,155.299,601
2025.11.18,13:45,155.300,155.300,155.173,155.176,783
2025.11.18,14:00,155.177,155.258,155.147,155.228,834
2025.11.18,14:15,155.227,155.237,155.088,155.126,750
2025.11.18,14:30,155.125,155.225,155.060,155.123,976
2025.11.18,14:45,155.122,155.197,155.108,155.166,751
2025.11.18,15:00,155.164,155.233,155.138,155.232,712
2025.11.18,15:15,155.231,155.291,155.227,155.271,725
2025.11.18,15:30,155.269,155.378,155.261,155.310,1114
2025.11.18,15:45,155.311,155.357,155.230,155.230,1052
2025.11.18,16:00,155.227,155.248,155.046,155.121,1231
2025.11.18,16:15,155.119,155.237,155.066,155.131,1156
2025.11.18,16:30,155.125,155.157,155.066,155.106,1070
2025.11.18,16:45,155.101,155.278,155.072,155.268,1035
2025.11.18,17:00,155.269,155.429,155.254,155.366,1038
2025.11.18,17:15,155.361,155.481,155.318,155.479,911
2025.11.18,17:30,155.480,155.496,155.458,155.489,909
2025.11.18,17:45,155.488,155.500,155.409,155.437,782
2025.11.18,18:00,155.438,155.560,155.425,155.501,746
2025.11.18,18:15,155.506,155.597,155.497,155.546,836
2025.11.18,18:30,155.549,155.623,155.513,155.621,864
2025.11.18,18:45,155.620,155.690,155.610,155.690,716
2025.11.18,19:00,155.686,155.728,155.657,155.677,775
2025.11.18,19:15,155.675,155.679,155.625,155.637,790
2025.11.18,19:30,155.638,155.667,155.571,155.578,699
2025.11.18,19:45,155.577,155.610,155.556,155.593,694
2025.11.18,20:00,155.592,155.633,155.562,155.565,523
2025.11.18,20:15,155.564,155.565,155.510,155.519,499
2025.11.18,20:30,155.520,155.570,155.514,155.546,658
2025.11.18,20:45,155.549,155.577,155.494,155.522,638
2025.11.18,21:00,155.520,155.528,155.473,155.481,538
2025.11.18,21:15,155.480,155.531,155.480,155.530,423
2025.11.18,21:30,155.529,155.547,155.510,155.540,421
2025.11.18,21:45,155.541,155.557,155.513,155.522,440
2025.11.18,22:00,155.523,155.533,155.509,155.518,398
2025.11.18,22:15,155.519,155.520,155.490,155.511,394
2025.11.18,22:30,155.510,155.522,155.507,155.522,304
2025.11.18,22:45,155.521,155.546,155.494,155.502,384
2025.11.18,23:00,155.491,155.496,155.462,155.464,31
2025.11.18,23:15,155.461,155.494,155.415,155.440,82
2025.11.18,23:30,155.441,155.485,155.441,155.483,117
2025.11.18,23:45,155.487,155.548,155.410,155.531,135
2025.11.19,00:00,155.534,155.538,155.503,155.536,306
2025.11.19,00:15,155.537,155.542,155.513,155.513,350
2025.11.19,00:30,155.512,155.565,155.512,155.565,156
2025.11.19,00:45,155.562,155.589,155.526,155.528,351
2025.11.19,01:00,155.527,155.576,155.422,155.452,883
2025.11.19,01:15,155.453,155.469,155.392,155.416,701
2025.11.19,01:30,155.416,155.468,155.415,155.423,664
2025.11.19,01:45,155.422,155.483,155.368,155.468,1138
2025.11.19,02:00,155.477,155.509,155.428,155.450,824
2025.11.19,02:15,155.440,155.532,155.433,155.489,617
2025.11.19,02:30,155.488,155.497,155.429,155.470,611
2025.11.19,02:45,155.469,155.506,155.451,155.490,613
2025.11.19,03:00,155.491,155.547,155.430,155.432,642
2025.11.19,03:15,155.430,155.444,155.357,155.391,669
2025.11.19,03:30,155.390,155.406,155.328,155.331,560
2025.11.19,03:45,155.330,155.366,155.320,155.349,524
2025.11.19,04:00,155.346,155.349,155.287,155.287,575
2025.11.19,04:15,155.288,155.378,155.250,155.288,744
2025.11.19,04:30,155.287,155.341,155.259,155.261,644
2025.11.19,04:45,155.260,155.294,155.209,155.288,681
2025.11.19,05:00,155.291,155.391,155.291,155.381,613
2025.11.19,05:15,155.383,155.464,155.383,155.455,619
2025.11.19,05:30,155.451,155.459,155.393,155.393,514
2025.11.19,05:45,155.394,155.409,155.312,155.319,642
2025.11.19,06:00,155.318,155.354,155.280,155.318,659
2025.11.19,06:15,155.319,155.377,155.318,155.356,604
2025.11.19,06:30,155.357,155.357,155.265,155.281,531
2025.11.19,06:45,155.282,155.367,155.257,155.365,737
2025.11.19,07:00,155.369,155.396,155.333,155.361,450
2025.11.19,07:15,155.360,155.418,155.324,155.345,477
2025.11.19,07:30,155.343,155.384,155.320,155.377,603
2025.11.19,07:45,155.376,155.456,155.338,155.444,492
2025.11.19,08:00,155.448,155.523,155.445,155.500,606
2025.11.19,08:15,155.501,155.514,155.432,155.450,569
2025.11.19,08:30,155.450,155.463,155.402,155.449,604
2025.11.19,08:45,155.448,155.525,155.424,155.516,736
2025.11.19,09:00,155.511,155.526,155.476,155.517,634
2025.11.19,09:15,155.516,155.670,155.504,155.661,687
2025.11.19,09:30,155.662,155.670,155.615,155.630,584
2025.11.19,09:45,155.629,155.649,155.556,155.631,686
2025.11.19,10:00,155.632,155.656,155.551,155.586,594
2025.11.19,10:15,155.585,155.647,155.585,155.636,489
2025.11.19,10:30,155.637,155.876,155.550,155.850,934
2025.11.19,10:45,155.852,155.957,155.851,155.947,872
2025.11.19,11:00,155.949,155.986,155.932,155.974,767
2025.11.19,11:15,155.973,155.993,155.946,155.989,577
2025.11.19,11:30,155.990,156.159,155.969,156.136,796
2025.11.19,11:45,156.134,156.246,156.132,156.238,790
2025.11.19,12:00,156.240,156.291,156.174,156.176,763
2025.11.19,12:15,156.175,156.229,156.147,156.172,544
2025.11.19,12:30,156.173,156.180,156.134,156.148,535
2025.11.19,12:45,156.147,156.168,156.080,156.103,601
2025.11.19,13:00,156.102,156.119,156.062,156.104,609
2025.11.19,13:15,156.106,156.186,156.087,156.178,514
2025.11.19,13:30,156.181,156.246,156.148,156.245,502
2025.11.19,13:45,156.246,156.257,156.210,156.244,397
2025.11.19,14:00,156.243,156.252,156.048,156.080,643
2025.11.19,14:15,156.079,156.179,156.036,156.179,519
2025.11.19,14:30,156.181,156.224,156.146,156.181,593
2025.11.19,14:45,156.182,156.286,156.154,156.281,683
2025.11.19,15:00,156.279,156.400,156.262,156.329,871
2025.11.19,15:15,156.320,156.426,156.311,156.368,759
2025.11.19,15:30,156.369,156.457,156.308,156.443,919
2025.11.19,15:45,156.444,156.619,156.444,156.619,1045
2025.11.19,16:00,156.625,156.717,156.589,156.602,1042
2025.11.19,16:15,156.601,156.647,156.537,156.589,843
2025.11.19,16:30,156.595,156.661,156.540,156.640,922
2025.11.19,16:45,156.642,156.677,156.495,156.503,898
2025.11.19,17:00,156.493,156.537,156.459,156.502,955
2025.11.19,17:15,156.500,156.670,156.494,156.669,747
2025.11.19,17:30,156.670,156.702,156.587,156.594,785
2025.11.19,17:45,156.595,156.648,156.590,156.632,751
2025.11.19,18:00,156.631,156.689,156.615,156.669,713
2025.11.19,18:15,156.668,156.805,156.653,156.790,827
2025.11.19,18:30,156.792,156.839,156.770,156.815,723
2025.11.19,18:45,156.814,156.861,156.741,156.748,694
2025.11.19,19:00,156.746,156.827,156.741,156.799,609
2025.11.19,19:15,156.800,156.838,156.783,156.810,536
2025.11.19,19:30,156.811,156.845,156.776,156.781,647
2025.11.19,19:45,156.780,156.802,156.687,156.797,588
2025.11.19,20:00,156.793,156.923,156.769,156.873,917
2025.11.19,20:15,156.876,156.893,156.849,156.886,644
2025.11.19,20:30,156.883,156.968,156.845,156.965,649
2025.11.19,20:45,156.967,157.037,156.958,157.022,790
2025.11.19,21:00,157.025,157.043,156.960,156.961,687
2025.11.19,21:15,156.962,156.997,156.957,156.979,587
2025.11.19,21:30,156.982,156.997,156.962,156.970,429
2025.11.19,21:45,156.972,156.980,156.935,156.957,483
2025.11.19,22:00,156.959,157.036,156.959,157.036,392
2025.11.19,22:15,157.037,157.135,157.010,157.060,631
2025.11.19,22:30,157.061,157.155,157.061,157.154,477
2025.11.19,22:45,157.153,157.180,157.121,157.134,762
2025.11.19,23:00,157.145,157.146,157.032,157.070,75
2025.11.19,23:15,157.070,157.103,157.070,157.097,38
2025.11.19,23:30,157.096,157.096,157.049,157.067,93
2025.11.19,23:45,157.068,157.085,157.059,157.079,86
2025.11.20,00:00,157.055,157.151,156.976,157.058,503
2025.11.20,00:15,157.057,157.058,156.997,157.034,504
2025.11.20,00:30,157.035,157.073,157.010,157.055,452
2025.11.20,00:45,157.054,157.081,156.979,156.990,482
2025.11.20,01:00,156.991,157.034,156.882,156.911,862
2025.11.20,01:15,156.912,157.178,156.874,157.168,873
2025.11.20,01:30,157.167,157.175,157.076,157.160,937
2025.11.20,01:45,157.161,157.209,157.068,157.072,1068
2025.11.20,02:00,157.071,157.115,157.035,157.099,553
2025.11.20,02:15,157.097,157.171,157.041,157.137,608
2025.11.20,02:30,157.134,157.290,157.040,157.281,887
2025.11.20,02:45,157.277,157.431,157.265,157.419,815
2025.11.20,03:00,157.417,157.469,157.321,157.401,799
2025.11.20,03:15,157.407,157.469,157.370,157.391,759
2025.11.20,03:30,157.390,157.392,157.286,157.344,605
2025.11.20,03:45,157.345,157.346,157.302,157.312,508
2025.11.20,04:00,157.318,157.428,157.278,157.407,567
2025.11.20,04:15,157.406,157.406,157.337,157.354,501
2025.11.20,04:30,157.352,157.402,157.277,157.379,549
2025.11.20,04:45,157.388,157.411,157.319,157.411,570
2025.11.20,05:00,157.412,157.416,157.279,157.328,528
2025.11.20,05:15,157.327,157.352,157.275,157.328,503
2025.11.20,05:30,157.329,157.341,157.259,157.341,594
2025.11.20,05:45,157.340,157.414,157.334,157.395,547
2025.11.20,06:00,157.392,157.536,157.392,157.476,718
2025.11.20,06:15,157.475,157.531,157.456,157.477,470
2025.11.20,06:30,157.476,157.540,157.427,157.490,632
2025.11.20,06:45,157.491,157.567,157.424,157.555,731
2025.11.20,07:00,157.553,157.593,157.486,157.558,773
2025.11.20,07:15,157.559,157.626,157.523,157.537,668
2025.11.20,07:30,157.538,157.688,157.538,157.674,677
2025.11.20,07:45,157.675,157.732,157.659,157.729,577
2025.11.20,08:00,157.730,157.773,157.609,157.652,979
2025.11.20,08:15,157.650,157.664,157.549,157.613,873
2025.11.20,08:30,157.615,157.618,157.497,157.525,856
2025.11.20,08:45,157.526,157.526,157.372,157.450,993
2025.11.20,09:00,157.452,157.489,157.294,157.319,873
2025.11.20,09:15,157.317,157.367,157.260,157.317,722
2025.11.20,09:30,157.318,157.338,157.138,157.161,851
2025.11.20,09:45,157.160,157.168,157.106,157.148,729
2025.11.20,10:00,157.164,157.257,157.156,157.247,685
2025.11.20,10:15,157.249,157.259,157.172,157.202,533
2025.11.20,10:30,157.203,157.218,157.138,157.168,597
2025.11.20,10:45,157.166,157.182,157.121,157.176,532
2025.11.20,11:00,157.174,157.266,157.148,157.243,574
2025.11.20,11:15,157.244,157.319,157.242,157.319,466
2025.11.20,11:30,157.317,157.329,157.274,157.317,460
2025.11.20,11:45,157.318,157.405,157.301,157.379,504
2025.11.20,12:00,157.376,157.427,157.371,157.406,562
2025.11.20,12:15,157.407,157.455,157.352,157.453,431
2025.11.20,12:30,157.455,157.477,157.416,157.475,467
2025.11.20,12:45,157.476,157.534,157.456,157.505,498
2025.11.20,13:00,157.511,157.675,157.502,157.662,572
2025.11.20,13:15,157.659,157.673,157.626,157.646,614
2025.11.20,13:30,157.647,157.696,157.636,157.692,552
2025.11.20,13:45,157.693,157.734,157.685,157.696,612
2025.11.20,14:00,157.697,157.706,157.577,157.668,754
2025.11.20,14:15,157.667,157.694,157.475,157.475,762
2025.11.20,14:30,157.547,157.851,157.220,157.505,1664
2025.11.20,14:45,157.502,157.741,157.499,157.566,1259
2025.11.20,15:00,157.567,157.828,157.492,157.706,1160
2025.11.20,15:15,157.707,157.749,157.600,157.611,1113
2025.11.20,15:30,157.610,157.641,157.499,157.612,1259
2025.11.20,15:45,157.613,157.685,157.562,157.622,909
2025.11.20,16:00,157.625,157.773,157.625,157.762,931
2025.11.20,16:15,157.768,157.873,157.711,157.787,895
2025.11.20,16:30,157.786,157.892,157.786,157.823,804
2025.11.20,16:45,157.824,157.876,157.674,157.677,986
2025.11.20,17:00,157.670,157.679,157.361,157.390,1192
2025.11.20,17:15,157.391,157.545,157.282,157.493,1298
2025.11.20,17:30,157.492,157.606,157.401,157.581,1093
2025.11.20,17:45,157.584,157.643,157.407,157.421,1138
2025.11.20,18:00,157.414,157.532,157.271,157.342,1345
2025.11.20,18:15,157.331,157.466,157.259,157.453,1254
2025.11.20,18:30,157.450,157.496,157.351,157.435,1088
2025.11.20,18:45,157.433,157.523,157.375,157.513,1138
2025.11.20,19:00,157.514,157.688,157.500,157.684,946
2025.11.20,19:15,157.687,157.691,157.548,157.597,1098
2025.11.20,19:30,157.596,157.603,157.494,157.525,928
2025.11.20,19:45,157.526,157.530,157.423,157.456,808
2025.11.20,20:00,157.461,157.509,157.447,157.504,715
2025.11.20,20:15,157.500,157.537,157.450,157.517,749
2025.11.20,20:30,157.515,157.560,157.485,157.523,753
2025.11.20,20:45,157.521,157.541,157.457,157.534,656
2025.11.20,21:00,157.536,157.581,157.512,157.555,690
2025.11.20,21:15,157.556,157.637,157.554,157.626,668
2025.11.20,21:30,157.627,157.640,157.589,157.601,559
2025.11.20,21:45,157.602,157.643,157.547,157.571,659
2025.11.20,22:00,157.568,157.579,157.478,157.562,608
2025.11.20,22:15,157.564,157.587,157.538,157.550,451
2025.11.20,22:30,157.551,157.564,157.500,157.500,244
2025.11.20,22:45,157.499,157.500,157.395,157.445,785
2025.11.20,23:00,157.516,157.542,157.428,157.466,55
2025.11.20,23:15,157.467,157.513,157.467,157.513,28
2025.11.20,23:30,157.510,157.510,157.432,157.445,95
2025.11.20,23:45,157.444,157.449,157.412,157.436,147
2025.11.21,00:00,157.459,157.460,157.335,157.370,396
2025.11.21,00:15,157.371,157.450,157.369,157.421,486
2025.11.21,00:30,157.423,157.469,157.189,157.323,792
2025.11.21,00:45,157.309,157.395,157.229,157.386,845
2025.11.21,01:00,157.384,157.537,157.370,157.427,859
2025.11.21,01:15,157.428,157.528,157.418,157.481,503
2025.11.21,01:30,157.482,157.501,157.327,157.329,665
2025.11.21,01:45,157.328,157.411,157.218,157.311,998
2025.11.21,02:00,157.313,157.377,157.205,157.286,745
2025.11.21,02:15,157.287,157.447,157.287,157.428,532
2025.11.21,02:30,157.434,157.444,157.308,157.372,553
2025.11.21,02:45,157.371,157.491,157.348,157.484,607
2025.11.21,03:00,157.483,157.483,157.366,157.400,659
2025.11.21,03:15,157.399,157.457,157.347,157.353,628
2025.11.21,03:30,157.351,157.411,157.295,157.399,605
2025.11.21,03:45,157.401,157.437,157.340,157.345,329
2025.11.21,04:00,157.341,157.425,157.337,157.388,401
2025.11.21,04:15,157.387,157.402,157.364,157.376,367
2025.11.21,04:30,157.378,157.393,157.346,157.376,446
2025.11.21,04:45,157.377,157.413,157.292,157.299,488
2025.11.21,05:00,157.296,157.298,157.078,157.143,871
2025.11.21,05:15,157.142,157.214,157.122,157.187,527
2025.11.21,05:30,157.188,157.208,157.129,157.202,643
2025.11.21,05:45,157.203,157.291,157.186,157.266,584
2025.11.21,06:00,157.265,157.278,157.173,157.212,571
2025.11.21,06:15,157.214,157.301,157.188,157.234,425
2025.11.21,06:30,157.235,157.260,157.161,157.199,577
2025.11.21,06:45,157.198,157.286,157.166,157.221,590
2025.11.21,07:00,157.222,157.251,157.050,157.056,711
2025.11.21,07:15,157.055,157.141,157.048,157.102,685
2025.11.21,07:30,157.095,157.183,157.092,157.148,459
2025.11.21,07:45,157.144,157.202,157.136,157.164,490
2025.11.21,08:00,157.165,157.189,157.070,157.107,745
2025.11.21,08:15,157.106,157.150,157.005,157.065,732
2025.11.21,08:30,157.064,157.074,156.771,156.771,1220
2025.11.21,08:45,156.770,156.782,156.603,156.726,1224
2025.11.21,09:00,156.735,156.837,156.654,156.724,998
2025.11.21,09:15,156.720,156.769,156.563,156.608,973
2025.11.21,09:30,156.603,156.790,156.603,156.762,713
2025.11.21,09:45,156.761,156.946,156.745,156.909,825
2025.11.21,10:00,156.912,156.932,156.836,156.907,707
2025.11.21,10:15,156.901,156.946,156.736,156.840,750
2025.11.21,10:30,156.831,156.850,156.708,156.708,653
2025.11.21,10:45,156.691,156.794,156.673,156.755,748
2025.11.21,11:00,156.757,156.760,156.549,156.621,1078
2025.11.21,11:15,156.619,156.655,156.593,156.654,812
2025.11.21,11:30,156.656,156.745,156.656,156.689,801
2025.11.21,11:45,156.691,156.814,156.680,156.778,728
2025.11.21,12:00,156.777,156.857,156.747,156.851,612
2025.11.21,12:15,156.854,156.889,156.770,156.776,497
2025.11.21,12:30,156.774,156.877,156.769,156.856,474
2025.11.21,12:45,156.855,156.864,156.757,156.849,676
2025.11.21,13:00,156.851,156.851,156.743,156.841,722
2025.11.21,13:15,156.842,156.891,156.810,156.818,771
2025.11.21,13:30,156.822,156.822,156.606,156.703,1306
2025.11.21,13:45,156.705,156.864,156.653,156.743,958
2025.11.21,14:00,156.744,156.796,156.674,156.781,898
2025.11.21,14:15,156.779,156.845,156.724,156.798,784
2025.11.21,14:30,156.800,156.860,156.778,156.838,652
2025.11.21,14:45,156.837,156.837,156.738,156.810,706
2025.11.21,15:00,156.813,156.864,156.755,156.845,865
2025.11.21,15:15,156.839,156.852,156.784,156.832,695
2025.11.21,15:30,156.835,156.961,156.818,156.841,1021
2025.11.21,15:45,156.857,156.885,156.650,156.707,1162
2025.11.21,16:00,156.694,156.710,156.198,156.384,1467
2025.11.21,16:15,156.386,156.508,156.299,156.412,1312
2025.11.21,16:30,156.406,156.480,156.219,156.422,1411
2025.11.21,16:45,156.423,156.553,156.225,156.530,1311
2025.11.21,17:00,156.531,156.665,156.483,156.636,1137
2025.11.21,17:15,156.637,156.752,156.620,156.705,1019
2025.11.21,17:30,156.700,156.703,156.462,156.641,1027
2025.11.21,17:45,156.638,156.638,156.490,156.567,917
2025.11.21,18:00,156.569,156.588,156.495,156.558,832
2025.11.21,18:15,156.560,156.724,156.535,156.632,719
2025.11.21,18:30,156.617,156.627,156.509,156.567,750
2025.11.21,18:45,156.568,156.582,156.501,156.537,617
2025.11.21,19:00,156.536,156.579,156.497,156.498,631
2025.11.21,19:15,156.497,156.513,156.456,156.494,672
2025.11.21,19:30,156.489,156.555,156.485,156.521,666
2025.11.21,19:45,156.520,156.639,156.491,156.569,797
2025.11.21,20:00,156.567,156.578,156.421,156.468,583
2025.11.21,20:15,156.469,156.528,156.465,156.469,401
2025.11.21,20:30,156.472,156.474,156.292,156.298,559
2025.11.21,20:45,156.296,156.331,156.257,156.323,651
2025.11.21,21:00,156.322,156.390,156.316,156.372,446
2025.11.21,21:15,156.371,156.436,156.360,156.376,434
2025.11.21,21:30,156.368,156.432,156.357,156.416,605
2025.11.21,21:45,156.417,156.447,156.315,156.386,653
2025.11.23,23:00,156.317,156.454,156.317,156.453,22
2025.11.23,23:15,156.458,156.486,156.428,156.476,86
2025.11.23,23:30,156.480,156.591,156.354,156.425,239
2025.11.23,23:45,156.425,156.505,156.407,156.480,70
2025.11.24,00:00,156.466,156.609,156.448,156.583,397
2025.11.24,00:15,156.584,156.645,156.555,156.607,456
2025.11.24,00:30,156.606,156.675,156.604,156.660,469
2025.11.24,00:45,156.661,156.700,156.655,156.684,526
2025.11.24,01:00,156.684,156.735,156.654,156.705,633
2025.11.24,01:15,156.703,156.756,156.693,156.745,474
2025.11.24,01:30,156.744,156.791,156.741,156.781,653
2025.11.24,01:45,156.779,156.794,156.731,156.732,714
2025.11.24,02:00,156.733,156.738,156.664,156.688,595
2025.11.24,02:15,156.687,156.745,156.658,156.694,600
2025.11.24,02:30,156.684,156.694,156.634,156.655,550
2025.11.24,02:45,156.656,156.745,156.641,156.718,329
2025.11.24,03:00,156.717,156.731,156.659,156.674,297
2025.11.24,03:15,156.673,156.721,156.645,156.706,433
2025.11.24,03:30,156.705,156.709,156.603,156.604,338
2025.11.24,03:45,156.606,156.687,156.606,156.684,365
2025.11.24,04:00,156.686,156.686,156.608,156.671,393
2025.11.24,04:15,156.670,156.677,156.610,156.613,320
2025.11.24,04:30,156.612,156.622,156.586,156.621,278
2025.11.24,04:45,156.622,156.639,156.607,156.636,196
2025.11.24,05:00,156.637,156.656,156.609,156.621,270
2025.11.24,05:15,156.620,156.623,156.572,156.574,310
2025.11.24,05:30,156.573,156.593,156.570,156.582,212
2025.11.24,05:45,156.581,156.593,156.507,156.548,458
2025.11.24,06:00,156.547,156.585,156.494,156.554,421
2025.11.24,06:15,156.547,156.573,156.522,156.552,404
2025.11.24,06:30,156.551,156.552,156.511,156.521,383
2025.11.24,06:45,156.513,156.588,156.513,156.578,388
2025.11.24,07:00,156.586,156.637,156.541,156.613,353
2025.11.24,07:15,156.615,156.659,156.593,156.617,391
2025.11.24,07:30,156.616,156.669,156.616,156.642,339
2025.11.24,07:45,156.641,156.735,156.641,156.728,375
2025.11.24,08:00,156.722,156.746,156.673,156.734,602
2025.11.24,08:15,156.732,156.771,156.704,156.758,472
2025.11.24,08:30,156.758,156.793,156.727,156.789,440
2025.11.24,08:45,156.788,156.881,156.765,156.837,840
2025.11.24,09:00,156.834,156.834,156.660,156.707,689
2025.11.24,09:15,156.706,156.766,156.644,156.720,645
2025.11.24,09:30,156.722,156.813,156.717,156.781,638
2025.11.24,09:45,156.782,156.929,156.779,156.897,590
2025.11.24,10:00,156.896,156.928,156.830,156.888,521
2025.11.24,10:15,156.887,156.912,156.709,156.742,624
2025.11.24,10:30,156.741,156.766,156.677,156.733,573
2025.11.24,10:45,156.744,156.778,156.733,156.744,555
2025.11.24,11:00,156.743,156.755,156.696,156.744,521
2025.11.24,11:15,156.743,156.775,156.696,156.702,436
2025.11.24,11:30,156.695,156.755,156.695,156.717,447
2025.11.24,11:45,156.718,156.755,156.706,156.707,332
2025.11.24,12:00,156.708,156.741,156.696,156.737,366
2025.11.24,12:15,156.736,156.758,156.706,156.727,302
2025.11.24,12:30,156.728,156.776,156.708,156.770,418
2025.11.24,12:45,156.769,156.862,156.764,156.830,477
2025.11.24,13:00,156.828,156.865,156.825,156.854,426
2025.11.24,13:15,156.857,156.857,156.811,156.818,417
2025.11.24,13:30,156.817,156.840,156.778,156.778,478
2025.11.24,13:45,156.777,156.868,156.743,156.849,542
2025.11.24,14:00,156.848,156.983,156.846,156.965,684
2025.11.24,14:15,156.964,156.966,156.891,156.930,483
2025.11.24,14:30,156.928,156.947,156.860,156.938,463
2025.11.24,14:45,156.939,156.948,156.868,156.910,486
2025.11.24,15:00,156.912,156.998,156.884,156.996,512
2025.11.24,15:15,156.995,157.086,156.981,157.070,603
2025.11.24,15:30,157.068,157.154,157.022,157.042,850
2025.11.24,15:45,157.039,157.083,156.982,157.045,802
2025.11.24,16:00,157.046,157.184,157.046,157.135,807
2025.11.24,16:15,157.136,157.138,157.057,157.058,615
2025.11.24,16:30,157.060,157.060,156.879,156.902,614
2025.11.24,16:45,156.910,157.011,156.735,156.786,1070
2025.11.24,17:00,156.794,156.869,156.765,156.792,718
2025.11.24,17:15,156.791,156.892,156.768,156.877,428
2025.11.24,17:30,156.876,156.916,156.834,156.902,398
2025.11.24,17:45,156.901,156.940,156.865,156.935,385
2025.11.24,18:00,156.936,156.957,156.910,156.926,491
2025.11.24,18:15,156.925,156.978,156.857,156.937,562
2025.11.24,18:30,156.938,156.951,156.867,156.876,497
2025.11.24,18:45,156.877,156.894,156.853,156.882,558
2025.11.24,19:00,156.883,156.888,156.837,156.886,421
2025.11.24,19:15,156.885,156.889,156.848,156.855,347
2025.11.24,19:30,156.854,156.871,156.815,156.821,540
2025.11.24,19:45,156.822,156.851,156.783,156.785,427
2025.11.24,20:00,156.786,156.851,156.785,156.848,381
2025.11.24,20:15,156.849,156.874,156.789,156.804,460
2025.11.24,20:30,156.804,156.829,156.791,156.828,338
2025.11.24,20:45,156.830,156.842,156.709,156.733,555
2025.11.24,21:00,156.736,156.815,156.724,156.792,405
2025.11.24,21:15,156.802,156.835,156.797,156.831,243
2025.11.24,21:30,156.829,156.841,156.792,156.804,404
2025.11.24,21:45,156.803,156.829,156.779,156.829,408
2025.11.24,22:00,156.827,156.866,156.818,156.857,319
2025.11.24,22:15,156.858,156.890,156.844,156.890,143
2025.11.24,22:30,156.889,156.905,156.878,156.889,278
2025.11.24,22:45,156.888,156.916,156.887,156.915,656
2025.11.24,23:00,156.828,156.889,156.782,156.880,55
2025.11.24,23:15,156.888,156.904,156.865,156.866,59
2025.11.24,23:30,156.865,156.879,156.845,156.863,67
2025.11.24,23:45,156.863,156.864,156.791,156.844,88
2025.11.25,00:00,156.847,156.921,156.838,156.919,303
2025.11.25,00:15,156.907,156.923,156.893,156.920,287
2025.11.25,00:30,156.921,156.952,156.907,156.945,220
2025.11.25,00:45,156.944,156.944,156.891,156.906,399
2025.11.25,01:00,156.905,156.905,156.826,156.829,460
2025.11.25,01:15,156.826,156.959,156.816,156.952,435
2025.11.25,01:30,156.953,156.977,156.890,156.950,567
2025.11.25,01:45,156.949,156.958,156.670,156.684,1082
2025.11.25,02:00,156.685,156.743,156.599,156.667,785
2025.11.25,02:15,156.670,156.694,156.575,156.671,601
2025.11.25,02:30,156.672,156.675,156.553,156.613,606
2025.11.25,02:45,156.612,156.686,156.601,156.650,516
2025.11.25,03:00,156.648,156.684,156.607,156.637,474
2025.11.25,03:15,156.634,156.648,156.605,156.636,524
2025.11.25,03:30,156.635,156.723,156.633,156.700,374
2025.11.25,03:45,156.701,156.706,156.642,156.670,402
2025.11.25,04:00,156.669,156.670,156.609,156.648,353
2025.11.25,04:15,156.647,156.708,156.643,156.697,341
2025.11.25,04:30,156.696,156.734,156.655,156.728,451
2025.11.25,04:45,156.729,156.777,156.728,156.771,375
2025.11.25,05:00,156.772,156.828,156.772,156.828,282
2025.11.25,05:15,156.827,156.844,156.795,156.804,300
2025.11.25,05:30,156.805,156.818,156.755,156.792,352
2025.11.25,05:45,156.793,156.806,156.778,156.800,233
2025.11.25,06:00,156.801,156.828,156.788,156.822,289
2025.11.25,06:15,156.827,156.840,156.714,156.716,337
2025.11.25,06:30,156.717,156.771,156.714,156.727,270
2025.11.25,06:45,156.728,156.740,156.692,156.729,441
2025.11.25,07:00,156.730,156.794,156.691,156.721,592
2025.11.25,07:15,156.728,156.770,156.728,156.738,403
2025.11.25,07:30,156.740,156.760,156.666,156.671,409
2025.11.25,07:45,156.666,156.742,156.666,156.677,419
2025.11.25,08:00,156.676,156.687,156.557,156.636,728
2025.11.25,08:15,156.635,156.639,156.558,156.584,411
2025.11.25,08:30,156.584,156.602,156.518,156.550,611
2025.11.25,08:45,156.561,156.669,156.519,156.613,784
2025.11.25,09:00,156.608,156.691,156.562,156.588,653
2025.11.25,09:15,156.587,156.686,156.561,156.615,517
2025.11.25,09:30,156.613,156.636,156.499,156.507,564
2025.11.25,09:45,156.506,156.539,156.438,156.490,730
2025.11.25,10:00,156.488,156.491,156.333,156.374,716
2025.11.25,10:15,156.375,156.401,156.259,156.308,596
2025.11.25,10:30,156.307,156.322,156.140,156.158,672
2025.11.25,10:45,156.159,156.300,156.139,156.294,642
2025.11.25,11:00,156.296,156.325,156.200,156.219,603
2025.11.25,11:15,156.220,156.281,156.218,156.246,514
2025.11.25,11:30,156.245,156.381,156.231,156.366,498
2025.11.25,11:45,156.367,156.395,156.330,156.342,371
2025.11.25,12:00,156.345,156.481,156.345,156.481,521
2025.11.25,12:15,156.482,156.487,156.452,156.463,381
2025.11.25,12:30,156.464,156.516,156.451,156.480,390
2025.11.25,12:45,156.481,156.501,156.423,156.436,523
2025.11.25,13:00,156.437,156.471,156.391,156.416,425
2025.11.25,13:15,156.415,156.451,156.380,156.386,447
2025.11.25,13:30,156.387,156.508,156.358,156.404,602
2025.11.25,13:45,156.409,156.439,156.291,156.294,757
2025.11.25,14:00,156.295,156.306,156.142,156.152,830
2025.11.25,14:15,156.146,156.192,156.023,156.149,865
2025.11.25,14:30,156.177,156.339,156.019,156.221,1072
2025.11.25,14:45,156.219,156.219,156.123,156.143,694
2025.11.25,15:00,156.142,156.173,156.031,156.170,742
2025.11.25,15:15,156.167,156.273,156.165,156.247,704
2025.11.25,15:30,156.233,156.250,156.116,156.122,951
2025.11.25,15:45,156.120,156.120,155.892,156.060,1116
2025.11.25,16:00,156.034,156.050,155.890,155.987,992
2025.11.25,16:15,155.986,156.084,155.901,156.011,999
2025.11.25,16:30,156.010,156.066,155.918,156.050,872
2025.11.25,16:45,156.054,156.167,156.024,156.144,970
2025.11.25,17:00,156.145,156.162,156.081,156.086,779
2025.11.25,17:15,156.085,156.152,156.058,156.152,512
2025.11.25,17:30,156.151,156.223,156.124,156.211,585
2025.11.25,17:45,156.210,156.308,156.210,156.302,601
2025.11.25,18:00,156.301,156.332,155.995,156.063,1122
2025.11.25,18:15,156.069,156.087,155.797,155.906,979
2025.11.25,18:30,155.908,155.965,155.849,155.941,620
2025.11.25,18:45,155.942,155.991,155.866,155.893,576
2025.11.25,19:00,155.890,155.969,155.828,155.913,832
2025.11.25,19:15,155.914,155.938,155.872,155.929,680
2025.11.25,19:30,155.931,155.933,155.882,155.907,512
2025.11.25,19:45,155.908,155.934,155.891,155.908,496
2025.11.25,20:00,155.907,155.942,155.896,155.915,431
2025.11.25,20:15,155.914,155.953,155.912,155.944,461
2025.11.25,20:30,155.943,155.947,155.870,155.880,342
2025.11.25,20:45,155.881,155.906,155.804,155.822,498
2025.11.25,21:00,155.821,155.907,155.819,155.907,453
2025.11.25,21:15,155.905,156.081,155.901,156.078,632
2025.11.25,21:30,156.079,156.141,156.073,156.121,487
2025.11.25,21:45,156.122,156.183,156.095,156.096,509
2025.11.25,22:00,156.095,156.108,156.059,156.085,292
2025.11.25,22:15,156.086,156.098,156.050,156.060,214
2025.11.25,22:30,156.059,156.079,156.038,156.073,220
2025.11.25,22:45,156.072,156.085,155.974,155.978,655
2025.11.25,23:00,155.958,156.035,155.915,155.990,41
2025.11.25,23:15,155.987,155.989,155.975,155.986,87
2025.11.25,23:30,156.003,156.128,155.990,156.000,114
2025.11.25,23:45,156.006,156.043,155.998,156.034,71
2025.11.26,00:00,156.008,156.122,156.008,156.112,302
2025.11.26,00:15,156.111,156.152,156.098,156.099,287
2025.11.26,00:30,156.100,156.148,156.098,156.135,191
2025.11.26,00:45,156.137,156.228,156.135,156.196,408
2025.11.26,01:00,156.195,156.200,156.102,156.174,665
2025.11.26,01:15,156.171,156.258,156.139,156.163,568
2025.11.26,01:30,156.164,156.243,156.090,156.242,671
2025.11.26,01:45,156.241,156.342,156.200,156.252,970
2025.11.26,02:00,156.248,156.356,156.176,156.336,714
2025.11.26,02:15,156.335,156.370,156.294,156.350,705
2025.11.26,02:30,156.351,156.351,155.817,155.950,1093
2025.11.26,02:45,155.951,156.079,155.810,155.940,869
2025.11.26,03:00,155.940,156.017,155.746,155.820,801
2025.11.26,03:15,155.819,155.828,155.659,155.673,856
2025.11.26,03:30,155.678,155.775,155.646,155.775,684
2025.11.26,03:45,155.774,155.851,155.711,155.843,704
2025.11.26,04:00,155.846,155.865,155.745,155.833,606
2025.11.26,04:15,155.831,155.902,155.827,155.891,438
2025.11.26,04:30,155.890,155.891,155.757,155.863,569
2025.11.26,04:45,155.862,155.903,155.841,155.878,545
2025.11.26,05:00,155.877,156.010,155.873,156.003,571
2025.11.26,05:15,156.002,156.108,155.996,156.108,602
2025.11.26,05:30,156.107,156.123,156.043,156.060,612
2025.11.26,05:45,156.059,156.081,156.025,156.035,381
2025.11.26,06:00,156.033,156.169,156.027,156.148,583
2025.11.26,06:15,156.147,156.179,156.073,156.102,503
2025.11.26,06:30,156.103,156.156,156.053,156.143,629
2025.11.26,06:45,156.142,156.154,156.055,156.110,708
2025.11.26,07:00,156.111,156.193,156.111,156.153,592
2025.11.26,07:15,156.156,156.174,156.057,156.058,644
2025.11.26,07:30,156.057,156.167,156.045,156.167,561
2025.11.26,07:45,156.177,156.282,156.176,156.206,627
2025.11.26,08:00,156.205,156.208,156.145,156.205,715
2025.11.26,08:15,156.205,156.395,156.205,156.395,749
2025.11.26,08:30,156.395,156.457,156.323,156.423,1033
2025.11.26,08:45,156.423,156.450,156.364,156.379,881
2025.11.26,09:00,156.379,156.445,156.323,156.391,709
2025.11.26,09:15,156.389,156.435,156.327,156.366,623
2025.11.26,09:30,156.365,156.425,156.314,156.367,658
2025.11.26,09:45,156.368,156.489,156.368,156.437,540
2025.11.26,10:00,156.440,156.478,156.338,156.340,538
2025.11.26,10:15,156.341,156.397,156.330,156.388,616
2025.11.26,10:30,156.389,156.476,156.341,156.377,523
2025.11.26,10:45,156.379,156.497,156.374,156.450,610
2025.11.26,11:00,156.449,156.451,156.322,156.357,645
2025.11.26,11:15,156.356,156.454,156.340,156.415,466
2025.11.26,11:30,156.417,156.430,156.384,156.403,412
2025.11.26,11:45,156.406,156.507,156.401,156.473,582
2025.11.26,12:00,156.474,156.538,156.431,156.536,578
2025.11.26,12:15,156.537,156.573,156.520,156.524,549
2025.11.26,12:30,156.510,156.540,156.368,156.418,553
2025.11.26,12:45,156.419,156.486,156.380,156.473,764
2025.11.26,13:00,156.472,156.584,156.456,156.545,950
2025.11.26,13:15,156.547,156.551,156.451,156.456,582
2025.11.26,13:30,156.448,156.580,156.445,156.504,567
2025.11.26,13:45,156.506,156.548,156.438,156.475,657
2025.11.26,14:00,156.472,156.513,156.403,156.430,660
2025.11.26,14:15,156.427,156.434,156.327,156.351,759
2025.11.26,14:30,156.349,156.670,156.349,156.621,1148
2025.11.26,14:45,156.628,156.680,156.603,156.657,928
2025.11.26,15:00,156.659,156.671,156.597,156.646,743
2025.11.26,15:15,156.648,156.730,156.617,156.707,681
2025.11.26,15:30,156.712,156.730,156.596,156.596,663
2025.11.26,15:45,156.598,156.613,156.495,156.601,927
2025.11.26,16:00,156.604,156.636,156.442,156.452,845
2025.11.26,16:15,156.445,156.545,156.425,156.467,784
2025.11.26,16:30,156.479,156.588,156.467,156.525,689
2025.11.26,16:45,156.524,156.547,156.413,156.414,835
2025.11.26,17:00,156.413,156.461,156.383,156.403,679
2025.11.26,17:15,156.404,156.424,156.307,156.339,593
2025.11.26,17:30,156.340,156.366,156.284,156.344,469
2025.11.26,17:45,156.348,156.441,156.340,156.380,468
2025.11.26,18:00,156.379,156.391,156.338,156.388,422
2025.11.26,18:15,156.389,156.449,156.388,156.436,400
2025.11.26,18:30,156.437,156.459,156.413,156.425,343
2025.11.26,18:45,156.426,156.434,156.387,156.400,338
2025.11.26,19:00,156.402,156.408,156.342,156.396,386
2025.11.26,19:15,156.395,156.429,156.390,156.419,372
2025.11.26,19:30,156.429,156.503,156.417,156.457,501
2025.11.26,19:45,156.458,156.489,156.451,156.462,452
2025.11.26,20:00,156.455,156.501,156.452,156.481,324
2025.11.26,20:15,156.484,156.489,156.462,156.477,315
2025.11.26,20:30,156.476,156.477,156.428,156.438,285
2025.11.26,20:45,156.436,156.462,156.426,156.452,424
2025.11.26,21:00,156.454,156.489,156.427,156.444,388
2025.11.26,21:15,156.445,156.452,156.414,156.446,322
2025.11.26,21:30,156.447,156.451,156.410,156.415,328
2025.11.26,21:45,156.416,156.449,156.405,156.445,443
2025.11.26,22:00,156.444,156.472,156.441,156.452,344
2025.11.26,22:15,156.453,156.475,156.444,156.444,269
2025.11.26,22:30,156.445,156.454,156.404,156.426,110
2025.11.26,22:45,156.425,156.468,156.415,156.456,390
2025.11.26,23:00,156.458,156.468,156.375,156.440,67
2025.11.26,23:15,156.442,156.456,156.423,156.432,74
2025.11.26,23:30,156.434,156.434,156.407,156.416,72
2025.11.26,23:45,156.417,156.421,156.400,156.411,61
2025.11.27,00:00,156.412,156.417,156.321,156.338,226
2025.11.27,00:15,156.337,156.340,156.286,156.287,241
2025.11.27,00:30,156.288,156.339,156.260,156.301,271
2025.11.27,00:45,156.299,156.300,156.216,156.216,427
2025.11.27,01:00,156.215,156.231,156.070,156.106,723
2025.11.27,01:15,156.107,156.162,156.065,156.067,570
2025.11.27,01:30,156.068,156.112,156.044,156.107,556
2025.11.27,01:45,156.106,156.106,155.847,156.033,1038
2025.11.27,02:00,156.034,156.034,155.879,155.879,659
2025.11.27,02:15,155.877,155.950,155.804,155.828,591
2025.11.27,02:30,155.825,156.173,155.710,156.169,951
2025.11.27,02:45,156.168,156.172,156.007,156.049,678
2025.11.27,03:00,156.048,156.048,155.925,156.032,574
2025.11.27,03:15,156.030,156.179,156.024,156.123,526
2025.11.27,03:30,156.122,156.179,156.077,156.082,378
2025.11.27,03:45,156.081,156.152,156.052,156.115,491
2025.11.27,04:00,156.116,156.149,156.078,156.104,342
2025.11.27,04:15,156.103,156.113,156.084,156.091,242
2025.11.27,04:30,156.092,156.105,156.040,156.053,343
2025.11.27,04:45,156.057,156.091,156.025,156.075,339
2025.11.27,05:00,156.076,156.097,156.044,156.061,366
2025.11.27,05:15,156.060,156.084,156.015,156.016,369
2025.11.27,05:30,156.017,156.046,155.937,156.021,446
2025.11.27,05:45,156.022,156.042,155.972,156.000,389
2025.11.27,06:00,156.001,156.009,155.882,155.883,392
2025.11.27,06:15,155.881,155.927,155.811,155.868,600
2025.11.27,06:30,155.866,155.942,155.813,155.935,501
2025.11.27,06:45,155.936,155.989,155.862,155.983,637
2025.11.27,07:00,155.988,156.022,155.910,156.012,584
2025.11.27,07:15,156.019,156.132,156.014,156.121,527
2025.11.27,07:30,156.119,156.201,156.106,156.178,530
2025.11.27,07:45,156.179,156.192,156.133,156.134,492
2025.11.27,08:00,156.135,156.221,156.128,156.204,530
2025.11.27,08:15,156.206,156.251,156.200,156.240,369
2025.11.27,08:30,156.241,156.274,156.189,156.271,360
2025.11.27,08:45,156.271,156.295,156.104,156.105,587
2025.11.27,09:00,156.103,156.208,156.076,156.206,468
2025.11.27,09:15,156.208,156.299,156.196,156.214,546
2025.11.27,09:30,156.212,156.305,156.137,156.276,493
2025.11.27,09:45,156.277,156.361,156.276,156.316,611
2025.11.27,10:00,156.318,156.380,156.318,156.332,641
2025.11.27,10:15,156.333,156.398,156.313,156.390,512
2025.11.27,10:30,156.393,156.403,156.310,156.322,431
2025.11.27,10:45,156.320,156.387,156.319,156.353,343
2025.11.27,11:00,156.352,156.357,156.317,156.347,417
2025.11.27,11:15,156.346,156.351,156.255,156.285,413
2025.11.27,11:30,156.286,156.328,156.279,156.282,310
2025.11.27,11:45,156.283,156.313,156.264,156.280,318
2025.11.27,12:00,156.281,156.301,156.247,156.299,468
2025.11.27,12:15,156.296,156.305,156.264,156.270,341
2025.11.27,12:30,156.269,156.316,156.261,156.316,411
2025.11.27,12:45,156.319,156.346,156.300,156.306,411
2025.11.27,13:00,156.311,156.338,156.298,156.301,440
2025.11.27,13:15,156.300,156.311,156.262,156.294,411
2025.11.27,13:30,156.298,156.340,156.289,156.325,347
2025.11.27,13:45,156.326,156.384,156.325,156.372,477
2025.11.27,14:00,156.371,156.377,156.304,156.304,497
2025.11.27,14:15,156.305,156.316,156.260,156.263,262
2025.11.27,14:30,156.264,156.328,156.264,156.328,345
2025.11.27,14:45,156.327,156.328,156.241,156.259,450
2025.11.27,15:00,156.261,156.299,156.229,156.276,461
2025.11.27,15:15,156.278,156.339,156.273,156.330,407
2025.11.27,15:30,156.333,156.358,156.333,156.338,371
2025.11.27,15:45,156.339,156.339,156.311,156.325,395
2025.11.27,16:00,156.327,156.336,156.280,156.301,372
2025.11.27,16:15,156.300,156.301,156.260,156.267,420
2025.11.27,16:30,156.266,156.300,156.262,156.264,384
2025.11.27,16:45,156.263,156.313,156.247,156.301,579
2025.11.27,17:00,156.303,156.355,156.296,156.302,495
2025.11.27,17:15,156.301,156.313,156.255,156.270,416
2025.11.27,17:30,156.271,156.309,156.271,156.292,242
2025.11.27,17:45,156.291,156.304,156.264,156.270,165
2025.11.27,18:00,156.276,156.315,156.268,156.313,248
2025.11.27,18:15,156.312,156.345,156.310,156.328,300
2025.11.27,18:30,156.329,156.363,156.324,156.357,168
2025.11.27,18:45,156.358,156.363,156.326,156.326,193
2025.11.27,19:00,156.327,156.347,156.321,156.347,118
2025.11.27,19:15,156.346,156.361,156.345,156.359,124
2025.11.27,19:30,156.360,156.364,156.352,156.359,189
2025.11.27,19:45,156.358,156.359,156.346,156.357,108
2025.11.27,20:00,156.358,156.359,156.343,156.344,241
2025.11.27,20:15,156.345,156.347,156.342,156.343,158
2025.11.27,20:30,156.344,156.348,156.343,156.346,81
2025.11.27,20:45,156.345,156.346,156.319,156.330,151
2025.11.27,21:00,156.331,156.334,156.307,156.323,81
2025.11.27,21:15,156.322,156.322,156.317,156.318,31
2025.11.27,21:30,156.319,156.321,156.266,156.290,129
2025.11.27,21:45,156.287,156.317,156.282,156.311,113
2025.11.27,22:00,156.303,156.305,156.291,156.296,83
2025.11.27,22:15,156.292,156.292,156.262,156.286,102
2025.11.27,22:30,156.287,156.291,156.278,156.279,417
2025.11.27,22:45,156.280,156.299,156.243,156.243,148
2025.11.27,23:00,156.242,156.320,156.242,156.315,30
2025.11.27,23:15,156.314,156.322,156.307,156.316,41
2025.11.27,23:30,156.311,156.316,156.277,156.280,42
2025.11.27,23:45,156.276,156.287,156.267,156.267,31
2025.11.28,00:00,156.266,156.291,156.209,156.238,222
2025.11.28,00:15,156.236,156.247,156.215,156.235,196
2025.11.28,00:30,156.236,156.309,156.203,156.279,271
2025.11.28,00:45,156.274,156.303,156.270,156.286,148
2025.11.28,01:00,156.287,156.322,156.180,156.180,594
2025.11.28,01:15,156.181,156.331,156.170,156.318,671
2025.11.28,01:30,156.319,156.371,156.247,156.370,687
2025.11.28,01:45,156.369,156.578,156.369,156.447,1288
2025.11.28,02:00,156.444,156.447,156.320,156.394,876
2025.11.28,02:15,156.395,156.434,156.342,156.386,651
2025.11.28,02:30,156.388,156.453,156.368,156.393,552
2025.11.28,02:45,156.394,156.403,156.373,156.374,434
2025.11.28,03:00,156.375,156.379,156.313,156.316,527
2025.11.28,03:15,156.316,156.333,156.275,156.276,901
2025.11.28,03:30,156.282,156.285,156.091,156.259,1566
2025.11.28,03:45,156.263,156.350,156.223,156.280,1716
2025.11.28,04:00,156.244,156.386,156.132,156.263,1619
2025.11.28,04:15,156.264,156.303,156.244,156.269,1627
2025.11.28,04:30,156.270,156.284,156.191,156.245,1987
2025.11.28,04:45,156.247,156.284,156.155,156.263,1301
2025.11.28,05:00,156.265,156.294,156.181,156.197,1747
2025.11.28,05:15,156.189,156.249,156.178,156.211,1436
2025.11.28,05:30,156.206,156.244,156.199,156.223,1850
2025.11.28,05:45,156.225,156.241,156.177,156.217,1733
2025.11.28,06:00,156.218,156.296,156.197,156.286,1814
2025.11.28,06:15,156.289,156.403,156.262,156.300,2074
2025.11.28,06:30,156.309,156.362,156.281,156.343,2166
2025.11.28,06:45,156.344,156.410,156.326,156.335,1655
2025.11.28,07:00,156.329,156.406,156.321,156.386,1930
2025.11.28,07:15,156.384,156.432,156.328,156.371,2005
2025.11.28,07:30,156.376,156.397,156.332,156.348,1847
2025.11.28,07:45,156.347,156.431,156.340,156.378,1543
2025.11.28,08:00,156.381,156.393,156.343,156.376,1338
2025.11.28,08:15,156.375,156.399,156.337,156.370,1360
2025.11.28,08:30,156.373,156.394,156.278,156.353,1344
2025.11.28,08:45,156.354,156.397,156.272,156.300,1394
2025.11.28,09:00,156.296,156.388,156.272,156.365,1250
2025.11.28,09:15,156.364,156.384,156.326,156.337,1157
2025.11.28,09:30,156.341,156.375,156.297,156.351,1371
2025.11.28,09:45,156.352,156.366,156.255,156.355,1196
2025.11.28,10:00,156.357,156.378,156.277,156.312,1238
2025.11.28,10:15,156.311,156.363,156.252,156.315,1159
2025.11.28,10:30,156.324,156.342,156.245,156.276,987
2025.11.28,10:45,156.276,156.370,156.221,156.312,1208
2025.11.28,11:00,156.311,156.391,156.256,156.341,1289
2025.11.28,11:15,156.347,156.365,156.231,156.302,1464
2025.11.28,11:30,156.309,156.341,156.256,156.302,1338
2025.11.28,11:45,156.306,156.336,156.242,156.258,1179
2025.11.28,12:00,156.258,156.300,156.233,156.286,1049
2025.11.28,12:15,156.289,156.294,156.216,156.227,1026
2025.11.28,12:30,156.228,156.286,156.182,156.256,1031
2025.11.28,12:45,156.254,156.275,156.140,156.196,913
2025.11.28,13:00,156.205,156.260,156.162,156.234,987
2025.11.28,13:15,156.232,156.238,156.148,156.151,622
2025.11.28,13:30,156.150,156.151,156.091,156.110,908
2025.11.28,13:45,156.111,156.159,156.070,156.109,961
2025.11.28,14:00,156.110,156.135,156.055,156.121,771
2025.11.28,14:15,156.119,156.149,156.115,156.120,615
2025.11.28,14:30,156.121,156.156,156.101,156.123,846
2025.11.28,14:45,156.130,156.130,155.999,156.015,862
2025.11.28,15:00,156.014,156.045,155.976,156.039,855
2025.11.28,15:15,156.040,156.348,156.039,156.278,910
2025.11.28,15:30,156.270,156.389,156.229,156.349,842
2025.11.28,15:45,156.342,156.384,156.223,156.240,877
2025.11.28,16:00,156.244,156.285,156.145,156.262,688
2025.11.28,16:15,156.263,156.309,156.230,156.236,555
2025.11.28,16:30,156.234,156.302,156.209,156.242,840
2025.11.28,16:45,156.243,156.337,155.996,156.031,1208
2025.11.28,17:00,156.027,156.154,155.990,156.154,987
2025.11.28,17:15,156.153,156.191,156.121,156.164,644
2025.11.28,17:30,156.163,156.192,156.125,156.132,583
2025.11.28,17:45,156.135,156.198,156.131,156.174,492
2025.11.28,18:00,156.172,156.257,156.156,156.228,590
2025.11.28,18:15,156.227,156.264,156.204,156.230,544
2025.11.28,18:30,156.229,156.237,156.128,156.141,582
2025.11.28,18:45,156.142,156.216,156.142,156.205,583
2025.11.28,19:00,156.233,156.234,156.142,156.161,481
2025.11.28,19:15,156.162,156.173,156.120,156.122,577
2025.11.28,19:30,156.123,156.190,156.080,156.182,639
2025.11.28,19:45,156.183,156.184,156.122,156.132,485
2025.11.28,20:00,156.126,156.167,156.123,156.128,771
2025.11.28,20:15,156.129,156.151,156.107,156.110,534
2025.11.28,20:30,156.109,156.110,156.070,156.084,461
2025.11.28,20:45,156.083,156.119,156.066,156.116,319
2025.11.28,21:00,156.117,156.117,156.081,156.086,568
2025.11.28,21:15,156.085,156.109,156.062,156.102,651
2025.11.28,21:30,156.101,156.109,156.073,156.094,476
2025.11.28,21:45,156.093,156.145,156.083,156.143,275
2025.11.30,23:00,155.983,156.150,155.979,156.136,103
2025.11.30,23:15,156.134,156.140,156.084,156.103,116
2025.11.30,23:30,156.108,156.117,156.065,156.097,151
2025.11.30,23:45,156.103,156.117,156.102,156.114,171
2025.12.01,00:00,156.120,156.139,156.015,156.042,494
2025.12.01,00:15,156.047,156.100,156.019,156.033,556
2025.12.01,00:30,156.034,156.148,156.027,156.083,526
2025.12.01,00:45,156.095,156.095,155.902,155.905,745
2025.12.01,01:00,155.903,155.906,155.760,155.878,927
2025.12.01,01:15,155.866,155.884,155.730,155.735,798
2025.12.01,01:30,155.734,155.761,155.697,155.735,749
2025.12.01,01:45,155.731,155.854,155.675,155.806,938
2025.12.01,02:00,155.802,155.977,155.477,155.637,1329
2025.12.01,02:15,155.640,155.681,155.540,155.602,1054
2025.12.01,02:30,155.600,155.822,155.583,155.717,922
2025.12.01,02:45,155.715,155.772,155.529,155.630,775
2025.12.01,03:00,155.636,155.648,155.530,155.536,799
2025.12.01,03:15,155.535,155.602,155.522,155.588,723
2025.12.01,03:30,155.587,155.616,155.448,155.464,715
2025.12.01,03:45,155.465,155.498,155.423,155.495,657
2025.12.01,04:00,155.496,155.590,155.466,155.471,593
2025.12.01,04:15,155.470,155.498,155.442,155.495,452
2025.12.01,04:30,155.493,155.507,155.431,155.437,431
2025.12.01,04:45,155.436,155.489,155.409,155.456,551
2025.12.01,05:00,155.457,155.472,155.425,155.443,505
2025.12.01,05:15,155.444,155.491,155.433,155.433,398
2025.12.01,05:30,155.434,155.520,155.391,155.518,434
2025.12.01,05:45,155.519,155.592,155.516,155.547,588
2025.12.01,06:00,155.546,155.580,155.461,155.463,651
2025.12.01,06:15,155.462,155.489,155.408,155.472,741
2025.12.01,06:30,155.473,155.593,155.445,155.581,636
2025.12.01,06:45,155.582,155.609,155.535,155.589,655
2025.12.01,07:00,155.589,155.685,155.588,155.671,615
2025.12.01,07:15,155.670,155.689,155.617,155.642,522
2025.12.01,07:30,155.641,155.648,155.552,155.625,679
2025.12.01,07:45,155.625,155.662,155.559,155.560,686
2025.12.01,08:00,155.546,155.623,155.518,155.570,867
2025.12.01,08:15,155.569,155.572,155.391,155.398,799
2025.12.01,08:30,155.398,155.435,155.309,155.319,870
2025.12.01,08:45,155.312,155.385,155.299,155.355,1239
2025.12.01,09:00,155.365,155.433,155.299,155.342,908
2025.12.01,09:15,155.341,155.367,155.248,155.313,857
2025.12.01,09:30,155.314,155.555,155.309,155.552,841
2025.12.01,09:45,155.550,155.557,155.464,155.481,878
2025.12.01,10:00,155.480,155.480,155.410,155.415,747
2025.12.01,10:15,155.414,155.528,155.344,155.344,659
2025.12.01,10:30,155.337,155.383,155.326,155.328,664
2025.12.01,10:45,155.327,155.331,155.254,155.282,811
2025.12.01,11:00,155.280,155.302,155.222,155.252,735
2025.12.01,11:15,155.253,155.253,155.157,155.170,675
2025.12.01,11:30,155.169,155.302,155.161,155.302,645
2025.12.01,11:45,155.301,155.303,155.202,155.251,761
2025.12.01,12:00,155.253,155.334,155.239,155.330,695
2025.12.01,12:15,155.331,155.338,155.190,155.206,695
2025.12.01,12:30,155.205,155.206,155.123,155.137,711
2025.12.01,12:45,155.136,155.145,155.089,155.101,657
2025.12.01,13:00,155.102,155.145,155.049,155.060,778
2025.12.01,13:15,155.061,155.069,154.996,155.004,742
2025.12.01,13:30,155.003,155.032,154.898,154.929,770
2025.12.01,13:45,154.930,154.930,154.759,154.786,862
2025.12.01,14:00,154.785,154.828,154.695,154.817,1049
2025.12.01,14:15,154.812,154.847,154.753,154.767,792
2025.12.01,14:30,154.765,154.873,154.659,154.677,919
2025.12.01,14:45,154.675,154.890,154.675,154.837,939
2025.12.01,15:00,154.839,155.008,154.827,154.975,952
2025.12.01,15:15,154.976,154.985,154.880,154.936,826
2025.12.01,15:30,154.938,155.008,154.900,154.932,971
2025.12.01,15:45,154.941,155.058,154.941,154.990,946
2025.12.01,16:00,154.818,155.134,154.814,155.125,1054
2025.12.01,16:15,155.127,155.138,155.042,155.044,811
2025.12.01,16:30,155.043,155.193,155.035,155.126,843
2025.12.01,16:45,155.127,155.150,155.037,155.092,923
2025.12.01,17:00,155.093,155.180,155.092,155.164,945
2025.12.01,17:15,155.158,155.287,155.146,155.271,806
2025.12.01,17:30,155.270,155.301,155.247,155.259,721
2025.12.01,17:45,155.260,155.308,155.247,155.282,611
2025.12.01,18:00,155.281,155.346,155.256,155.330,563
2025.12.01,18:15,155.331,155.359,155.307,155.308,539
2025.12.01,18:30,155.309,155.309,155.279,155.301,471
2025.12.01,18:45,155.302,155.380,155.301,155.345,716
2025.12.01,19:00,155.344,155.397,155.338,155.379,593
2025.12.01,19:15,155.378,155.450,155.368,155.441,524
2025.12.01,19:30,155.442,155.466,155.440,155.455,482
2025.12.01,19:45,155.456,155.493,155.450,155.487,608
2025.12.01,20:00,155.488,155.518,155.480,155.511,533
2025.12.01,20:15,155.510,155.518,155.476,155.488,527
2025.12.01,20:30,155.486,155.492,155.455,155.464,449
2025.12.01,20:45,155.463,155.503,155.443,155.473,496
2025.12.01,21:00,155.476,155.477,155.440,155.452,393
2025.12.01,21:15,155.453,155.495,155.453,155.495,336
2025.12.01,21:30,155.498,155.515,155.481,155.492,342
2025.12.01,21:45,155.491,155.513,155.432,155.443,463
2025.12.01,22:00,155.439,155.459,155.432,155.441,390
2025.12.01,22:15,155.442,155.468,155.434,155.453,328
2025.12.01,22:30,155.457,155.500,155.453,155.500,282
2025.12.01,22:45,155.501,155.505,155.386,155.436,405
2025.12.01,23:00,155.442,155.463,155.410,155.450,20
2025.12.01,23:15,155.449,155.456,155.443,155.449,27
2025.12.01,23:30,155.447,155.447,155.438,155.438,23
2025.12.01,23:45,155.439,155.440,155.400,155.420,72
2025.12.02,00:00,155.409,155.466,155.366,155.450,245
2025.12.02,00:15,155.450,155.491,155.449,155.463,221
2025.12.02,00:30,155.464,155.513,155.464,155.512,332
2025.12.02,00:45,155.513,155.570,155.512,155.556,478
2025.12.02,01:00,155.557,155.558,155.454,155.512,802
2025.12.02,01:15,155.509,155.649,155.509,155.607,727
2025.12.02,01:30,155.606,155.630,155.557,155.626,647
2025.12.02,01:45,155.627,155.675,155.596,155.629,1012
2025.12.02,02:00,155.630,155.771,155.630,155.754,839
2025.12.02,02:15,155.755,155.756,155.647,155.658,549
2025.12.02,02:30,155.653,155.659,155.597,155.621,714
2025.12.02,02:45,155.620,155.640,155.590,155.628,554
2025.12.02,03:00,155.627,155.631,155.586,155.595,537
2025.12.02,03:15,155.594,155.632,155.590,155.623,350
2025.12.02,03:30,155.622,155.687,155.621,155.685,452
2025.12.02,03:45,155.684,155.699,155.652,155.656,469
2025.12.02,04:00,155.655,155.716,155.652,155.667,490
2025.12.02,04:15,155.666,155.671,155.605,155.606,463
2025.12.02,04:30,155.602,155.622,155.592,155.619,589
2025.12.02,04:45,155.618,155.631,155.554,155.627,615
2025.12.02,05:00,155.629,155.631,155.547,155.584,487
2025.12.02,05:15,155.585,155.646,155.577,155.635,375
2025.12.02,05:30,155.636,155.661,155.608,155.616,437
2025.12.02,05:45,155.618,155.649,155.608,155.636,419
2025.12.02,06:00,155.641,155.728,155.625,155.715,609
2025.12.02,06:15,155.716,155.728,155.677,155.685,474
2025.12.02,06:30,155.686,155.706,155.630,155.634,489
2025.12.02,06:45,155.636,155.688,155.636,155.649,625
2025.12.02,07:00,155.650,155.757,155.630,155.755,733
2025.12.02,07:15,155.756,155.790,155.720,155.776,725
2025.12.02,07:30,155.775,155.806,155.736,155.785,699
2025.12.02,07:45,155.784,155.813,155.755,155.755,662
2025.12.02,08:00,155.755,155.802,155.734,155.791,1027
2025.12.02,08:15,155.790,155.829,155.763,155.792,925
2025.12.02,08:30,155.792,155.827,155.756,155.763,829
2025.12.02,08:45,155.764,155.775,155.709,155.759,888
2025.12.02,09:00,155.761,155.837,155.761,155.823,721
2025.12.02,09:15,155.824,155.945,155.816,155.945,734
2025.12.02,09:30,155.947,155.972,155.884,155.945,780
2025.12.02,09:45,155.944,156.000,155.920,155.991,736
2025.12.02,10:00,155.989,156.013,155.927,156.006,865
2025.12.02,10:15,156.010,156.080,155.977,156.059,765
2025.12.02,10:30,156.060,156.080,156.001,156.004,695
2025.12.02,10:45,156.003,156.046,155.941,155.960,763
2025.12.02,11:00,155.962,156.001,155.934,155.979,597
2025.12.02,11:15,155.980,156.062,155.961,156.046,707
2025.12.02,11:30,156.047,156.056,156.009,156.012,539
2025.12.02,11:45,156.011,156.044,155.999,156.032,597
2025.12.02,12:00,156.034,156.046,155.981,155.996,559
2025.12.02,12:15,155.995,155.997,155.937,155.959,578
2025.12.02,12:30,155.960,155.984,155.891,155.958,627
2025.12.02,12:45,155.959,155.984,155.911,155.922,662
2025.12.02,13:00,155.921,155.962,155.907,155.957,609
2025.12.02,13:15,155.958,156.013,155.952,155.973,719
2025.12.02,13:30,155.974,155.996,155.950,155.952,729
2025.12.02,13:45,155.947,156.023,155.932,156.006,697
2025.12.02,14:00,156.010,156.069,156.002,156.011,725
2025.12.02,14:15,156.008,156.053,156.002,156.038,713
2025.12.02,14:30,156.039,156.044,155.975,156.006,709
2025.12.02,14:45,156.007,156.059,155.962,155.969,744
2025.12.02,15:00,155.970,156.078,155.952,156.041,839
2025.12.02,15:15,156.040,156.083,155.999,156.004,624
2025.12.02,15:30,156.005,156.051,155.994,156.021,754
2025.12.02,15:45,156.022,156.042,155.928,155.946,857
2025.12.02,16:00,155.947,156.174,155.942,156.160,929
2025.12.02,16:15,156.159,156.171,156.036,156.036,860
2025.12.02,16:30,156.030,156.030,155.817,155.929,918
2025.12.02,16:45,155.934,155.951,155.849,155.866,901
2025.12.02,17:00,155.859,155.921,155.784,155.811,888
2025.12.02,17:15,155.810,155.844,155.751,155.762,783
2025.12.02,17:30,155.757,155.881,155.742,155.876,622
2025.12.02,17:45,155.874,155.974,155.859,155.916,767
2025.12.02,18:00,155.917,156.057,155.913,156.032,729
2025.12.02,18:15,156.033,156.083,156.006,156.016,640
2025.12.02,18:30,156.017,156.027,155.958,155.962,599
2025.12.02,18:45,155.961,155.968,155.922,155.940,608
2025.12.02,19:00,155.938,155.940,155.905,155.930,657
2025.12.02,19:15,155.929,155.953,155.917,155.947,598
2025.12.02,19:30,155.946,155.995,155.929,155.991,561
2025.12.02,19:45,155.992,156.015,155.972,155.989,620
2025.12.02,20:00,155.988,155.992,155.942,155.942,586
2025.12.02,20:15,155.943,155.943,155.889,155.898,418
2025.12.02,20:30,155.899,155.930,155.890,155.893,487
2025.12.02,20:45,155.894,155.932,155.836,155.891,619
2025.12.02,21:00,155.889,155.889,155.822,155.855,529
2025.12.02,21:15,155.853,155.886,155.851,155.880,361
2025.12.02,21:30,155.881,155.895,155.824,155.832,564
2025.12.02,21:45,155.830,155.838,155.798,155.827,500
2025.12.02,22:00,155.826,155.887,155.823,155.875,372
2025.12.02,22:15,155.876,155.882,155.835,155.839,401
2025.12.02,22:30,155.838,155.898,155.838,155.877,216
2025.12.02,22:45,155.876,155.899,155.800,155.800,493
2025.12.02,23:00,155.780,155.795,155.778,155.787,25
2025.12.02,23:15,155.789,155.834,155.778,155.822,40
2025.12.02,23:30,155.824,155.874,155.824,155.859,53
2025.12.02,23:45,155.860,155.864,155.835,155.864,60
2025.12.03,00:00,155.853,155.899,155.795,155.841,245
2025.12.03,00:15,155.842,155.870,155.829,155.845,302
2025.12.03,00:30,155.845,155.846,155.797,155.810,257
2025.12.03,00:45,155.809,155.833,155.758,155.761,444
2025.12.03,01:00,155.760,155.773,155.663,155.721,792
2025.12.03,01:15,155.723,155.723,155.657,155.700,583
2025.12.03,01:30,155.700,155.777,155.658,155.775,617
2025.12.03,01:45,155.776,155.806,155.724,155.773,793
2025.12.03,02:00,155.774,155.786,155.665,155.666,636
2025.12.03,02:15,155.665,155.683,155.601,155.629,702
2025.12.03,02:30,155.628,155.673,155.616,155.618,527
2025.12.03,02:45,155.617,155.667,155.606,155.653,601
2025.12.03,03:00,155.654,155.732,155.646,155.726,379
2025.12.03,03:15,155.725,155.801,155.721,155.770,646
2025.12.03,03:30,155.769,155.773,155.735,155.761,407
2025.12.03,03:45,155.760,155.761,155.701,155.704,415
2025.12.03,04:00,155.707,155.723,155.686,155.716,426
2025.12.03,04:15,155.715,155.718,155.672,155.681,405
2025.12.03,04:30,155.680,155.719,155.679,155.690,487
2025.12.03,04:45,155.684,155.688,155.623,155.651,508
2025.12.03,05:00,155.650,155.740,155.650,155.725,470
2025.12.03,05:15,155.723,155.743,155.711,155.724,360
2025.12.03,05:30,155.723,155.725,155.674,155.688,452
2025.12.03,05:45,155.689,155.703,155.649,155.656,502
2025.12.03,06:00,155.657,155.673,155.624,155.638,328
2025.12.03,06:15,155.637,155.700,155.636,155.686,368
2025.12.03,06:30,155.685,155.692,155.651,155.662,408
2025.12.03,06:45,155.661,155.700,155.656,155.689,371
2025.12.03,07:00,155.688,155.689,155.621,155.629,533
2025.12.03,07:15,155.628,155.645,155.517,155.518,703
2025.12.03,07:30,155.517,155.584,155.505,155.573,725
2025.12.03,07:45,155.572,155.629,155.557,155.605,486
2025.12.03,08:00,155.604,155.606,155.508,155.525,1015
2025.12.03,08:15,155.525,155.640,155.521,155.638,706
2025.12.03,08:30,155.634,155.673,155.625,155.637,851
2025.12.03,08:45,155.637,155.702,155.637,155.679,1021
2025.12.03,09:00,155.678,155.738,155.666,155.687,694
2025.12.03,09:15,155.688,155.749,155.677,155.699,645
2025.12.03,09:30,155.700,155.741,155.673,155.703,641
2025.12.03,09:45,155.697,155.746,155.660,155.672,635
2025.12.03,10:00,155.673,155.676,155.612,155.626,635
2025.12.03,10:15,155.627,155.678,155.624,155.661,459
2025.12.03,10:30,155.660,155.674,155.520,155.541,641
2025.12.03,10:45,155.542,155.618,155.539,155.617,686
2025.12.03,11:00,155.615,155.635,155.563,155.601,719
2025.12.03,11:15,155.602,155.604,155.520,155.525,640
2025.12.03,11:30,155.522,155.537,155.499,155.529,630
2025.12.03,11:45,155.530,155.568,155.502,155.523,579
2025.12.03,12:00,155.524,155.524,155.441,155.481,627
2025.12.03,12:15,155.484,155.484,155.421,155.434,498
2025.12.03,12:30,155.432,155.471,155.407,155.433,559
2025.12.03,12:45,155.436,155.458,155.415,155.415,572
2025.12.03,13:00,155.413,155.413,155.356,155.378,711
2025.12.03,13:15,155.379,155.409,155.375,155.392,581
2025.12.03,13:30,155.391,155.427,155.355,155.391,576
2025.12.03,13:45,155.390,155.417,155.366,155.410,592
2025.12.03,14:00,155.409,155.442,155.321,155.384,708
2025.12.03,14:15,155.303,155.446,155.209,155.444,1052
2025.12.03,14:30,155.448,155.522,155.358,155.370,911
2025.12.03,14:45,155.365,155.498,155.360,155.485,790
2025.12.03,15:00,155.486,155.502,155.273,155.345,1110
2025.12.03,15:15,155.346,155.508,155.346,155.507,873
2025.12.03,15:30,155.516,155.517,155.350,155.423,1010
2025.12.03,15:45,155.424,155.451,155.309,155.367,965
2025.12.03,16:00,155.417,155.594,155.295,155.401,1314
2025.12.03,16:15,155.398,155.432,155.229,155.265,1041
2025.12.03,16:30,155.264,155.438,155.213,155.386,1069
2025.12.03,16:45,155.386,155.397,155.204,155.213,1023
2025.12.03,17:00,155.212,155.242,155.095,155.098,850
2025.12.03,17:15,155.101,155.134,155.008,155.018,694
2025.12.03,17:30,155.017,155.126,155.007,155.053,744
2025.12.03,17:45,155.054,155.176,155.035,155.165,735
2025.12.03,18:00,155.166,155.208,155.110,155.134,634
2025.12.03,18:15,155.136,155.171,155.083,155.171,665
2025.12.03,18:30,155.174,155.184,155.134,155.141,567
2025.12.03,18:45,155.142,155.172,155.098,155.122,609
2025.12.03,19:00,155.123,155.131,155.071,155.083,575
2025.12.03,19:15,155.082,155.147,155.071,155.132,552
2025.12.03,19:30,155.131,155.173,155.096,155.108,484
2025.12.03,19:45,155.109,155.156,155.084,155.121,591
2025.12.03,20:00,155.119,155.141,155.085,155.102,512
2025.12.03,20:15,155.103,155.111,155.075,155.111,571
2025.12.03,20:30,155.112,155.162,155.110,155.156,553
2025.12.03,20:45,155.155,155.159,155.108,155.145,490
2025.12.03,21:00,155.146,155.171,155.121,155.142,360
2025.12.03,21:15,155.141,155.184,155.141,155.180,414
2025.12.03,21:30,155.181,155.219,155.176,155.219,424
2025.12.03,21:45,155.216,155.244,155.205,155.232,405
2025.12.03,22:00,155.231,155.311,155.230,155.292,306
2025.12.03,22:15,155.289,155.289,155.242,155.273,269
2025.12.03,22:30,155.275,155.280,155.206,155.217,252
2025.12.03,22:45,155.218,155.256,155.198,155.198,541
2025.12.03,23:00,155.257,155.272,155.123,155.146,50
2025.12.03,23:15,155.135,155.194,155.127,155.169,120
2025.12.03,23:30,155.168,155.185,155.168,155.185,45
2025.12.03,23:45,155.185,155.193,155.146,155.172,261
2025.12.04,00:00,155.129,155.221,155.129,155.206,217
2025.12.04,00:15,155.207,155.232,155.204,155.207,219
2025.12.04,00:30,155.206,155.216,155.103,155.118,418
2025.12.04,00:45,155.119,155.124,155.081,155.110,419
2025.12.04,01:00,155.111,155.128,155.018,155.126,765
2025.12.04,01:15,155.125,155.222,155.112,155.222,709
2025.12.04,01:30,155.221,155.233,155.170,155.182,750
2025.12.04,01:45,155.180,155.243,155.114,155.115,1039
2025.12.04,02:00,155.114,155.204,155.095,155.135,777
2025.12.04,02:15,155.136,155.341,155.136,155.301,783
2025.12.04,02:30,155.302,155.409,155.276,155.291,846
2025.12.04,02:45,155.290,155.297,155.238,155.256,724
2025.12.04,03:00,155.248,155.353,155.248,155.315,685
2025.12.04,03:15,155.316,155.383,155.312,155.374,618
2025.12.04,03:30,155.373,155.423,155.346,155.358,627
2025.12.04,03:45,155.359,155.419,155.336,155.408,524
2025.12.04,04:00,155.409,155.470,155.409,155.446,554
2025.12.04,04:15,155.447,155.528,155.444,155.521,699
2025.12.04,04:30,155.520,155.536,155.449,155.452,703
2025.12.04,04:45,155.445,155.449,155.383,155.387,470
2025.12.04,05:00,155.386,155.391,155.341,155.373,508
2025.12.04,05:15,155.375,155.388,155.339,155.340,317
2025.12.04,05:30,155.339,155.432,155.326,155.423,381
2025.12.04,05:45,155.424,155.463,155.422,155.458,428
2025.12.04,06:00,155.459,155.499,155.426,155.495,558
2025.12.04,06:15,155.496,155.502,155.469,155.482,499
2025.12.04,06:30,155.479,155.483,155.228,155.317,1080
2025.12.04,06:45,155.316,155.316,155.185,155.218,972
2025.12.04,07:00,155.217,155.367,155.205,155.365,717
2025.12.04,07:15,155.366,155.397,155.343,155.367,497
2025.12.04,07:30,155.365,155.445,155.348,155.364,650
2025.12.04,07:45,155.362,155.366,155.242,155.290,657
2025.12.04,08:00,155.285,155.347,155.248,155.312,1079
2025.12.04,08:15,155.313,155.328,155.274,155.291,857
2025.12.04,08:30,155.289,155.315,155.274,155.275,905
2025.12.04,08:45,155.276,155.291,155.202,155.237,1094
2025.12.04,09:00,155.237,155.246,154.877,154.955,1107
2025.12.04,09:15,154.949,155.006,154.769,154.810,1005
2025.12.04,09:30,154.809,154.937,154.801,154.921,926
2025.12.04,09:45,154.920,154.982,154.864,154.979,652
2025.12.04,10:00,154.976,155.051,154.904,154.955,747
2025.12.04,10:15,154.957,154.958,154.874,154.875,612
2025.12.04,10:30,154.874,154.931,154.835,154.917,647
2025.12.04,10:45,154.916,154.945,154.792,154.811,762
2025.12.04,11:00,154.808,154.847,154.735,154.773,890
2025.12.04,11:15,154.767,154.859,154.757,154.836,499
2025.12.04,11:30,154.835,154.887,154.817,154.838,386
2025.12.04,11:45,154.834,154.835,154.736,154.748,386
2025.12.04,12:00,154.744,154.788,154.546,154.578,873
2025.12.04,12:15,154.579,154.623,154.562,154.575,607
2025.12.04,12:30,154.574,154.611,154.549,154.607,505
2025.12.04,12:45,154.608,154.636,154.520,154.524,517
2025.12.04,13:00,154.517,154.610,154.502,154.537,530
2025.12.04,13:15,154.538,154.613,154.524,154.573,533
2025.12.04,13:30,154.578,154.686,154.578,154.686,637
2025.12.04,13:45,154.684,154.774,154.648,154.665,765
2025.12.04,14:00,154.656,154.800,154.656,154.792,600
2025.12.04,14:15,154.789,154.856,154.788,154.809,637
2025.12.04,14:30,155.011,155.056,154.791,154.847,1048
2025.12.04,14:45,154.840,154.865,154.772,154.797,734
2025.12.04,15:00,154.799,154.799,154.707,154.716,765
2025.12.04,15:15,154.714,154.740,154.556,154.593,716
2025.12.04,15:30,154.598,154.772,154.569,154.756,983
2025.12.04,15:45,154.753,154.849,154.734,154.756,855
2025.12.04,16:00,154.759,154.891,154.718,154.799,758
2025.12.04,16:15,154.797,154.799,154.651,154.667,646
2025.12.04,16:30,154.650,154.690,154.558,154.559,624
2025.12.04,16:45,154.558,154.664,154.553,154.630,696
2025.12.04,17:00,154.631,154.754,154.631,154.736,570
2025.12.04,17:15,154.740,154.756,154.681,154.754,620
2025.12.04,17:30,154.755,154.891,154.754,154.882,578
2025.12.04,17:45,154.881,154.912,154.854,154.902,515
2025.12.04,18:00,154.903,154.960,154.889,154.935,610
2025.12.04,18:15,154.936,154.958,154.883,154.888,781
2025.12.04,18:30,154.890,154.951,154.890,154.945,602
2025.12.04,18:45,154.944,154.957,154.916,154.933,517
2025.12.04,19:00,154.941,154.983,154.930,154.955,573
2025.12.04,19:15,154.956,154.956,154.891,154.916,588
2025.12.04,19:30,154.917,154.955,154.903,154.905,446
2025.12.04,19:45,154.904,154.987,154.903,154.981,603
2025.12.04,20:00,154.982,155.017,154.962,154.992,595
2025.12.04,20:15,154.992,154.997,154.951,154.984,623
2025.12.04,20:30,154.984,154.995,154.976,154.984,527
2025.12.04,20:45,154.985,155.034,154.978,155.013,611
2025.12.04,21:00,155.023,155.049,154.996,155.011,618
2025.12.04,21:15,155.010,155.031,154.991,155.030,602
2025.12.04,21:30,155.031,155.077,155.018,155.068,839
2025.12.04,21:45,155.068,155.127,155.065,155.099,655
2025.12.04,22:00,155.099,155.103,155.072,155.099,578
2025.12.04,22:15,155.098,155.133,155.096,155.117,453
2025.12.04,22:30,155.119,155.124,155.114,155.117,285
2025.12.04,22:45,155.115,155.137,155.036,155.036,484
2025.12.04,23:00,155.085,155.085,155.000,155.032,68
2025.12.04,23:15,155.037,155.075,155.001,155.003,157
2025.12.04,23:30,155.010,155.066,154.999,155.044,322
2025.12.04,23:45,155.042,155.052,155.040,155.041,174
2025.12.05,00:00,155.037,155.150,155.037,155.150,394
2025.12.05,00:15,155.149,155.155,155.121,155.123,272
2025.12.05,00:30,155.123,155.150,155.089,155.092,359
2025.12.05,00:45,155.093,155.159,155.092,155.126,568
2025.12.05,01:00,155.125,155.225,155.094,155.167,1080
2025.12.05,01:15,155.166,155.196,155.100,155.104,891
2025.12.05,01:30,155.103,155.179,155.080,155.124,1000
2025.12.05,01:45,155.126,155.155,154.947,154.963,1351
2025.12.05,02:00,154.964,154.998,154.913,154.957,1259
2025.12.05,02:15,154.958,155.078,154.938,155.069,882
2025.12.05,02:30,155.070,155.094,155.000,155.006,773
2025.12.05,02:45,155.007,155.043,154.958,155.011,967
2025.12.05,03:00,155.011,155.059,154.999,155.047,835
2025.12.05,03:15,155.046,155.093,155.033,155.083,962
2025.12.05,03:30,155.085,155.085,155.015,155.060,726
2025.12.05,03:45,155.061,155.069,155.020,155.046,855
2025.12.05,04:00,155.046,155.059,155.032,155.048,643
2025.12.05,04:15,155.048,155.132,155.048,155.127,470
2025.12.05,04:30,155.128,155.154,155.101,155.118,670
2025.12.05,04:45,155.116,155.136,155.103,155.114,593
2025.12.05,05:00,155.114,155.117,155.047,155.057,734
2025.12.05,05:15,155.057,155.060,154.789,154.902,909
2025.12.05,05:30,154.902,155.021,154.883,154.953,1317
2025.12.05,05:45,154.952,154.958,154.876,154.913,891
2025.12.05,06:00,154.914,154.915,154.833,154.875,909
2025.12.05,06:15,154.875,154.891,154.708,154.728,1043
2025.12.05,06:30,154.728,154.729,154.547,154.638,1132
2025.12.05,06:45,154.637,154.643,154.538,154.594,1167
2025.12.05,07:00,154.594,154.673,154.578,154.668,1034
2025.12.05,07:15,154.666,154.694,154.583,154.590,830
2025.12.05,07:30,154.590,154.628,154.455,154.520,1189
2025.12.05,07:45,154.521,154.602,154.520,154.565,1233
2025.12.05,08:00,154.562,154.640,154.482,154.510,1295
2025.12.05,08:15,154.511,154.604,154.383,154.408,1358
2025.12.05,08:30,154.408,154.516,154.336,154.511,1504
2025.12.05,08:45,154.510,154.642,154.506,154.624,1435
2025.12.05,09:00,154.622,154.828,154.601,154.794,1058
2025.12.05,09:15,154.794,154.802,154.710,154.766,831
2025.12.05,09:30,154.767,154.832,154.752,154.767,806
2025.12.05,09:45,154.768,154.889,154.768,154.852,644
2025.12.05,10:00,154.854,154.943,154.830,154.914,648
2025.12.05,10:15,154.912,154.949,154.864,154.947,531
2025.12.05,10:30,154.948,154.950,154.909,154.939,564
2025.12.05,10:45,154.940,154.960,154.898,154.910,512
2025.12.05,11:00,154.911,155.061,154.885,155.061,650
2025.12.05,11:15,155.062,155.093,155.039,155.091,597
2025.12.05,11:30,155.089,155.136,155.048,155.072,646
2025.12.05,11:45,155.075,155.168,155.067,155.130,727
2025.12.05,12:00,155.131,155.175,155.117,155.145,583
2025.12.05,12:15,155.144,155.168,155.111,155.165,605
2025.12.05,12:30,155.166,155.219,155.164,155.165,579
2025.12.05,12:45,155.164,155.175,155.125,155.141,623
2025.12.05,13:00,155.142,155.146,155.080,155.094,595
2025.12.05,13:15,155.095,155.256,155.081,155.189,762
2025.12.05,13:30,155.191,155.213,155.128,155.180,639
2025.12.05,13:45,155.179,155.213,155.143,155.166,765
2025.12.05,14:00,155.168,155.239,155.143,155.212,587
2025.12.05,14:15,155.213,155.255,155.130,155.158,602
2025.12.05,14:30,155.161,155.246,155.102,155.175,757
2025.12.05,14:45,155.173,155.194,155.121,155.192,608
2025.12.05,15:00,155.193,155.193,155.111,155.139,626
2025.12.05,15:15,155.140,155.191,155.110,155.191,578
2025.12.05,15:30,155.190,155.277,155.142,155.184,893
2025.12.05,15:45,155.185,155.231,155.126,155.231,661
2025.12.05,16:00,155.217,155.352,155.153,155.182,959
2025.12.05,16:15,155.183,155.220,155.112,155.155,768
2025.12.05,16:30,155.143,155.204,155.115,155.167,626
2025.12.05,16:45,155.165,155.312,155.145,155.247,739
2025.12.05,17:00,155.248,155.444,155.203,155.436,768
2025.12.05,17:15,155.432,155.488,155.391,155.410,747
2025.12.05,17:30,155.411,155.434,155.288,155.299,604
2025.12.05,17:45,155.298,155.325,155.251,155.294,608
2025.12.05,18:00,155.295,155.316,155.263,155.272,406
2025.12.05,18:15,155.273,155.334,155.254,155.313,496
2025.12.05,18:30,155.314,155.343,155.270,155.273,447
2025.12.05,18:45,155.274,155.307,155.262,155.281,505
2025.12.05,19:00,155.282,155.296,155.234,155.260,430
2025.12.05,19:15,155.262,155.316,155.254,155.301,325
2025.12.05,19:30,155.299,155.301,155.262,155.293,361
2025.12.05,19:45,155.294,155.298,155.265,155.280,439
2025.12.05,20:00,155.279,155.317,155.260,155.289,637
2025.12.05,20:15,155.288,155.311,155.261,155.264,372
2025.12.05,20:30,155.264,155.291,155.260,155.275,200
2025.12.05,20:45,155.276,155.318,155.273,155.285,520
2025.12.05,21:00,155.286,155.311,155.272,155.272,529
2025.12.05,21:15,155.273,155.305,155.262,155.295,532
2025.12.05,21:30,155.294,155.320,155.282,155.295,427
2025.12.05,21:45,155.295,155.318,155.289,155.297,507
2025.12.07,23:00,155.086,155.227,155.082,155.204,136
2025.12.07,23:15,155.204,155.225,155.172,155.220,89
2025.12.07,23:30,155.223,155.226,155.207,155.221,113
2025.12.07,23:45,155.220,155.229,155.207,155.219,92
2025.12.08,00:00,155.217,155.280,155.211,155.250,626
2025.12.08,00:15,155.251,155.274,155.242,155.270,699
2025.12.08,00:30,155.271,155.312,155.235,155.300,551
2025.12.08,00:45,155.296,155.375,155.296,155.307,489
2025.12.08,01:00,155.302,155.318,155.138,155.225,831
2025.12.08,01:15,155.223,155.258,155.151,155.178,550
2025.12.08,01:30,155.174,155.174,155.091,155.110,543
2025.12.08,01:45,155.110,155.185,155.055,155.064,927
2025.12.08,02:00,155.065,155.143,155.014,155.025,856
2025.12.08,02:15,155.025,155.049,154.968,155.029,977
2025.12.08,02:30,155.028,155.033,154.923,154.928,830
2025.12.08,02:45,154.926,154.987,154.906,154.914,703
2025.12.08,03:00,154.906,154.994,154.895,154.970,717
2025.12.08,03:15,154.971,155.035,154.954,155.025,698
2025.12.08,03:30,155.033,155.063,155.001,155.004,701
2025.12.08,03:45,155.005,155.010,154.974,155.000,582
2025.12.08,04:00,154.997,155.032,154.970,155.020,487
2025.12.08,04:15,155.020,155.037,154.994,155.024,430
2025.12.08,04:30,155.024,155.078,155.016,155.075,562
2025.12.08,04:45,155.076,155.110,155.051,155.098,702
2025.12.08,05:00,155.097,155.115,155.049,155.101,593
2025.12.08,05:15,155.101,155.102,155.051,155.091,502
2025.12.08,05:30,155.092,155.098,155.052,155.067,540
2025.12.08,05:45,155.068,155.092,155.054,155.070,423
2025.12.08,06:00,155.069,155.139,155.065,155.135,467
2025.12.08,06:15,155.136,155.218,155.127,155.202,545
2025.12.08,06:30,155.203,155.215,155.176,155.180,515
2025.12.08,06:45,155.180,155.262,155.179,155.196,806
2025.12.08,07:00,155.196,155.199,155.098,155.115,852
2025.12.08,07:15,155.116,155.283,155.113,155.259,683
2025.12.08,07:30,155.260,155.273,155.175,155.209,576
2025.12.08,07:45,155.210,155.262,155.204,155.223,585
2025.12.08,08:00,155.224,155.268,155.161,155.183,605
2025.12.08,08:15,155.184,155.299,155.184,155.295,582
2025.12.08,08:30,155.296,155.299,155.208,155.251,568
2025.12.08,08:45,155.250,155.347,155.249,155.347,603
2025.12.08,09:00,155.355,155.383,155.259,155.338,681
2025.12.08,09:15,155.339,155.450,155.321,155.441,743
2025.12.08,09:30,155.441,155.457,155.419,155.430,636
2025.12.08,09:45,155.431,155.442,155.367,155.387,435
2025.12.08,10:00,155.392,155.517,155.392,155.474,607
2025.12.08,10:15,155.474,155.539,155.437,155.437,673
2025.12.08,10:30,155.432,155.452,155.405,155.420,474
2025.12.08,10:45,155.417,155.489,155.417,155.470,461
2025.12.08,11:00,155.471,155.516,155.419,155.436,568
2025.12.08,11:15,155.437,155.461,155.405,155.438,495
2025.12.08,11:30,155.438,155.453,155.405,155.451,453
2025.12.08,11:45,155.450,155.527,155.445,155.509,454
2025.12.08,12:00,155.506,155.570,155.471,155.476,602
2025.12.08,12:15,155.475,155.540,155.474,155.522,463
2025.12.08,12:30,155.523,155.529,155.492,155.527,522
2025.12.08,12:45,155.526,155.585,155.506,155.579,573
2025.12.08,13:00,155.582,155.649,155.540,155.595,810
2025.12.08,13:15,155.596,155.638,155.585,155.610,520
2025.12.08,13:30,155.611,155.653,155.596,155.612,560
2025.12.08,13:45,155.615,155.633,155.540,155.555,578
2025.12.08,14:00,155.554,155.590,155.496,155.499,644
2025.12.08,14:15,155.500,155.542,155.471,155.512,885
2025.12.08,14:30,155.511,155.637,155.504,155.611,831
2025.12.08,14:45,155.610,155.658,155.573,155.623,810
2025.12.08,15:00,155.611,155.636,155.540,155.544,835
2025.12.08,15:15,155.546,155.573,155.390,155.486,979
2025.12.08,15:30,155.487,155.734,155.478,155.693,1099
2025.12.08,15:45,155.692,155.873,155.690,155.822,1192
2025.12.08,16:00,155.821,155.887,155.814,155.884,871
2025.12.08,16:15,155.881,155.913,155.755,155.807,873
2025.12.08,16:30,155.803,155.976,155.793,155.969,789
2025.12.08,16:45,155.973,155.981,155.849,155.852,814
2025.12.08,17:00,155.851,155.884,155.822,155.847,790
2025.12.08,17:15,155.850,155.949,155.828,155.940,764
2025.12.08,17:30,155.938,155.951,155.862,155.900,884
2025.12.08,17:45,155.890,155.914,155.858,155.893,718
2025.12.08,18:00,155.892,155.921,155.880,155.897,506
2025.12.08,18:15,155.888,155.895,155.796,155.817,529
2025.12.08,18:30,155.821,155.848,155.779,155.794,628
2025.12.08,18:45,155.795,155.797,155.721,155.747,654
2025.12.08,19:00,155.745,155.762,155.720,155.757,400
2025.12.08,19:15,155.759,155.773,155.727,155.772,339
2025.12.08,19:30,155.770,155.780,155.721,155.725,367
2025.12.08,19:45,155.726,155.755,155.700,155.745,369
2025.12.08,20:00,155.750,155.773,155.731,155.760,400
2025.12.08,20:15,155.760,155.781,155.731,155.778,362
2025.12.08,20:30,155.781,155.842,155.779,155.813,487
2025.12.08,20:45,155.813,155.911,155.813,155.905,768
2025.12.08,21:00,155.898,155.931,155.846,155.919,755
2025.12.08,21:15,155.920,155.928,155.879,155.884,669
2025.12.08,21:30,155.883,155.896,155.868,155.872,352
2025.12.08,21:45,155.881,155.929,155.880,155.925,497
2025.12.08,22:00,155.925,155.942,155.919,155.936,495
2025.12.08,22:15,155.935,155.954,155.917,155.947,439
2025.12.08,22:30,155.944,155.953,155.926,155.930,488
2025.12.08,22:45,155.931,155.937,155.901,155.907,453
2025.12.08,23:00,155.906,155.906,155.809,155.873,78
2025.12.08,23:15,155.880,155.880,155.860,155.877,22
2025.12.08,23:30,155.874,155.899,155.850,155.891,131
2025.12.08,23:45,155.894,155.938,155.886,155.902,156
2025.12.09,00:00,155.909,155.955,155.882,155.952,306
2025.12.09,00:15,155.953,155.973,155.884,155.894,376
2025.12.09,00:30,155.895,155.929,155.890,155.929,294
2025.12.09,00:45,155.932,155.932,155.830,155.837,587
2025.12.09,01:00,155.843,155.859,155.763,155.768,907
2025.12.09,01:15,155.770,155.881,155.770,155.856,694
2025.12.09,01:30,155.857,155.906,155.827,155.893,706
2025.12.09,01:45,155.894,156.018,155.855,156.006,1154
2025.12.09,02:00,156.006,156.032,155.897,155.930,1199
2025.12.09,02:15,155.933,155.946,155.867,155.875,1012
2025.12.09,02:30,155.875,155.896,155.824,155.848,924
2025.12.09,02:45,155.848,155.861,155.762,155.789,771
2025.12.09,03:00,155.789,155.826,155.736,155.824,650
2025.12.09,03:15,155.824,155.887,155.824,155.837,620
2025.12.09,03:30,155.827,155.891,155.820,155.891,660
2025.12.09,03:45,155.890,155.899,155.849,155.861,553
2025.12.09,04:00,155.861,155.884,155.849,155.870,492
2025.12.09,04:15,155.872,155.878,155.845,155.868,507
2025.12.09,04:30,155.864,155.866,155.804,155.835,505
2025.12.09,04:45,155.836,155.846,155.797,155.818,359
2025.12.09,05:00,155.819,155.865,155.805,155.861,434
2025.12.09,05:15,155.861,155.895,155.855,155.894,497
2025.12.09,05:30,155.893,155.966,155.892,155.958,576
2025.12.09,05:45,155.958,155.979,155.929,155.929,632
2025.12.09,06:00,155.928,156.108,155.927,156.024,797
2025.12.09,06:15,156.023,156.040,155.869,155.869,671
2025.12.09,06:30,155.870,155.951,155.857,155.937,527
2025.12.09,06:45,155.937,156.010,155.874,156.003,1220
2025.12.09,07:00,156.005,156.096,155.979,156.076,896
2025.12.09,07:15,156.074,156.122,156.048,156.081,891
2025.12.09,07:30,156.088,156.112,156.006,156.030,827
2025.12.09,07:45,156.031,156.039,155.956,156.001,652
2025.12.09,08:00,156.002,156.106,155.978,156.085,610
2025.12.09,08:15,156.085,156.158,156.077,156.101,767
2025.12.09,08:30,156.102,156.139,156.028,156.119,793
2025.12.09,08:45,156.121,156.189,156.109,156.185,870
2025.12.09,09:00,156.185,156.278,156.178,156.249,848
2025.12.09,09:15,156.250,156.373,156.240,156.360,818
2025.12.09,09:30,156.362,156.427,156.306,156.371,903
2025.12.09,09:45,156.370,156.389,156.302,156.330,622
2025.12.09,10:00,156.332,156.333,156.152,156.154,797
2025.12.09,10:15,156.155,156.157,155.974,156.035,1049
2025.12.09,10:30,156.034,156.115,156.026,156.099,765
2025.12.09,10:45,156.098,156.106,156.021,156.083,695
2025.12.09,11:00,156.084,156.193,156.082,156.180,619
2025.12.09,11:15,156.181,156.199,156.139,156.168,517
2025.12.09,11:30,156.167,156.173,156.040,156.069,914
2025.12.09,11:45,156.068,156.129,156.052,156.069,663
2025.12.09,12:00,156.068,156.130,156.065,156.119,611
2025.12.09,12:15,156.115,156.146,156.087,156.115,592
2025.12.09,12:30,156.117,156.134,156.068,156.104,573
2025.12.09,12:45,156.103,156.191,156.101,156.181,502
2025.12.09,13:00,156.184,156.286,156.182,156.276,751
2025.12.09,13:15,156.278,156.287,156.247,156.276,590
2025.12.09,13:30,156.274,156.318,156.246,156.311,540
2025.12.09,13:45,156.310,156.352,156.252,156.351,662
2025.12.09,14:00,156.352,156.401,156.305,156.370,559
2025.12.09,14:15,156.369,156.481,156.346,156.476,835
2025.12.09,14:30,156.477,156.509,156.365,156.376,869
2025.12.09,14:45,156.370,156.396,156.280,156.337,816
2025.12.09,15:00,156.338,156.430,156.309,156.410,687
2025.12.09,15:15,156.417,156.529,156.402,156.462,790
2025.12.09,15:30,156.460,156.528,156.368,156.446,1073
2025.12.09,15:45,156.453,156.506,156.393,156.404,695
2025.12.09,16:00,156.395,156.851,156.386,156.799,1377
2025.12.09,16:15,156.801,156.814,156.611,156.615,972
2025.12.09,16:30,156.614,156.850,156.566,156.820,910
2025.12.09,16:45,156.819,156.909,156.785,156.861,914
2025.12.09,17:00,156.856,156.913,156.805,156.875,724
2025.12.09,17:15,156.874,156.910,156.818,156.903,714
2025.12.09,17:30,156.907,156.911,156.876,156.877,652
2025.12.09,17:45,156.876,156.884,156.839,156.856,601
2025.12.09,18:00,156.854,156.913,156.826,156.905,552
2025.12.09,18:15,156.903,156.909,156.847,156.898,451
2025.12.09,18:30,156.901,156.915,156.874,156.877,454
2025.12.09,18:45,156.879,156.921,156.871,156.913,331
2025.12.09,19:00,156.911,156.917,156.874,156.903,477
2025.12.09,19:15,156.903,156.921,156.874,156.887,396
2025.12.09,19:30,156.885,156.924,156.882,156.909,355
2025.12.09,19:45,156.910,156.917,156.889,156.892,351
2025.12.09,20:00,156.890,156.948,156.883,156.937,522
2025.12.09,20:15,156.939,156.940,156.877,156.880,590
2025.12.09,20:30,156.879,156.886,156.838,156.857,820
2025.12.09,20:45,156.858,156.873,156.804,156.829,792
2025.12.09,21:00,156.840,156.843,156.816,156.828,585
2025.12.09,21:15,156.828,156.881,156.828,156.871,601
2025.12.09,21:30,156.874,156.914,156.873,156.914,477
2025.12.09,21:45,156.914,156.916,156.863,156.894,498
2025.12.09,22:00,156.899,156.932,156.891,156.898,248
2025.12.09,22:15,156.898,156.933,156.898,156.927,247
2025.12.09,22:30,156.918,156.936,156.912,156.924,356
2025.12.09,22:45,156.923,156.924,156.816,156.816,541
2025.12.09,23:00,156.791,156.828,156.773,156.827,61
2025.12.09,23:15,156.811,156.888,156.779,156.866,258
2025.12.09,23:30,156.865,156.922,156.865,156.877,130
2025.12.09,23:45,156.879,156.884,156.828,156.832,235
2025.12.10,00:00,156.831,156.909,156.793,156.849,384
2025.12.10,00:15,156.849,156.860,156.841,156.849,337
2025.12.10,00:30,156.849,156.872,156.834,156.840,283
2025.12.10,00:45,156.838,156.862,156.800,156.800,374
2025.12.10,01:00,156.800,156.863,156.771,156.815,873
2025.12.10,01:15,156.814,156.932,156.791,156.930,913
2025.12.10,01:30,156.915,156.921,156.815,156.837,834
2025.12.10,01:45,156.837,156.889,156.697,156.710,1333
2025.12.10,02:00,156.710,156.742,156.666,156.738,974
2025.12.10,02:15,156.737,156.743,156.666,156.726,797
2025.12.10,02:30,156.727,156.766,156.704,156.734,806
2025.12.10,02:45,156.734,156.748,156.668,156.701,839
2025.12.10,03:00,156.702,156.704,156.630,156.638,570
2025.12.10,03:15,156.638,156.682,156.626,156.677,579
2025.12.10,03:30,156.676,156.676,156.637,156.653,452
2025.12.10,03:45,156.655,156.720,156.643,156.648,587
2025.12.10,04:00,156.649,156.677,156.638,156.649,569
2025.12.10,04:15,156.650,156.658,156.587,156.612,570
2025.12.10,04:30,156.612,156.622,156.552,156.576,461
2025.12.10,04:45,156.577,156.592,156.557,156.584,482
2025.12.10,05:00,156.585,156.618,156.581,156.601,350
2025.12.10,05:15,156.600,156.657,156.588,156.638,369
2025.12.10,05:30,156.637,156.655,156.611,156.612,401
2025.12.10,05:45,156.613,156.624,156.574,156.621,497
2025.12.10,06:00,156.621,156.626,156.599,156.607,447
2025.12.10,06:15,156.606,156.663,156.590,156.654,647
2025.12.10,06:30,156.654,156.663,156.614,156.642,645
2025.12.10,06:45,156.642,156.714,156.642,156.702,785
2025.12.10,07:00,156.702,156.735,156.686,156.695,696
2025.12.10,07:15,156.695,156.750,156.689,156.726,643
2025.12.10,07:30,156.727,156.760,156.690,156.729,772
2025.12.10,07:45,156.729,156.745,156.655,156.667,503
2025.12.10,08:00,156.663,156.695,156.646,156.655,448
2025.12.10,08:15,156.654,156.688,156.639,156.669,455
2025.12.10,08:30,156.678,156.746,156.676,156.708,540
2025.12.10,08:45,156.705,156.728,156.630,156.645,806
2025.12.10,09:00,156.646,156.692,156.575,156.690,770
2025.12.10,09:15,156.691,156.701,156.603,156.603,553
2025.12.10,09:30,156.605,156.655,156.593,156.640,435
2025.12.10,09:45,156.638,156.686,156.637,156.669,465
2025.12.10,10:00,156.671,156.758,156.670,156.754,600
2025.12.10,10:15,156.749,156.815,156.740,156.790,504
2025.12.10,10:30,156.791,156.851,156.783,156.815,600
2025.12.10,10:45,156.816,156.882,156.811,156.813,570
2025.12.10,11:00,156.815,156.853,156.763,156.768,504
2025.12.10,11:15,156.769,156.824,156.746,156.767,361
2025.12.10,11:30,156.766,156.780,156.733,156.747,485
2025.12.10,11:45,156.749,156.776,156.740,156.765,478
2025.12.10,12:00,156.764,156.766,156.682,156.750,628
2025.12.10,12:15,156.751,156.757,156.702,156.703,425
2025.12.10,12:30,156.702,156.746,156.691,156.728,389
2025.12.10,12:45,156.729,156.772,156.705,156.705,462
2025.12.10,13:00,156.703,156.737,156.669,156.722,533
2025.12.10,13:15,156.723,156.753,156.705,156.724,352
2025.12.10,13:30,156.723,156.723,156.686,156.693,336
2025.12.10,13:45,156.695,156.718,156.681,156.712,486
2025.12.10,14:00,156.710,156.710,156.646,156.663,620
2025.12.10,14:15,156.662,156.713,156.618,156.652,670
2025.12.10,14:30,156.650,156.651,156.579,156.595,681
2025.12.10,14:45,156.594,156.612,156.546,156.548,582
2025.12.10,15:00,156.546,156.589,156.497,156.548,674
2025.12.10,15:15,156.547,156.624,156.545,156.610,539
2025.12.10,15:30,156.611,156.619,156.543,156.587,523
2025.12.10,15:45,156.586,156.594,156.433,156.497,884
2025.12.10,16:00,156.494,156.494,156.348,156.411,711
2025.12.10,16:15,156.410,156.468,156.383,156.434,539
2025.12.10,16:30,156.435,156.478,156.378,156.457,526
2025.12.10,16:45,156.455,156.529,156.434,156.473,577
2025.12.10,17:00,156.475,156.485,156.413,156.424,607
2025.12.10,17:15,156.426,156.458,156.334,156.358,596
2025.12.10,17:30,156.357,156.365,156.319,156.335,502
2025.12.10,17:45,156.330,156.400,156.328,156.331,503
2025.12.10,18:00,156.332,156.391,156.311,156.313,556
2025.12.10,18:15,156.315,156.319,156.256,156.277,503
2025.12.10,18:30,156.279,156.315,156.264,156.303,455
2025.12.10,18:45,156.304,156.319,156.243,156.301,457
2025.12.10,19:00,156.304,156.345,156.292,156.344,465
2025.12.10,19:15,156.343,156.399,156.340,156.340,446
2025.12.10,19:30,156.339,156.472,156.338,156.444,484
2025.12.10,19:45,156.445,156.454,156.389,156.418,558
2025.12.10,20:00,156.395,156.442,156.099,156.336,1615
2025.12.10,20:15,156.334,156.484,156.261,156.438,1155
2025.12.10,20:30,156.440,156.670,156.101,156.636,1830
2025.12.10,20:45,156.637,156.656,156.200,156.254,1533
2025.12.10,21:00,156.269,156.304,155.789,155.806,1447
2025.12.10,21:15,155.815,156.008,155.796,155.902,1316
2025.12.10,21:30,155.902,156.026,155.851,155.942,1013
2025.12.10,21:45,155.942,155.954,155.886,155.925,710
2025.12.10,22:00,155.926,155.983,155.924,155.974,544
2025.12.10,22:15,155.973,156.025,155.962,156.022,597
2025.12.10,22:30,156.023,156.086,156.023,156.063,488
2025.12.10,22:45,156.065,156.096,155.938,155.938,651
2025.12.10,23:00,155.898,156.014,155.870,156.005,78
2025.12.10,23:15,155.968,156.022,155.867,155.910,114
2025.12.10,23:30,155.910,155.970,155.910,155.968,50
2025.12.10,23:45,155.964,156.033,155.963,156.016,551
2025.12.11,00:00,156.017,156.020,155.911,155.911,420
2025.12.11,00:15,155.911,155.913,155.752,155.805,617
2025.12.11,00:30,155.811,155.811,155.624,155.631,712
2025.12.11,00:45,155.633,155.794,155.630,155.743,855
2025.12.11,01:00,155.742,155.771,155.562,155.649,1432
2025.12.11,01:15,155.648,155.674,155.572,155.672,1138
2025.12.11,01:30,155.672,155.735,155.618,155.710,1070
2025.12.11,01:45,155.707,155.876,155.707,155.797,1261
2025.12.11,02:00,155.790,155.816,155.656,155.707,1103
2025.12.11,02:15,155.708,155.720,155.618,155.622,875
2025.12.11,02:30,155.623,155.690,155.563,155.686,930
2025.12.11,02:45,155.686,155.736,155.646,155.712,968
2025.12.11,03:00,155.711,155.715,155.570,155.657,1010
2025.12.11,03:15,155.658,155.667,155.535,155.541,1042
2025.12.11,03:30,155.540,155.659,155.481,155.658,1194
2025.12.11,03:45,155.659,155.770,155.618,155.766,1061
2025.12.11,04:00,155.768,155.768,155.641,155.648,870
2025.12.11,04:15,155.649,155.760,155.629,155.758,740
2025.12.11,04:30,155.756,155.781,155.635,155.657,999
2025.12.11,04:45,155.657,155.698,155.635,155.691,973
2025.12.11,05:00,155.690,155.732,155.611,155.718,876
2025.12.11,05:15,155.718,155.781,155.715,155.777,645
2025.12.11,05:30,155.776,155.795,155.727,155.790,637
2025.12.11,05:45,155.790,155.852,155.756,155.840,862
2025.12.11,06:00,155.838,155.915,155.829,155.901,855
2025.12.11,06:15,155.902,155.948,155.880,155.888,740
2025.12.11,06:30,155.887,155.960,155.887,155.944,770
2025.12.11,06:45,155.948,156.065,155.947,156.057,1086
2025.12.11,07:00,156.055,156.104,156.021,156.051,1052
2025.12.11,07:15,156.050,156.155,156.035,156.087,984
2025.12.11,07:30,156.086,156.110,156.027,156.034,901
2025.12.11,07:45,156.035,156.070,155.937,155.957,858
2025.12.11,08:00,155.959,156.047,155.923,155.932,937
2025.12.11,08:15,155.933,155.954,155.895,155.915,727
2025.12.11,08:30,155.916,155.951,155.861,155.898,822
2025.12.11,08:45,155.900,156.037,155.900,156.025,1113
2025.12.11,09:00,156.025,156.065,155.922,155.987,667
2025.12.11,09:15,155.989,156.038,155.901,155.901,603
2025.12.11,09:30,155.903,155.905,155.779,155.841,661
2025.12.11,09:45,155.843,155.884,155.796,155.881,669
2025.12.11,10:00,155.879,156.017,155.850,155.969,660
2025.12.11,10:15,155.974,156.027,155.960,155.996,526
2025.12.11,10:30,155.998,155.998,155.842,155.883,692
2025.12.11,10:45,155.881,155.922,155.843,155.861,491
2025.12.11,11:00,155.860,155.860,155.797,155.818,595
2025.12.11,11:15,155.819,155.892,155.814,155.853,642
2025.12.11,11:30,155.851,155.925,155.819,155.924,542
2025.12.11,11:45,155.924,155.945,155.851,155.861,660
2025.12.11,12:00,155.862,155.876,155.779,155.780,579
2025.12.11,12:15,155.781,155.805,155.754,155.761,562
2025.12.11,12:30,155.757,155.830,155.755,155.761,533
2025.12.11,12:45,155.761,155.822,155.756,155.759,692
2025.12.11,13:00,155.760,155.813,155.659,155.663,655
2025.12.11,13:15,155.661,155.682,155.605,155.645,782
2025.12.11,13:30,155.639,155.684,155.526,155.527,580
2025.12.11,13:45,155.529,155.624,155.516,155.582,957
2025.12.11,14:00,155.579,155.620,155.501,155.543,935
2025.12.11,14:15,155.544,155.574,155.468,155.476,852
2025.12.11,14:30,155.471,155.544,155.304,155.349,1260
2025.12.11,14:45,155.351,155.368,155.224,155.279,906
2025.12.11,15:00,155.280,155.288,155.120,155.158,846
2025.12.11,15:15,155.149,155.163,155.056,155.060,725
2025.12.11,15:30,155.059,155.098,155.010,155.088,846
2025.12.11,15:45,155.091,155.135,154.940,154.978,936
2025.12.11,16:00,154.977,155.124,154.976,155.081,882
2025.12.11,16:15,155.083,155.167,155.061,155.083,763
2025.12.11,16:30,155.091,155.131,155.047,155.047,761
2025.12.11,16:45,155.047,155.174,154.950,155.166,956
2025.12.11,17:00,155.164,155.205,155.106,155.126,770
2025.12.11,17:15,155.128,155.283,155.110,155.249,768
2025.12.11,17:30,155.251,155.285,155.192,155.278,685
2025.12.11,17:45,155.277,155.277,155.136,155.147,662
2025.12.11,18:00,155.145,155.164,155.075,155.095,539
2025.12.11,18:15,155.096,155.196,155.067,155.196,500
2025.12.11,18:30,155.201,155.285,155.200,155.273,511
2025.12.11,18:45,155.272,155.288,155.215,155.234,508
2025.12.11,19:00,155.233,155.283,155.209,155.246,505
2025.12.11,19:15,155.244,155.358,155.231,155.343,517
2025.12.11,19:30,155.344,155.408,155.337,155.378,616
2025.12.11,19:45,155.377,155.381,155.330,155.358,534
2025.12.11,20:00,155.359,155.487,155.359,155.464,623
2025.12.11,20:15,155.465,155.498,155.438,155.444,657
2025.12.11,20:30,155.448,155.525,155.447,155.522,636
2025.12.11,20:45,155.526,155.595,155.486,155.590,603
2025.12.11,21:00,155.589,155.666,155.589,155.659,726
2025.12.11,21:15,155.659,155.666,155.531,155.552,826
2025.12.11,21:30,155.549,155.572,155.504,155.538,759
2025.12.11,21:45,155.536,155.588,155.499,155.588,739
2025.12.11,22:00,155.588,155.618,155.550,155.563,610
2025.12.11,22:15,155.571,155.602,155.556,155.559,570
2025.12.11,22:30,155.560,155.596,155.548,155.550,591
2025.12.11,22:45,155.550,155.588,155.544,155.571,782
2025.12.11,23:00,155.601,155.601,155.523,155.523,155
2025.12.11,23:15,155.525,155.570,155.518,155.549,69
2025.12.11,23:30,155.551,155.558,155.531,155.531,142
2025.12.11,23:45,155.530,155.548,155.512,155.531,205
2025.12.12,00:00,155.523,155.548,155.439,155.532,398
2025.12.12,00:15,155.531,155.563,155.502,155.510,356
2025.12.12,00:30,155.513,155.613,155.512,155.584,779
2025.12.12,00:45,155.584,155.584,155.493,155.496,539
2025.12.12,01:00,155.487,155.590,155.452,155.542,1105
2025.12.12,01:15,155.543,155.672,155.530,155.657,1070
2025.12.12,01:30,155.656,155.721,155.632,155.676,1093
2025.12.12,01:45,155.675,155.717,155.598,155.692,1175
2025.12.12,02:00,155.691,155.765,155.625,155.645,942
2025.12.12,02:15,155.645,155.657,155.576,155.584,810
2025.12.12,02:30,155.582,155.615,155.541,155.585,891
2025.12.12,02:45,155.581,155.703,155.575,155.661,722
2025.12.12,03:00,155.660,155.701,155.646,155.681,646
2025.12.12,03:15,155.683,155.741,155.673,155.710,677
2025.12.12,03:30,155.708,155.709,155.657,155.674,558
2025.12.12,03:45,155.673,155.727,155.667,155.670,656
2025.12.12,04:00,155.671,155.702,155.671,155.695,477
2025.12.12,04:15,155.693,155.706,155.626,155.657,563
2025.12.12,04:30,155.656,155.705,155.646,155.705,358
2025.12.12,04:45,155.705,155.719,155.679,155.703,426
2025.12.12,05:00,155.704,155.740,155.702,155.722,414
2025.12.12,05:15,155.723,155.758,155.702,155.702,689
2025.12.12,05:30,155.704,155.721,155.683,155.716,628
2025.12.12,05:45,155.715,155.748,155.706,155.740,635
2025.12.12,06:00,155.741,155.759,155.711,155.726,429
2025.12.12,06:15,155.726,155.765,155.714,155.756,404
2025.12.12,06:30,155.756,155.756,155.669,155.677,587
2025.12.12,06:45,155.682,155.738,155.676,155.737,620
2025.12.12,07:00,155.737,155.757,155.674,155.703,671
2025.12.12,07:15,155.703,155.793,155.703,155.791,686
2025.12.12,07:30,155.789,155.821,155.718,155.751,731
2025.12.12,07:45,155.751,155.777,155.648,155.651,773
2025.12.12,08:00,155.657,155.692,155.615,155.634,700
2025.12.12,08:15,155.635,155.721,155.560,155.658,776
2025.12.12,08:30,155.660,155.667,155.545,155.563,595
2025.12.12,08:45,155.562,155.648,155.533,155.641,752
2025.12.12,09:00,155.644,155.786,155.615,155.777,749
2025.12.12,09:15,155.773,155.780,155.701,155.722,721
2025.12.12,09:30,155.721,155.742,155.652,155.670,600
2025.12.12,09:45,155.666,155.838,155.661,155.833,750
2025.12.12,10:00,155.846,155.855,155.753,155.804,710
2025.12.12,10:15,155.809,155.875,155.806,155.872,657
2025.12.12,10:30,155.875,155.898,155.851,155.882,679
2025.12.12,10:45,155.884,155.905,155.850,155.882,638
2025.12.12,11:00,155.883,155.932,155.844,155.891,643
2025.12.12,11:15,155.887,155.961,155.879,155.941,509
2025.12.12,11:30,155.940,155.955,155.905,155.928,483
2025.12.12,11:45,155.929,155.935,155.888,155.911,420
2025.12.12,12:00,155.912,155.946,155.911,155.933,334
2025.12.12,12:15,155.932,155.983,155.915,155.979,419
2025.12.12,12:30,155.980,155.989,155.945,155.954,530
2025.12.12,12:45,155.952,155.954,155.904,155.908,554
2025.12.12,13:00,155.909,155.986,155.769,155.975,799
2025.12.12,13:15,155.974,155.977,155.916,155.942,559
2025.12.12,13:30,155.938,156.068,155.932,156.065,507
2025.12.12,13:45,156.063,156.123,156.027,156.029,834
2025.12.12,14:00,156.028,156.044,155.952,155.979,621
2025.12.12,14:15,155.980,155.996,155.922,155.944,606
2025.12.12,14:30,155.943,155.972,155.895,155.923,584
2025.12.12,14:45,155.922,156.051,155.919,156.043,679
2025.12.12,15:00,156.042,156.096,155.987,156.064,617
2025.12.12,15:15,156.065,156.090,155.973,156.008,633
2025.12.12,15:30,156.010,156.012,155.909,155.956,618
2025.12.12,15:45,155.955,155.991,155.843,155.900,828
2025.12.12,16:00,155.902,155.941,155.804,155.867,699
2025.12.12,16:15,155.869,155.968,155.830,155.836,761
2025.12.12,16:30,155.826,156.046,155.824,156.046,767
2025.12.12,16:45,156.048,156.057,155.864,155.878,857
2025.12.12,17:00,155.873,155.878,155.721,155.737,996
2025.12.12,17:15,155.732,155.782,155.673,155.762,640
2025.12.12,17:30,155.760,155.873,155.725,155.872,640
2025.12.12,17:45,155.872,155.878,155.783,155.808,644
2025.12.12,18:00,155.805,155.899,155.799,155.882,495
2025.12.12,18:15,155.883,155.890,155.748,155.750,475
2025.12.12,18:30,155.751,155.829,155.748,155.754,443
2025.12.12,18:45,155.763,155.825,155.762,155.777,424
2025.12.12,19:00,155.770,155.811,155.754,155.765,431
2025.12.12,19:15,155.764,155.789,155.724,155.727,334
2025.12.12,19:30,155.725,155.754,155.715,155.754,306
2025.12.12,19:45,155.757,155.791,155.746,155.780,335
2025.12.12,20:00,155.781,155.843,155.781,155.835,484
2025.12.12,20:15,155.829,155.920,155.824,155.912,560
2025.12.12,20:30,155.912,155.927,155.877,155.911,567
2025.12.12,20:45,155.910,155.934,155.883,155.895,684
2025.12.12,21:00,155.896,155.905,155.769,155.787,508
2025.12.12,21:15,155.788,155.824,155.783,155.813,469
2025.12.12,21:30,155.813,155.842,155.777,155.821,489
2025.12.12,21:45,155.821,155.891,155.819,155.875,758
2025.12.14,23:00,155.681,155.872,155.679,155.872,46
2025.12.14,23:15,155.888,155.913,155.842,155.844,114
2025.12.14,23:30,155.861,155.876,155.738,155.755,478
2025.12.14,23:45,155.755,155.810,155.746,155.807,151
2025.12.15,00:00,155.808,155.842,155.757,155.780,631
2025.12.15,00:15,155.780,155.804,155.767,155.798,341
2025.12.15,00:30,155.801,155.817,155.788,155.795,324
2025.12.15,00:45,155.795,155.891,155.765,155.862,383
2025.12.15,01:00,155.858,155.973,155.858,155.959,891
2025.12.15,01:15,155.960,155.972,155.922,155.937,602
2025.12.15,01:30,155.934,155.968,155.900,155.951,659
2025.12.15,01:45,155.951,155.979,155.867,155.888,1261
2025.12.15,02:00,155.889,155.890,155.828,155.835,815
2025.12.15,02:15,155.837,155.869,155.789,155.800,975
2025.12.15,02:30,155.798,155.817,155.748,155.760,909
2025.12.15,02:45,155.760,155.764,155.598,155.605,1089
2025.12.15,03:00,155.617,155.645,155.566,155.571,983
2025.12.15,03:15,155.571,155.586,155.497,155.518,1013
2025.12.15,03:30,155.518,155.560,155.377,155.400,1329
2025.12.15,03:45,155.399,155.438,155.352,155.425,920
2025.12.15,04:00,155.426,155.426,155.296,155.372,755
2025.12.15,04:15,155.376,155.421,155.329,155.402,859
2025.12.15,04:30,155.403,155.414,155.341,155.349,739
2025.12.15,04:45,155.349,155.467,155.349,155.414,609
2025.12.15,05:00,155.414,155.415,155.316,155.330,775
2025.12.15,05:15,155.330,155.348,155.234,155.270,631
2025.12.15,05:30,155.268,155.270,155.177,155.200,803
2025.12.15,05:45,155.200,155.252,155.178,155.251,723
2025.12.15,06:00,155.250,155.250,155.187,155.216,717
2025.12.15,06:15,155.215,155.235,155.149,155.152,838
2025.12.15,06:30,155.152,155.155,155.069,155.083,947
2025.12.15,06:45,155.083,155.108,155.024,155.028,750
2025.12.15,07:00,155.027,155.121,155.018,155.090,844
2025.12.15,07:15,155.090,155.108,154.980,154.983,745
2025.12.15,07:30,154.981,155.130,154.943,155.109,947
2025.12.15,07:45,155.109,155.151,155.037,155.085,925
2025.12.15,08:00,155.092,155.179,155.066,155.173,841
2025.12.15,08:15,155.171,155.205,155.115,155.194,837
2025.12.15,08:30,155.195,155.261,155.143,155.257,821
2025.12.15,08:45,155.258,155.287,155.203,155.253,925
2025.12.15,09:00,155.252,155.280,155.126,155.135,662
2025.12.15,09:15,155.137,155.213,155.111,155.188,624
2025.12.15,09:30,155.185,155.186,155.099,155.148,534
2025.12.15,09:45,155.149,155.183,155.112,155.181,682
2025.12.15,10:00,155.187,155.195,154.960,154.980,807
2025.12.15,10:15,154.976,155.045,154.961,154.994,558
2025.12.15,10:30,154.988,155.022,154.935,154.980,673
2025.12.15,10:45,154.976,155.017,154.948,154.960,457
2025.12.15,11:00,154.963,155.073,154.956,155.072,451
2025.12.15,11:15,155.077,155.106,155.042,155.101,503
2025.12.15,11:30,155.113,155.147,155.087,155.133,572
2025.12.15,11:45,155.135,155.143,155.061,155.077,427
2025.12.15,12:00,155.076,155.096,155.043,155.046,363
2025.12.15,12:15,155.045,155.046,154.999,155.002,335
2025.12.15,12:30,155.001,155.020,154.949,154.979,507
2025.12.15,12:45,154.978,154.993,154.847,154.919,621
2025.12.15,13:00,154.921,155.007,154.885,155.007,670
2025.12.15,13:15,155.006,155.039,154.969,155.024,499
2025.12.15,13:30,155.019,155.061,154.970,155.061,514
2025.12.15,13:45,155.060,155.090,154.962,155.072,684
2025.12.15,14:00,155.079,155.132,155.037,155.065,578
2025.12.15,14:15,155.067,155.098,155.045,155.076,432
2025.12.15,14:30,155.077,155.088,154.963,155.061,610
2025.12.15,14:45,155.057,155.153,155.041,155.153,603
2025.12.15,15:00,155.162,155.218,155.104,155.145,735
2025.12.15,15:15,155.144,155.181,155.046,155.051,557
2025.12.15,15:30,155.052,155.069,154.887,154.895,811
2025.12.15,15:45,154.902,154.935,154.848,154.908,851
2025.12.15,16:00,154.907,154.992,154.846,154.963,885
2025.12.15,16:15,154.962,155.081,154.830,155.013,973
2025.12.15,16:30,155.015,155.044,154.868,154.918,789
2025.12.15,16:45,154.919,155.152,154.918,155.152,846
2025.12.15,17:00,155.146,155.195,155.143,155.165,767
2025.12.15,17:15,155.160,155.264,155.152,155.259,753
2025.12.15,17:30,155.258,155.322,155.237,155.283,683
2025.12.15,17:45,155.282,155.311,155.241,155.284,581
2025.12.15,18:00,155.283,155.328,155.251,155.259,432
2025.12.15,18:15,155.260,155.318,155.258,155.317,354
2025.12.15,18:30,155.322,155.362,155.311,155.339,314
2025.12.15,18:45,155.342,155.352,155.286,155.304,345
2025.12.15,19:00,155.303,155.312,155.274,155.309,419
2025.12.15,19:15,155.310,155.361,155.306,155.354,374
2025.12.15,19:30,155.355,155.382,155.332,155.336,331
2025.12.15,19:45,155.337,155.359,155.330,155.353,283
2025.12.15,20:00,155.352,155.387,155.341,155.385,330
2025.12.15,20:15,155.386,155.394,155.379,155.391,399
2025.12.15,20:30,155.389,155.391,155.304,155.309,463
2025.12.15,20:45,155.309,155.309,155.214,155.236,478
2025.12.15,21:00,155.237,155.266,155.231,155.242,414
2025.12.15,21:15,155.244,155.255,155.225,155.252,361
2025.12.15,21:30,155.253,155.254,155.225,155.226,403
2025.12.15,21:45,155.227,155.254,155.215,155.248,387
2025.12.15,22:00,155.251,155.256,155.219,155.223,331
2025.12.15,22:15,155.222,155.223,155.186,155.191,476
2025.12.15,22:30,155.191,155.233,155.189,155.227,379
2025.12.15,22:45,155.228,155.231,155.143,155.143,366
2025.12.15,23:00,155.135,155.296,155.127,155.141,252
2025.12.15,23:15,155.135,155.222,155.117,155.178,200
2025.12.15,23:30,155.216,155.224,155.200,155.216,96
2025.12.15,23:45,155.215,155.238,155.191,155.220,253
2025.12.16,00:00,155.222,155.226,155.068,155.109,481
2025.12.16,00:15,155.109,155.132,155.095,155.095,288
2025.12.16,00:30,155.096,155.096,155.035,155.055,502
2025.12.16,00:45,155.053,155.054,154.973,155.028,582
2025.12.16,01:00,155.029,155.030,154.728,154.787,1477
2025.12.16,01:15,154.788,154.935,154.765,154.934,1454
2025.12.16,01:30,154.935,155.037,154.914,155.008,1349
2025.12.16,01:45,155.006,155.098,154.964,154.998,1679
2025.12.16,02:00,154.999,155.071,154.899,155.056,1072
2025.12.16,02:15,155.056,155.117,155.029,155.110,881
2025.12.16,02:30,155.112,155.113,154.843,154.908,1008
2025.12.16,02:45,154.906,155.016,154.849,154.857,1055
2025.12.16,03:00,154.853,154.915,154.824,154.838,1049
2025.12.16,03:15,154.834,154.907,154.830,154.891,1016
2025.12.16,03:30,154.890,154.894,154.807,154.821,857
2025.12.16,03:45,154.822,154.838,154.759,154.776,951
2025.12.16,04:00,154.776,154.785,154.698,154.741,991
2025.12.16,04:15,154.741,154.870,154.736,154.866,831
2025.12.16,04:30,154.866,154.887,154.808,154.874,860
2025.12.16,04:45,154.875,154.900,154.851,154.885,714
2025.12.16,05:00,154.886,154.904,154.836,154.897,606
2025.12.16,05:15,154.897,154.912,154.792,154.801,759
2025.12.16,05:30,154.802,154.838,154.776,154.780,636
2025.12.16,05:45,154.779,154.847,154.766,154.814,835
2025.12.16,06:00,154.814,154.814,154.685,154.694,969
2025.12.16,06:15,154.695,154.749,154.678,154.741,870
2025.12.16,06:30,154.740,154.754,154.711,154.738,772
2025.12.16,06:45,154.737,154.851,154.726,154.837,855
2025.12.16,07:00,154.838,154.898,154.815,154.896,888
2025.12.16,07:15,154.897,154.937,154.865,154.924,917
2025.12.16,07:30,154.926,154.942,154.848,154.869,998
2025.12.16,07:45,154.869,154.881,154.817,154.848,783
2025.12.16,08:00,154.851,154.971,154.830,154.956,704
2025.12.16,08:15,154.951,154.956,154.862,154.935,733
2025.12.16,08:30,154.936,154.961,154.836,154.856,857
2025.12.16,08:45,154.865,154.937,154.859,154.879,829
2025.12.16,09:00,154.878,154.937,154.841,154.862,698
2025.12.16,09:15,154.849,154.903,154.793,154.883,630
2025.12.16,09:30,154.885,154.928,154.818,154.860,743
2025.12.16,09:45,154.859,154.897,154.830,154.859,632
2025.12.16,10:00,154.849,154.875,154.809,154.847,581
2025.12.16,10:15,154.846,154.890,154.831,154.863,479
2025.12.16,10:30,154.859,154.868,154.766,154.848,655
2025.12.16,10:45,154.853,154.877,154.831,154.833,592
2025.12.16,11:00,154.832,154.851,154.773,154.839,579
2025.12.16,11:15,154.830,154.867,154.806,154.866,496
2025.12.16,11:30,154.867,154.903,154.831,154.865,534
2025.12.16,11:45,154.864,154.880,154.830,154.867,467
2025.12.16,12:00,154.866,154.891,154.854,154.880,380
2025.12.16,12:15,154.881,154.896,154.863,154.865,330
2025.12.16,12:30,154.864,154.864,154.828,154.835,410
2025.12.16,12:45,154.836,154.840,154.784,154.815,501
2025.12.16,13:00,154.810,154.851,154.795,154.796,372
2025.12.16,13:15,154.793,154.798,154.746,154.746,603
2025.12.16,13:30,154.744,154.755,154.712,154.715,494
2025.12.16,13:45,154.712,154.715,154.598,154.606,691
2025.12.16,14:00,154.601,154.654,154.558,154.644,723
2025.12.16,14:15,154.645,154.691,154.614,154.691,757
2025.12.16,14:30,154.683,154.865,154.388,154.840,1823
2025.12.16,14:45,154.839,154.859,154.710,154.710,1274
2025.12.16,15:00,154.710,154.892,154.646,154.892,1162
2025.12.16,15:15,154.894,154.992,154.767,154.786,1063
2025.12.16,15:30,154.785,154.838,154.684,154.699,1016
2025.12.16,15:45,154.694,154.756,154.592,154.596,957
2025.12.16,16:00,154.597,154.722,154.467,154.678,1067
2025.12.16,16:15,154.676,154.679,154.500,154.506,897
2025.12.16,16:30,154.505,154.618,154.459,154.609,976
2025.12.16,16:45,154.610,154.776,154.558,154.771,946
2025.12.16,17:00,154.773,154.899,154.770,154.822,916
2025.12.16,17:15,154.820,154.852,154.745,154.811,721
2025.12.16,17:30,154.810,154.879,154.788,154.842,694
2025.12.16,17:45,154.838,154.856,154.798,154.803,650
2025.12.16,18:00,154.802,154.836,154.717,154.741,617
2025.12.16,18:15,154.740,154.765,154.652,154.673,503
2025.12.16,18:30,154.671,154.681,154.565,154.623,562
2025.12.16,18:45,154.625,154.731,154.603,154.675,432
2025.12.16,19:00,154.676,154.735,154.668,154.721,535
2025.12.16,19:15,154.720,154.768,154.705,154.768,442
2025.12.16,19:30,154.769,154.800,154.726,154.740,394
2025.12.16,19:45,154.742,154.751,154.704,154.743,358
2025.12.16,20:00,154.745,154.788,154.738,154.741,530
2025.12.16,20:15,154.742,154.930,154.661,154.766,876
2025.12.16,20:30,154.763,154.764,154.645,154.655,717
2025.12.16,20:45,154.657,154.666,154.599,154.662,796
2025.12.16,21:00,154.662,154.670,154.562,154.619,732
2025.12.16,21:15,154.615,154.669,154.611,154.653,586
2025.12.16,21:30,154.652,154.703,154.648,154.694,573
2025.12.16,21:45,154.693,154.790,154.670,154.790,689
2025.12.16,22:00,154.797,154.828,154.722,154.748,524
2025.12.16,22:15,154.748,154.752,154.728,154.742,344
2025.12.16,22:30,154.736,154.761,154.699,154.751,534
2025.12.16,22:45,154.751,154.753,154.703,154.703,657
2025.12.16,23:00,154.704,154.728,154.689,154.724,43
2025.12.16,23:15,154.725,154.780,154.714,154.767,141
2025.12.16,23:30,154.766,154.767,154.723,154.731,199
2025.12.16,23:45,154.732,154.778,154.700,154.719,332
2025.12.17,00:00,154.715,154.757,154.715,154.750,184
2025.12.17,00:15,154.752,154.773,154.725,154.762,258
2025.12.17,00:30,154.763,154.772,154.727,154.765,482
2025.12.17,00:45,154.769,154.806,154.744,154.768,430
2025.12.17,01:00,154.765,154.857,154.706,154.834,964
2025.12.17,01:15,154.834,154.867,154.797,154.800,808
2025.12.17,01:30,154.802,154.802,154.643,154.653,1083
2025.12.17,01:45,154.653,154.698,154.561,154.578,1513
2025.12.17,02:00,154.576,154.645,154.521,154.594,1229
2025.12.17,02:15,154.595,154.595,154.509,154.561,950
2025.12.17,02:30,154.562,154.667,154.562,154.633,939
2025.12.17,02:45,154.632,154.703,154.626,154.668,1034
2025.12.17,03:00,154.668,154.861,154.668,154.830,1145
2025.12.17,03:15,154.825,154.902,154.801,154.900,916
2025.12.17,03:30,154.900,154.942,154.881,154.937,909
2025.12.17,03:45,154.933,155.024,154.927,155.004,1046
2025.12.17,04:00,155.004,155.022,154.927,154.934,984
2025.12.17,04:15,154.935,154.960,154.898,154.920,773
2025.12.17,04:30,154.918,154.921,154.868,154.878,836
2025.12.17,04:45,154.878,154.909,154.857,154.882,817
2025.12.17,05:00,154.882,154.979,154.869,154.964,885
2025.12.17,05:15,154.962,155.060,154.961,155.049,896
2025.12.17,05:30,155.050,155.123,155.045,155.120,1265
2025.12.17,05:45,155.119,155.144,155.078,155.129,844
2025.12.17,06:00,155.131,155.132,155.061,155.073,750
2025.12.17,06:15,155.073,155.114,155.066,155.086,927
2025.12.17,06:30,155.086,155.129,155.072,155.081,885
2025.12.17,06:45,155.081,155.166,155.073,155.146,898
2025.12.17,07:00,155.146,155.269,155.122,155.269,1157
2025.12.17,07:15,155.273,155.332,155.211,155.324,1118
2025.12.17,07:30,155.325,155.391,155.312,155.367,1136
2025.12.17,07:45,155.366,155.439,155.330,155.363,1216
2025.12.17,08:00,155.358,155.458,155.351,155.412,1118
2025.12.17,08:15,155.412,155.498,155.401,155.486,795
2025.12.17,08:30,155.487,155.499,155.367,155.493,900
2025.12.17,08:45,155.493,155.561,155.470,155.492,907
2025.12.17,09:00,155.499,155.592,155.447,155.556,726
2025.12.17,09:15,155.557,155.581,155.475,155.488,622
2025.12.17,09:30,155.487,155.522,155.423,155.465,683
2025.12.17,09:45,155.466,155.513,155.436,155.512,582
2025.12.17,10:00,155.511,155.552,155.455,155.540,635
2025.12.17,10:15,155.541,155.554,155.489,155.520,651
2025.12.17,10:30,155.524,155.546,155.467,155.518,584
2025.12.17,10:45,155.519,155.538,155.474,155.528,498
2025.12.17,11:00,155.529,155.542,155.496,155.520,452
2025.12.17,11:15,155.519,155.540,155.494,155.495,448
2025.12.17,11:30,155.496,155.520,155.473,155.498,389
2025.12.17,11:45,155.497,155.504,155.436,155.459,553
2025.12.17,12:00,155.460,155.522,155.450,155.483,364
2025.12.17,12:15,155.479,155.532,155.479,155.507,394
2025.12.17,12:30,155.506,155.592,155.505,155.571,730
2025.12.17,12:45,155.572,155.581,155.525,155.539,822
2025.12.17,13:00,155.539,155.569,155.516,155.540,803
2025.12.17,13:15,155.541,155.544,155.498,155.498,552
2025.12.17,13:30,155.497,155.501,155.449,155.501,646
2025.12.17,13:45,155.502,155.541,155.471,155.482,645
2025.12.17,14:00,155.482,155.634,155.475,155.594,777
2025.12.17,14:15,155.595,155.595,155.381,155.532,1003
2025.12.17,14:30,155.531,155.562,155.440,155.473,868
2025.12.17,14:45,155.472,155.473,155.398,155.430,648
2025.12.17,15:00,155.433,155.492,155.348,155.471,658
2025.12.17,15:15,155.458,155.624,155.458,155.605,728
2025.12.17,15:30,155.600,155.625,155.502,155.563,807
2025.12.17,15:45,155.564,155.579,155.436,155.484,753
2025.12.17,16:00,155.483,155.531,155.451,155.471,736
2025.12.17,16:15,155.473,155.540,155.428,155.470,697
2025.12.17,16:30,155.469,155.473,155.351,155.407,708
2025.12.17,16:45,155.408,155.502,155.347,155.399,824
2025.12.17,17:00,155.398,155.511,155.393,155.430,782
2025.12.17,17:15,155.431,155.554,155.379,155.537,723
2025.12.17,17:30,155.538,155.552,155.464,155.531,591
2025.12.17,17:45,155.529,155.595,155.515,155.591,533
2025.12.17,18:00,155.592,155.593,155.531,155.576,508
2025.12.17,18:15,155.575,155.575,155.544,155.565,313
2025.12.17,18:30,155.566,155.606,155.553,155.581,499
2025.12.17,18:45,155.582,155.595,155.527,155.528,348
2025.12.17,19:00,155.526,155.534,155.493,155.532,407
2025.12.17,19:15,155.533,155.626,155.533,155.617,382
2025.12.17,19:30,155.616,155.655,155.561,155.625,496
2025.12.17,19:45,155.624,155.669,155.585,155.636,496
2025.12.17,20:00,155.636,155.638,155.587,155.628,464
2025.12.17,20:15,155.628,155.632,155.604,155.616,436
2025.12.17,20:30,155.615,155.686,155.613,155.666,365
2025.12.17,20:45,155.667,155.677,155.622,155.628,523
2025.12.17,21:00,155.639,155.657,155.615,155.656,573
2025.12.17,21:15,155.654,155.702,155.653,155.692,519
2025.12.17,21:30,155.691,155.707,155.688,155.691,541
2025.12.17,21:45,155.690,155.745,155.668,155.697,498
2025.12.17,22:00,155.699,155.733,155.690,155.727,519
2025.12.17,22:15,155.727,155.739,155.703,155.734,366
2025.12.17,22:30,155.732,155.735,155.669,155.670,329
2025.12.17,22:45,155.671,155.705,155.663,155.672,648
2025.12.17,23:00,155.623,155.687,155.602,155.634,68
2025.12.17,23:15,155.633,155.643,155.583,155.614,291
2025.12.17,23:30,155.612,155.629,155.587,155.589,114
2025.12.17,23:45,155.587,155.603,155.579,155.592,203
2025.12.18,00:00,155.607,155.639,155.587,155.631,251
2025.12.18,00:15,155.629,155.631,155.594,155.594,177
2025.12.18,00:30,155.597,155.598,155.508,155.532,501
2025.12.18,00:45,155.532,155.536,155.468,155.484,592
2025.12.18,01:00,155.484,155.525,155.432,155.497,1185
2025.12.18,01:15,155.497,155.560,155.456,155.456,1132
2025.12.18,01:30,155.460,155.538,155.419,155.520,862
2025.12.18,01:45,155.521,155.578,155.465,155.474,1218
2025.12.18,02:00,155.474,155.532,155.455,155.513,772
2025.12.18,02:15,155.512,155.645,155.511,155.581,890
2025.12.18,02:30,155.581,155.741,155.526,155.741,851
2025.12.18,02:45,155.740,155.769,155.708,155.765,752
2025.12.18,03:00,155.765,155.781,155.656,155.754,906
2025.12.18,03:15,155.753,155.776,155.681,155.728,727
2025.12.18,03:30,155.727,155.804,155.707,155.777,729
2025.12.18,03:45,155.777,155.800,155.738,155.775,664
2025.12.18,04:00,155.776,155.789,155.700,155.739,542
2025.12.18,04:15,155.738,155.770,155.726,155.752,769
2025.12.18,04:30,155.751,155.778,155.728,155.745,682
2025.12.18,04:45,155.745,155.775,155.732,155.759,552
2025.12.18,05:00,155.765,155.777,155.701,155.704,792
2025.12.18,05:15,155.705,155.734,155.702,155.716,628
2025.12.18,05:30,155.716,155.746,155.694,155.741,654
2025.12.18,05:45,155.741,155.756,155.728,155.728,666
2025.12.18,06:00,155.729,155.743,155.706,155.737,576
2025.12.18,06:15,155.740,155.749,155.724,155.749,603
2025.12.18,06:30,155.748,155.837,155.737,155.822,796
2025.12.18,06:45,155.825,155.879,155.798,155.801,1037
2025.12.18,07:00,155.801,155.867,155.761,155.863,857
2025.12.18,07:15,155.862,155.903,155.843,155.857,688
2025.12.18,07:30,155.856,155.896,155.839,155.894,777
2025.12.18,07:45,155.893,155.901,155.852,155.901,807
2025.12.18,08:00,155.899,155.928,155.848,155.892,762
2025.12.18,08:15,155.891,155.936,155.887,155.897,562
2025.12.18,08:30,155.896,155.948,155.888,155.902,660
2025.12.18,08:45,155.900,155.919,155.807,155.916,916
2025.12.18,09:00,155.919,155.938,155.830,155.847,641
2025.12.18,09:15,155.848,155.881,155.801,155.808,695
2025.12.18,09:30,155.808,155.854,155.795,155.812,601
2025.12.18,09:45,155.813,155.870,155.802,155.849,470
2025.12.18,10:00,155.850,155.908,155.800,155.876,544
2025.12.18,10:15,155.874,155.919,155.820,155.888,625
2025.12.18,10:30,155.886,155.937,155.886,155.933,512
2025.12.18,10:45,155.934,155.946,155.892,155.928,726
2025.12.18,11:00,155.926,155.955,155.902,155.932,649
2025.12.18,11:15,155.931,155.969,155.929,155.945,533
2025.12.18,11:30,155.944,155.947,155.892,155.899,355
2025.12.18,11:45,155.900,155.908,155.845,155.856,470
2025.12.18,12:00,155.855,155.867,155.815,155.836,537
2025.12.18,12:15,155.836,155.851,155.823,155.841,313
2025.12.18,12:30,155.844,155.854,155.783,155.791,358
2025.12.18,12:45,155.791,155.798,155.718,155.786,436
2025.12.18,13:00,155.791,155.798,155.738,155.776,693
2025.12.18,13:15,155.774,155.803,155.734,155.751,598
2025.12.18,13:30,155.749,155.859,155.749,155.825,809
2025.12.18,13:45,155.826,155.835,155.783,155.817,548
2025.12.18,14:00,155.816,155.831,155.733,155.738,613
2025.12.18,14:15,155.739,155.779,155.676,155.725,968
2025.12.18,14:30,155.700,155.700,155.314,155.581,1669
2025.12.18,14:45,155.580,155.601,155.417,155.584,1382
2025.12.18,15:00,155.590,155.604,155.343,155.416,1309
2025.12.18,15:15,155.406,155.455,155.352,155.389,1104
2025.12.18,15:30,155.390,155.430,155.276,155.379,1035
2025.12.18,15:45,155.390,155.488,155.295,155.488,996
2025.12.18,16:00,155.489,155.521,155.439,155.458,773
2025.12.18,16:15,155.457,155.657,155.453,155.644,652
2025.12.18,16:30,155.645,155.688,155.507,155.559,784
2025.12.18,16:45,155.558,155.637,155.516,155.519,718
2025.12.18,17:00,155.522,155.547,155.366,155.375,665
2025.12.18,17:15,155.376,155.484,155.358,155.425,574
2025.12.18,17:30,155.427,155.499,155.413,155.485,496
2025.12.18,17:45,155.484,155.572,155.478,155.522,508
2025.12.18,18:00,155.523,155.646,155.523,155.640,523
2025.12.18,18:15,155.641,155.682,155.600,155.616,592
2025.12.18,18:30,155.620,155.652,155.575,155.590,446
2025.12.18,18:45,155.591,155.677,155.589,155.638,410
2025.12.18,19:00,155.628,155.691,155.574,155.577,589
2025.12.18,19:15,155.578,155.682,155.577,155.653,366
2025.12.18,19:30,155.652,155.692,155.637,155.686,286
2025.12.18,19:45,155.688,155.707,155.623,155.628,450
2025.12.18,20:00,155.630,155.659,155.582,155.614,559
2025.12.18,20:15,155.613,155.625,155.577,155.578,330
2025.12.18,20:30,155.579,155.581,155.505,155.507,586
2025.12.18,20:45,155.506,155.520,155.489,155.511,509
2025.12.18,21:00,155.514,155.557,155.497,155.557,486
2025.12.18,21:15,155.555,155.582,155.542,155.570,404
2025.12.18,21:30,155.569,155.594,155.542,155.590,461
2025.12.18,21:45,155.591,155.626,155.590,155.607,440
2025.12.18,22:00,155.610,155.629,155.572,155.578,404
2025.12.18,22:15,155.580,155.605,155.558,155.573,249
2025.12.18,22:30,155.575,155.582,155.564,155.567,294
2025.12.18,22:45,155.567,155.572,155.468,155.468,342
2025.12.18,23:00,155.444,155.550,155.420,155.450,193
2025.12.18,23:15,155.450,155.542,155.439,155.538,122
2025.12.18,23:30,155.535,155.555,155.528,155.547,187
2025.12.18,23:45,155.545,155.557,155.537,155.551,198
2025.12.19,00:00,155.552,155.581,155.527,155.579,259
2025.12.19,00:15,155.578,155.610,155.546,155.568,411
2025.12.19,00:30,155.564,155.575,155.511,155.563,431
2025.12.19,00:45,155.563,155.640,155.563,155.568,600
2025.12.19,01:00,155.570,155.701,155.559,155.681,819
2025.12.19,01:15,155.680,155.692,155.635,155.661,611
2025.12.19,01:30,155.660,155.763,155.644,155.707,866
2025.12.19,01:45,155.706,155.764,155.685,155.746,1226
2025.12.19,02:00,155.745,155.784,155.685,155.728,726
2025.12.19,02:15,155.730,155.781,155.704,155.769,775
2025.12.19,02:30,155.774,155.786,155.696,155.701,699
2025.12.19,02:45,155.702,155.748,155.692,155.733,706
2025.12.19,03:00,155.732,155.732,155.677,155.690,623
2025.12.19,03:15,155.688,155.718,155.678,155.708,712
2025.12.19,03:30,155.708,155.794,155.696,155.752,694
2025.12.19,03:45,155.752,155.848,155.745,155.828,840
2025.12.19,04:00,155.820,155.878,155.799,155.825,568
2025.12.19,04:15,155.825,156.158,155.580,156.045,1159
2025.12.19,04:30,156.047,156.113,155.973,156.084,1122
2025.12.19,04:45,156.086,156.103,155.869,155.869,1287
2025.12.19,05:00,155.864,155.937,155.726,155.916,1275
2025.12.19,05:15,155.920,155.986,155.907,155.979,1231
2025.12.19,05:30,155.981,156.009,155.928,156.006,1087
2025.12.19,05:45,156.006,156.082,156.006,156.061,1117
2025.12.19,06:00,156.060,156.064,155.961,155.975,1137
2025.12.19,06:15,155.976,155.981,155.908,155.909,1071
2025.12.19,06:30,155.912,155.945,155.877,155.942,901
2025.12.19,06:45,155.944,155.991,155.883,155.991,1041
2025.12.19,07:00,155.990,156.022,155.961,155.991,907
2025.12.19,07:15,155.991,156.031,155.948,155.951,979
2025.12.19,07:30,155.945,156.439,155.847,156.349,1374
2025.12.19,07:45,156.360,156.396,155.995,156.008,1622
2025.12.19,08:00,156.002,156.300,155.963,156.284,1053
2025.12.19,08:15,156.274,156.386,156.222,156.236,1446
2025.12.19,08:30,156.236,156.520,156.206,156.516,1534
2025.12.19,08:45,156.517,156.733,156.490,156.724,1586
2025.12.19,09:00,156.729,156.882,156.717,156.736,1263
2025.12.19,09:15,156.737,156.830,156.725,156.810,1179
2025.12.19,09:30,156.813,156.872,156.774,156.862,1026
2025.12.19,09:45,156.862,156.934,156.834,156.927,971
2025.12.19,10:00,156.932,156.961,156.851,156.949,920
2025.12.19,10:15,156.949,157.031,156.931,157.028,865
2025.12.19,10:30,157.029,157.121,157.029,157.045,991
2025.12.19,10:45,157.051,157.206,156.995,157.193,1043
2025.12.19,11:00,157.211,157.253,157.126,157.190,1127
2025.12.19,11:15,157.186,157.273,157.170,157.267,906
2025.12.19,11:30,157.272,157.391,157.262,157.346,1264
2025.12.19,11:45,157.350,157.394,157.295,157.321,962
2025.12.19,12:00,157.313,157.350,157.230,157.349,1107
2025.12.19,12:15,157.350,157.374,157.263,157.277,878
2025.12.19,12:30,157.276,157.336,157.262,157.287,827
2025.12.19,12:45,157.287,157.329,157.235,157.314,720
2025.12.19,13:00,157.317,157.346,157.284,157.300,703
2025.12.19,13:15,157.302,157.322,157.247,157.285,808
2025.12.19,13:30,157.286,157.293,157.256,157.277,579
2025.12.19,13:45,157.278,157.279,157.180,157.238,717
2025.12.19,14:00,157.235,157.284,157.202,157.273,865
2025.12.19,14:15,157.269,157.373,157.263,157.265,884
2025.12.19,14:30,157.266,157.376,157.235,157.363,884
2025.12.19,14:45,157.362,157.377,157.273,157.318,807
2025.12.19,15:00,157.319,157.321,156.926,157.001,1058
2025.12.19,15:15,156.973,157.203,156.948,157.199,1179
2025.12.19,15:30,157.199,157.337,157.164,157.316,1087
2025.12.19,15:45,157.317,157.417,157.283,157.408,929
2025.12.19,16:00,157.414,157.473,157.351,157.437,1043
2025.12.19,16:15,157.437,157.450,157.374,157.414,673
2025.12.19,16:30,157.417,157.488,157.399,157.472,688
2025.12.19,16:45,157.473,157.483,157.406,157.468,771
2025.12.19,17:00,157.467,157.484,157.438,157.463,720
2025.12.19,17:15,157.462,157.483,157.442,157.464,679
2025.12.19,17:30,157.463,157.483,157.439,157.451,445
2025.12.19,17:45,157.453,157.455,157.399,157.426,395
2025.12.19,18:00,157.423,157.661,157.421,157.614,548
2025.12.19,18:15,157.610,157.610,157.408,157.530,1061
2025.12.19,18:30,157.531,157.536,157.483,157.496,582
2025.12.19,18:45,157.497,157.501,157.417,157.432,702
2025.12.19,19:00,157.432,157.486,157.419,157.419,567
2025.12.19,19:15,157.420,157.437,157.395,157.420,545
2025.12.19,19:30,157.420,157.483,157.413,157.482,685
2025.12.19,19:45,157.478,157.525,157.469,157.516,599
2025.12.19,20:00,157.517,157.539,157.493,157.533,685
2025.12.19,20:15,157.534,157.558,157.523,157.542,519
2025.12.19,20:30,157.543,157.583,157.533,157.548,503
2025.12.19,20:45,157.548,157.548,157.513,157.523,654
2025.12.19,21:00,157.525,157.539,157.471,157.533,664
2025.12.19,21:15,157.532,157.574,157.532,157.573,388
2025.12.19,21:30,157.572,157.599,157.567,157.578,323
2025.12.19,21:45,157.576,157.696,157.540,157.687,686
2025.12.21,23:00,157.564,157.590,157.370,157.523,157
2025.12.21,23:15,157.511,157.613,157.511,157.604,198
2025.12.21,23:30,157.605,157.605,157.459,157.522,147
2025.12.21,23:45,157.523,157.526,157.368,157.454,808
2025.12.22,00:00,157.485,157.581,157.465,157.562,658
2025.12.22,00:15,157.564,157.628,157.526,157.589,719
2025.12.22,00:30,157.591,157.670,157.591,157.660,564
2025.12.22,00:45,157.661,157.698,157.611,157.619,922
2025.12.22,01:00,157.621,157.641,157.522,157.535,995
2025.12.22,01:15,157.536,157.585,157.501,157.578,907
2025.12.22,01:30,157.572,157.653,157.523,157.534,992
2025.12.22,01:45,157.531,157.631,157.525,157.548,1430
2025.12.22,02:00,157.546,157.567,157.384,157.421,956
2025.12.22,02:15,157.421,157.468,157.366,157.381,800
2025.12.22,02:30,157.381,157.420,157.362,157.362,963
2025.12.22,02:45,157.365,157.366,157.248,157.285,895
2025.12.22,03:00,157.285,157.301,157.232,157.232,746
2025.12.22,03:15,157.228,157.290,157.223,157.268,764
2025.12.22,03:30,157.269,157.374,157.239,157.365,915
2025.12.22,03:45,157.366,157.417,157.363,157.416,816
2025.12.22,04:00,157.416,157.451,157.389,157.447,695
2025.12.22,04:15,157.451,157.456,157.403,157.447,845
2025.12.22,04:30,157.452,157.466,157.338,157.338,1021
2025.12.22,04:45,157.339,157.342,157.267,157.326,1280
2025.12.22,05:00,157.326,157.357,157.275,157.301,1132
2025.12.22,05:15,157.295,157.340,157.283,157.318,878
2025.12.22,05:30,157.317,157.327,157.274,157.280,724
2025.12.22,05:45,157.279,157.329,157.257,157.306,820
2025.12.22,06:00,157.306,157.385,157.262,157.274,809
2025.12.22,06:15,157.275,157.319,157.260,157.315,759
2025.12.22,06:30,157.315,157.347,157.290,157.314,845
2025.12.22,06:45,157.314,157.363,157.294,157.358,872
2025.12.22,07:00,157.355,157.387,157.313,157.343,699
2025.12.22,07:15,157.342,157.350,157.263,157.324,949
2025.12.22,07:30,157.325,157.386,157.315,157.338,803
2025.12.22,07:45,157.337,157.429,157.316,157.337,770
2025.12.22,08:00,157.339,157.411,157.304,157.407,768
2025.12.22,08:15,157.410,157.456,157.396,157.424,684
2025.12.22,08:30,157.427,157.434,157.339,157.356,721
2025.12.22,08:45,157.355,157.555,157.355,157.485,755
2025.12.22,09:00,157.486,157.490,157.412,157.454,763
2025.12.22,09:15,157.453,157.464,157.382,157.382,647
2025.12.22,09:30,157.381,157.544,157.369,157.478,547
2025.12.22,09:45,157.477,157.545,157.427,157.543,369
2025.12.22,10:00,157.541,157.565,157.441,157.490,412
2025.12.22,10:15,157.487,157.516,157.462,157.490,629
2025.12.22,10:30,157.489,157.490,157.417,157.441,476
2025.12.22,10:45,157.442,157.464,157.427,157.453,353
2025.12.22,11:00,157.454,157.458,157.347,157.369,470
2025.12.22,11:15,157.369,157.385,157.351,157.370,358
2025.12.22,11:30,157.369,157.399,157.366,157.382,316
2025.12.22,11:45,157.381,157.413,157.377,157.392,372
2025.12.22,12:00,157.393,157.404,157.334,157.344,393
2025.12.22,12:15,157.343,157.376,157.340,157.374,376
2025.12.22,12:30,157.376,157.421,157.368,157.369,396
2025.12.22,12:45,157.365,157.422,157.353,157.410,397
2025.12.22,13:00,157.411,157.418,157.354,157.392,463
2025.12.22,13:15,157.391,157.424,157.367,157.420,474
2025.12.22,13:30,157.421,157.426,157.375,157.384,462
2025.12.22,13:45,157.382,157.415,157.369,157.393,467
2025.12.22,14:00,157.392,157.392,156.870,157.117,864
2025.12.22,14:15,157.116,157.301,157.101,157.257,957
2025.12.22,14:30,157.258,157.258,156.989,157.039,847
2025.12.22,14:45,157.037,157.188,157.027,157.183,861
2025.12.22,15:00,157.179,157.218,157.115,157.118,733
2025.12.22,15:15,157.117,157.157,156.941,156.942,711
2025.12.22,15:30,156.941,157.014,156.905,156.909,901
2025.12.22,15:45,156.907,157.048,156.902,157.016,683
2025.12.22,16:00,157.020,157.068,156.963,157.059,673
2025.12.22,16:15,157.058,157.114,157.001,157.047,655
2025.12.22,16:30,157.046,157.059,156.942,156.961,510
2025.12.22,16:45,156.960,157.021,156.909,156.971,699
2025.12.22,17:00,156.972,157.039,156.901,156.902,572
2025.12.22,17:15,156.900,156.988,156.854,156.967,552
2025.12.22,17:30,156.965,156.987,156.922,156.926,537
2025.12.22,17:45,156.927,156.935,156.889,156.933,584
2025.12.22,18:00,156.932,156.938,156.836,156.870,457
2025.12.22,18:15,156.869,156.884,156.833,156.839,442
2025.12.22,18:30,156.834,156.842,156.702,156.802,619
2025.12.22,18:45,156.800,156.862,156.782,156.843,517
2025.12.22,19:00,156.842,156.930,156.842,156.906,447
2025.12.22,19:15,156.905,156.979,156.885,156.965,561
2025.12.22,19:30,156.966,157.019,156.960,156.999,577
2025.12.22,19:45,157.000,157.008,156.920,156.942,337
2025.12.22,20:00,156.943,156.993,156.939,156.991,670
2025.12.22,20:15,156.991,157.027,156.970,156.977,619
2025.12.22,20:30,156.977,156.984,156.938,156.962,772
2025.12.22,20:45,156.963,156.979,156.882,156.896,892
2025.12.22,21:00,156.897,156.993,156.896,156.942,651
2025.12.22,21:15,156.942,156.951,156.907,156.920,481
2025.12.22,21:30,156.921,156.947,156.919,156.932,506
2025.12.22,21:45,156.933,157.000,156.932,156.984,636
2025.12.22,22:00,156.986,157.010,156.979,156.995,461
2025.12.22,22:15,156.995,157.020,156.972,157.007,398
2025.12.22,22:30,157.009,157.033,157.004,157.026,310
2025.12.22,22:45,157.029,157.051,157.009,157.051,403
2025.12.22,23:00,157.054,157.074,156.805,156.986,231
2025.12.22,23:15,156.986,157.062,156.943,157.028,438
2025.12.22,23:30,157.031,157.038,156.998,157.012,149
2025.12.22,23:45,157.017,157.019,157.006,157.018,55
2025.12.23,00:00,157.022,157.023,156.920,156.965,559
2025.12.23,00:15,156.966,156.966,156.867,156.879,573
2025.12.23,00:30,156.878,156.893,156.841,156.843,751
2025.12.23,00:45,156.842,156.913,156.811,156.912,889
2025.12.23,01:00,156.911,156.921,156.750,156.779,1298
2025.12.23,01:15,156.780,156.828,156.765,156.773,864
2025.12.23,01:30,156.771,156.792,156.708,156.732,832
2025.12.23,01:45,156.731,156.758,156.597,156.609,1328
2025.12.23,02:00,156.605,156.647,156.548,156.550,1028
2025.12.23,02:15,156.549,156.600,156.511,156.563,909
2025.12.23,02:30,156.564,156.591,156.449,156.490,914
2025.12.23,02:45,156.490,156.512,156.417,156.454,1019
2025.12.23,03:00,156.455,156.468,156.331,156.456,980
2025.12.23,03:15,156.456,156.477,156.361,156.366,834
2025.12.23,03:30,156.366,156.367,156.270,156.285,804
2025.12.23,03:45,156.285,156.377,156.271,156.346,1025
2025.12.23,04:00,156.345,156.346,156.230,156.294,929
2025.12.23,04:15,156.294,156.332,156.270,156.297,796
2025.12.23,04:30,156.297,156.311,156.234,156.272,915
2025.12.23,04:45,156.271,156.314,156.183,156.184,914
2025.12.23,05:00,156.183,156.183,155.978,155.978,1254
2025.12.23,05:15,155.978,156.075,155.955,156.066,1109
2025.12.23,05:30,156.067,156.094,155.992,156.063,905
2025.12.23,05:45,156.065,156.085,155.982,155.987,1068
2025.12.23,06:00,155.987,156.043,155.909,155.949,1062
2025.12.23,06:15,155.948,155.969,155.906,155.914,739
2025.12.23,06:30,155.914,156.024,155.909,156.008,908
2025.12.23,06:45,156.009,156.071,156.003,156.003,1148
2025.12.23,07:00,156.004,156.089,155.990,156.062,950
2025.12.23,07:15,156.062,156.105,156.013,156.078,943
2025.12.23,07:30,156.079,156.183,156.059,156.064,1123
2025.12.23,07:45,156.066,156.115,156.036,156.110,838
2025.12.23,08:00,156.116,156.163,156.052,156.141,922
2025.12.23,08:15,156.150,156.154,155.984,156.087,768
2025.12.23,08:30,156.089,156.096,155.956,155.984,963
2025.12.23,08:45,155.993,156.112,155.943,156.068,1066
2025.12.23,09:00,156.066,156.109,155.946,156.065,780
2025.12.23,09:15,156.061,156.102,155.986,155.987,577
2025.12.23,09:30,155.984,156.065,155.966,155.997,493
2025.12.23,09:45,155.995,156.018,155.953,155.955,557
2025.12.23,10:00,155.951,155.951,155.646,155.766,967
2025.12.23,10:15,155.771,155.936,155.731,155.933,650
2025.12.23,10:30,155.934,155.985,155.865,155.891,564
2025.12.23,10:45,155.892,156.015,155.881,155.962,730
2025.12.23,11:00,155.955,156.003,155.915,155.943,679
2025.12.23,11:15,155.944,155.969,155.916,155.939,549
2025.12.23,11:30,155.940,156.041,155.929,155.941,673
2025.12.23,11:45,155.940,155.940,155.862,155.917,729
2025.12.23,12:00,155.920,155.964,155.869,155.913,618
2025.12.23,12:15,155.906,155.968,155.885,155.893,395
2025.12.23,12:30,155.894,155.948,155.894,155.943,464
2025.12.23,12:45,155.944,156.032,155.934,155.967,526
2025.12.23,13:00,155.971,155.978,155.922,155.957,320
2025.12.23,13:15,155.958,155.967,155.926,155.944,509
2025.12.23,13:30,155.945,155.945,155.868,155.932,583
2025.12.23,13:45,155.926,156.028,155.917,156.018,663
2025.12.23,14:00,156.027,156.096,155.994,155.995,613
2025.12.23,14:15,155.991,156.036,155.947,156.011,562
2025.12.23,14:30,155.973,156.268,155.965,156.131,1099
2025.12.23,14:45,156.135,156.360,156.135,156.335,1037
2025.12.23,15:00,156.333,156.466,156.333,156.439,809
2025.12.23,15:15,156.443,156.501,156.408,156.422,813
2025.12.23,15:30,156.434,156.538,156.412,156.461,829
2025.12.23,15:45,156.463,156.463,156.369,156.400,773
2025.12.23,16:00,156.377,156.428,156.230,156.272,1103
2025.12.23,16:15,156.275,156.331,156.213,156.231,772
2025.12.23,16:30,156.231,156.347,156.201,156.308,839
2025.12.23,16:45,156.308,156.446,156.283,156.383,966
2025.12.23,17:00,156.381,156.432,156.325,156.365,883
2025.12.23,17:15,156.368,156.381,156.339,156.368,689
2025.12.23,17:30,156.356,156.412,156.325,156.346,489
2025.12.23,17:45,156.345,156.358,156.298,156.330,627
2025.12.23,18:00,156.331,156.347,156.279,156.330,573
2025.12.23,18:15,156.331,156.341,156.255,156.272,473
2025.12.23,18:30,156.268,156.308,156.246,156.269,379
2025.12.23,18:45,156.272,156.331,156.263,156.289,432
2025.12.23,19:00,156.288,156.339,156.269,156.280,537
2025.12.23,19:15,156.282,156.309,156.241,156.284,469
2025.12.23,19:30,156.282,156.308,156.264,156.293,410
2025.12.23,19:45,156.292,156.297,156.220,156.225,682
2025.12.23,20:00,156.220,156.232,156.175,156.175,788
2025.12.23,20:15,156.173,156.236,156.173,156.235,713
2025.12.23,20:30,156.235,156.238,156.215,156.230,618
2025.12.23,20:45,156.229,156.246,156.184,156.189,727
2025.12.23,21:00,156.191,156.261,156.173,156.248,695
2025.12.23,21:15,156.247,156.251,156.222,156.232,699
2025.12.23,21:30,156.233,156.262,156.228,156.245,540
2025.12.23,21:45,156.247,156.305,156.242,156.296,520
2025.12.23,22:00,156.299,156.313,156.269,156.284,388
2025.12.23,22:15,156.282,156.309,156.282,156.289,268
2025.12.23,22:30,156.290,156.293,156.219,156.223,389
2025.12.23,22:45,156.223,156.255,156.066,156.116,774
2025.12.23,23:00,156.163,156.216,156.155,156.193,490
2025.12.23,23:15,156.183,156.203,156.168,156.178,77
2025.12.23,23:30,156.176,156.185,156.173,156.182,71
2025.12.23,23:45,156.179,156.188,156.168,156.175,138
2025.12.24,00:00,156.181,156.191,156.087,156.127,439
2025.12.24,00:15,156.128,156.154,156.116,156.136,406
2025.12.24,00:30,156.136,156.276,156.136,156.262,654
2025.12.24,00:45,156.262,156.262,156.150,156.167,952
2025.12.24,01:00,156.159,156.164,155.970,156.141,1271
2025.12.24,01:15,156.145,156.273,156.106,156.230,1269
2025.12.24,01:30,156.230,156.255,156.087,156.094,1149
2025.12.24,01:45,156.097,156.183,155.974,155.984,1281
2025.12.24,02:00,155.983,156.145,155.965,156.123,1060
2025.12.24,02:15,156.123,156.124,155.815,155.828,1193
2025.12.24,02:30,155.829,155.829,155.638,155.675,1310
2025.12.24,02:45,155.674,155.749,155.593,155.648,1175
2025.12.24,03:00,155.642,155.654,155.550,155.639,1133
2025.12.24,03:15,155.640,155.690,155.599,155.660,906
2025.12.24,03:30,155.660,155.715,155.630,155.688,840
2025.12.24,03:45,155.697,155.737,155.660,155.735,690
2025.12.24,04:00,155.732,155.827,155.732,155.797,780
2025.12.24,04:15,155.794,155.868,155.776,155.859,704
2025.12.24,04:30,155.858,155.963,155.833,155.945,779
2025.12.24,04:45,155.944,155.984,155.940,155.972,828
2025.12.24,05:00,155.974,156.055,155.941,156.054,928
2025.12.24,05:15,156.057,156.057,155.944,155.967,807
2025.12.24,05:30,155.966,155.979,155.828,155.840,826
2025.12.24,05:45,155.840,155.852,155.795,155.831,870
2025.12.24,06:00,155.831,155.841,155.739,155.795,819
2025.12.24,06:15,155.796,155.836,155.770,155.798,633
2025.12.24,06:30,155.799,155.824,155.776,155.801,556
2025.12.24,06:45,155.810,155.830,155.774,155.792,706
2025.12.24,07:00,155.792,155.792,155.657,155.664,944
2025.12.24,07:15,155.665,155.763,155.657,155.726,630
2025.12.24,07:30,155.730,155.758,155.705,155.758,534
2025.12.24,07:45,155.758,155.791,155.664,155.728,733
2025.12.24,08:00,155.723,155.810,155.696,155.770,944
2025.12.24,08:15,155.771,155.846,155.724,155.765,889
2025.12.24,08:30,155.765,155.837,155.750,155.796,898
2025.12.24,08:45,155.797,155.863,155.773,155.823,935
2025.12.24,09:00,155.818,155.965,155.744,155.935,1088
2025.12.24,09:15,155.934,155.960,155.864,155.910,712
2025.12.24,09:30,155.903,155.924,155.815,155.826,858
2025.12.24,09:45,155.823,155.825,155.745,155.751,744
2025.12.24,10:00,155.750,155.769,155.682,155.746,749
2025.12.24,10:15,155.744,155.861,155.705,155.851,877
2025.12.24,10:30,155.854,155.875,155.773,155.825,760
2025.12.24,10:45,155.823,155.833,155.775,155.828,883
2025.12.24,11:00,155.831,155.888,155.815,155.864,971
2025.12.24,11:15,155.862,155.928,155.844,155.849,613
2025.12.24,11:30,155.848,155.924,155.846,155.909,594
2025.12.24,11:45,155.910,155.964,155.903,155.930,709
2025.12.24,12:00,155.929,155.954,155.861,155.899,662
2025.12.24,12:15,155.901,155.917,155.878,155.887,407
2025.12.24,12:30,155.890,155.971,155.890,155.931,684
2025.12.24,12:45,155.932,155.943,155.900,155.920,565
2025.12.24,13:00,155.918,155.934,155.871,155.896,507
2025.12.24,13:15,155.889,155.941,155.887,155.934,689
2025.12.24,13:30,155.935,155.958,155.904,155.935,634
2025.12.24,13:45,155.936,156.039,155.931,156.038,665
2025.12.24,14:00,156.039,156.068,155.967,155.996,712
2025.12.24,14:15,156.009,156.054,155.990,156.000,622
2025.12.24,14:30,156.002,156.060,155.980,156.002,790
2025.12.24,14:45,156.001,156.029,155.983,156.008,602
2025.12.24,15:00,156.015,156.030,155.995,156.006,508
2025.12.24,15:15,156.004,156.021,155.925,155.946,724
2025.12.24,15:30,155.945,155.965,155.800,155.804,782
2025.12.24,15:45,155.811,155.846,155.674,155.743,812
2025.12.24,16:00,155.753,155.772,155.720,155.733,708
2025.12.24,16:15,155.732,155.825,155.724,155.816,703
2025.12.24,16:30,155.818,155.866,155.752,155.816,707
2025.12.24,16:45,155.814,155.895,155.781,155.812,893
2025.12.24,17:00,155.814,155.870,155.749,155.870,730
2025.12.24,17:15,155.868,155.903,155.824,155.890,626
2025.12.24,17:30,155.890,155.914,155.785,155.851,693
2025.12.24,17:45,155.853,155.871,155.811,155.830,748
2025.12.24,18:00,155.831,155.918,155.819,155.915,775
2025.12.24,18:15,155.914,155.934,155.899,155.904,500
2025.12.24,18:30,155.905,155.980,155.901,155.963,700
2025.12.24,18:45,155.964,156.021,155.945,155.960,729
2025.12.24,19:00,155.967,155.987,155.967,155.982,7
2025.12.26,00:00,155.893,155.895,155.810,155.824,289
2025.12.26,00:15,155.822,155.847,155.746,155.746,374
2025.12.26,00:30,155.745,155.946,155.745,155.909,1291
2025.12.26,00:45,155.910,156.126,155.910,156.098,1046
2025.12.26,01:00,156.101,156.267,156.098,156.188,1438
2025.12.26,01:15,156.190,156.233,156.123,156.162,1137
2025.12.26,01:30,156.160,156.248,156.158,156.217,1063
2025.12.26,01:45,156.220,156.485,156.218,156.401,1651
2025.12.26,02:00,156.403,156.433,156.297,156.368,1077
2025.12.26,02:15,156.369,156.371,156.201,156.230,995
2025.12.26,02:30,156.231,156.288,156.160,156.288,983
2025.12.26,02:45,156.278,156.329,156.268,156.279,626
2025.12.26,03:00,156.278,156.298,156.163,156.191,891
2025.12.26,03:15,156.192,156.301,156.185,156.264,658
2025.12.26,03:30,156.268,156.269,156.163,156.264,907
2025.12.26,03:45,156.265,156.265,156.196,156.216,881
2025.12.26,04:00,156.217,156.231,156.175,156.216,698
2025.12.26,04:15,156.216,156.247,156.201,156.220,596
2025.12.26,04:30,156.218,156.231,156.178,156.192,766
2025.12.26,04:45,156.193,156.205,156.039,156.049,954
2025.12.26,05:00,156.047,156.087,155.984,156.048,1131
2025.12.26,05:15,156.047,156.143,156.043,156.143,778
2025.12.26,05:30,156.145,156.185,156.042,156.111,812
2025.12.26,05:45,156.112,156.163,156.105,156.159,975
2025.12.26,06:00,156.162,156.171,156.084,156.138,750
2025.12.26,06:15,156.137,156.275,156.127,156.233,1017
2025.12.26,06:30,156.236,156.276,156.221,156.258,907
2025.12.26,06:45,156.260,156.274,156.167,156.196,926
2025.12.26,07:00,156.194,156.196,156.079,156.142,769
2025.12.26,07:15,156.142,156.226,156.134,156.222,472
2025.12.26,07:30,156.225,156.275,156.211,156.254,630
2025.12.26,07:45,156.253,156.311,156.237,156.274,836
2025.12.26,08:00,156.276,156.305,156.231,156.239,588
2025.12.26,08:15,156.237,156.270,156.207,156.221,564
2025.12.26,08:30,156.218,156.376,156.216,156.368,663
2025.12.26,08:45,156.368,156.434,156.334,156.366,814
2025.12.26,09:00,156.360,156.440,156.334,156.414,665
2025.12.26,09:15,156.414,156.423,156.295,156.363,615
2025.12.26,09:30,156.362,156.388,156.306,156.382,618
2025.12.26,09:45,156.381,156.381,156.307,156.317,592
2025.12.26,10:00,156.325,156.434,156.308,156.408,799
2025.12.26,10:15,156.408,156.459,156.401,156.406,483
2025.12.26,10:30,156.408,156.450,156.406,156.442,516
2025.12.26,10:45,156.441,156.465,156.413,156.453,583
2025.12.26,11:00,156.454,156.463,156.393,156.397,482
2025.12.26,11:15,156.396,156.414,156.355,156.414,670
2025.12.26,11:30,156.415,156.417,156.382,156.406,566
2025.12.26,11:45,156.403,156.409,156.369,156.394,405
2025.12.26,12:00,156.391,156.416,156.369,156.389,659
2025.12.26,12:15,156.388,156.399,156.319,156.365,802
2025.12.26,12:30,156.363,156.372,156.324,156.350,715
2025.12.26,12:45,156.349,156.400,156.335,156.396,766
2025.12.26,13:00,156.398,156.457,156.388,156.448,734
2025.12.26,13:15,156.448,156.482,156.432,156.456,758
2025.12.26,13:30,156.457,156.457,156.394,156.399,660
2025.12.26,13:45,156.400,156.445,156.388,156.411,628
2025.12.26,14:00,156.409,156.437,156.273,156.358,879
2025.12.26,14:15,156.357,156.364,156.282,156.282,715
2025.12.26,14:30,156.279,156.295,156.242,156.269,765
2025.12.26,14:45,156.268,156.342,156.221,156.322,815
2025.12.26,15:00,156.312,156.335,156.273,156.292,672
2025.12.26,15:15,156.292,156.357,156.292,156.347,544
2025.12.26,15:30,156.348,156.417,156.327,156.414,595
2025.12.26,15:45,156.415,156.481,156.399,156.445,712
2025.12.26,16:00,156.442,156.448,156.306,156.357,693
2025.12.26,16:15,156.357,156.387,156.326,156.369,593
2025.12.26,16:30,156.368,156.439,156.362,156.427,667
2025.12.26,16:45,156.427,156.528,156.398,156.421,861
2025.12.26,17:00,156.414,156.534,156.364,156.532,867
2025.12.26,17:15,156.531,156.637,156.515,156.630,831
2025.12.26,17:30,156.629,156.644,156.599,156.615,608
2025.12.26,17:45,156.616,156.649,156.605,156.630,616
2025.12.26,18:00,156.627,156.640,156.603,156.624,712
2025.12.26,18:15,156.626,156.651,156.604,156.641,660
2025.12.26,18:30,156.642,156.726,156.580,156.581,840
2025.12.26,18:45,156.585,156.607,156.549,156.563,869
2025.12.26,19:00,156.561,156.581,156.510,156.579,671
2025.12.26,19:15,156.577,156.579,156.533,156.545,683
2025.12.26,19:30,156.545,156.548,156.430,156.460,834
2025.12.26,19:45,156.459,156.538,156.457,156.537,804
2025.12.26,20:00,156.543,156.585,156.529,156.569,827
2025.12.26,20:15,156.569,156.583,156.531,156.558,496
2025.12.26,20:30,156.556,156.571,156.528,156.533,573
2025.12.26,20:45,156.528,156.549,156.499,156.499,658
2025.12.26,21:00,156.496,156.496,156.439,156.485,669
2025.12.26,21:15,156.485,156.519,156.475,156.508,414
2025.12.26,21:30,156.508,156.514,156.470,156.479,513
2025.12.26,21:45,156.483,156.525,156.471,156.487,694
2025.12.28,23:00,156.340,156.448,156.332,156.420,96
2025.12.28,23:15,156.420,156.542,156.415,156.503,143
2025.12.28,23:30,156.503,156.508,156.441,156.446,859
2025.12.28,23:45,156.447,156.463,156.395,156.431,807
2025.12.29,00:00,156.431,156.536,156.412,156.444,436
2025.12.29,00:15,156.444,156.461,156.402,156.415,541
2025.12.29,00:30,156.415,156.522,156.407,156.488,345
2025.12.29,00:45,156.487,156.488,156.399,156.477,544
2025.12.29,01:00,156.477,156.477,156.054,156.111,1498
2025.12.29,01:15,156.112,156.244,156.093,156.145,1156
2025.12.29,01:30,156.143,156.160,156.070,156.129,997
2025.12.29,01:45,156.130,156.325,156.108,156.272,1341
2025.12.29,02:00,156.272,156.370,156.243,156.247,978
2025.12.29,02:15,156.247,156.269,156.184,156.226,796
2025.12.29,02:30,156.226,156.319,156.183,156.281,714
2025.12.29,02:45,156.281,156.330,156.256,156.307,623
2025.12.29,03:00,156.308,156.455,156.293,156.443,713
2025.12.29,03:15,156.444,156.503,156.423,156.451,807
2025.12.29,03:30,156.449,156.488,156.400,156.407,587
2025.12.29,03:45,156.406,156.436,156.369,156.426,646
2025.12.29,04:00,156.425,156.440,156.360,156.382,574
2025.12.29,04:15,156.380,156.403,156.335,156.389,643
2025.12.29,04:30,156.391,156.408,156.336,156.390,721
2025.12.29,04:45,156.390,156.397,156.315,156.373,509
2025.12.29,05:00,156.372,156.466,156.371,156.401,594
2025.12.29,05:15,156.400,156.448,156.289,156.290,557
2025.12.29,05:30,156.290,156.322,156.242,156.298,738
2025.12.29,05:45,156.299,156.368,156.292,156.368,613
2025.12.29,06:00,156.368,156.375,156.315,156.330,528
2025.12.29,06:15,156.329,156.392,156.304,156.364,512
2025.12.29,06:30,156.364,156.368,156.274,156.275,381
2025.12.29,06:45,156.269,156.307,156.237,156.302,474
2025.12.29,07:00,156.303,156.310,156.235,156.307,614
2025.12.29,07:15,156.307,156.317,156.166,156.197,653
2025.12.29,07:30,156.202,156.284,156.198,156.268,641
2025.12.29,07:45,156.270,156.294,156.167,156.180,853
2025.12.29,08:00,156.181,156.199,156.141,156.199,804
2025.12.29,08:15,156.200,156.237,156.121,156.166,762
2025.12.29,08:30,156.167,156.174,156.095,156.113,612
2025.12.29,08:45,156.115,156.156,156.045,156.073,830
2025.12.29,09:00,156.072,156.201,156.070,156.199,524
2025.12.29,09:15,156.200,156.254,156.200,156.252,510
2025.12.29,09:30,156.252,156.303,156.213,156.253,511
2025.12.29,09:45,156.252,156.272,156.188,156.272,534
2025.12.29,10:00,156.275,156.393,156.259,156.297,684
2025.12.29,10:15,156.295,156.312,156.232,156.235,455
2025.12.29,10:30,156.236,156.238,156.103,156.187,585
2025.12.29,10:45,156.188,156.324,156.185,156.317,539
2025.12.29,11:00,156.322,156.339,156.283,156.287,560
2025.12.29,11:15,156.286,156.297,156.236,156.272,609
2025.12.29,11:30,156.273,156.275,156.201,156.249,365
2025.12.29,11:45,156.250,156.326,156.220,156.324,352
2025.12.29,12:00,156.325,156.348,156.295,156.344,455
2025.12.29,12:15,156.343,156.347,156.284,156.306,439
2025.12.29,12:30,156.305,156.309,156.282,156.293,258
2025.12.29,12:45,156.294,156.408,156.294,156.393,530
2025.12.29,13:00,156.395,156.419,156.316,156.344,468
2025.12.29,13:15,156.345,156.377,156.306,156.306,460
2025.12.29,13:30,156.308,156.381,156.308,156.379,357
2025.12.29,13:45,156.378,156.401,156.306,156.328,574
2025.12.29,14:00,156.307,156.313,156.249,156.264,582
2025.12.29,14:15,156.263,156.360,156.261,156.339,640
2025.12.29,14:30,156.350,156.355,156.251,156.269,536
2025.12.29,14:45,156.268,156.295,156.190,156.226,604
2025.12.29,15:00,156.226,156.236,156.114,156.190,654
2025.12.29,15:15,156.191,156.203,156.127,156.137,553
2025.12.29,15:30,156.138,156.152,156.007,156.094,733
2025.12.29,15:45,156.092,156.154,156.008,156.139,614
2025.12.29,16:00,156.140,156.236,156.078,156.115,697
2025.12.29,16:15,156.113,156.210,156.102,156.162,504
2025.12.29,16:30,156.164,156.286,156.110,156.111,627
2025.12.29,16:45,156.123,156.123,155.911,155.933,969
2025.12.29,17:00,155.931,156.034,155.926,155.963,774
2025.12.29,17:15,155.962,156.084,155.954,156.081,431
2025.12.29,17:30,156.080,156.096,156.006,156.019,483
2025.12.29,17:45,156.017,156.112,156.006,156.101,522
2025.12.29,18:00,156.099,156.127,156.061,156.089,381
2025.12.29,18:15,156.081,156.149,156.081,156.112,381
2025.12.29,18:30,156.111,156.152,156.089,156.126,289
2025.12.29,18:45,156.125,156.212,156.124,156.178,279
2025.12.29,19:00,156.179,156.207,156.146,156.159,350
2025.12.29,19:15,156.158,156.166,156.116,156.156,378
2025.12.29,19:30,156.157,156.217,156.152,156.210,378
2025.12.29,19:45,156.211,156.219,156.169,156.217,341
2025.12.29,20:00,156.218,156.241,156.212,156.219,380
2025.12.29,20:15,156.221,156.228,156.166,156.191,290
2025.12.29,20:30,156.193,156.194,156.096,156.107,388
2025.12.29,20:45,156.106,156.119,156.003,156.028,608
2025.12.29,21:00,156.029,156.045,155.983,155.983,602
2025.12.29,21:15,155.983,156.043,155.981,156.040,353
2025.12.29,21:30,156.039,156.077,156.030,156.066,354
2025.12.29,21:45,156.065,156.078,156.044,156.058,446
2025.12.29,22:00,156.063,156.082,156.031,156.055,343
2025.12.29,22:15,156.055,156.059,155.998,156.027,278
2025.12.29,22:30,156.027,156.054,156.009,156.054,302
2025.12.29,22:45,156.058,156.058,155.964,155.964,460
2025.12.29,23:00,155.978,156.083,155.974,156.071,91
2025.12.29,23:15,156.075,156.084,155.944,155.993,149
2025.12.29,23:30,155.993,156.061,155.949,156.042,267
2025.12.29,23:45,156.043,156.048,156.019,156.044,218
2025.12.30,00:00,156.029,156.043,155.954,155.999,438
2025.12.30,00:15,155.997,156.129,155.997,156.126,406
2025.12.30,00:30,156.127,156.127,156.047,156.064,404
2025.12.30,00:45,156.066,156.078,155.983,155.983,503
2025.12.30,01:00,155.984,156.110,155.921,156.071,942
2025.12.30,01:15,156.075,156.097,155.985,156.051,781
2025.12.30,01:30,156.050,156.162,156.024,156.133,908
2025.12.30,01:45,156.132,156.320,156.119,156.252,1439
2025.12.30,02:00,156.253,156.321,156.241,156.243,803
2025.12.30,02:15,156.242,156.304,156.229,156.284,732
2025.12.30,02:30,156.283,156.299,156.246,156.252,839
2025.12.30,02:45,156.258,156.274,156.208,156.216,833
2025.12.30,03:00,156.212,156.294,156.149,156.282,915
2025.12.30,03:15,156.281,156.333,156.240,156.318,868
2025.12.30,03:30,156.318,156.322,156.261,156.296,697
2025.12.30,03:45,156.297,156.319,156.266,156.299,709
2025.12.30,04:00,156.298,156.328,156.277,156.318,653
2025.12.30,04:15,156.317,156.319,156.280,156.281,468
2025.12.30,04:30,156.278,156.278,156.231,156.265,493
2025.12.30,04:45,156.265,156.268,156.208,156.264,544
2025.12.30,05:00,156.266,156.279,156.245,156.264,602
2025.12.30,05:15,156.265,156.268,156.205,156.214,387
2025.12.30,05:30,156.215,156.215,156.124,156.124,537
2025.12.30,05:45,156.124,156.124,156.044,156.077,873
2025.12.30,06:00,156.077,156.077,156.005,156.066,795
2025.12.30,06:15,156.063,156.093,156.044,156.045,680
2025.12.30,06:30,156.036,156.090,156.014,156.052,1001
2025.12.30,06:45,156.052,156.096,156.018,156.035,965
2025.12.30,07:00,156.034,156.059,155.989,156.004,907
2025.12.30,07:15,156.006,156.029,155.932,156.026,941
2025.12.30,07:30,156.041,156.090,155.990,155.990,918
2025.12.30,07:45,155.989,156.064,155.964,156.034,618
2025.12.30,08:00,156.035,156.045,155.988,155.992,646
2025.12.30,08:15,155.990,156.101,155.978,156.053,644
2025.12.30,08:30,156.051,156.059,155.965,155.992,638
2025.12.30,08:45,155.991,156.006,155.909,155.975,605
2025.12.30,09:00,155.975,156.022,155.876,155.967,647
2025.12.30,09:15,155.955,155.958,155.855,155.877,509
2025.12.30,09:30,155.884,155.938,155.851,155.933,570
2025.12.30,09:45,155.935,155.976,155.916,155.976,460
2025.12.30,10:00,155.977,156.004,155.890,155.896,654
2025.12.30,10:15,155.893,155.934,155.865,155.915,672
2025.12.30,10:30,155.914,155.969,155.904,155.940,600
2025.12.30,10:45,155.941,155.941,155.884,155.918,661
2025.12.30,11:00,155.925,155.925,155.821,155.865,730
2025.12.30,11:15,155.864,155.864,155.828,155.857,522
2025.12.30,11:30,155.856,155.862,155.740,155.784,798
2025.12.30,11:45,155.779,155.851,155.770,155.849,643
2025.12.30,12:00,155.849,155.865,155.820,155.843,583
2025.12.30,12:15,155.842,155.863,155.829,155.861,557
2025.12.30,12:30,155.861,155.897,155.833,155.886,656
2025.12.30,12:45,155.885,155.942,155.866,155.887,836
2025.12.30,13:00,155.886,155.946,155.880,155.918,619
2025.12.30,13:15,155.930,156.007,155.918,155.968,503
2025.12.30,13:30,155.967,155.984,155.946,155.971,625
2025.12.30,13:45,155.976,155.991,155.942,155.946,648
2025.12.30,14:00,155.947,156.100,155.942,156.075,693
2025.12.30,14:15,156.073,156.139,156.061,156.133,636
2025.12.30,14:30,156.135,156.145,156.080,156.108,538
2025.12.30,14:45,156.104,156.207,156.096,156.191,632
2025.12.30,15:00,156.192,156.217,156.119,156.194,500
2025.12.30,15:15,156.192,156.258,156.171,156.234,576
2025.12.30,15:30,156.233,156.306,156.233,156.269,553
2025.12.30,15:45,156.269,156.314,156.230,156.267,685
2025.12.30,16:00,156.269,156.365,156.269,156.342,614
2025.12.30,16:15,156.341,156.487,156.340,156.485,634
2025.12.30,16:30,156.486,156.562,156.427,156.543,594
2025.12.30,16:45,156.544,156.557,156.317,156.323,739
2025.12.30,17:00,156.324,156.368,156.301,156.320,603
2025.12.30,17:15,156.319,156.322,156.220,156.271,570
2025.12.30,17:30,156.277,156.278,156.229,156.258,485
2025.12.30,17:45,156.253,156.270,156.237,156.257,552
2025.12.30,18:00,156.250,156.344,156.243,156.344,583
2025.12.30,18:15,156.346,156.402,156.346,156.368,410
2025.12.30,18:30,156.369,156.394,156.343,156.347,484
2025.12.30,18:45,156.348,156.366,156.321,156.328,547
2025.12.30,19:00,156.332,156.342,156.305,156.326,520
2025.12.30,19:15,156.327,156.361,156.316,156.338,516
2025.12.30,19:30,156.342,156.401,156.338,156.389,352
2025.12.30,19:45,156.390,156.423,156.376,156.395,407
2025.12.30,20:00,156.378,156.467,156.376,156.400,481
2025.12.30,20:15,156.399,156.409,156.373,156.376,375
2025.12.30,20:30,156.378,156.437,156.372,156.428,309
2025.12.30,20:45,156.430,156.516,156.394,156.491,613
2025.12.30,21:00,156.484,156.486,156.428,156.441,635
2025.12.30,21:15,156.440,156.454,156.421,156.442,440
2025.12.30,21:30,156.447,156.458,156.434,156.441,433
2025.12.30,21:45,156.443,156.496,156.429,156.458,569
2025.12.30,22:00,156.461,156.461,156.396,156.419,490
2025.12.30,22:15,156.418,156.441,156.405,156.411,344
2025.12.30,22:30,156.408,156.438,156.408,156.410,293
2025.12.30,22:45,156.418,156.430,156.342,156.342,448
2025.12.30,23:00,156.303,156.366,156.299,156.333,68
2025.12.30,23:15,156.333,156.349,156.326,156.345,78
2025.12.30,23:30,156.345,156.383,156.343,156.383,267
2025.12.30,23:45,156.382,156.384,156.352,156.353,119
2025.12.31,00:00,156.336,156.369,156.326,156.353,252
2025.12.31,00:15,156.358,156.405,156.354,156.397,417
2025.12.31,00:30,156.396,156.431,156.386,156.422,176
2025.12.31,00:45,156.431,156.460,156.393,156.393,245
2025.12.31,01:00,156.388,156.401,156.325,156.388,484
2025.12.31,01:15,156.387,156.444,156.376,156.394,501
2025.12.31,01:30,156.395,156.460,156.395,156.440,445
2025.12.31,01:45,156.441,156.450,156.346,156.386,751
2025.12.31,02:00,156.387,156.447,156.357,156.402,569
2025.12.31,02:15,156.399,156.403,156.347,156.370,517
2025.12.31,02:30,156.371,156.413,156.358,156.396,553
2025.12.31,02:45,156.396,156.434,156.360,156.427,695
2025.12.31,03:00,156.434,156.457,156.421,156.442,533
2025.12.31,03:15,156.445,156.482,156.418,156.445,504
2025.12.31,03:30,156.444,156.460,156.420,156.458,594
2025.12.31,03:45,156.458,156.485,156.448,156.480,513
2025.12.31,04:00,156.478,156.480,156.444,156.457,445
2025.12.31,04:15,156.457,156.483,156.457,156.469,488
2025.12.31,04:30,156.470,156.491,156.458,156.486,474
2025.12.31,04:45,156.485,156.490,156.464,156.488,322
2025.12.31,05:00,156.489,156.518,156.487,156.514,421
2025.12.31,05:15,156.515,156.569,156.511,156.537,645
2025.12.31,05:30,156.536,156.569,156.525,156.557,406
2025.12.31,05:45,156.556,156.633,156.553,156.607,551
2025.12.31,06:00,156.605,156.611,156.573,156.588,485
2025.12.31,06:15,156.587,156.628,156.584,156.587,405
2025.12.31,06:30,156.586,156.611,156.561,156.562,391
2025.12.31,06:45,156.562,156.597,156.544,156.587,569
2025.12.31,07:00,156.587,156.636,156.585,156.625,584
2025.12.31,07:15,156.625,156.648,156.605,156.610,570
2025.12.31,07:30,156.610,156.619,156.575,156.585,531
2025.12.31,07:45,156.584,156.611,156.583,156.607,309
2025.12.31,08:00,156.606,156.638,156.576,156.620,544
2025.12.31,08:15,156.620,156.632,156.586,156.608,453
2025.12.31,08:30,156.608,156.633,156.564,156.579,536
2025.12.31,08:45,156.575,156.601,156.560,156.561,582
2025.12.31,09:00,156.559,156.586,156.521,156.521,537
2025.12.31,09:15,156.522,156.582,156.510,156.566,547
2025.12.31,09:30,156.565,156.577,156.502,156.543,431
2025.12.31,09:45,156.546,156.602,156.545,156.591,566
2025.12.31,10:00,156.591,156.615,156.579,156.598,564
2025.12.31,10:15,156.594,156.623,156.552,156.594,458
2025.12.31,10:30,156.592,156.609,156.572,156.582,343
2025.12.31,10:45,156.582,156.645,156.577,156.626,703
2025.12.31,11:00,156.615,156.668,156.605,156.664,488
2025.12.31,11:15,156.665,156.667,156.640,156.640,405
2025.12.31,11:30,156.641,156.644,156.593,156.633,403
2025.12.31,11:45,156.632,156.658,156.606,156.652,436
2025.12.31,12:00,156.653,156.670,156.640,156.641,346
2025.12.31,12:15,156.634,156.657,156.627,156.640,377
2025.12.31,12:30,156.641,156.659,156.627,156.636,449
2025.12.31,12:45,156.635,156.656,156.602,156.602,468
2025.12.31,13:00,156.605,156.611,156.550,156.596,564
2025.12.31,13:15,156.597,156.610,156.560,156.609,483
2025.12.31,13:30,156.615,156.638,156.599,156.633,451
2025.12.31,13:45,156.635,156.635,156.588,156.596,611
2025.12.31,14:00,156.593,156.666,156.582,156.653,690
2025.12.31,14:15,156.644,156.665,156.611,156.650,584
2025.12.31,14:30,156.652,156.795,156.652,156.771,829
2025.12.31,14:45,156.773,156.829,156.752,156.807,579
2025.12.31,15:00,156.810,156.937,156.798,156.890,648
2025.12.31,15:15,156.895,156.941,156.884,156.925,689
2025.12.31,15:30,156.928,156.942,156.845,156.874,766
2025.12.31,15:45,156.875,156.941,156.837,156.919,756
2025.12.31,16:00,156.917,156.990,156.917,156.981,711
2025.12.31,16:15,156.980,156.983,156.907,156.934,682
2025.12.31,16:30,156.932,156.933,156.856,156.864,648
2025.12.31,16:45,156.863,156.941,156.713,156.738,936
2025.12.31,17:00,156.730,156.749,156.640,156.748,873
2025.12.31,17:15,156.747,156.806,156.703,156.785,697
2025.12.31,17:30,156.782,156.836,156.782,156.831,626
2025.12.31,17:45,156.833,156.842,156.806,156.807,605
2025.12.31,18:00,156.808,156.838,156.758,156.797,610
2025.12.31,18:15,156.798,156.809,156.763,156.798,515
2025.12.31,18:30,156.800,156.836,156.795,156.807,458
2025.12.31,18:45,156.808,156.852,156.769,156.820,722
2025.12.31,19:00,156.824,156.896,156.795,156.836,605
2025.12.31,19:15,156.834,156.894,156.830,156.856,550
2025.12.31,19:30,156.855,156.907,156.853,156.885,699
2025.12.31,19:45,156.888,156.915,156.877,156.882,578
2025.12.31,20:00,156.869,156.870,156.812,156.818,603
2025.12.31,20:15,156.817,156.831,156.791,156.791,494
2025.12.31,20:30,156.790,156.804,156.738,156.743,579
2025.12.31,20:45,156.742,156.748,156.668,156.745,780
2025.12.31,21:00,156.745,156.748,156.717,156.742,589
2025.12.31,21:15,156.739,156.741,156.664,156.676,559
2025.12.31,21:30,156.678,156.700,156.653,156.663,562
2025.12.31,21:45,156.663,156.694,156.624,156.627,616
2025.12.31,22:00,156.624,156.624,156.621,156.622,4
2026.01.02,00:00,156.689,156.877,156.684,156.837,310
2026.01.02,00:15,156.838,156.860,156.817,156.832,273
2026.01.02,00:30,156.832,156.835,156.760,156.783,301
2026.01.02,00:45,156.785,156.823,156.715,156.715,359
2026.01.02,01:00,156.714,156.760,156.636,156.691,478
2026.01.02,01:15,156.690,156.743,156.690,156.729,400
2026.01.02,01:30,156.729,156.729,156.652,156.669,365
2026.01.02,01:45,156.669,156.670,156.537,156.562,722
2026.01.02,02:00,156.561,156.603,156.514,156.589,666
2026.01.02,02:15,156.588,156.618,156.556,156.581,423
2026.01.02,02:30,156.580,156.651,156.575,156.641,288
2026.01.02,02:45,156.639,156.652,156.611,156.627,197
2026.01.02,03:00,156.628,156.647,156.588,156.601,332
2026.01.02,03:15,156.606,156.625,156.593,156.602,219
2026.01.02,03:30,156.602,156.617,156.593,156.604,293
2026.01.02,03:45,156.608,156.682,156.608,156.678,394
2026.01.02,04:00,156.676,156.701,156.644,156.689,363
2026.01.02,04:15,156.690,156.716,156.673,156.674,338
2026.01.02,04:30,156.674,156.718,156.666,156.701,300
2026.01.02,04:45,156.701,156.716,156.692,156.713,218
2026.01.02,05:00,156.713,156.762,156.712,156.760,313
2026.01.02,05:15,156.760,156.808,156.759,156.804,437
2026.01.02,05:30,156.805,156.851,156.805,156.833,392
2026.01.02,05:45,156.832,156.836,156.801,156.816,329
2026.01.02,06:00,156.816,156.852,156.815,156.817,238
2026.01.02,06:15,156.818,156.848,156.812,156.829,295
2026.01.02,06:30,156.833,156.851,156.824,156.826,327
2026.01.02,06:45,156.825,156.939,156.818,156.905,416
2026.01.02,07:00,156.904,156.960,156.903,156.923,513
2026.01.02,07:15,156.924,156.961,156.912,156.947,447
2026.01.02,07:30,156.949,156.988,156.938,156.983,517
2026.01.02,07:45,156.984,156.988,156.947,156.947,332
2026.01.02,08:00,156.951,156.987,156.900,156.900,496
2026.01.02,08:15,156.898,156.936,156.876,156.888,577
2026.01.02,08:30,156.879,156.894,156.826,156.877,510
2026.01.02,08:45,156.884,156.884,156.828,156.853,385
2026.01.02,09:00,156.855,156.991,156.816,156.976,574
2026.01.02,09:15,156.975,156.993,156.938,156.975,433
2026.01.02,09:30,156.976,156.976,156.910,156.927,566
2026.01.02,09:45,156.928,156.936,156.868,156.873,431
2026.01.02,10:00,156.870,156.906,156.826,156.833,438
2026.01.02,10:15,156.830,156.844,156.766,156.818,557
2026.01.02,10:30,156.817,156.858,156.789,156.799,527
2026.01.02,10:45,156.808,156.912,156.806,156.909,456
2026.01.02,11:00,156.910,156.922,156.885,156.920,347
2026.01.02,11:15,156.919,156.919,156.797,156.861,389
2026.01.02,11:30,156.861,156.874,156.822,156.859,478
2026.01.02,11:45,156.858,156.871,156.812,156.838,305
2026.01.02,12:00,156.838,156.873,156.821,156.871,409
2026.01.02,12:15,156.872,156.909,156.861,156.861,374
2026.01.02,12:30,156.861,156.929,156.859,156.923,538
2026.01.02,12:45,156.921,156.944,156.905,156.915,291
2026.01.02,13:00,156.913,156.928,156.868,156.928,314
2026.01.02,13:15,156.926,156.935,156.891,156.903,365
2026.01.02,13:30,156.905,156.995,156.903,156.971,414
2026.01.02,13:45,156.977,156.996,156.934,156.935,322
2026.01.02,14:00,156.930,156.954,156.852,156.855,541
2026.01.02,14:15,156.854,156.891,156.827,156.882,475
2026.01.02,14:30,156.883,156.945,156.878,156.880,508
2026.01.02,14:45,156.879,156.939,156.843,156.901,432
2026.01.02,15:00,156.904,156.912,156.855,156.880,483
2026.01.02,15:15,156.879,156.904,156.818,156.836,483
2026.01.02,15:30,156.833,156.882,156.818,156.854,547
2026.01.02,15:45,156.851,156.879,156.804,156.847,429
2026.01.02,16:00,156.848,156.887,156.658,156.725,757
2026.01.02,16:15,156.724,156.740,156.641,156.689,625
2026.01.02,16:30,156.688,156.737,156.673,156.686,459
2026.01.02,16:45,156.684,156.694,156.556,156.586,621
2026.01.02,17:00,156.584,156.640,156.557,156.639,708
2026.01.02,17:15,156.640,156.668,156.599,156.634,496
2026.01.02,17:30,156.635,156.699,156.632,156.695,384
2026.01.02,17:45,156.692,156.765,156.692,156.718,436
2026.01.02,18:00,156.721,156.769,156.718,156.749,359
2026.01.02,18:15,156.752,156.768,156.728,156.734,362
2026.01.02,18:30,156.731,156.746,156.701,156.746,272
2026.01.02,18:45,156.749,156.777,156.730,156.765,336
2026.01.02,19:00,156.766,156.851,156.760,156.849,215
2026.01.02,19:15,156.847,156.893,156.840,156.874,337
2026.01.02,19:30,156.875,156.932,156.875,156.909,395
2026.01.02,19:45,156.916,156.942,156.883,156.888,461
2026.01.02,20:00,156.887,156.941,156.883,156.919,400
2026.01.02,20:15,156.919,156.950,156.909,156.931,330
2026.01.02,20:30,156.930,156.941,156.908,156.912,340
2026.01.02,20:45,156.911,156.911,156.839,156.849,318
2026.01.02,21:00,156.850,156.905,156.839,156.862,514
2026.01.02,21:15,156.863,156.878,156.857,156.876,535
2026.01.02,21:30,156.877,156.892,156.842,156.863,379
2026.01.02,21:45,156.864,156.883,156.855,156.867,423
