2025.02.27,21:00,149.852,149.856,149.623,149.689,4274
2025.02.27,22:00,149.699,149.820,149.669,149.798,2955
2025.02.27,23:00,149.795,149.797,149.681,149.765,370
2025.02.28,00:00,149.746,150.103,149.537,150.083,3364
2025.02.28,01:00,150.076,150.142,149.350,149.361,5820
2025.02.28,02:00,149.371,149.524,149.266,149.287,4840
2025.02.28,03:00,149.294,149.561,149.094,149.522,4119
2025.02.28,04:00,149.522,149.620,149.455,149.601,3716
2025.02.28,05:00,149.600,149.691,149.513,149.600,3250
2025.02.28,06:00,149.596,149.878,149.575,149.823,3562
2025.02.28,07:00,149.827,150.118,149.785,150.036,3979
2025.02.28,08:00,150.037,150.562,149.930,150.429,4708
2025.02.28,09:00,150.429,150.680,150.308,150.561,4660
2025.02.28,10:00,150.574,150.629,150.180,150.239,4646
2025.02.28,11:00,150.244,150.390,150.236,150.370,3725
2025.02.28,12:00,150.370,150.481,150.284,150.386,3241
2025.02.28,13:00,150.381,150.711,150.375,150.654,3981
2025.02.28,14:00,150.658,150.982,150.591,150.643,5468
2025.02.28,15:00,150.641,150.808,150.276,150.681,6033
2025.02.28,16:00,150.675,150.859,150.501,150.677,6250
2025.02.28,17:00,150.676,150.786,150.229,150.634,5949
2025.02.28,18:00,150.631,150.676,150.331,150.358,4878
2025.02.28,19:00,150.358,150.539,150.234,150.322,5308
2025.02.28,20:00,150.315,150.597,150.299,150.535,4738
2025.02.28,21:00,150.537,150.618,150.434,150.503,4351
2025.03.02,23:00,150.686,150.728,150.643,150.699,409
2025.03.03,00:00,150.675,151.017,150.658,150.803,4158
2025.03.03,01:00,150.802,150.940,150.486,150.537,5186
2025.03.03,02:00,150.539,150.714,150.309,150.402,4700
2025.03.03,03:00,150.401,150.469,150.261,150.399,4268
2025.03.03,04:00,150.392,150.483,150.238,150.446,4343
2025.03.03,05:00,150.447,150.511,150.317,150.331,3583
2025.03.03,06:00,150.327,150.527,150.326,150.407,4166
2025.03.03,07:00,150.406,150.521,150.264,150.459,4286
2025.03.03,08:00,150.460,150.518,150.146,150.164,4240
2025.03.03,09:00,150.161,150.236,150.020,150.108,4472
2025.03.03,10:00,150.099,150.364,149.939,150.342,3951
2025.03.03,11:00,150.341,150.886,150.341,150.831,4379
2025.03.03,12:00,150.834,151.233,150.782,151.204,4525
2025.03.03,13:00,151.196,151.298,151.107,151.232,4416
2025.03.03,14:00,151.233,151.296,150.935,150.961,4717
2025.03.03,15:00,150.964,150.967,150.582,150.598,5121
2025.03.03,16:00,150.590,150.656,150.075,150.230,6379
2025.03.03,17:00,150.231,150.367,150.043,150.164,5317
2025.03.03,18:00,150.160,150.333,150.120,150.175,4283
2025.03.03,19:00,150.175,150.244,150.056,150.172,4513
2025.03.03,20:00,150.169,150.299,150.135,150.248,4156
2025.03.03,21:00,150.251,150.252,149.095,149.413,6544
2025.03.03,22:00,149.412,149.623,149.412,149.494,3642
2025.03.03,23:00,149.496,149.626,149.496,149.538,587
2025.03.04,00:00,149.522,149.620,149.142,149.302,3807
2025.03.04,01:00,149.301,149.526,148.978,149.146,5252
2025.03.04,02:00,149.150,149.250,148.594,148.930,5176
2025.03.04,03:00,148.924,149.416,148.836,149.299,4212
2025.03.04,04:00,149.292,149.339,149.025,149.159,4443
2025.03.04,05:00,149.160,149.168,148.925,149.135,3934
2025.03.04,06:00,149.155,149.455,149.088,149.376,4767
2025.03.04,07:00,149.379,149.556,149.270,149.526,4655
2025.03.04,08:00,149.524,149.564,149.056,149.343,5551
2025.03.04,09:00,149.345,149.445,148.995,149.087,5908
2025.03.04,10:00,149.083,149.142,148.793,149.042,5012
2025.03.04,11:00,149.038,149.038,148.755,148.793,4755
2025.03.04,12:00,148.791,148.829,148.287,148.359,4717
2025.03.04,13:00,148.335,148.335,148.091,148.219,5543
2025.03.04,14:00,148.198,148.556,148.179,148.204,5366
2025.03.04,15:00,148.203,148.704,148.193,148.426,6720
2025.03.04,16:00,148.414,148.606,148.186,148.347,7086
2025.03.04,17:00,148.336,148.854,148.299,148.811,6209
2025.03.04,18:00,148.809,148.910,148.684,148.738,5285
2025.03.04,19:00,148.739,149.129,148.697,149.089,5378
2025.03.04,20:00,149.089,149.364,149.044,149.316,5073
2025.03.04,21:00,149.312,149.507,149.003,149.085,5209
2025.03.04,22:00,149.095,149.872,149.039,149.792,4459
2025.03.04,23:00,149.698,149.780,149.624,149.739,588
2025.03.05,00:00,149.718,149.969,149.636,149.828,2679
2025.03.05,01:00,149.820,149.917,149.568,149.911,5392
2025.03.05,02:00,149.914,150.179,149.778,149.970,4947
2025.03.05,03:00,149.966,150.000,149.743,149.822,4077
2025.03.05,04:00,149.813,150.090,149.705,149.967,3902
2025.03.05,05:00,149.966,149.966,149.703,149.822,3239
2025.03.05,06:00,149.820,149.887,149.691,149.710,3522
2025.03.05,07:00,149.709,149.744,149.563,149.685,3732
2025.03.05,08:00,149.680,149.809,149.410,149.442,4963
2025.03.05,09:00,149.454,149.634,149.196,149.215,5366
2025.03.05,10:00,149.217,149.443,149.092,149.366,4811
2025.03.05,11:00,149.367,149.560,149.309,149.337,4528
2025.03.05,12:00,149.334,149.537,149.279,149.388,4519
2025.03.05,13:00,149.399,149.506,149.151,149.505,4971
2025.03.05,14:00,149.508,149.732,148.929,149.004,6087
2025.03.05,15:00,149.014,149.022,148.384,148.386,6307
2025.03.05,16:00,148.578,149.101,148.419,148.908,7082
2025.03.05,17:00,148.899,148.978,148.469,148.831,6093
2025.03.05,18:00,148.824,148.919,148.630,148.858,5180
2025.03.05,19:00,148.862,149.014,148.762,148.945,4978
2025.03.05,20:00,148.949,149.138,148.777,148.780,4307
2025.03.05,21:00,148.779,148.889,148.732,148.873,4165
2025.03.05,22:00,148.865,148.997,148.819,148.876,3320
2025.03.05,23:00,148.869,148.877,148.766,148.806,506
2025.03.06,00:00,148.796,148.939,148.718,148.878,2294
2025.03.06,01:00,148.872,149.305,148.855,149.145,4915
2025.03.06,02:00,149.145,149.325,148.959,148.990,4215
2025.03.06,03:00,148.988,149.220,148.942,149.192,3827
2025.03.06,04:00,149.194,149.277,149.108,149.230,3864
2025.03.06,05:00,149.231,149.300,149.153,149.183,3597
2025.03.06,06:00,149.183,149.215,148.927,148.928,4246
2025.03.06,07:00,148.929,148.958,148.745,148.777,4468
2025.03.06,08:00,148.775,148.775,148.261,148.369,5575
2025.03.06,09:00,148.367,148.409,148.062,148.150,5800
2025.03.06,10:00,148.150,148.150,147.783,147.878,5777
2025.03.06,11:00,147.878,148.067,147.693,147.857,5033
2025.03.06,12:00,147.859,147.980,147.757,147.823,4873
2025.03.06,13:00,147.823,147.872,147.556,147.605,5059
2025.03.06,14:00,147.603,147.675,147.345,147.415,6167
2025.03.06,15:00,147.416,147.842,147.304,147.564,6719
2025.03.06,16:00,147.562,148.308,147.489,148.233,7091
2025.03.06,17:00,148.249,148.385,147.895,147.904,6678
2025.03.06,18:00,147.904,148.021,147.644,147.907,5957
2025.03.06,19:00,147.909,147.954,147.736,147.795,5261
2025.03.06,20:00,147.794,147.848,147.564,147.686,5394
2025.03.06,21:00,147.684,147.870,147.658,147.802,5143
2025.03.06,22:00,147.810,148.053,147.798,147.977,3660
2025.03.06,23:00,147.954,148.032,147.753,147.932,304
2025.03.07,00:00,147.910,148.145,147.882,148.141,3596
2025.03.07,01:00,148.142,148.156,147.649,147.955,5127
2025.03.07,02:00,147.954,148.116,147.807,147.895,4709
2025.03.07,03:00,147.897,148.029,147.550,147.591,4072
2025.03.07,04:00,147.591,147.649,147.438,147.600,4238
2025.03.07,05:00,147.601,147.704,147.482,147.669,4136
2025.03.07,06:00,147.670,147.749,147.447,147.450,4137
2025.03.07,07:00,147.451,147.641,147.383,147.494,4401
2025.03.07,08:00,147.489,147.742,147.483,147.648,4961
2025.03.07,09:00,147.635,147.747,147.196,147.331,5431
2025.03.07,10:00,147.328,147.576,147.286,147.436,4617
2025.03.07,11:00,147.437,147.555,147.374,147.549,3917
2025.03.07,12:00,147.549,147.740,147.491,147.689,4289
2025.03.07,13:00,147.683,147.847,147.627,147.741,4530
2025.03.07,14:00,147.739,147.958,147.109,147.220,6537
2025.03.07,15:00,147.222,147.670,146.938,147.511,6789
2025.03.07,16:00,147.509,147.719,147.186,147.512,6661
2025.03.07,17:00,147.511,147.591,147.021,147.130,5867
2025.03.07,18:00,147.133,147.703,146.955,147.484,5659
2025.03.07,19:00,147.488,148.022,147.479,147.970,5824
2025.03.07,20:00,147.971,148.194,147.857,148.026,5303
2025.03.07,21:00,148.026,148.111,147.883,147.950,4647
2025.03.09,23:00,147.649,147.844,147.472,147.476,3807
2025.03.10,00:00,147.473,147.639,147.381,147.586,4005
2025.03.10,01:00,147.570,147.639,147.225,147.289,4888
2025.03.10,02:00,147.290,147.439,147.084,147.410,4521
2025.03.10,03:00,147.411,147.627,147.327,147.602,3826
2025.03.10,04:00,147.599,147.750,147.544,147.635,3762
2025.03.10,05:00,147.635,147.665,147.534,147.628,3096
2025.03.10,06:00,147.630,147.786,147.515,147.517,3567
2025.03.10,07:00,147.524,147.752,147.497,147.695,4347
2025.03.10,08:00,147.694,147.784,147.491,147.560,4554
2025.03.10,09:00,147.577,147.634,147.135,147.183,4983
2025.03.10,10:00,147.177,147.353,147.142,147.227,4627
2025.03.10,11:00,147.236,147.279,146.908,146.914,4770
2025.03.10,12:00,146.914,147.133,146.855,147.121,4989
2025.03.10,13:00,147.123,147.144,146.716,147.013,5167
2025.03.10,14:00,147.013,147.167,146.765,147.062,5905
2025.03.10,15:00,147.052,147.052,146.626,146.761,6552
2025.03.10,16:00,146.765,147.298,146.745,147.146,5926
2025.03.10,17:00,147.147,147.301,147.044,147.255,5154
2025.03.10,18:00,147.255,147.311,147.031,147.181,5136
2025.03.10,19:00,147.180,147.380,147.169,147.234,4666
2025.03.10,20:00,147.231,147.460,147.081,147.280,5311
2025.03.10,21:00,147.291,147.361,147.222,147.257,2845
2025.03.10,22:00,147.258,147.299,147.115,147.150,208
2025.03.10,23:00,147.133,147.175,146.947,146.987,3020
2025.03.11,00:00,146.983,147.088,146.773,147.072,4933
2025.03.11,01:00,147.073,147.092,146.534,146.744,5009
2025.03.11,02:00,146.747,146.923,146.589,146.800,4737
2025.03.11,03:00,146.802,147.186,146.757,146.914,4776
2025.03.11,04:00,146.914,147.146,146.909,147.113,4441
2025.03.11,05:00,147.110,147.215,146.917,146.967,3988
2025.03.11,06:00,146.966,147.283,146.914,147.220,3759
2025.03.11,07:00,147.218,147.399,147.192,147.227,4679
2025.03.11,08:00,147.247,147.281,146.753,146.934,4885
2025.03.11,09:00,146.925,147.297,146.871,147.284,5198
2025.03.11,10:00,147.284,147.509,147.210,147.367,4866
2025.03.11,11:00,147.365,147.639,147.364,147.550,4694
2025.03.11,12:00,147.553,147.719,147.470,147.599,4759
2025.03.11,13:00,147.596,147.930,147.325,147.757,5111
2025.03.11,14:00,147.779,148.102,147.625,147.736,6639
2025.03.11,15:00,147.730,148.111,147.261,147.352,7357
2025.03.11,16:00,147.349,147.735,147.285,147.489,6302
2025.03.11,17:00,147.486,147.513,147.243,147.287,5686
2025.03.11,18:00,147.287,147.287,147.014,147.183,5329
2025.03.11,19:00,147.175,147.908,147.149,147.818,6070
2025.03.11,20:00,147.820,147.853,147.606,147.745,5522
2025.03.11,21:00,147.751,147.859,147.734,147.776,3107
2025.03.11,22:00,147.771,147.805,147.603,147.724,514
2025.03.11,23:00,147.724,147.931,147.715,147.891,2191
2025.03.12,00:00,147.890,148.063,147.805,148.040,3711
2025.03.12,01:00,148.044,148.146,147.939,148.127,5070
2025.03.12,02:00,148.135,148.150,147.841,148.030,4065
2025.03.12,03:00,148.030,148.062,147.860,148.035,3730
2025.03.12,04:00,148.036,148.098,147.919,148.070,3895
2025.03.12,05:00,148.069,148.263,148.059,148.145,3887
2025.03.12,06:00,148.144,148.283,148.025,148.047,3957
2025.03.12,07:00,148.047,148.400,147.954,148.356,4371
2025.03.12,08:00,148.361,148.596,148.268,148.586,4629
2025.03.12,09:00,148.589,148.646,148.252,148.333,4791
2025.03.12,10:00,148.333,148.669,148.304,148.600,4109
2025.03.12,11:00,148.601,148.764,148.520,148.675,4249
2025.03.12,12:00,148.677,148.743,148.592,148.731,4023
2025.03.12,13:00,148.729,149.187,148.109,149.121,6372
2025.03.12,14:00,149.122,149.144,148.615,148.697,6300
2025.03.12,15:00,148.696,148.698,148.284,148.310,5949
2025.03.12,16:00,148.310,148.439,148.204,148.315,5492
2025.03.12,17:00,148.314,148.427,148.188,148.275,5034
2025.03.12,18:00,148.277,148.355,148.117,148.121,4692
2025.03.12,19:00,148.122,148.408,148.102,148.339,4676
2025.03.12,20:00,148.338,148.374,148.259,148.344,4452
2025.03.12,21:00,148.343,148.362,148.236,148.240,2425
2025.03.12,22:00,148.241,148.241,148.184,148.197,349
2025.03.12,23:00,148.168,148.288,148.093,148.148,1869
2025.03.13,00:00,148.210,148.300,148.086,148.287,3142
2025.03.13,01:00,148.288,148.369,148.099,148.106,4728
2025.03.13,02:00,148.105,148.318,148.068,148.109,4538
2025.03.13,03:00,148.108,148.231,148.089,148.170,3967
2025.03.13,04:00,148.169,148.244,148.012,148.035,3683
2025.03.13,05:00,148.036,148.112,147.818,147.842,4102
2025.03.13,06:00,147.841,147.925,147.690,147.716,4802
2025.03.13,07:00,147.716,147.799,147.571,147.786,4554
2025.03.13,08:00,147.785,147.932,147.701,147.781,4876
2025.03.13,09:00,147.797,147.913,147.676,147.913,4872
2025.03.13,10:00,147.914,148.193,147.814,148.144,4233
2025.03.13,11:00,148.143,148.231,148.077,148.147,4115
2025.03.13,12:00,148.147,148.179,147.898,147.992,4399
2025.03.13,13:00,147.983,148.253,147.678,148.203,5407
2025.03.13,14:00,148.200,148.345,148.023,148.100,5464
2025.03.13,15:00,148.087,148.170,147.834,147.872,5339
2025.03.13,16:00,147.873,147.977,147.637,147.701,5371
2025.03.13,17:00,147.702,147.821,147.521,147.581,5113
2025.03.13,18:00,147.580,147.701,147.406,147.623,4732
2025.03.13,19:00,147.622,147.782,147.566,147.739,4515
2025.03.13,20:00,147.736,147.774,147.624,147.692,3982
2025.03.13,21:00,147.699,147.821,147.690,147.801,2336
2025.03.13,22:00,147.806,147.806,147.695,147.695,295
2025.03.13,23:00,147.673,147.978,147.673,147.934,1620
2025.03.14,00:00,147.902,147.965,147.859,147.934,2841
2025.03.14,01:00,147.915,148.322,147.844,148.292,4954
2025.03.14,02:00,148.289,148.426,148.147,148.167,4146
2025.03.14,03:00,148.166,148.307,148.154,148.246,3006
2025.03.14,04:00,148.244,148.384,148.244,148.329,3580
2025.03.14,05:00,148.328,148.548,148.320,148.491,3529
2025.03.14,06:00,148.490,148.641,148.433,148.462,4087
2025.03.14,07:00,148.464,148.748,148.423,148.698,4080
2025.03.14,08:00,148.698,149.018,148.550,148.745,4724
2025.03.14,09:00,148.744,148.907,148.645,148.866,4700
2025.03.14,10:00,148.876,148.991,148.842,148.968,3952
2025.03.14,11:00,148.969,148.979,148.599,148.795,4331
2025.03.14,12:00,148.795,148.812,148.634,148.721,4130
2025.03.14,13:00,148.721,148.797,148.581,148.650,4119
2025.03.14,14:00,148.646,148.787,148.519,148.662,4296
2025.03.14,15:00,148.598,148.891,148.344,148.461,5928
2025.03.14,16:00,148.452,148.562,148.363,148.512,4883
2025.03.14,17:00,148.510,148.519,148.254,148.352,4016
2025.03.14,18:00,148.351,148.498,148.314,148.432,3744
2025.03.14,19:00,148.434,148.577,148.433,148.531,3361
2025.03.14,20:00,148.532,148.654,148.496,148.637,3190
2025.03.14,21:00,148.636,148.668,148.560,148.619,2393
2025.03.16,23:00,148.695,148.792,148.564,148.565,2862
2025.03.17,00:00,148.565,148.696,148.457,148.598,3542
2025.03.17,01:00,148.605,148.882,148.466,148.789,4714
2025.03.17,02:00,148.788,148.891,148.553,148.612,4110
2025.03.17,03:00,148.611,148.700,148.530,148.637,3961
2025.03.17,04:00,148.644,148.807,148.564,148.724,3118
2025.03.17,05:00,148.723,149.035,148.716,149.029,3613
2025.03.17,06:00,149.031,149.059,148.882,148.973,3892
2025.03.17,07:00,148.972,149.090,148.796,148.956,4495
2025.03.17,08:00,148.960,148.989,148.815,148.830,3806
2025.03.17,09:00,148.855,148.976,148.677,148.931,4372
2025.03.17,10:00,148.919,148.927,148.594,148.659,4110
2025.03.17,11:00,148.660,148.673,148.474,148.490,4081
2025.03.17,12:00,148.493,148.548,148.409,148.449,3993
2025.03.17,13:00,148.449,148.945,148.256,148.813,5008
2025.03.17,14:00,148.814,149.089,148.721,148.823,5265
2025.03.17,15:00,148.822,148.842,148.560,148.594,5524
2025.03.17,16:00,148.593,148.653,148.436,148.550,4422
2025.03.17,17:00,148.549,148.724,148.514,148.723,4173
2025.03.17,18:00,148.722,149.022,148.692,148.984,4105
2025.03.17,19:00,148.983,149.235,148.945,149.169,4232
2025.03.17,20:00,149.168,149.277,149.130,149.149,4173
2025.03.17,21:00,149.150,149.251,149.046,149.199,2586
2025.03.17,22:00,149.200,149.211,149.112,149.132,279
2025.03.17,23:00,149.124,149.329,149.124,149.326,1736
2025.03.18,00:00,149.327,149.393,149.306,149.392,2761
2025.03.18,01:00,149.389,149.479,149.250,149.458,4691
2025.03.18,02:00,149.459,149.529,149.355,149.422,3637
2025.03.18,03:00,149.423,149.719,149.392,149.667,3913
2025.03.18,04:00,149.668,149.718,149.638,149.683,2982
2025.03.18,05:00,149.682,149.723,149.537,149.553,2979
2025.03.18,06:00,149.554,149.733,149.508,149.731,3159
2025.03.18,07:00,149.733,149.872,149.722,149.730,3515
2025.03.18,08:00,149.729,149.853,149.701,149.823,3661
2025.03.18,09:00,149.825,149.895,149.647,149.745,3744
2025.03.18,10:00,149.746,149.839,149.692,149.783,3485
2025.03.18,11:00,149.784,149.811,149.591,149.646,3751
2025.03.18,12:00,149.645,149.764,149.555,149.740,3750
2025.03.18,13:00,149.741,149.930,149.623,149.834,4108
2025.03.18,14:00,149.834,149.888,149.583,149.593,5002
2025.03.18,15:00,149.578,149.742,149.440,149.660,5189
2025.03.18,16:00,149.650,149.690,149.410,149.486,4789
2025.03.18,17:00,149.485,149.639,149.274,149.412,4356
2025.03.18,18:00,149.400,149.412,149.208,149.244,4352
2025.03.18,19:00,149.245,149.248,149.091,149.228,4055
2025.03.18,20:00,149.228,149.285,149.136,149.268,3885
2025.03.18,21:00,149.280,149.385,149.254,149.254,1762
2025.03.18,22:00,149.243,149.273,149.194,149.221,278
2025.03.18,23:00,149.223,149.398,149.180,149.394,1312
2025.03.19,00:00,149.390,149.468,149.277,149.436,2678
2025.03.19,01:00,149.434,149.639,149.293,149.600,4139
2025.03.19,02:00,149.602,149.638,149.435,149.455,4003
2025.03.19,03:00,149.458,149.547,149.202,149.418,3451
2025.03.19,04:00,149.419,149.510,149.298,149.318,1824
2025.03.19,05:00,149.319,149.565,149.302,149.527,2151
2025.03.19,06:00,149.528,149.769,149.528,149.768,2340
2025.03.19,07:00,149.767,150.015,149.565,149.655,3825
2025.03.19,08:00,149.655,149.674,149.137,149.269,5328
2025.03.19,09:00,149.275,149.679,149.275,149.621,4345
2025.03.19,10:00,149.620,149.787,149.565,149.754,3210
2025.03.19,11:00,149.755,149.804,149.667,149.773,2980
2025.03.19,12:00,149.771,149.876,149.747,149.823,3098
2025.03.19,13:00,149.823,149.845,149.593,149.788,3620
2025.03.19,14:00,149.786,150.102,149.739,150.070,3952
2025.03.19,15:00,150.069,150.141,149.790,149.871,4541
2025.03.19,16:00,149.868,150.044,149.806,150.026,3776
2025.03.19,17:00,150.024,150.025,149.841,149.937,3499
2025.03.19,18:00,149.936,149.991,149.838,149.838,3514
2025.03.19,19:00,149.910,149.910,148.648,148.821,6752
2025.03.19,20:00,148.822,149.139,148.764,148.835,5553
2025.03.19,21:00,148.836,148.895,148.601,148.680,2734
2025.03.19,22:00,148.680,148.805,148.680,148.792,322
2025.03.19,23:00,148.768,148.868,148.544,148.593,2732
2025.03.20,00:00,148.610,148.709,148.454,148.454,2983
2025.03.20,01:00,148.455,148.515,148.272,148.294,4077
2025.03.20,02:00,148.293,148.413,148.195,148.297,3563
2025.03.20,03:00,148.297,148.426,148.175,148.425,3636
2025.03.20,04:00,148.425,148.443,148.326,148.361,3014
2025.03.20,05:00,148.360,148.410,148.295,148.390,2347
2025.03.20,06:00,148.383,148.457,148.335,148.366,2769
2025.03.20,07:00,148.364,148.364,148.173,148.274,3533
2025.03.20,08:00,148.273,148.638,148.249,148.580,4016
2025.03.20,09:00,148.581,148.679,148.388,148.538,3990
2025.03.20,10:00,148.534,148.776,148.534,148.739,3780
2025.03.20,11:00,148.740,148.740,148.432,148.593,4618
2025.03.20,12:00,148.596,148.631,148.394,148.451,3814
2025.03.20,13:00,148.450,148.689,148.370,148.555,4536
2025.03.20,14:00,148.553,148.819,148.443,148.778,4876
2025.03.20,15:00,148.799,148.916,148.687,148.694,5239
2025.03.20,16:00,148.697,148.955,148.678,148.843,4610
2025.03.20,17:00,148.842,148.953,148.718,148.748,4471
2025.03.20,18:00,148.747,148.919,148.740,148.761,4386
2025.03.20,19:00,148.761,148.877,148.707,148.796,4091
2025.03.20,20:00,148.797,148.852,148.742,148.778,4001
2025.03.20,21:00,148.779,148.817,148.748,148.775,1790
2025.03.20,22:00,148.773,148.773,148.669,148.768,272
2025.03.20,23:00,148.749,148.791,148.666,148.715,1252
2025.03.21,00:00,148.715,148.761,148.580,148.617,2768
2025.03.21,01:00,148.618,149.025,148.586,148.990,5190
2025.03.21,02:00,148.987,149.188,148.945,149.087,4380
2025.03.21,03:00,149.082,149.097,148.929,149.067,3242
2025.03.21,04:00,149.067,149.241,148.975,149.205,3008
2025.03.21,05:00,149.205,149.475,149.198,149.410,3437
2025.03.21,06:00,149.411,149.629,149.407,149.549,3825
2025.03.21,07:00,149.549,149.607,149.432,149.570,3585
2025.03.21,08:00,149.565,149.657,149.240,149.305,4173
2025.03.21,09:00,149.304,149.529,149.253,149.479,4226
2025.03.21,10:00,149.474,149.476,149.272,149.382,3828
2025.03.21,11:00,149.383,149.435,149.191,149.193,3623
2025.03.21,12:00,149.193,149.213,148.850,148.881,3777
2025.03.21,13:00,148.882,148.930,148.633,148.666,4374
2025.03.21,14:00,148.658,148.897,148.598,148.864,5004
2025.03.21,15:00,148.864,148.991,148.767,148.865,5052
2025.03.21,16:00,148.878,148.984,148.698,148.976,4239
2025.03.21,17:00,148.975,149.251,148.929,149.236,4606
2025.03.21,18:00,149.233,149.306,149.153,149.228,4170
2025.03.21,19:00,149.221,149.312,149.168,149.210,3708
2025.03.21,20:00,149.208,149.338,149.156,149.331,3379
2025.03.21,21:00,149.324,149.360,149.261,149.272,1974
2025.03.23,23:00,149.349,149.632,149.349,149.573,2767
2025.03.24,00:00,149.573,149.685,149.497,149.659,3433
2025.03.24,01:00,149.660,149.774,149.451,149.736,4446
2025.03.24,02:00,149.736,149.946,149.677,149.815,3825
2025.03.24,03:00,149.816,149.841,149.731,149.830,3203
2025.03.24,04:00,149.829,149.906,149.729,149.804,2823
2025.03.24,05:00,149.804,149.819,149.706,149.763,2288
2025.03.24,06:00,149.763,149.861,149.652,149.686,2992
2025.03.24,07:00,149.687,149.777,149.528,149.656,3736
2025.03.24,08:00,149.657,149.839,149.611,149.642,3819
2025.03.24,09:00,149.634,149.746,149.524,149.618,3970
2025.03.24,10:00,149.611,149.708,149.510,149.562,3836
2025.03.24,11:00,149.561,149.617,149.487,149.601,3298
2025.03.24,12:00,149.601,149.791,149.600,149.745,3051
2025.03.24,13:00,149.746,149.864,149.698,149.821,3440
2025.03.24,14:00,149.820,150.252,149.720,150.235,4529
2025.03.24,15:00,150.236,150.536,150.124,150.466,4947
2025.03.24,16:00,150.461,150.751,150.439,150.734,4339
2025.03.24,17:00,150.734,150.749,150.523,150.565,4051
2025.03.24,18:00,150.568,150.632,150.477,150.598,3648
2025.03.24,19:00,150.602,150.625,150.480,150.539,3457
2025.03.24,20:00,150.541,150.650,150.500,150.640,3005
2025.03.24,21:00,150.639,150.714,150.634,150.696,1760
2025.03.24,22:00,150.619,150.694,150.615,150.662,399
2025.03.24,23:00,150.655,150.759,150.648,150.718,1397
2025.03.25,00:00,150.723,150.857,150.653,150.774,2995
2025.03.25,01:00,150.783,150.936,150.770,150.928,4544
2025.03.25,02:00,150.929,150.932,150.596,150.663,4160
2025.03.25,03:00,150.663,150.780,150.578,150.766,3099
2025.03.25,04:00,150.764,150.791,150.595,150.615,3232
2025.03.25,05:00,150.616,150.653,150.504,150.553,2757
2025.03.25,06:00,150.552,150.563,150.419,150.425,2982
2025.03.25,07:00,150.424,150.569,150.410,150.540,3499
2025.03.25,08:00,150.541,150.735,150.531,150.715,3569
2025.03.25,09:00,150.716,150.759,150.543,150.622,3511
2025.03.25,10:00,150.622,150.662,150.398,150.487,3447
2025.03.25,11:00,150.485,150.494,150.169,150.200,3635
2025.03.25,12:00,150.201,150.253,150.054,150.171,3546
2025.03.25,13:00,150.169,150.169,149.856,149.961,3931
2025.03.25,14:00,149.962,149.970,149.712,149.771,4355
2025.03.25,15:00,149.718,149.861,149.663,149.713,4755
2025.03.25,16:00,149.719,149.799,149.542,149.760,4478
2025.03.25,17:00,149.757,149.822,149.696,149.769,3681
2025.03.25,18:00,149.767,149.850,149.722,149.743,3318
2025.03.25,19:00,149.737,149.854,149.705,149.839,2868
2025.03.25,20:00,149.840,149.935,149.840,149.851,3143
2025.03.25,21:00,149.852,149.933,149.847,149.900,1534
2025.03.25,22:00,149.899,149.901,149.850,149.854,249
2025.03.25,23:00,149.830,149.975,149.822,149.950,1236
2025.03.26,00:00,149.949,150.004,149.915,149.936,2187
2025.03.26,01:00,149.937,150.188,149.835,150.170,4826
2025.03.26,02:00,150.169,150.274,150.047,150.070,4100
2025.03.26,03:00,150.070,150.271,150.047,150.255,3027
2025.03.26,04:00,150.256,150.461,150.234,150.429,2951
2025.03.26,05:00,150.428,150.540,150.426,150.537,2765
2025.03.26,06:00,150.536,150.618,150.444,150.465,3601
2025.03.26,07:00,150.466,150.603,150.435,150.438,3439
2025.03.26,08:00,150.438,150.583,150.362,150.390,3715
2025.03.26,09:00,150.390,150.402,150.086,150.116,3943
2025.03.26,10:00,150.120,150.188,150.043,150.104,3226
2025.03.26,11:00,150.103,150.219,150.012,150.179,2869
2025.03.26,12:00,150.180,150.265,150.128,150.203,2737
2025.03.26,13:00,150.200,150.431,150.109,150.390,4309
2025.03.26,14:00,150.384,150.544,150.300,150.396,4942
2025.03.26,15:00,150.395,150.589,150.372,150.551,4542
2025.03.26,16:00,150.551,150.739,150.544,150.676,4221
2025.03.26,17:00,150.675,150.675,150.401,150.568,4252
2025.03.26,18:00,150.566,150.712,150.310,150.413,4367
2025.03.26,19:00,150.417,150.597,150.378,150.449,3389
2025.03.26,20:00,150.447,150.593,150.439,150.569,2567
2025.03.26,21:00,150.562,150.596,150.501,150.563,1809
2025.03.26,22:00,150.564,150.565,150.467,150.492,394
2025.03.26,23:00,150.478,150.593,150.304,150.304,3600
2025.03.27,00:00,150.304,150.479,150.282,150.468,3412
2025.03.27,01:00,150.466,150.615,150.390,150.476,3737
2025.03.27,02:00,150.475,150.475,150.078,150.116,4079
2025.03.27,03:00,150.115,150.275,150.113,150.174,3548
2025.03.27,04:00,150.173,150.252,150.101,150.145,2931
2025.03.27,05:00,150.145,150.210,150.055,150.190,2986
2025.03.27,06:00,150.189,150.289,150.132,150.235,2909
2025.03.27,07:00,150.234,150.445,150.149,150.387,3611
2025.03.27,08:00,150.382,150.540,150.274,150.529,4089
2025.03.27,09:00,150.537,150.626,150.486,150.623,4016
2025.03.27,10:00,150.624,150.925,150.594,150.921,3470
2025.03.27,11:00,150.922,150.974,150.877,150.922,3228
2025.03.27,12:00,150.921,151.019,150.813,151.017,3350
2025.03.27,13:00,151.015,151.085,150.664,150.723,4460
2025.03.27,14:00,150.721,150.891,150.575,150.874,4755
2025.03.27,15:00,150.871,151.053,150.760,151.008,4897
2025.03.27,16:00,151.008,151.027,150.651,150.963,4732
2025.03.27,17:00,150.964,151.151,150.908,151.004,3855
2025.03.27,18:00,151.002,151.137,150.959,151.072,4006
2025.03.27,19:00,151.072,151.138,151.031,151.108,3018
2025.03.27,20:00,151.107,151.142,151.014,151.035,3195
2025.03.27,21:00,151.032,151.056,151.022,151.036,1399
2025.03.27,22:00,151.040,151.050,151.001,151.026,251
2025.03.27,23:00,151.022,151.111,151.009,151.046,1309
2025.03.28,00:00,151.045,151.061,150.759,150.844,3469
2025.03.28,01:00,150.847,151.203,150.825,150.956,4705
2025.03.28,02:00,150.958,150.972,150.699,150.747,4402
2025.03.28,03:00,150.747,150.853,150.733,150.826,3631
2025.03.28,04:00,150.826,150.862,150.709,150.801,3351
2025.03.28,05:00,150.800,150.936,150.748,150.865,2840
2025.03.28,06:00,150.866,150.932,150.731,150.759,3273
2025.03.28,07:00,150.761,150.839,150.604,150.607,3115
2025.03.28,08:00,150.606,150.644,150.380,150.380,3875
2025.03.28,09:00,150.389,150.541,150.350,150.527,3991
2025.03.28,10:00,150.528,150.646,150.495,150.578,3331
2025.03.28,11:00,150.578,150.726,150.558,150.711,3090
2025.03.28,12:00,150.711,150.860,150.678,150.797,3070
2025.03.28,13:00,150.798,150.910,150.557,150.634,4462
2025.03.28,14:00,150.637,150.778,150.384,150.429,5267
2025.03.28,15:00,150.418,150.430,149.901,150.081,5766
2025.03.28,16:00,150.087,150.326,149.993,150.255,4725
2025.03.28,17:00,150.253,150.287,150.026,150.080,4223
2025.03.28,18:00,150.079,150.108,149.853,149.977,3626
2025.03.28,19:00,149.974,150.128,149.906,149.955,3486
2025.03.28,20:00,149.955,149.998,149.731,149.744,3106
2025.03.28,21:00,149.744,149.884,149.678,149.811,2069
2025.03.30,23:00,149.795,149.853,149.609,149.620,360
2025.03.31,00:00,149.606,149.736,149.393,149.477,3237
2025.03.31,01:00,149.469,149.618,149.298,149.613,3722
2025.03.31,02:00,149.609,149.630,149.061,149.293,5048
2025.03.31,03:00,149.303,149.369,149.018,149.151,4487
2025.03.31,04:00,149.153,149.189,148.718,148.889,4283
2025.03.31,05:00,148.888,148.943,148.732,148.918,3791
2025.03.31,06:00,148.917,149.139,148.829,149.073,3818
2025.03.31,07:00,149.073,149.240,148.945,149.036,4004
2025.03.31,08:00,149.032,149.090,148.799,148.993,4554
2025.03.31,09:00,148.994,149.161,148.695,149.138,5119
2025.03.31,10:00,149.138,149.285,148.957,149.049,4563
2025.03.31,11:00,149.031,149.240,148.965,149.190,4071
2025.03.31,12:00,149.189,149.425,149.160,149.316,3630
2025.03.31,13:00,149.316,149.404,149.149,149.371,4022
2025.03.31,14:00,149.370,149.633,149.342,149.598,4067
2025.03.31,15:00,149.595,149.795,149.399,149.655,5161
2025.03.31,16:00,149.656,149.882,149.507,149.510,5612
2025.03.31,17:00,149.522,149.952,149.452,149.902,4933
2025.03.31,18:00,149.906,149.982,149.795,149.893,3520
2025.03.31,19:00,149.891,150.095,149.867,150.018,3789
2025.03.31,20:00,150.019,150.260,150.007,150.115,3960
2025.03.31,21:00,150.113,150.148,149.870,149.956,4015
2025.03.31,22:00,149.950,150.004,149.884,149.950,2191
2025.03.31,23:00,149.951,149.961,149.862,149.876,324
2025.04.01,00:00,149.854,149.981,149.813,149.887,1916
2025.04.01,01:00,149.882,150.136,149.876,149.939,3347
2025.04.01,02:00,149.941,149.977,149.670,149.729,5061
2025.04.01,03:00,149.729,149.906,149.630,149.818,4395
2025.04.01,04:00,149.818,149.847,149.688,149.839,3528
2025.04.01,05:00,149.839,149.911,149.654,149.655,3102
2025.04.01,06:00,149.655,149.658,149.529,149.553,3390
2025.04.01,07:00,149.553,149.913,149.542,149.824,3913
2025.04.01,08:00,149.823,149.983,149.747,149.936,3931
2025.04.01,09:00,149.938,149.941,149.577,149.611,4330
2025.04.01,10:00,149.613,149.684,149.494,149.660,3603
2025.04.01,11:00,149.661,149.716,149.528,149.616,3280
2025.04.01,12:00,149.616,149.647,149.352,149.394,4485
2025.04.01,13:00,149.403,149.426,149.113,149.193,4216
2025.04.01,14:00,149.185,149.389,149.121,149.380,4153
2025.04.01,15:00,149.385,149.538,149.379,149.477,4649
2025.04.01,16:00,149.474,149.502,148.968,149.277,6264
2025.04.01,17:00,149.281,149.506,149.210,149.399,5085
2025.04.01,18:00,149.398,149.737,149.373,149.508,4747
2025.04.01,19:00,149.522,149.553,149.382,149.454,4111
2025.04.01,20:00,149.453,149.463,149.229,149.392,4069
2025.04.01,21:00,149.390,149.640,149.386,149.610,4052
2025.04.01,22:00,149.613,149.633,149.522,149.598,1781
2025.04.01,23:00,149.536,149.639,149.480,149.631,303
2025.04.02,00:00,149.632,149.884,149.610,149.818,2510
2025.04.02,01:00,149.818,149.863,149.738,149.745,3114
2025.04.02,02:00,149.744,149.912,149.681,149.788,4759
2025.04.02,03:00,149.787,149.947,149.774,149.857,3815
2025.04.02,04:00,149.858,149.885,149.756,149.788,2942
2025.04.02,05:00,149.787,149.790,149.705,149.743,2810
2025.04.02,06:00,149.742,149.910,149.720,149.897,2660
2025.04.02,07:00,149.898,149.945,149.823,149.881,2988
2025.04.02,08:00,149.882,149.995,149.720,149.761,3719
2025.04.02,09:00,149.755,149.818,149.624,149.665,4037
2025.04.02,10:00,149.671,149.671,149.512,149.650,3705
2025.04.02,11:00,149.649,149.711,149.420,149.441,3669
2025.04.02,12:00,149.440,149.476,149.308,149.399,4147
2025.04.02,13:00,149.399,149.420,149.187,149.212,3834
2025.04.02,14:00,149.211,149.403,149.095,149.170,4294
2025.04.02,15:00,149.171,149.561,149.148,149.499,4752
2025.04.02,16:00,149.497,149.782,149.497,149.690,5355
2025.04.02,17:00,149.679,150.085,149.628,149.983,5278
2025.04.02,18:00,149.984,150.249,149.949,150.184,4775
2025.04.02,19:00,150.186,150.200,150.061,150.131,4053
2025.04.02,20:00,150.130,150.159,149.917,149.921,4528
2025.04.02,21:00,149.923,150.079,149.914,150.023,4388
2025.04.02,22:00,150.010,150.481,149.234,149.247,6421
2025.04.02,23:00,149.233,149.268,148.629,148.629,1597
2025.04.03,00:00,148.633,148.679,148.146,148.409,5070
2025.04.03,01:00,148.398,148.398,147.679,147.872,5708
2025.04.03,02:00,147.883,148.330,147.690,147.877,6280
2025.04.03,03:00,147.879,148.104,147.534,147.748,4920
2025.04.03,04:00,147.748,147.882,147.519,147.781,3894
2025.04.03,05:00,147.782,147.782,147.113,147.263,3766
2025.04.03,06:00,147.264,147.551,147.200,147.549,3610
2025.04.03,07:00,147.550,147.632,146.961,147.007,4519
2025.04.03,08:00,147.008,147.383,146.816,146.834,5952
2025.04.03,09:00,146.832,147.463,146.802,147.261,4957
2025.04.03,10:00,147.257,147.357,146.680,146.810,4211
2025.04.03,11:00,146.802,146.849,146.295,146.552,4538
2025.04.03,12:00,146.553,146.744,146.255,146.703,4902
2025.04.03,13:00,146.700,146.768,146.015,146.034,4850
2025.04.03,14:00,146.016,146.353,145.747,145.877,5826
2025.04.03,15:00,145.882,146.072,145.521,145.593,7096
2025.04.03,16:00,145.404,145.916,145.182,145.433,6558
2025.04.03,17:00,145.427,146.243,145.357,146.038,6356
2025.04.03,18:00,146.041,146.424,146.008,146.148,6181
2025.04.03,19:00,146.157,146.268,146.002,146.083,5534
2025.04.03,20:00,146.082,146.476,145.961,146.413,5164
2025.04.03,21:00,146.417,146.512,146.207,146.243,5321
2025.04.03,22:00,146.237,146.301,146.044,146.055,3421
2025.04.03,23:00,146.030,146.043,145.852,145.929,349
2025.04.04,00:00,145.903,146.009,145.538,145.627,4305
2025.04.04,01:00,145.626,146.262,145.617,146.250,4535
2025.04.04,02:00,146.247,146.401,145.815,145.958,5231
2025.04.04,03:00,145.957,146.401,145.886,146.067,4845
2025.04.04,04:00,146.061,146.285,145.988,146.114,3757
2025.04.04,05:00,146.116,146.171,145.618,145.660,3694
2025.04.04,06:00,145.660,145.789,145.354,145.418,3869
2025.04.04,07:00,145.419,145.897,145.296,145.843,4406
2025.04.04,08:00,145.851,146.152,145.771,146.031,5266
2025.04.04,09:00,146.032,146.294,145.789,146.266,5906
2025.04.04,10:00,146.260,146.480,146.143,146.407,5605
2025.04.04,11:00,146.420,146.543,146.267,146.321,5016
2025.04.04,12:00,146.321,146.365,145.030,145.105,7543
2025.04.04,13:00,145.103,145.461,144.545,145.395,7466
2025.04.04,14:00,145.361,145.640,145.019,145.595,7203
2025.04.04,15:00,145.604,145.788,145.172,145.707,7077
2025.04.04,16:00,145.708,145.870,145.038,145.518,6709
2025.04.04,17:00,145.495,146.220,145.495,145.918,7513
2025.04.04,18:00,145.921,146.780,145.855,146.710,6886
2025.04.04,19:00,146.711,147.358,146.527,147.239,6822
2025.04.04,20:00,147.243,147.427,146.640,146.885,6635
2025.04.04,21:00,146.890,147.283,146.668,146.838,6557
2025.04.06,23:00,145.463,145.611,145.270,145.593,1168
2025.04.07,00:00,145.584,145.677,144.986,145.152,5984
2025.04.07,01:00,145.158,145.430,144.812,145.430,6305
2025.04.07,02:00,145.426,145.838,145.177,145.813,6635
2025.04.07,03:00,145.812,146.335,145.778,146.182,6632
2025.04.07,04:00,146.176,146.845,146.092,146.617,5818
2025.04.07,05:00,146.618,146.621,146.193,146.282,5147
2025.04.07,06:00,146.283,146.458,145.804,145.870,5049
2025.04.07,07:00,145.878,146.245,145.687,145.738,5709
2025.04.07,08:00,145.725,145.934,145.111,145.376,6348
2025.04.07,09:00,145.379,145.800,145.069,145.785,7190
2025.04.07,10:00,145.789,146.365,145.697,146.212,6612
2025.04.07,11:00,146.211,146.332,145.813,146.020,5798
2025.04.07,12:00,146.016,146.617,146.010,146.226,6131
2025.04.07,13:00,146.227,146.490,146.130,146.374,6470
2025.04.07,14:00,146.376,147.041,146.376,146.980,7160
2025.04.07,15:00,146.975,147.083,146.505,147.042,6938
2025.04.07,16:00,147.046,147.976,146.918,147.563,8523
2025.04.07,17:00,147.560,147.967,147.103,147.956,7673
2025.04.07,18:00,147.945,148.104,147.804,147.935,6894
2025.04.07,19:00,147.946,148.145,147.676,147.934,6680
2025.04.07,20:00,147.936,148.117,147.736,147.858,6272
2025.04.07,21:00,147.865,148.007,147.520,147.953,6416
2025.04.07,22:00,147.927,148.140,147.763,147.807,4356
2025.04.07,23:00,147.806,147.874,147.656,147.710,428
2025.04.08,00:00,147.710,148.109,147.709,147.896,4165
2025.04.08,01:00,147.882,148.115,147.728,147.786,4851
2025.04.08,02:00,147.762,147.960,147.495,147.611,5799
2025.04.08,03:00,147.601,147.699,147.395,147.540,5680
2025.04.08,04:00,147.537,147.544,147.246,147.316,4495
2025.04.08,05:00,147.314,147.621,147.260,147.588,4507
2025.04.08,06:00,147.589,147.763,147.446,147.757,4739
2025.04.08,07:00,147.760,147.793,147.573,147.594,4578
2025.04.08,08:00,147.586,147.599,147.224,147.236,5261
2025.04.08,09:00,147.220,147.406,146.962,147.387,6125
2025.04.08,10:00,147.388,147.478,147.015,147.421,5477
2025.04.08,11:00,147.418,147.511,147.104,147.181,5117
2025.04.08,12:00,147.180,147.266,146.852,146.865,4931
2025.04.08,13:00,146.879,147.179,146.765,146.899,5926
2025.04.08,14:00,146.897,146.962,146.667,146.820,6200
2025.04.08,15:00,146.814,147.400,146.658,147.350,6712
2025.04.08,16:00,147.369,147.661,147.215,147.329,6621
2025.04.08,17:00,147.328,147.382,146.791,147.016,6565
2025.04.08,18:00,147.017,147.091,146.490,146.522,6698
2025.04.08,19:00,146.521,146.664,146.244,146.644,7084
2025.04.08,20:00,146.641,146.729,146.252,146.379,6619
2025.04.08,21:00,146.387,146.438,145.955,146.279,6588
2025.04.08,22:00,146.282,146.470,146.249,146.266,4778
2025.04.08,23:00,146.133,146.282,146.090,146.282,74
2025.04.09,00:00,146.227,146.338,145.894,145.963,3620
2025.04.09,01:00,145.976,145.996,145.594,145.848,4906
2025.04.09,02:00,145.844,145.898,145.125,145.400,6161
2025.04.09,03:00,145.400,145.708,145.294,145.568,6030
2025.04.09,04:00,145.578,145.939,145.415,145.632,5520
2025.04.09,05:00,145.636,145.767,145.256,145.323,5431
2025.04.09,06:00,145.323,145.404,144.573,144.937,6600
2025.04.09,07:00,144.938,145.452,144.842,145.101,6294
2025.04.09,08:00,145.100,145.541,144.697,144.812,6725
2025.04.09,09:00,144.814,145.626,144.789,145.524,6656
2025.04.09,10:00,145.523,145.775,145.173,145.288,5599
2025.04.09,11:00,145.291,145.480,145.157,145.367,4634
2025.04.09,12:00,145.366,145.438,144.934,145.226,4770
2025.04.09,13:00,145.226,145.226,144.640,144.645,6517
2025.04.09,14:00,144.629,144.644,143.985,144.316,6898
2025.04.09,15:00,144.311,145.077,144.195,144.904,7519
2025.04.09,16:00,144.921,145.082,144.526,144.715,6674
2025.04.09,17:00,144.720,145.091,144.720,145.091,5842
2025.04.09,18:00,145.092,145.199,144.874,144.921,5149
2025.04.09,19:00,144.913,147.253,144.570,147.046,8294
2025.04.09,20:00,147.050,148.275,147.017,147.431,8356
2025.04.09,21:00,147.437,148.141,147.286,147.949,6789
2025.04.09,22:00,147.944,148.011,147.656,147.736,4803
2025.04.09,23:00,147.582,147.634,147.307,147.345,713
2025.04.10,00:00,147.345,147.520,147.264,147.408,4817
2025.04.10,01:00,147.405,147.707,147.364,147.399,5193
2025.04.10,02:00,147.396,147.452,146.676,146.720,5845
2025.04.10,03:00,146.719,147.030,146.631,146.941,5280
2025.04.10,04:00,146.940,146.977,146.641,146.739,4945
2025.04.10,05:00,146.740,146.850,146.605,146.823,4915
2025.04.10,06:00,146.824,146.888,146.496,146.612,4624
2025.04.10,07:00,146.613,146.738,146.444,146.600,4819
2025.04.10,08:00,146.609,147.139,146.600,147.041,5592
2025.04.10,09:00,147.053,147.053,146.233,146.264,6159
2025.04.10,10:00,146.265,146.422,146.150,146.302,5787
2025.04.10,11:00,146.300,146.328,145.990,146.014,5126
2025.04.10,12:00,145.998,146.029,145.545,145.552,5393
2025.04.10,13:00,145.551,145.640,145.330,145.524,5418
2025.04.10,14:00,145.542,145.591,144.868,145.446,6301
2025.04.10,15:00,145.444,145.534,144.771,144.804,6220
2025.04.10,16:00,144.804,145.048,144.557,144.660,6459
2025.04.10,17:00,144.659,144.741,144.007,144.344,6581
2025.04.10,18:00,144.339,144.535,144.061,144.527,6818
2025.04.10,19:00,144.527,144.866,144.443,144.749,6608
2025.04.10,20:00,144.746,144.825,144.466,144.573,6083
2025.04.10,21:00,144.591,145.127,144.569,144.654,6179
2025.04.10,22:00,144.656,144.832,144.424,144.443,4002
2025.04.10,23:00,144.443,144.566,144.375,144.467,729
2025.04.11,00:00,144.531,144.531,143.973,144.078,4536
2025.04.11,01:00,144.079,144.228,143.706,143.747,5703
2025.04.11,02:00,143.750,143.765,142.873,143.350,6547
2025.04.11,03:00,143.342,143.775,143.228,143.529,5729
2025.04.11,04:00,143.524,143.734,143.265,143.571,4932
2025.04.11,05:00,143.577,143.601,143.120,143.183,4803
2025.04.11,06:00,143.184,143.319,142.860,142.916,4743
2025.04.11,07:00,142.917,143.778,142.915,143.590,5346
2025.04.11,08:00,143.586,144.136,143.554,143.882,5819
2025.04.11,09:00,143.887,143.938,142.796,142.824,6633
2025.04.11,10:00,142.832,143.075,142.063,142.403,7213
2025.04.11,11:00,142.403,142.699,142.039,142.513,6073
2025.04.11,12:00,142.513,143.213,142.513,142.985,6123
2025.04.11,13:00,142.979,143.037,142.498,142.610,5703
2025.04.11,14:00,142.594,142.954,142.400,142.516,6098
2025.04.11,15:00,142.517,143.562,142.213,143.080,7086
2025.04.11,16:00,143.082,143.603,142.830,143.523,6157
2025.04.11,17:00,143.516,143.714,143.298,143.571,5524
2025.04.11,18:00,143.575,143.972,143.562,143.778,5326
2025.04.11,19:00,143.776,144.192,143.687,144.129,5484
2025.04.11,20:00,144.123,144.161,143.723,143.799,5195
2025.04.11,21:00,143.800,143.842,143.507,143.588,4778
2025.04.13,23:00,143.872,143.950,143.582,143.732,980
2025.04.14,00:00,143.700,144.055,143.502,143.655,4066
2025.04.14,01:00,143.652,143.889,143.576,143.691,4943
2025.04.14,02:00,143.686,143.735,142.888,142.902,5457
2025.04.14,03:00,142.899,142.964,142.243,142.669,5464
2025.04.14,04:00,142.671,142.994,142.566,142.961,4326
2025.04.14,05:00,142.959,143.184,142.705,143.017,4307
2025.04.14,06:00,143.017,143.196,142.653,143.032,3854
2025.04.14,07:00,143.033,143.269,142.658,142.753,4720
2025.04.14,08:00,142.770,142.902,142.338,142.421,5559
2025.04.14,09:00,142.413,143.084,142.223,143.073,5410
2025.04.14,10:00,143.074,143.159,142.813,142.910,4898
2025.04.14,11:00,142.905,143.089,142.756,143.065,4464
2025.04.14,12:00,143.064,143.288,143.043,143.091,4197
2025.04.14,13:00,143.090,143.351,143.000,143.236,4299
2025.04.14,14:00,143.234,143.695,143.148,143.663,4791
2025.04.14,15:00,143.658,144.073,143.508,143.632,6274
2025.04.14,16:00,143.634,143.815,143.261,143.277,5723
2025.04.14,17:00,143.286,143.335,142.884,142.967,5675
2025.04.14,18:00,142.965,143.227,142.773,143.212,5440
2025.04.14,19:00,143.216,143.332,142.874,143.062,4725
2025.04.14,20:00,143.056,143.169,142.863,142.886,4050
2025.04.14,21:00,142.895,143.068,142.853,143.021,3968
2025.04.14,22:00,143.023,143.180,142.999,143.005,2990
2025.04.14,23:00,142.946,142.980,142.922,142.954,129
2025.04.15,00:00,142.958,143.180,142.921,143.102,2056
2025.04.15,01:00,143.103,143.329,143.001,143.212,4297
2025.04.15,02:00,143.211,143.587,143.172,143.504,3923
2025.04.15,03:00,143.503,143.588,143.268,143.375,3363
2025.04.15,04:00,143.370,143.384,143.094,143.116,2900
2025.04.15,05:00,143.126,143.176,143.046,143.122,2445
2025.04.15,06:00,143.126,143.214,142.901,143.034,2958
2025.04.15,07:00,143.035,143.214,142.986,143.064,3261
2025.04.15,08:00,143.048,143.374,142.840,143.317,4478
2025.04.15,09:00,143.318,143.500,143.265,143.295,4502
2025.04.15,10:00,143.296,143.299,142.837,142.901,4759
2025.04.15,11:00,142.896,142.926,142.677,142.924,4374
2025.04.15,12:00,142.924,142.983,142.830,142.837,3755
2025.04.15,13:00,142.837,143.175,142.816,142.893,4440
2025.04.15,14:00,142.892,142.919,142.590,142.864,4921
2025.04.15,15:00,142.876,143.130,142.766,143.039,5059
2025.04.15,16:00,143.046,143.259,142.666,142.721,6085
2025.04.15,17:00,142.720,143.184,142.683,143.094,4736
2025.04.15,18:00,143.094,143.244,143.044,143.088,4082
2025.04.15,19:00,143.084,143.244,143.039,143.114,3777
2025.04.15,20:00,143.113,143.220,143.112,143.155,3489
2025.04.15,21:00,143.155,143.220,143.135,143.186,3073
2025.04.15,22:00,143.185,143.268,143.128,143.201,2355
2025.04.15,23:00,143.192,143.226,143.151,143.201,137
2025.04.16,00:00,143.099,143.116,142.837,143.053,2420
2025.04.16,01:00,143.050,143.277,143.043,143.155,3212
2025.04.16,02:00,143.154,143.168,142.762,142.886,3454
2025.04.16,03:00,142.877,142.988,142.700,142.812,3058
2025.04.16,04:00,142.810,142.814,142.651,142.714,2617
2025.04.16,05:00,142.715,142.731,142.492,142.519,3118
2025.04.16,06:00,142.520,142.668,142.465,142.623,2641
2025.04.16,07:00,142.624,142.665,142.098,142.136,3656
2025.04.16,08:00,142.140,142.503,142.096,142.408,4462
2025.04.16,09:00,142.407,142.455,142.042,142.096,3792
2025.04.16,10:00,142.097,142.902,142.065,142.617,4954
2025.04.16,11:00,142.629,142.873,142.487,142.844,3556
2025.04.16,12:00,142.828,142.913,142.605,142.791,2846
2025.04.16,13:00,142.793,142.809,142.618,142.654,2764
2025.04.16,14:00,142.651,142.782,142.432,142.642,4025
2025.04.16,15:00,142.636,142.684,142.401,142.434,4410
2025.04.16,16:00,142.417,142.706,142.322,142.503,4376
2025.04.16,17:00,142.501,142.856,142.488,142.570,4051
2025.04.16,18:00,142.569,142.635,142.484,142.541,3911
2025.04.16,19:00,142.544,142.687,142.295,142.342,4613
2025.04.16,20:00,142.349,142.438,142.064,142.086,4927
2025.04.16,21:00,142.095,142.124,141.637,142.108,4848
2025.04.16,22:00,142.101,142.195,141.790,141.812,2592
2025.04.16,23:00,141.809,141.857,141.597,141.744,456
2025.04.17,00:00,141.750,141.952,141.711,141.841,2375
2025.04.17,01:00,141.839,141.961,141.608,141.924,3510
2025.04.17,02:00,141.921,142.602,141.846,142.579,5005
2025.04.17,03:00,142.583,142.859,142.505,142.713,4003
2025.04.17,04:00,142.714,142.725,142.383,142.555,3126
2025.04.17,05:00,142.554,142.637,142.429,142.606,2716
2025.04.17,06:00,142.607,142.689,142.576,142.666,2301
2025.04.17,07:00,142.667,142.861,142.484,142.736,3563
2025.04.17,08:00,142.735,142.875,142.642,142.730,4090
2025.04.17,09:00,142.732,142.909,142.603,142.889,3669
2025.04.17,10:00,142.891,143.084,142.644,142.676,3382
2025.04.17,11:00,142.678,142.840,142.642,142.766,2689
2025.04.17,12:00,142.765,142.812,142.497,142.578,3357
2025.04.17,13:00,142.577,142.616,142.455,142.593,2904
2025.04.17,14:00,142.592,142.694,142.285,142.315,4119
2025.04.17,15:00,142.314,142.354,142.137,142.141,4703
2025.04.17,16:00,142.131,142.272,141.897,142.210,4561
2025.04.17,17:00,142.212,142.364,142.140,142.326,4473
2025.04.17,18:00,142.331,142.624,142.181,142.456,4979
2025.04.17,19:00,142.456,142.557,142.385,142.553,3853
2025.04.17,20:00,142.552,142.713,142.358,142.440,4006
2025.04.17,21:00,142.441,142.454,142.347,142.388,3449
2025.04.17,22:00,142.386,142.509,142.354,142.410,2834
2025.04.17,23:00,142.403,142.420,142.330,142.412,189
2025.04.18,00:00,142.402,142.408,142.272,142.361,767
2025.04.18,01:00,142.364,142.411,142.304,142.332,3766
2025.04.18,02:00,142.333,142.405,142.159,142.391,3032
2025.04.18,03:00,142.377,142.437,142.339,142.352,6215
2025.04.18,04:00,142.346,142.357,142.275,142.300,4483
2025.04.18,05:00,142.298,142.344,142.280,142.320,5805
2025.04.18,06:00,142.318,142.352,142.263,142.329,4506
2025.04.18,07:00,142.331,142.411,142.290,142.350,3807
2025.04.18,08:00,142.319,142.381,142.304,142.366,2587
2025.04.18,09:00,142.343,142.389,142.295,142.386,2291
2025.04.18,10:00,142.387,142.395,142.334,142.377,2323
2025.04.18,11:00,142.370,142.393,142.334,142.377,2283
2025.04.18,12:00,142.363,142.379,142.331,142.365,1311
2025.04.18,13:00,142.371,142.372,142.270,142.323,2262
2025.04.18,14:00,142.315,142.363,142.268,142.323,3602
2025.04.18,15:00,142.322,142.350,142.292,142.347,948
2025.04.18,16:00,142.346,142.353,142.253,142.279,1828
2025.04.18,17:00,142.280,142.303,142.226,142.240,2038
2025.04.18,18:00,142.239,142.246,142.110,142.204,2269
2025.04.18,19:00,142.205,142.287,142.159,142.181,2299
2025.04.18,20:00,142.182,142.189,142.137,142.185,3034
2025.04.18,21:00,142.184,142.190,142.126,142.168,2879
2025.04.20,23:00,142.052,142.059,141.562,141.837,721
2025.04.21,00:00,141.860,142.116,141.680,141.734,2495
2025.04.21,01:00,141.729,141.762,141.494,141.589,4058
2025.04.21,02:00,141.582,141.582,141.135,141.184,4077
2025.04.21,03:00,141.185,141.198,140.968,140.976,2858
2025.04.21,04:00,140.967,141.080,140.613,140.784,3449
2025.04.21,05:00,140.779,140.831,140.652,140.754,2696
2025.04.21,06:00,140.760,140.973,140.758,140.765,2545
2025.04.21,07:00,140.764,140.780,140.614,140.641,2795
2025.04.21,08:00,140.641,140.899,140.613,140.752,3517
2025.04.21,09:00,140.754,140.816,140.540,140.551,2832
2025.04.21,10:00,140.552,140.723,140.545,140.570,2626
2025.04.21,11:00,140.569,140.688,140.469,140.650,2346
2025.04.21,12:00,140.651,140.991,140.636,140.980,2360
2025.04.21,13:00,140.981,141.069,140.747,140.788,2908
2025.04.21,14:00,140.787,141.014,140.639,140.779,3117
2025.04.21,15:00,140.780,141.037,140.700,140.736,3430
2025.04.21,16:00,140.739,140.912,140.564,140.898,3894
2025.04.21,17:00,140.899,141.009,140.786,140.808,3761
2025.04.21,18:00,140.809,140.970,140.758,140.828,3485
2025.04.21,19:00,140.828,140.915,140.629,140.642,3490
2025.04.21,20:00,140.641,140.689,140.564,140.574,3338
2025.04.21,21:00,140.590,140.884,140.550,140.858,3322
2025.04.21,22:00,140.851,140.976,140.790,140.859,2080
2025.04.21,23:00,140.837,140.893,140.765,140.772,344
2025.04.22,00:00,140.771,140.861,140.707,140.731,1414
2025.04.22,01:00,140.731,140.909,140.649,140.871,2483
2025.04.22,02:00,140.868,141.167,140.844,140.847,3732
2025.04.22,03:00,140.848,140.987,140.755,140.861,3151
2025.04.22,04:00,140.860,140.860,140.539,140.544,2415
2025.04.22,05:00,140.544,140.545,140.093,140.198,3465
2025.04.22,06:00,140.200,140.207,140.091,140.191,2837
2025.04.22,07:00,140.190,140.340,139.890,139.917,3494
2025.04.22,08:00,139.916,140.500,139.879,140.401,4459
2025.04.22,09:00,140.393,140.505,140.203,140.279,3708
2025.04.22,10:00,140.285,140.628,140.188,140.509,3502
2025.04.22,11:00,140.510,140.572,140.324,140.451,2991
2025.04.22,12:00,140.453,140.471,140.208,140.324,2796
2025.04.22,13:00,140.331,140.383,140.164,140.247,2809
2025.04.22,14:00,140.249,140.558,140.206,140.526,3505
2025.04.22,15:00,140.518,140.793,140.505,140.757,4008
2025.04.22,16:00,140.768,140.916,140.634,140.713,3720
2025.04.22,17:00,140.709,140.917,140.660,140.868,3598
2025.04.22,18:00,140.867,141.355,140.790,141.296,5273
2025.04.22,19:00,141.297,141.385,141.035,141.104,5064
2025.04.22,20:00,141.106,141.505,141.102,141.485,3877
2025.04.22,21:00,141.485,141.630,141.435,141.605,3822
2025.04.22,22:00,141.604,141.666,141.501,141.544,1722
2025.04.22,23:00,141.521,142.525,141.427,142.514,1708
2025.04.23,00:00,142.520,143.212,142.520,143.004,4753
2025.04.23,01:00,143.010,143.101,142.552,142.679,4245
2025.04.23,02:00,142.699,142.715,142.057,142.080,4065
2025.04.23,03:00,142.069,142.250,141.660,141.757,3825
2025.04.23,04:00,141.756,141.996,141.744,141.888,3135
2025.04.23,05:00,141.886,142.190,141.800,142.178,3017
2025.04.23,06:00,142.188,142.239,141.911,141.952,2620
2025.04.23,07:00,141.953,142.141,141.739,142.068,2985
2025.04.23,08:00,142.070,142.142,141.598,141.705,4509
2025.04.23,09:00,141.706,141.938,141.526,141.869,3984
2025.04.23,10:00,141.863,141.946,141.703,141.735,3566
2025.04.23,11:00,141.737,141.938,141.574,141.879,2925
2025.04.23,12:00,141.878,142.027,141.801,141.992,2456
2025.04.23,13:00,141.990,142.184,141.640,141.651,3048
2025.04.23,14:00,141.647,141.879,141.572,141.841,3404
2025.04.23,15:00,141.842,142.691,141.750,142.684,4898
2025.04.23,16:00,142.690,142.791,142.243,142.630,5820
2025.04.23,17:00,142.628,142.717,142.182,142.637,5432
2025.04.23,18:00,142.642,143.069,142.560,143.017,5211
2025.04.23,19:00,143.018,143.284,142.928,143.232,4384
2025.04.23,20:00,143.232,143.495,143.231,143.426,4014
2025.04.23,21:00,143.431,143.482,143.241,143.389,3951
2025.04.23,22:00,143.389,143.568,143.382,143.432,2512
2025.04.23,23:00,143.434,143.434,143.001,143.133,458
2025.04.24,00:00,143.111,143.196,142.878,143.113,2715
2025.04.24,01:00,143.111,143.273,143.048,143.192,2996
2025.04.24,02:00,143.191,143.336,142.858,142.942,3602
2025.04.24,03:00,142.955,143.075,142.699,142.757,3334
2025.04.24,04:00,142.756,142.805,142.595,142.779,2636
2025.04.24,05:00,142.780,142.890,142.737,142.861,2285
2025.04.24,06:00,142.859,142.910,142.720,142.748,2287
2025.04.24,07:00,142.749,142.955,142.727,142.779,2716
2025.04.24,08:00,142.780,142.879,142.658,142.683,3829
2025.04.24,09:00,142.685,142.742,142.544,142.578,3310
2025.04.24,10:00,142.576,142.734,142.495,142.641,3324
2025.04.24,11:00,142.633,142.694,142.421,142.449,2592
2025.04.24,12:00,142.447,142.509,142.304,142.487,2857
2025.04.24,13:00,142.485,142.630,142.345,142.592,3036
2025.04.24,14:00,142.591,142.629,142.287,142.399,3448
2025.04.24,15:00,142.394,142.582,142.317,142.496,3748
2025.04.24,16:00,142.495,142.599,142.274,142.470,4110
2025.04.24,17:00,142.471,142.766,142.445,142.650,4152
2025.04.24,18:00,142.649,142.784,142.564,142.640,3987
2025.04.24,19:00,142.641,142.822,142.612,142.782,3454
2025.04.24,20:00,142.781,142.830,142.716,142.726,3268
2025.04.24,21:00,142.725,142.730,142.484,142.689,3189
2025.04.24,22:00,142.690,142.735,142.523,142.617,1787
2025.04.24,23:00,142.598,142.745,142.497,142.645,291
2025.04.25,00:00,142.632,142.786,142.559,142.717,2090
2025.04.25,01:00,142.716,142.922,142.695,142.847,2562
2025.04.25,02:00,142.850,143.112,142.817,143.060,3485
2025.04.25,03:00,143.059,143.101,142.906,142.959,3071
2025.04.25,04:00,142.960,142.980,142.826,142.965,2414
2025.04.25,05:00,142.964,143.662,142.887,143.641,3206
2025.04.25,06:00,143.640,143.795,143.565,143.611,3162
2025.04.25,07:00,143.612,143.797,143.508,143.617,2989
2025.04.25,08:00,143.618,143.841,143.437,143.537,4270
2025.04.25,09:00,143.540,143.681,143.220,143.393,3854
2025.04.25,10:00,143.393,143.517,143.247,143.412,3037
2025.04.25,11:00,143.413,143.631,143.233,143.609,3000
2025.04.25,12:00,143.611,143.729,143.251,143.295,3652
2025.04.25,13:00,143.297,143.385,143.222,143.366,2792
2025.04.25,14:00,143.370,143.419,143.299,143.412,2942
2025.04.25,15:00,143.411,143.866,143.405,143.727,4157
2025.04.25,16:00,143.727,143.985,143.616,143.981,4336
2025.04.25,17:00,143.983,144.026,143.726,143.745,3703
2025.04.25,18:00,143.745,143.811,143.678,143.807,3268
2025.04.25,19:00,143.804,143.841,143.437,143.518,3899
2025.04.25,20:00,143.516,143.628,143.457,143.551,3448
2025.04.25,21:00,143.553,143.648,143.487,143.642,3170
2025.04.27,23:00,143.753,143.753,143.419,143.559,354
2025.04.28,00:00,143.559,143.873,143.531,143.770,2008
2025.04.28,01:00,143.769,143.873,143.711,143.848,2549
2025.04.28,02:00,143.847,143.847,143.478,143.483,3412
2025.04.28,03:00,143.484,143.708,143.339,143.707,3063
2025.04.28,04:00,143.708,143.853,143.647,143.688,2541
2025.04.28,05:00,143.692,143.698,143.508,143.579,1881
2025.04.28,06:00,143.580,143.635,143.312,143.317,2160
2025.04.28,07:00,143.318,143.532,143.285,143.487,2579
2025.04.28,08:00,143.490,143.850,143.490,143.826,3930
2025.04.28,09:00,143.829,143.889,143.617,143.627,3158
2025.04.28,10:00,143.626,143.703,143.532,143.550,2925
2025.04.28,11:00,143.537,143.573,143.325,143.448,2845
2025.04.28,12:00,143.447,143.500,143.380,143.459,2540
2025.04.28,13:00,143.458,143.543,143.340,143.368,2492
2025.04.28,14:00,143.371,143.372,143.145,143.340,3223
2025.04.28,15:00,143.339,143.433,143.063,143.080,3677
2025.04.28,16:00,143.083,143.123,142.595,142.845,4502
2025.04.28,17:00,142.846,142.878,142.637,142.698,4007
2025.04.28,18:00,142.698,142.704,142.268,142.330,4177
2025.04.28,19:00,142.330,142.363,142.121,142.353,4047
2025.04.28,20:00,142.354,142.381,142.109,142.120,3680
2025.04.28,21:00,142.117,142.153,142.035,142.059,3319
2025.04.28,22:00,142.058,142.094,141.980,141.981,1586
2025.04.28,23:00,142.000,142.076,141.970,142.061,291
2025.04.29,00:00,142.039,142.222,142.007,142.214,1684
2025.04.29,01:00,142.216,142.311,142.077,142.178,2310
2025.04.29,02:00,142.179,142.269,142.062,142.239,2759
2025.04.29,03:00,142.238,142.431,142.136,142.408,2548
2025.04.29,04:00,142.409,142.420,142.121,142.378,2711
2025.04.29,05:00,142.377,142.483,142.314,142.425,2341
2025.04.29,06:00,142.424,142.575,142.404,142.520,2434
2025.04.29,07:00,142.521,142.544,142.382,142.443,2174
2025.04.29,08:00,142.448,142.550,142.296,142.466,3840
2025.04.29,09:00,142.470,142.526,142.344,142.386,3196
2025.04.29,10:00,142.382,142.607,142.323,142.584,2783
2025.04.29,11:00,142.587,142.751,142.527,142.735,2519
2025.04.29,12:00,142.739,142.751,142.644,142.654,2402
2025.04.29,13:00,142.653,142.753,142.587,142.737,2508
2025.04.29,14:00,142.731,142.752,142.249,142.304,3387
2025.04.29,15:00,142.299,142.357,142.044,142.085,4075
2025.04.29,16:00,142.153,142.390,142.008,142.366,4626
2025.04.29,17:00,142.364,142.371,142.121,142.291,4065
2025.04.29,18:00,142.293,142.298,141.964,142.040,4118
2025.04.29,19:00,142.038,142.296,142.002,142.284,3659
2025.04.29,20:00,142.285,142.374,142.245,142.279,3458
2025.04.29,21:00,142.279,142.377,142.195,142.310,3470
2025.04.29,22:00,142.310,142.441,142.252,142.307,1646
2025.04.29,23:00,142.256,142.256,142.166,142.246,539
2025.04.30,00:00,142.249,142.363,142.194,142.260,1603
2025.04.30,01:00,142.259,142.319,142.156,142.256,2031
2025.04.30,02:00,142.238,142.503,142.168,142.425,3112
2025.04.30,03:00,142.426,142.455,142.225,142.441,2502
2025.04.30,04:00,142.438,142.543,142.358,142.457,2432
2025.04.30,05:00,142.458,142.525,142.324,142.512,2214
2025.04.30,06:00,142.519,142.551,142.413,142.510,2032
2025.04.30,07:00,142.511,142.542,142.447,142.497,1921
2025.04.30,08:00,142.496,142.709,142.486,142.573,3626
2025.04.30,09:00,142.579,142.881,142.574,142.798,2801
2025.04.30,10:00,142.799,142.943,142.718,142.902,2649
2025.04.30,11:00,142.901,143.146,142.871,143.106,2371
2025.04.30,12:00,143.104,143.107,143.002,143.064,2426
2025.04.30,13:00,143.063,143.132,142.900,143.011,2599
2025.04.30,14:00,143.010,143.043,142.682,142.814,4319
2025.04.30,15:00,142.809,142.905,142.629,142.654,4122
2025.04.30,16:00,142.641,143.037,142.550,142.633,4865
2025.04.30,17:00,142.625,142.929,142.499,142.624,4892
2025.04.30,18:00,142.620,142.754,142.587,142.669,4183
2025.04.30,19:00,142.669,142.839,142.595,142.830,3485
2025.04.30,20:00,142.835,143.000,142.756,142.767,3991
2025.04.30,21:00,142.767,142.975,142.711,142.905,3542
2025.04.30,22:00,142.909,143.184,142.899,143.048,3101
2025.04.30,23:00,142.955,143.022,142.870,142.930,311
2025.05.01,00:00,142.921,143.076,142.904,143.011,2019
2025.05.01,01:00,143.007,143.075,142.959,143.019,1959
2025.05.01,02:00,143.018,143.034,142.877,143.000,2804
2025.05.01,03:00,142.999,143.239,142.987,143.196,1964
2025.05.01,04:00,143.197,143.206,143.060,143.082,1510
2025.05.01,05:00,143.073,143.748,142.951,143.685,3358
2025.05.01,06:00,143.684,143.896,143.684,143.875,2391
2025.05.01,07:00,143.873,144.249,143.869,144.044,3192
2025.05.01,08:00,144.045,144.589,144.000,144.575,4546
2025.05.01,09:00,144.581,144.738,144.307,144.364,3301
2025.05.01,10:00,144.358,144.387,144.151,144.206,2565
2025.05.01,11:00,144.216,144.427,144.121,144.389,2498
2025.05.01,12:00,144.387,144.421,144.245,144.273,2103
2025.05.01,13:00,144.268,144.551,144.151,144.478,2762
2025.05.01,14:00,144.479,144.762,144.144,144.703,3870
2025.05.01,15:00,144.706,144.798,144.469,144.469,3938
2025.05.01,16:00,144.613,145.495,144.513,145.348,4994
2025.05.01,17:00,145.344,145.647,145.225,145.469,4391
2025.05.01,18:00,145.476,145.532,145.347,145.386,3975
2025.05.01,19:00,145.387,145.569,145.354,145.523,3702
2025.05.01,20:00,145.522,145.730,145.518,145.676,4303
2025.05.01,21:00,145.676,145.702,145.501,145.534,3533
2025.05.01,22:00,145.533,145.548,145.325,145.376,2398
2025.05.01,23:00,145.402,145.423,145.219,145.226,182
2025.05.02,00:00,145.240,145.397,145.225,145.330,1427
2025.05.02,01:00,145.331,145.605,145.331,145.403,2567
2025.05.02,02:00,145.405,145.918,145.320,145.868,3564
2025.05.02,03:00,145.867,145.867,145.426,145.432,3063
2025.05.02,04:00,145.433,145.503,145.296,145.460,2569
2025.05.02,05:00,145.457,145.470,145.143,145.219,2653
2025.05.02,06:00,145.218,145.418,145.215,145.385,2610
2025.05.02,07:00,145.386,145.409,145.180,145.247,2805
2025.05.02,08:00,145.246,145.293,145.039,145.195,4246
2025.05.02,09:00,145.193,145.267,145.038,145.120,3283
2025.05.02,10:00,145.121,145.204,144.819,144.827,3112
2025.05.02,11:00,144.828,144.899,144.436,144.568,3286
2025.05.02,12:00,144.572,144.809,144.541,144.662,2855
2025.05.02,13:00,144.661,144.710,144.359,144.554,3287
2025.05.02,14:00,144.555,144.958,144.326,144.636,4738
2025.05.02,15:00,144.641,144.641,143.726,143.864,5171
2025.05.02,16:00,143.863,144.150,143.726,144.005,4658
2025.05.02,17:00,144.008,144.628,144.003,144.518,4363
2025.05.02,18:00,144.523,144.787,144.484,144.665,4832
2025.05.02,19:00,144.666,144.772,144.572,144.719,4003
2025.05.02,20:00,144.718,145.080,144.672,145.023,3572
2025.05.02,21:00,145.021,145.071,144.884,144.977,3540
2025.05.04,23:00,144.527,144.840,144.523,144.836,426
2025.05.05,00:00,144.825,144.989,144.666,144.754,2235
2025.05.05,01:00,144.750,144.857,144.507,144.647,2282
2025.05.05,02:00,144.645,144.793,144.609,144.633,2553
2025.05.05,03:00,144.621,144.624,144.097,144.230,3278
2025.05.05,04:00,144.223,144.310,144.060,144.166,2731
2025.05.05,05:00,144.167,144.344,144.156,144.288,2173
2025.05.05,06:00,144.287,144.290,144.092,144.146,2054
2025.05.05,07:00,144.145,144.230,143.961,144.169,2520
2025.05.05,08:00,144.174,144.410,144.170,144.317,3703
2025.05.05,09:00,144.320,144.420,144.193,144.353,2844
2025.05.05,10:00,144.359,144.365,143.889,144.048,3115
2025.05.05,11:00,144.044,144.066,143.813,143.860,2859
2025.05.05,12:00,143.859,143.996,143.799,143.952,2642
2025.05.05,13:00,143.961,143.969,143.743,143.846,2909
2025.05.05,14:00,143.847,143.891,143.569,143.632,3328
2025.05.05,15:00,143.630,143.730,143.536,143.594,3339
2025.05.05,16:00,143.827,144.027,143.631,143.769,4351
2025.05.05,17:00,143.775,143.999,143.587,143.972,3428
2025.05.05,18:00,143.971,144.227,143.946,144.165,3572
2025.05.05,19:00,144.164,144.168,144.029,144.090,3277
2025.05.05,20:00,144.090,144.133,143.890,143.913,2802
2025.05.05,21:00,143.914,143.921,143.694,143.761,3576
2025.05.05,22:00,143.758,143.787,143.652,143.673,2013
2025.05.05,23:00,143.682,143.726,143.662,143.712,339
2025.05.06,00:00,143.675,143.751,143.627,143.743,808
2025.05.06,01:00,143.742,143.801,143.554,143.699,1435
2025.05.06,02:00,143.698,144.016,143.688,144.001,2642
2025.05.06,03:00,143.996,144.270,143.943,144.041,2898
2025.05.06,04:00,144.041,144.055,143.650,143.814,2762
2025.05.06,05:00,143.814,143.857,143.730,143.784,2365
2025.05.06,06:00,143.783,143.798,143.617,143.705,1882
2025.05.06,07:00,143.706,143.828,143.692,143.792,1735
2025.05.06,08:00,143.791,143.922,143.638,143.694,3516
2025.05.06,09:00,143.690,143.726,143.198,143.323,3770
2025.05.06,10:00,143.329,143.351,142.898,143.133,3472
2025.05.06,11:00,143.126,143.349,143.062,143.298,2700
2025.05.06,12:00,143.297,143.321,143.044,143.059,2474
2025.05.06,13:00,143.057,143.121,142.743,142.774,2789
2025.05.06,14:00,142.773,142.957,142.485,142.510,3240
2025.05.06,15:00,142.514,142.748,142.349,142.460,3636
2025.05.06,16:00,142.462,142.887,142.404,142.850,3791
2025.05.06,17:00,142.849,142.938,142.743,142.766,3576
2025.05.06,18:00,142.761,143.027,142.657,142.721,4029
2025.05.06,19:00,142.721,142.731,142.504,142.504,3368
2025.05.06,20:00,142.505,142.644,142.427,142.439,3340
2025.05.06,21:00,142.441,142.471,142.352,142.391,3159
2025.05.06,22:00,142.394,142.494,142.379,142.404,1926
2025.05.06,23:00,142.420,142.478,142.380,142.408,620
2025.05.07,00:00,142.408,143.260,142.408,143.241,4103
2025.05.07,01:00,143.239,143.306,142.998,143.084,3467
2025.05.07,02:00,143.086,143.299,142.837,142.945,4237
2025.05.07,03:00,142.946,143.168,142.742,142.950,3739
2025.05.07,04:00,142.951,143.191,142.951,143.122,3158
2025.05.07,05:00,143.122,143.209,143.053,143.103,2542
2025.05.07,06:00,143.101,143.320,143.041,143.276,2138
2025.05.07,07:00,143.278,143.299,143.000,143.051,2722
2025.05.07,08:00,143.053,143.090,142.821,142.856,3658
2025.05.07,09:00,142.862,143.271,142.862,143.171,3101
2025.05.07,10:00,143.169,143.437,143.169,143.314,2964
2025.05.07,11:00,143.310,143.450,143.257,143.312,2765
2025.05.07,12:00,143.308,143.320,143.153,143.247,2243
2025.05.07,13:00,143.248,143.411,143.192,143.386,2209
2025.05.07,14:00,143.385,143.443,143.273,143.352,3137
2025.05.07,15:00,143.351,143.355,143.114,143.206,3315
2025.05.07,16:00,143.207,143.390,143.136,143.299,3308
2025.05.07,17:00,143.294,143.468,143.207,143.468,3728
2025.05.07,18:00,143.467,143.581,143.396,143.407,3661
2025.05.07,19:00,143.407,143.536,143.253,143.282,3203
2025.05.07,20:00,143.198,143.780,142.905,143.512,6015
2025.05.07,21:00,143.514,143.970,143.465,143.807,5907
2025.05.07,22:00,143.800,143.993,143.770,143.797,2569
2025.05.07,23:00,143.807,143.807,143.681,143.770,330
2025.05.08,00:00,143.746,143.911,143.726,143.878,1473
2025.05.08,01:00,143.883,143.883,143.730,143.861,1684
2025.05.08,02:00,143.860,143.951,143.562,143.848,3149
2025.05.08,03:00,143.849,143.893,143.444,143.502,3507
2025.05.08,04:00,143.507,143.673,143.463,143.666,2690
2025.05.08,05:00,143.666,143.672,143.525,143.598,2111
2025.05.08,06:00,143.597,143.781,143.545,143.777,1732
2025.05.08,07:00,143.775,144.067,143.773,143.921,3004
2025.05.08,08:00,143.920,144.428,143.838,144.406,4311
2025.05.08,09:00,144.398,144.513,144.309,144.319,3357
2025.05.08,10:00,144.318,144.845,144.257,144.804,3282
2025.05.08,11:00,144.807,144.947,144.737,144.793,2931
2025.05.08,12:00,144.795,144.999,144.656,144.775,2233
2025.05.08,13:00,144.776,144.808,144.600,144.641,2548
2025.05.08,14:00,144.642,144.857,144.505,144.681,3785
2025.05.08,15:00,144.682,144.682,144.429,144.536,3716
2025.05.08,16:00,144.542,145.114,144.431,145.010,4244
2025.05.08,17:00,145.008,145.581,144.900,145.457,5677
2025.05.08,18:00,145.454,145.779,145.446,145.717,4658
2025.05.08,19:00,145.713,145.942,145.613,145.707,3836
2025.05.08,20:00,145.708,145.924,145.675,145.879,3402
2025.05.08,21:00,145.878,146.172,145.813,145.915,4138
2025.05.08,22:00,145.913,145.965,145.802,145.905,2127
2025.05.08,23:00,145.909,145.922,145.774,145.921,714
2025.05.09,00:00,145.898,145.940,145.764,145.823,1577
2025.05.09,01:00,145.824,146.064,145.803,145.946,1990
2025.05.09,02:00,145.946,146.183,145.670,145.692,3399
2025.05.09,03:00,145.691,145.827,145.618,145.746,2894
2025.05.09,04:00,145.747,145.965,145.644,145.667,2748
2025.05.09,05:00,145.664,145.706,145.457,145.654,2618
2025.05.09,06:00,145.653,145.653,145.446,145.495,2086
2025.05.09,07:00,145.496,145.626,145.404,145.422,2458
2025.05.09,08:00,145.423,145.460,145.229,145.285,3378
2025.05.09,09:00,145.284,145.409,145.128,145.175,3009
2025.05.09,10:00,145.168,145.321,145.070,145.181,2439
2025.05.09,11:00,145.183,145.320,145.092,145.310,2095
2025.05.09,12:00,145.312,145.400,145.217,145.285,2216
2025.05.09,13:00,145.284,145.316,144.924,145.125,2945
2025.05.09,14:00,145.120,145.346,145.097,145.245,2662
2025.05.09,15:00,145.244,145.295,145.017,145.150,3241
2025.05.09,16:00,145.151,145.265,144.820,144.998,3870
2025.05.09,17:00,145.000,145.195,144.995,145.145,3498
2025.05.09,18:00,145.143,145.289,145.048,145.273,3264
2025.05.09,19:00,145.273,145.347,145.195,145.228,2928
2025.05.09,20:00,145.226,145.304,145.142,145.260,2713
2025.05.09,21:00,145.260,145.365,145.246,145.294,2495
2025.05.11,23:00,146.358,146.364,146.035,146.141,514
2025.05.12,00:00,146.133,146.192,145.768,145.833,3449
2025.05.12,01:00,145.834,145.913,145.695,145.835,2849
2025.05.12,02:00,145.833,146.072,145.729,145.902,3435
2025.05.12,03:00,145.901,146.281,145.843,146.089,3089
2025.05.12,04:00,146.086,146.100,145.712,145.846,2555
2025.05.12,05:00,145.845,145.911,145.722,145.723,2291
2025.05.12,06:00,145.719,145.935,145.709,145.923,1724
2025.05.12,07:00,145.909,146.124,145.888,146.006,2173
2025.05.12,08:00,146.010,146.161,145.874,146.111,3704
2025.05.12,09:00,146.115,147.991,146.092,147.912,6588
2025.05.12,10:00,147.915,148.224,147.623,147.756,5274
2025.05.12,11:00,147.752,148.139,147.661,148.064,3826
2025.05.12,12:00,148.072,148.588,148.042,148.399,4066
2025.05.12,13:00,148.408,148.411,147.863,147.869,4112
2025.05.12,14:00,147.874,148.239,147.874,148.047,3643
2025.05.12,15:00,148.045,148.140,147.808,148.083,4451
2025.05.12,16:00,148.098,148.325,147.968,148.192,4891
2025.05.12,17:00,148.193,148.213,148.022,148.092,3853
2025.05.12,18:00,148.091,148.551,148.037,148.506,3732
2025.05.12,19:00,148.505,148.630,148.469,148.487,3332
2025.05.12,20:00,148.488,148.645,148.277,148.333,3068
2025.05.12,21:00,148.333,148.433,148.262,148.379,2940
2025.05.12,22:00,148.381,148.473,148.354,148.446,1561
2025.05.12,23:00,148.453,148.453,148.267,148.317,336
2025.05.13,00:00,148.302,148.435,148.287,148.363,1462
2025.05.13,01:00,148.363,148.450,148.190,148.254,2350
2025.05.13,02:00,148.250,148.250,147.788,147.808,3841
2025.05.13,03:00,147.810,148.027,147.756,147.832,3039
2025.05.13,04:00,147.833,147.987,147.755,147.954,2156
2025.05.13,05:00,147.955,147.986,147.726,147.747,1894
2025.05.13,06:00,147.748,147.914,147.696,147.697,2006
2025.05.13,07:00,147.698,147.903,147.640,147.813,2473
2025.05.13,08:00,147.808,147.980,147.777,147.933,3709
2025.05.13,09:00,147.944,148.050,147.761,147.847,3500
2025.05.13,10:00,147.849,148.057,147.730,147.920,2970
2025.05.13,11:00,147.917,148.019,147.860,147.975,2401
2025.05.13,12:00,147.976,148.131,147.943,148.055,2403
2025.05.13,13:00,148.061,148.133,148.022,148.117,1901
2025.05.13,14:00,148.113,148.270,147.845,147.986,4008
2025.05.13,15:00,147.987,148.012,147.651,147.880,4398
2025.05.13,16:00,147.879,148.058,147.807,147.836,4278
2025.05.13,17:00,147.833,147.907,147.694,147.745,3947
2025.05.13,18:00,147.746,147.794,147.448,147.600,3799
2025.05.13,19:00,147.600,147.765,147.557,147.603,3063
2025.05.13,20:00,147.604,147.656,147.457,147.502,3128
2025.05.13,21:00,147.500,147.556,147.369,147.421,3135
2025.05.13,22:00,147.423,147.476,147.372,147.464,1313
2025.05.13,23:00,147.470,147.474,147.415,147.438,244
2025.05.14,00:00,147.438,147.484,147.300,147.344,1072
2025.05.14,01:00,147.342,147.541,147.340,147.518,1691
2025.05.14,02:00,147.520,147.663,147.278,147.361,2802
2025.05.14,03:00,147.360,147.406,146.999,147.195,2966
2025.05.14,04:00,147.199,147.297,147.110,147.190,2400
2025.05.14,05:00,147.188,147.233,147.041,147.081,2056
2025.05.14,06:00,147.080,147.155,146.876,146.942,2165
2025.05.14,07:00,146.943,147.064,146.836,147.062,2315
2025.05.14,08:00,147.070,147.209,146.955,147.148,3671
2025.05.14,09:00,147.154,147.208,146.922,146.976,3183
2025.05.14,10:00,146.975,146.981,146.136,146.247,4963
2025.05.14,11:00,146.232,146.346,145.601,145.879,4629
2025.05.14,12:00,145.878,146.070,145.785,145.920,3100
2025.05.14,13:00,145.922,146.199,145.916,146.173,3010
2025.05.14,14:00,146.171,146.389,146.002,146.189,3442
2025.05.14,15:00,146.188,146.388,145.761,145.997,4203
2025.05.14,16:00,145.994,146.345,145.987,146.306,4074
2025.05.14,17:00,146.309,146.644,146.252,146.545,3955
2025.05.14,18:00,146.534,147.107,146.458,146.690,4118
2025.05.14,19:00,146.692,146.725,146.435,146.568,3600
2025.05.14,20:00,146.568,146.792,146.545,146.719,3239
2025.05.14,21:00,146.717,146.894,146.714,146.817,3475
2025.05.14,22:00,146.815,146.888,146.727,146.739,1713
2025.05.14,23:00,146.744,146.744,146.573,146.598,328
2025.05.15,00:00,146.582,146.687,146.565,146.614,1015
2025.05.15,01:00,146.613,146.659,146.423,146.632,2120
2025.05.15,02:00,146.630,146.748,146.164,146.209,3006
2025.05.15,03:00,146.210,146.326,146.072,146.279,2928
2025.05.15,04:00,146.277,146.372,146.190,146.220,2206
2025.05.15,05:00,146.221,146.282,145.948,146.088,2725
2025.05.15,06:00,146.086,146.167,145.974,146.086,2071
2025.05.15,07:00,146.085,146.137,145.929,145.983,2897
2025.05.15,08:00,145.976,146.085,145.470,145.530,3960
2025.05.15,09:00,145.540,145.937,145.524,145.880,3425
2025.05.15,10:00,145.881,145.987,145.638,145.745,2927
2025.05.15,11:00,145.746,145.942,145.723,145.929,2605
2025.05.15,12:00,145.932,145.977,145.826,145.972,2470
2025.05.15,13:00,145.968,146.096,145.902,146.084,2647
2025.05.15,14:00,146.080,146.245,145.629,145.796,3780
2025.05.15,15:00,145.794,145.921,145.573,145.794,4405
2025.05.15,16:00,145.795,146.037,145.409,145.856,4455
2025.05.15,17:00,145.858,145.913,145.604,145.611,3800
2025.05.15,18:00,145.610,145.708,145.526,145.610,3355
2025.05.15,19:00,145.615,145.763,145.550,145.746,3026
2025.05.15,20:00,145.746,145.749,145.606,145.682,2627
2025.05.15,21:00,145.682,145.721,145.540,145.616,2802
2025.05.15,22:00,145.612,145.682,145.567,145.653,1411
2025.05.15,23:00,145.578,145.701,145.567,145.576,234
2025.05.16,00:00,145.599,145.670,145.437,145.461,1452
2025.05.16,01:00,145.457,145.676,145.423,145.570,2065
2025.05.16,02:00,145.578,145.618,144.999,145.085,3323
2025.05.16,03:00,145.086,145.251,144.960,145.178,2764
2025.05.16,04:00,145.177,145.420,145.118,145.403,2513
2025.05.16,05:00,145.408,145.460,145.227,145.258,2181
2025.05.16,06:00,145.257,145.380,145.190,145.300,1969
2025.05.16,07:00,145.302,145.369,145.166,145.220,2017
2025.05.16,08:00,145.213,145.358,144.985,145.050,3483
2025.05.16,09:00,145.050,145.256,144.917,145.232,3096
2025.05.16,10:00,145.244,145.413,145.224,145.299,2635
2025.05.16,11:00,145.297,145.591,145.260,145.557,2503
2025.05.16,12:00,145.558,145.597,145.440,145.537,2328
2025.05.16,13:00,145.530,145.674,145.434,145.640,2476
2025.05.16,14:00,145.642,145.689,145.480,145.507,2843
2025.05.16,15:00,145.506,145.596,145.421,145.477,3065
2025.05.16,16:00,145.489,146.069,145.397,145.950,4237
2025.05.16,17:00,145.951,146.048,145.913,146.016,3232
2025.05.16,18:00,146.016,146.092,145.857,145.932,3015
2025.05.16,19:00,145.922,146.027,145.888,145.910,2598
2025.05.16,20:00,145.910,145.928,145.825,145.892,2401
2025.05.16,21:00,145.893,145.980,145.825,145.956,2504
2025.05.18,23:00,145.189,145.430,145.189,145.427,388
2025.05.19,00:00,145.403,145.417,145.003,145.159,2987
2025.05.19,01:00,145.158,145.444,145.122,145.232,2261
2025.05.19,02:00,145.233,145.330,144.835,144.902,3709
2025.05.19,03:00,144.900,145.179,144.802,145.130,3267
2025.05.19,04:00,145.129,145.295,145.051,145.224,2920
2025.05.19,05:00,145.223,145.288,145.108,145.236,2494
2025.05.19,06:00,145.237,145.339,145.219,145.310,2067
2025.05.19,07:00,145.311,145.311,145.147,145.162,2205
2025.05.19,08:00,145.161,145.207,144.976,144.987,3720
2025.05.19,09:00,144.986,145.089,144.658,144.846,3752
2025.05.19,10:00,144.844,145.025,144.827,144.883,2908
2025.05.19,11:00,144.879,144.965,144.751,144.825,2939
2025.05.19,12:00,144.820,144.875,144.700,144.796,2599
2025.05.19,13:00,144.798,145.040,144.774,144.896,2840
2025.05.19,14:00,144.893,145.017,144.858,145.015,3023
2025.05.19,15:00,145.014,145.129,144.854,144.989,4040
2025.05.19,16:00,144.980,145.210,144.825,144.891,3815
2025.05.19,17:00,144.882,145.010,144.781,144.983,3341
2025.05.19,18:00,144.982,145.085,144.950,144.979,3034
2025.05.19,19:00,144.976,145.105,144.922,145.033,2923
2025.05.19,20:00,145.031,145.086,144.947,144.970,2774
2025.05.19,21:00,144.971,144.982,144.793,144.844,2702
2025.05.19,22:00,144.844,144.886,144.771,144.837,1505
2025.05.19,23:00,144.846,144.891,144.793,144.826,346
2025.05.20,00:00,144.811,144.970,144.811,144.943,952
2025.05.20,01:00,144.941,145.006,144.840,144.974,1709
2025.05.20,02:00,144.977,145.510,144.975,145.266,3521
2025.05.20,03:00,145.268,145.268,144.721,144.893,3305
2025.05.20,04:00,144.892,145.285,144.743,145.112,2373
2025.05.20,05:00,145.113,145.175,144.769,144.804,2625
2025.05.20,06:00,144.805,144.846,144.706,144.760,2149
2025.05.20,07:00,144.759,144.759,144.318,144.373,3299
2025.05.20,08:00,144.376,144.524,144.293,144.493,4011
2025.05.20,09:00,144.489,144.503,144.086,144.126,3598
2025.05.20,10:00,144.122,144.481,144.119,144.480,2885
2025.05.20,11:00,144.482,144.612,144.368,144.479,2646
2025.05.20,12:00,144.480,144.620,144.451,144.588,2328
2025.05.20,13:00,144.590,144.668,144.452,144.589,2356
2025.05.20,14:00,144.588,144.833,144.551,144.807,3018
2025.05.20,15:00,144.809,144.970,144.798,144.845,3692
2025.05.20,16:00,144.844,144.853,144.512,144.557,4061
2025.05.20,17:00,144.556,144.764,144.545,144.714,3285
2025.05.20,18:00,144.715,144.880,144.615,144.805,3185
2025.05.20,19:00,144.805,144.878,144.628,144.635,2836
2025.05.20,20:00,144.635,144.690,144.498,144.544,2903
2025.05.20,21:00,144.544,144.547,144.428,144.538,2798
2025.05.20,22:00,144.538,144.565,144.449,144.499,1931
2025.05.20,23:00,144.498,144.539,144.416,144.456,301
2025.05.21,00:00,144.431,144.477,144.158,144.418,2488
2025.05.21,01:00,144.421,144.437,144.292,144.315,1711
2025.05.21,02:00,144.303,144.342,144.119,144.168,3360
2025.05.21,03:00,144.165,144.346,144.043,144.205,3033
2025.05.21,04:00,144.204,144.232,143.843,143.859,2826
2025.05.21,05:00,143.855,143.967,143.721,143.785,2332
2025.05.21,06:00,143.788,143.869,143.634,143.738,2125
2025.05.21,07:00,143.739,143.772,143.525,143.564,2396
2025.05.21,08:00,143.568,143.787,143.453,143.699,4327
2025.05.21,09:00,143.707,143.951,143.676,143.899,3456
2025.05.21,10:00,143.897,144.188,143.830,144.113,3086
2025.05.21,11:00,144.112,144.174,143.975,143.981,2890
2025.05.21,12:00,143.980,144.017,143.465,143.660,3467
2025.05.21,13:00,143.662,143.848,143.550,143.747,3097
2025.05.21,14:00,143.746,143.855,143.622,143.683,3455
2025.05.21,15:00,143.680,143.886,143.592,143.711,3837
2025.05.21,16:00,143.722,143.891,143.553,143.667,3806
2025.05.21,17:00,143.666,143.776,143.593,143.675,3573
2025.05.21,18:00,143.677,143.765,143.617,143.642,2920
2025.05.21,19:00,143.642,143.680,143.277,143.484,5149
2025.05.21,20:00,143.483,143.665,143.450,143.629,3769
2025.05.21,21:00,143.637,143.690,143.554,143.677,3532
2025.05.21,22:00,143.678,143.760,143.629,143.661,2080
2025.05.21,23:00,143.661,143.686,143.558,143.664,314
2025.05.22,00:00,143.632,144.399,143.632,144.095,3265
2025.05.22,01:00,144.096,144.146,143.648,143.692,2661
2025.05.22,02:00,143.691,143.723,143.280,143.464,3964
2025.05.22,03:00,143.465,143.629,143.194,143.341,3230
2025.05.22,04:00,143.345,143.464,143.138,143.187,2712
2025.05.22,05:00,143.186,143.353,143.177,143.312,2209
2025.05.22,06:00,143.311,143.383,143.250,143.294,1936
2025.05.22,07:00,143.295,143.431,143.237,143.369,2465
2025.05.22,08:00,143.344,143.384,143.095,143.325,3994
2025.05.22,09:00,143.324,143.390,142.997,143.049,3519
2025.05.22,10:00,143.044,143.382,142.799,143.272,3627
2025.05.22,11:00,143.277,143.547,143.252,143.475,3011
2025.05.22,12:00,143.474,143.691,143.405,143.653,2630
2025.05.22,13:00,143.652,143.773,143.331,143.358,3394
2025.05.22,14:00,143.355,143.692,143.268,143.548,3937
2025.05.22,15:00,143.547,143.895,143.427,143.876,4291
2025.05.22,16:00,143.880,143.960,143.675,143.754,4290
2025.05.22,17:00,143.753,144.043,143.752,143.886,4187
2025.05.22,18:00,143.889,144.107,143.856,144.013,3799
2025.05.22,19:00,144.019,144.325,143.997,144.204,3696
2025.05.22,20:00,144.207,144.261,144.088,144.142,3132
2025.05.22,21:00,144.143,144.145,143.919,143.992,3002
2025.05.22,22:00,143.991,144.019,143.895,144.002,1536
2025.05.22,23:00,144.002,144.062,143.981,143.997,539
2025.05.23,00:00,143.997,144.069,143.807,143.810,1620
2025.05.23,01:00,143.809,143.918,143.759,143.854,1558
2025.05.23,02:00,143.855,144.013,143.744,143.858,3341
2025.05.23,03:00,143.852,143.964,143.582,143.594,3234
2025.05.23,04:00,143.596,143.652,143.537,143.545,1984
2025.05.23,05:00,143.546,143.546,143.410,143.435,1923
2025.05.23,06:00,143.431,143.482,143.356,143.463,1720
2025.05.23,07:00,143.465,143.578,143.405,143.422,2198
2025.05.23,08:00,143.433,143.558,143.328,143.424,3466
2025.05.23,09:00,143.415,143.461,143.230,143.304,2928
2025.05.23,10:00,143.305,143.417,143.277,143.308,2580
2025.05.23,11:00,143.307,143.332,143.142,143.307,2570
2025.05.23,12:00,143.308,143.387,143.272,143.368,2426
2025.05.23,13:00,143.367,143.427,142.506,142.620,4835
2025.05.23,14:00,142.628,142.821,142.449,142.603,5390
2025.05.23,15:00,142.601,142.890,142.518,142.801,4525
2025.05.23,16:00,142.798,142.883,142.516,142.658,4373
2025.05.23,17:00,142.660,142.832,142.537,142.605,4047
2025.05.23,18:00,142.605,142.780,142.605,142.637,3669
2025.05.23,19:00,142.637,142.727,142.518,142.588,3281
2025.05.23,20:00,142.587,142.614,142.415,142.517,3271
2025.05.23,21:00,142.515,142.551,142.456,142.498,3078
2025.05.25,23:00,142.407,142.542,142.366,142.440,313
2025.05.26,00:00,142.416,143.077,142.416,142.783,3425
2025.05.26,01:00,142.783,142.930,142.744,142.822,2447
2025.05.26,02:00,142.813,142.877,142.532,142.555,3392
2025.05.26,03:00,142.562,142.678,142.294,142.365,3155
2025.05.26,04:00,142.364,142.391,142.224,142.338,2811
2025.05.26,05:00,142.339,142.563,142.332,142.452,2306
2025.05.26,06:00,142.454,142.663,142.453,142.561,2229
2025.05.26,07:00,142.560,142.746,142.471,142.510,2734
2025.05.26,08:00,142.511,142.792,142.495,142.747,3787
2025.05.26,09:00,142.751,142.914,142.702,142.896,2873
2025.05.26,10:00,142.894,142.916,142.750,142.892,2380
2025.05.26,11:00,142.888,142.985,142.858,142.867,2148
2025.05.26,12:00,142.866,142.949,142.825,142.857,1784
2025.05.26,13:00,142.854,142.966,142.816,142.927,1744
2025.05.26,14:00,142.928,143.030,142.865,142.971,2081
2025.05.26,15:00,142.972,142.984,142.822,142.832,2032
2025.05.26,16:00,142.830,142.857,142.744,142.780,2126
2025.05.26,17:00,142.777,142.854,142.760,142.841,1655
2025.05.26,18:00,142.842,142.866,142.717,142.721,1306
2025.05.26,19:00,142.718,142.782,142.704,142.762,620
2025.05.26,20:00,142.763,142.767,142.748,142.757,323
2025.05.26,21:00,142.758,142.776,142.736,142.769,434
2025.05.26,22:00,142.766,142.838,142.758,142.827,677
2025.05.26,23:00,142.832,142.931,142.729,142.730,517
2025.05.27,00:00,142.731,142.768,142.638,142.679,1175
2025.05.27,01:00,142.679,142.742,142.610,142.623,1545
2025.05.27,02:00,142.624,142.624,142.241,142.276,3143
2025.05.27,03:00,142.275,142.381,142.108,142.280,2778
2025.05.27,04:00,142.281,142.405,142.155,142.382,2139
2025.05.27,05:00,142.381,142.454,142.349,142.440,1721
2025.05.27,06:00,142.441,142.857,142.379,142.851,2200
2025.05.27,07:00,142.849,143.434,142.849,143.255,3819
2025.05.27,08:00,143.262,143.484,142.966,143.456,4739
2025.05.27,09:00,143.461,143.860,143.326,143.738,3852
2025.05.27,10:00,143.739,143.884,143.614,143.863,3185
2025.05.27,11:00,143.864,144.041,143.802,143.909,3066
2025.05.27,12:00,143.908,144.173,143.892,144.140,3023
2025.05.27,13:00,144.137,144.142,144.005,144.094,2802
2025.05.27,14:00,144.091,144.183,144.006,144.020,3216
2025.05.27,15:00,144.021,144.177,143.873,144.141,3815
2025.05.27,16:00,144.153,144.448,144.151,144.388,4061
2025.05.27,17:00,144.392,144.409,144.218,144.374,3565
2025.05.27,18:00,144.368,144.430,144.283,144.368,3318
2025.05.27,19:00,144.368,144.368,144.272,144.310,2978
2025.05.27,20:00,144.309,144.337,144.241,144.255,2856
2025.05.27,21:00,144.255,144.330,144.238,144.320,2688
2025.05.27,22:00,144.320,144.409,144.298,144.317,1743
2025.05.27,23:00,144.298,144.370,144.225,144.263,251
2025.05.28,00:00,144.245,144.276,144.169,144.178,1108
2025.05.28,01:00,144.169,144.305,144.128,144.133,1800
2025.05.28,02:00,144.125,144.131,143.847,144.120,3589
2025.05.28,03:00,144.121,144.764,144.084,144.336,4038
2025.05.28,04:00,144.340,144.637,144.206,144.593,3281
2025.05.28,05:00,144.584,144.762,144.294,144.354,3119
2025.05.28,06:00,144.355,144.501,144.270,144.420,2485
2025.05.28,07:00,144.421,144.764,144.246,144.273,3026
2025.05.28,08:00,144.277,144.521,144.216,144.521,3736
2025.05.28,09:00,144.524,144.536,144.068,144.146,3313
2025.05.28,10:00,144.144,144.200,143.987,144.035,2945
2025.05.28,11:00,144.037,144.254,143.996,144.221,2618
2025.05.28,12:00,144.222,144.306,144.077,144.271,2325
2025.05.28,13:00,144.270,144.427,144.192,144.420,2420
2025.05.28,14:00,144.421,144.532,144.307,144.510,2814
2025.05.28,15:00,144.513,144.969,144.512,144.889,3956
2025.05.28,16:00,144.879,144.911,144.512,144.845,4105
2025.05.28,17:00,144.847,145.070,144.822,145.040,3712
2025.05.28,18:00,145.039,145.044,144.904,144.910,3208
2025.05.28,19:00,144.908,144.934,144.821,144.870,2940
2025.05.28,20:00,144.866,145.005,144.751,144.831,3363
2025.05.28,21:00,144.834,144.921,144.807,144.898,3086
2025.05.28,22:00,144.898,144.905,144.811,144.811,2299
2025.05.28,23:00,144.800,144.800,144.732,144.770,265
2025.05.29,00:00,144.788,144.932,144.775,144.897,1824
2025.05.29,01:00,144.897,146.020,144.890,145.717,4572
2025.05.29,02:00,145.735,146.098,145.603,146.092,4717
2025.05.29,03:00,146.102,146.280,145.731,145.772,3530
2025.05.29,04:00,145.773,145.899,145.595,145.786,2598
2025.05.29,05:00,145.785,145.809,145.616,145.736,2488
2025.05.29,06:00,145.737,145.844,145.658,145.739,2075
2025.05.29,07:00,145.740,146.092,145.696,145.934,2361
2025.05.29,08:00,145.931,146.009,145.470,145.572,4507
2025.05.29,09:00,145.567,145.604,145.199,145.255,3638
2025.05.29,10:00,145.263,145.356,145.135,145.263,3240
2025.05.29,11:00,145.262,145.281,145.024,145.218,2830
2025.05.29,12:00,145.219,145.228,144.926,145.011,2953
2025.05.29,13:00,145.012,145.110,144.877,145.080,3052
2025.05.29,14:00,145.067,145.070,144.409,144.428,4599
2025.05.29,15:00,144.429,144.536,144.264,144.361,4120
2025.05.29,16:00,144.337,144.459,144.149,144.400,4193
2025.05.29,17:00,144.399,144.412,144.048,144.087,3804
2025.05.29,18:00,144.084,144.167,144.041,144.140,3768
2025.05.29,19:00,144.138,144.250,143.973,144.040,3484
2025.05.29,20:00,144.042,144.068,143.957,143.995,3512
2025.05.29,21:00,143.996,144.137,143.973,144.134,3298
2025.05.29,22:00,144.130,144.238,144.099,144.165,1891
2025.05.29,23:00,144.165,144.220,144.115,144.115,137
2025.05.30,00:00,144.112,144.158,143.866,144.009,1539
2025.05.30,01:00,144.009,144.087,143.737,143.749,2442
2025.05.30,02:00,143.752,144.031,143.581,143.772,3511
2025.05.30,03:00,143.769,143.936,143.433,143.899,3319
2025.05.30,04:00,143.897,143.989,143.822,143.923,2962
2025.05.30,05:00,143.924,143.981,143.826,143.854,2754
2025.05.30,06:00,143.853,143.858,143.690,143.771,3147
2025.05.30,07:00,143.772,143.963,143.707,143.823,2922
2025.05.30,08:00,143.824,144.132,143.754,143.848,4202
2025.05.30,09:00,143.846,144.154,143.828,144.024,3523
2025.05.30,10:00,144.042,144.115,143.898,144.047,3233
2025.05.30,11:00,144.048,144.221,143.996,144.038,2850
2025.05.30,12:00,144.037,144.048,143.783,143.926,2632
2025.05.30,13:00,143.940,144.028,143.810,143.844,2492
2025.05.30,14:00,143.847,143.855,143.461,143.720,4363
2025.05.30,15:00,143.718,144.126,143.708,143.993,3840
2025.05.30,16:00,143.967,144.439,143.802,144.262,4543
2025.05.30,17:00,144.263,144.328,144.071,144.179,3961
2025.05.30,18:00,144.181,144.183,143.880,143.892,3824
2025.05.30,19:00,143.891,143.946,143.783,143.867,3371
2025.05.30,20:00,143.867,143.934,143.828,143.883,3225
2025.05.30,21:00,143.884,143.999,143.865,143.871,3239
2025.06.01,23:00,143.711,143.860,143.643,143.718,511
2025.06.02,00:00,143.719,143.982,143.719,143.840,1756
2025.06.02,01:00,143.836,143.861,143.720,143.788,1960
2025.06.02,02:00,143.789,143.793,143.525,143.532,3330
2025.06.02,03:00,143.529,143.590,143.323,143.458,3230
2025.06.02,04:00,143.458,143.591,143.410,143.524,2516
2025.06.02,05:00,143.521,143.638,143.505,143.518,2224
2025.06.02,06:00,143.516,143.609,143.507,143.541,2464
2025.06.02,07:00,143.530,143.552,143.302,143.346,2651
2025.06.02,08:00,143.348,143.370,143.126,143.217,3880
2025.06.02,09:00,143.216,143.278,142.822,142.896,3364
2025.06.02,10:00,142.895,142.946,142.790,142.926,3137
2025.06.02,11:00,142.927,142.933,142.776,142.933,2944
2025.06.02,12:00,142.934,142.971,142.750,142.804,2826
2025.06.02,13:00,142.800,142.849,142.617,142.754,2769
2025.06.02,14:00,142.755,142.890,142.683,142.827,2862
2025.06.02,15:00,142.826,143.068,142.822,142.865,3514
2025.06.02,16:00,142.859,142.859,142.537,142.665,4498
2025.06.02,17:00,142.670,142.837,142.625,142.767,3956
2025.06.02,18:00,142.757,142.986,142.754,142.924,3601
2025.06.02,19:00,142.922,142.990,142.869,142.954,3333
2025.06.02,20:00,142.964,142.994,142.806,142.811,3672
2025.06.02,21:00,142.810,142.854,142.665,142.703,2999
2025.06.02,22:00,142.701,142.739,142.667,142.667,1801
2025.06.02,23:00,142.668,142.681,142.607,142.638,406
2025.06.03,00:00,142.625,142.690,142.517,142.527,1070
2025.06.03,01:00,142.526,142.587,142.376,142.422,1898
2025.06.03,02:00,142.423,142.783,142.420,142.704,3203
2025.06.03,03:00,142.703,143.215,142.703,143.127,3087
2025.06.03,04:00,143.125,143.247,143.003,143.097,2462
2025.06.03,05:00,143.096,143.265,143.018,143.155,2427
2025.06.03,06:00,143.156,143.213,142.898,142.940,2330
2025.06.03,07:00,142.941,143.124,142.869,142.947,2415
2025.06.03,08:00,142.944,143.091,142.844,142.883,3621
2025.06.03,09:00,142.881,142.972,142.603,142.823,3210
2025.06.03,10:00,142.819,142.899,142.673,142.795,2737
2025.06.03,11:00,142.796,142.926,142.766,142.845,2602
2025.06.03,12:00,142.852,143.073,142.831,143.054,2397
2025.06.03,13:00,143.052,143.156,143.043,143.079,2353
2025.06.03,14:00,143.072,143.443,143.046,143.416,2857
2025.06.03,15:00,143.418,143.611,143.327,143.500,3431
2025.06.03,16:00,143.494,143.934,143.494,143.769,4189
2025.06.03,17:00,143.767,143.984,143.716,143.933,3530
2025.06.03,18:00,143.929,144.100,143.871,143.973,3396
2025.06.03,19:00,143.972,144.024,143.832,143.838,2859
2025.06.03,20:00,143.841,143.937,143.835,143.902,2855
2025.06.03,21:00,143.904,144.102,143.894,144.068,2641
2025.06.03,22:00,144.069,144.072,143.926,143.926,1510
2025.06.03,23:00,143.774,144.013,143.766,143.937,515
2025.06.04,00:00,143.937,144.039,143.904,143.959,1107
2025.06.04,01:00,143.958,144.031,143.798,143.816,1857
2025.06.04,02:00,143.815,144.021,143.772,143.989,3328
2025.06.04,03:00,143.988,144.268,143.667,143.751,3295
2025.06.04,04:00,143.756,143.971,143.700,143.921,2960
2025.06.04,05:00,143.922,144.100,143.832,144.053,2547
2025.06.04,06:00,144.055,144.277,143.978,144.251,2148
2025.06.04,07:00,144.250,144.391,144.132,144.207,2541
2025.06.04,08:00,144.206,144.309,143.878,143.968,3850
2025.06.04,09:00,143.967,144.091,143.792,144.084,2729
2025.06.04,10:00,144.089,144.177,143.843,143.884,2523
2025.06.04,11:00,143.882,144.103,143.847,144.089,2315
2025.06.04,12:00,144.088,144.308,144.048,144.247,2634
2025.06.04,13:00,144.246,144.310,144.137,144.267,2180
2025.06.04,14:00,144.268,144.269,143.502,143.547,3962
2025.06.04,15:00,143.548,143.827,143.509,143.669,3343
2025.06.04,16:00,143.607,143.609,142.988,143.129,4652
2025.06.04,17:00,143.135,143.225,142.908,142.912,3843
2025.06.04,18:00,142.908,142.912,142.599,142.633,3596
2025.06.04,19:00,142.634,142.775,142.623,142.770,3406
2025.06.04,20:00,142.767,142.831,142.709,142.804,3114
2025.06.04,21:00,142.802,142.921,142.783,142.878,2734
2025.06.04,22:00,142.882,142.892,142.694,142.757,1781
2025.06.04,23:00,142.756,142.794,142.690,142.739,375
2025.06.05,00:00,142.718,142.827,142.694,142.769,1453
2025.06.05,01:00,142.768,142.826,142.526,142.715,2629
2025.06.05,02:00,142.721,142.846,142.607,142.661,3468
2025.06.05,03:00,142.666,142.968,142.567,142.917,3133
2025.06.05,04:00,142.918,142.968,142.810,142.887,2443
2025.06.05,05:00,142.886,143.022,142.699,142.993,2523
2025.06.05,06:00,142.990,143.070,142.895,143.025,2516
2025.06.05,07:00,143.026,143.168,142.999,143.147,2820
2025.06.05,08:00,143.143,143.236,143.023,143.225,3734
2025.06.05,09:00,143.228,143.390,143.069,143.343,2838
2025.06.05,10:00,143.342,143.397,143.252,143.276,2523
2025.06.05,11:00,143.275,143.296,143.111,143.214,2560
2025.06.05,12:00,143.219,143.220,143.026,143.130,2277
2025.06.05,13:00,143.131,143.318,143.060,143.265,2620
2025.06.05,14:00,143.266,143.680,142.772,143.365,4654
2025.06.05,15:00,143.367,143.529,142.893,143.021,5215
2025.06.05,16:00,143.022,143.543,143.021,143.453,4894
2025.06.05,17:00,143.456,143.964,143.449,143.857,4509
2025.06.05,18:00,143.863,143.958,143.517,143.524,4170
2025.06.05,19:00,143.519,143.845,143.508,143.675,3493
2025.06.05,20:00,143.670,143.750,143.567,143.623,3544
2025.06.05,21:00,143.625,143.760,143.468,143.680,4163
2025.06.05,22:00,143.681,143.777,143.515,143.544,2630
2025.06.05,23:00,143.452,143.521,143.374,143.513,374
2025.06.06,00:00,143.488,143.555,143.449,143.519,1201
2025.06.06,01:00,143.518,143.592,143.455,143.549,1540
2025.06.06,02:00,143.560,143.744,143.524,143.720,2831
2025.06.06,03:00,143.719,143.785,143.620,143.663,2580
2025.06.06,04:00,143.664,143.896,143.643,143.837,2385
2025.06.06,05:00,143.836,143.846,143.712,143.754,1924
2025.06.06,06:00,143.752,143.877,143.729,143.833,1803
2025.06.06,07:00,143.835,143.974,143.810,143.865,2271
2025.06.06,08:00,143.864,144.125,143.805,144.018,3706
2025.06.06,09:00,144.018,144.133,143.800,143.903,2786
2025.06.06,10:00,143.904,144.064,143.876,144.053,2363
2025.06.06,11:00,144.051,144.187,143.998,144.157,2497
2025.06.06,12:00,144.155,144.155,144.017,144.082,2206
2025.06.06,13:00,144.079,144.183,144.050,144.151,2461
2025.06.06,14:00,144.150,144.738,144.075,144.619,4886
2025.06.06,15:00,144.620,144.969,144.551,144.903,4986
2025.06.06,16:00,144.906,145.015,144.614,144.895,4434
2025.06.06,17:00,144.894,145.084,144.758,144.870,4252
2025.06.06,18:00,144.870,144.975,144.809,144.957,3882
2025.06.06,19:00,144.959,144.961,144.821,144.859,3333
2025.06.06,20:00,144.861,144.902,144.805,144.844,3225
2025.06.06,21:00,144.844,144.844,144.770,144.782,2774
2025.06.08,23:00,144.783,144.806,144.737,144.769,221
2025.06.09,00:00,144.760,144.785,144.646,144.687,1649
2025.06.09,01:00,144.688,144.743,144.596,144.690,2027
2025.06.09,02:00,144.689,144.943,144.574,144.934,3157
2025.06.09,03:00,144.935,144.935,144.470,144.538,2870
2025.06.09,04:00,144.539,144.564,144.344,144.494,2420
2025.06.09,05:00,144.493,144.506,144.348,144.487,1941
2025.06.09,06:00,144.488,144.490,144.346,144.376,1682
2025.06.09,07:00,144.375,144.491,144.347,144.408,2462
2025.06.09,08:00,144.413,144.458,144.193,144.202,3744
2025.06.09,09:00,144.207,144.314,144.098,144.140,2934
2025.06.09,10:00,144.126,144.172,144.035,144.151,2939
2025.06.09,11:00,144.150,144.162,143.971,144.099,2443
2025.06.09,12:00,144.101,144.185,144.029,144.170,2044
2025.06.09,13:00,144.166,144.525,144.156,144.485,2657
2025.06.09,14:00,144.487,144.688,144.429,144.628,2703
2025.06.09,15:00,144.627,144.767,144.590,144.661,3215
2025.06.09,16:00,144.664,144.746,144.531,144.609,3094
2025.06.09,17:00,144.608,144.615,144.341,144.364,3192
2025.06.09,18:00,144.365,144.452,144.357,144.389,3039
2025.06.09,19:00,144.388,144.461,144.388,144.454,3044
2025.06.09,20:00,144.454,144.561,144.387,144.553,3041
2025.06.09,21:00,144.553,144.593,144.496,144.557,2639
2025.06.09,22:00,144.562,144.630,144.552,144.563,1554
2025.06.09,23:00,144.479,144.544,144.448,144.507,223
2025.06.10,00:00,144.487,144.647,144.485,144.595,1282
2025.06.10,01:00,144.594,144.647,144.496,144.558,1421
2025.06.10,02:00,144.559,144.651,144.398,144.517,3228
2025.06.10,03:00,144.516,145.051,144.424,145.009,3350
2025.06.10,04:00,145.019,145.286,144.892,144.927,3201
2025.06.10,05:00,144.928,144.982,144.779,144.822,2165
2025.06.10,06:00,144.821,144.944,144.808,144.935,1891
2025.06.10,07:00,144.930,144.937,144.443,144.551,3334
2025.06.10,08:00,144.550,144.648,144.418,144.575,4057
2025.06.10,09:00,144.586,144.824,144.538,144.738,3301
2025.06.10,10:00,144.741,144.741,144.561,144.643,2718
2025.06.10,11:00,144.644,144.767,144.616,144.677,2354
2025.06.10,12:00,144.676,144.733,144.586,144.601,2105
2025.06.10,13:00,144.602,144.615,144.476,144.581,2068
2025.06.10,14:00,144.580,144.644,144.454,144.637,2240
2025.06.10,15:00,144.641,144.674,144.438,144.525,3001
2025.06.10,16:00,144.527,144.830,144.514,144.801,2870
2025.06.10,17:00,144.798,144.944,144.787,144.909,3425
2025.06.10,18:00,144.905,145.035,144.869,144.964,3244
2025.06.10,19:00,144.962,145.017,144.909,144.929,2805
2025.06.10,20:00,144.930,145.017,144.893,144.954,2806
2025.06.10,21:00,144.955,145.028,144.778,144.898,3105
2025.06.10,22:00,144.898,144.925,144.806,144.806,1910
2025.06.10,23:00,144.801,144.852,144.768,144.799,185
2025.06.11,00:00,144.782,144.960,144.782,144.947,1341
2025.06.11,01:00,144.958,145.159,144.789,144.839,3721
2025.06.11,02:00,144.838,144.957,144.650,144.920,3599
2025.06.11,03:00,144.921,145.029,144.838,145.000,2688
2025.06.11,04:00,144.998,145.147,144.846,144.943,2392
2025.06.11,05:00,144.944,145.058,144.921,145.003,1878
2025.06.11,06:00,145.004,145.069,144.888,145.031,1936
2025.06.11,07:00,145.032,145.137,144.972,144.976,2433
2025.06.11,08:00,144.975,145.239,144.961,145.120,3539
2025.06.11,09:00,145.122,145.237,145.078,145.118,2577
2025.06.11,10:00,145.122,145.144,144.998,145.062,2166
2025.06.11,11:00,145.064,145.092,144.917,145.078,2272
2025.06.11,12:00,145.071,145.162,145.044,145.129,2102
2025.06.11,13:00,145.136,145.332,145.107,145.279,2684
2025.06.11,14:00,145.277,145.463,144.318,144.727,5047
2025.06.11,15:00,144.715,145.181,144.608,145.047,4104
2025.06.11,16:00,145.046,145.084,144.730,144.797,3396
2025.06.11,17:00,144.798,144.840,144.459,144.484,3559
2025.06.11,18:00,144.482,144.620,144.432,144.613,3522
2025.06.11,19:00,144.612,144.646,144.509,144.518,3267
2025.06.11,20:00,144.509,144.537,144.321,144.502,3941
2025.06.11,21:00,144.502,144.642,144.493,144.623,3209
2025.06.11,22:00,144.624,144.686,144.519,144.519,2235
2025.06.11,23:00,144.471,144.536,144.427,144.535,274
2025.06.12,00:00,144.444,144.483,144.194,144.253,1396
2025.06.12,01:00,144.251,144.320,144.111,144.178,2494
2025.06.12,02:00,144.175,144.338,143.951,144.038,3633
2025.06.12,03:00,144.037,144.094,143.724,143.977,3560
2025.06.12,04:00,143.979,144.113,143.905,143.949,2692
2025.06.12,05:00,143.950,144.050,143.835,143.890,2663
2025.06.12,06:00,143.893,144.042,143.886,143.943,1868
2025.06.12,07:00,143.966,143.980,143.671,143.728,2201
2025.06.12,08:00,143.720,143.916,143.626,143.728,3846
2025.06.12,09:00,143.728,144.134,143.728,143.874,3279
2025.06.12,10:00,143.876,143.938,143.749,143.795,3328
2025.06.12,11:00,143.793,143.868,143.562,143.695,3016
2025.06.12,12:00,143.692,143.750,143.444,143.544,3163
2025.06.12,13:00,143.542,143.781,143.395,143.615,3034
2025.06.12,14:00,143.614,143.738,143.178,143.283,3986
2025.06.12,15:00,143.280,143.519,143.193,143.461,4014
2025.06.12,16:00,143.459,143.749,143.424,143.731,3728
2025.06.12,17:00,143.734,143.899,143.585,143.641,4236
2025.06.12,18:00,143.642,143.731,143.543,143.602,4079
2025.06.12,19:00,143.603,143.728,143.518,143.534,3345
2025.06.12,20:00,143.539,143.589,143.468,143.517,3237
2025.06.12,21:00,143.517,143.594,143.481,143.571,2853
2025.06.12,22:00,143.570,143.589,143.465,143.468,1819
2025.06.12,23:00,143.476,143.569,143.454,143.490,291
2025.06.13,00:00,143.471,143.496,143.384,143.449,1510
2025.06.13,01:00,143.448,143.462,143.069,143.085,2196
2025.06.13,02:00,143.112,143.187,142.791,143.036,5594
2025.06.13,03:00,143.029,143.282,142.916,143.168,4162
2025.06.13,04:00,143.175,143.232,142.946,143.075,3590
2025.06.13,05:00,143.073,143.739,143.072,143.491,3742
2025.06.13,06:00,143.490,143.766,143.429,143.649,3145
2025.06.13,07:00,143.652,143.868,143.505,143.534,3409
2025.06.13,08:00,143.525,143.733,143.370,143.641,4581
2025.06.13,09:00,143.624,143.793,143.530,143.793,3525
2025.06.13,10:00,143.794,143.891,143.663,143.787,2645
2025.06.13,11:00,143.788,144.160,143.744,144.108,3326
2025.06.13,12:00,144.114,144.393,143.966,144.349,3538
2025.06.13,13:00,144.347,144.440,144.101,144.125,3267
2025.06.13,14:00,144.124,144.314,144.082,144.292,3085
2025.06.13,15:00,144.294,144.480,144.048,144.068,3617
2025.06.13,16:00,144.072,144.202,144.016,144.118,3900
2025.06.13,17:00,144.119,144.185,143.948,144.040,3905
2025.06.13,18:00,144.040,144.065,143.960,144.028,3226
2025.06.13,19:00,144.026,144.189,144.008,144.086,3629
2025.06.13,20:00,144.085,144.093,143.845,143.952,3999
2025.06.13,21:00,143.954,143.990,143.851,143.931,3295
2025.06.15,23:00,143.815,144.359,143.795,144.288,556
2025.06.16,00:00,144.273,144.649,144.236,144.444,3248
2025.06.16,01:00,144.446,144.747,144.426,144.566,2985
2025.06.16,02:00,144.564,144.600,144.346,144.360,3895
2025.06.16,03:00,144.371,144.380,144.155,144.344,2947
2025.06.16,04:00,144.339,144.461,144.289,144.406,2686
2025.06.16,05:00,144.408,144.484,144.334,144.475,2714
2025.06.16,06:00,144.476,144.478,144.287,144.301,2204
2025.06.16,07:00,144.300,144.312,143.966,144.062,2833
2025.06.16,08:00,144.067,144.235,143.990,144.228,3854
2025.06.16,09:00,144.229,144.388,144.132,144.176,3164
2025.06.16,10:00,144.179,144.347,144.093,144.260,2687
2025.06.16,11:00,144.277,144.335,144.095,144.109,2534
2025.06.16,12:00,144.105,144.171,144.009,144.041,2033
2025.06.16,13:00,144.032,144.155,143.970,144.112,2168
2025.06.16,14:00,144.111,144.277,144.079,144.098,2858
2025.06.16,15:00,144.097,144.108,143.769,143.805,3810
2025.06.16,16:00,143.803,144.117,143.647,144.048,3679
2025.06.16,17:00,144.049,144.187,143.987,144.128,3155
2025.06.16,18:00,144.127,144.218,144.084,144.167,3112
2025.06.16,19:00,144.166,144.407,144.155,144.360,3093
2025.06.16,20:00,144.366,144.600,144.363,144.594,3306
2025.06.16,21:00,144.594,144.871,144.584,144.857,3187
2025.06.16,22:00,144.859,144.862,144.716,144.720,1757
2025.06.16,23:00,144.615,144.733,144.613,144.725,241
2025.06.17,00:00,144.701,144.814,144.572,144.615,2401
2025.06.17,01:00,144.616,144.795,144.606,144.680,2675
2025.06.17,02:00,144.678,145.108,144.669,145.058,3528
2025.06.17,03:00,145.053,145.054,144.767,144.865,2904
2025.06.17,04:00,144.866,144.991,144.811,144.942,2444
2025.06.17,05:00,144.936,144.962,144.615,144.659,2387
2025.06.17,06:00,144.655,144.667,144.391,144.584,2787
2025.06.17,07:00,144.586,144.722,144.497,144.658,2707
2025.06.17,08:00,144.668,144.886,144.551,144.883,3896
2025.06.17,09:00,144.887,145.019,144.401,144.521,3402
2025.06.17,10:00,144.524,144.896,144.464,144.896,3020
2025.06.17,11:00,144.901,144.936,144.773,144.818,3020
2025.06.17,12:00,144.816,144.828,144.661,144.685,2409
2025.06.17,13:00,144.687,144.700,144.479,144.609,2602
2025.06.17,14:00,144.610,144.910,144.395,144.855,3440
2025.06.17,15:00,144.852,144.935,144.686,144.883,3670
2025.06.17,16:00,144.888,145.282,144.850,145.181,3671
2025.06.17,17:00,145.185,145.203,145.006,145.032,3173
2025.06.17,18:00,145.032,145.251,144.901,145.216,3698
2025.06.17,19:00,145.212,145.294,145.124,145.240,3982
2025.06.17,20:00,145.239,145.370,145.185,145.362,3681
2025.06.17,21:00,145.364,145.374,145.201,145.213,3240
2025.06.17,22:00,145.209,145.320,145.193,145.247,2780
2025.06.17,23:00,145.236,145.301,145.175,145.240,188
2025.06.18,00:00,145.241,145.389,145.213,145.381,1467
2025.06.18,01:00,145.380,145.430,145.314,145.380,2156
2025.06.18,02:00,145.389,145.435,145.184,145.312,3713
2025.06.18,03:00,145.313,145.336,145.147,145.159,3097
2025.06.18,04:00,145.160,145.218,145.101,145.118,2269
2025.06.18,05:00,145.117,145.129,145.036,145.066,1745
2025.06.18,06:00,145.067,145.106,144.921,145.013,1941
2025.06.18,07:00,145.023,145.052,144.896,145.004,2400
2025.06.18,08:00,145.008,145.072,144.856,144.892,3555
2025.06.18,09:00,144.890,145.045,144.851,144.951,2378
2025.06.18,10:00,144.952,145.123,144.928,144.961,2508
2025.06.18,11:00,144.962,145.021,144.891,144.926,2413
2025.06.18,12:00,144.927,144.949,144.798,144.818,2187
2025.06.18,13:00,144.816,144.924,144.808,144.841,2215
2025.06.18,14:00,144.840,144.960,144.721,144.886,2657
2025.06.18,15:00,144.894,144.918,144.709,144.862,2909
2025.06.18,16:00,144.863,144.962,144.674,144.798,3752
2025.06.18,17:00,144.797,144.809,144.545,144.573,3167
2025.06.18,18:00,144.572,144.681,144.523,144.675,3139
2025.06.18,19:00,144.674,144.816,144.641,144.694,2935
2025.06.18,20:00,144.646,145.078,144.328,145.043,5887
2025.06.18,21:00,145.029,145.219,144.994,145.109,4761
2025.06.18,22:00,145.124,145.183,145.072,145.094,2301
2025.06.18,23:00,145.076,145.110,145.002,145.080,313
2025.06.19,00:00,145.043,145.143,144.891,144.988,2172
2025.06.19,01:00,144.980,145.075,144.924,144.950,2560
2025.06.19,02:00,144.956,144.977,144.835,144.880,3367
2025.06.19,03:00,144.879,145.153,144.732,145.142,3256
2025.06.19,04:00,145.143,145.209,145.058,145.177,2440
2025.06.19,05:00,145.176,145.214,145.029,145.069,2547
2025.06.19,06:00,145.068,145.104,145.018,145.034,1817
2025.06.19,07:00,145.033,145.261,145.027,145.107,2458
2025.06.19,08:00,145.110,145.350,145.110,145.244,3663
2025.06.19,09:00,145.255,145.398,145.239,145.386,2906
2025.06.19,10:00,145.384,145.404,145.250,145.279,2667
2025.06.19,11:00,145.280,145.470,145.246,145.434,2086
2025.06.19,12:00,145.435,145.751,145.407,145.702,2656
2025.06.19,13:00,145.705,145.765,145.585,145.665,2383
2025.06.19,14:00,145.666,145.708,145.503,145.542,2483
2025.06.19,15:00,145.539,145.571,145.346,145.414,2506
2025.06.19,16:00,145.418,145.710,145.398,145.702,2565
2025.06.19,17:00,145.704,145.755,145.603,145.631,2241
2025.06.19,18:00,145.627,145.727,145.619,145.707,2079
2025.06.19,19:00,145.707,145.723,145.468,145.498,2112
2025.06.19,20:00,145.497,145.527,145.410,145.485,1897
2025.06.19,21:00,145.484,145.484,145.342,145.430,1882
2025.06.19,22:00,145.431,145.477,145.407,145.425,1715
2025.06.19,23:00,145.449,145.473,145.322,145.414,362
2025.06.20,00:00,145.389,145.559,145.385,145.483,2336
2025.06.20,01:00,145.470,145.501,145.190,145.227,2900
2025.06.20,02:00,145.232,145.310,145.116,145.245,3442
2025.06.20,03:00,145.248,145.353,145.213,145.331,3159
2025.06.20,04:00,145.332,145.359,145.226,145.243,2485
2025.06.20,05:00,145.244,145.310,145.186,145.272,2373
2025.06.20,06:00,145.274,145.391,145.239,145.347,2267
2025.06.20,07:00,145.350,145.480,145.302,145.435,2677
2025.06.20,08:00,145.439,145.469,145.279,145.376,3415
2025.06.20,09:00,145.375,145.434,145.288,145.410,2214
2025.06.20,10:00,145.407,145.409,145.260,145.323,2196
2025.06.20,11:00,145.324,145.350,145.247,145.332,1969
2025.06.20,12:00,145.331,145.442,145.290,145.434,1761
2025.06.20,13:00,145.432,145.608,145.408,145.587,2516
2025.06.20,14:00,145.589,145.712,145.447,145.587,3059
2025.06.20,15:00,145.585,145.816,145.556,145.740,2996
2025.06.20,16:00,145.742,145.941,145.731,145.912,3214
2025.06.20,17:00,145.913,145.949,145.784,145.920,3173
2025.06.20,18:00,145.921,145.939,145.783,145.835,2989
2025.06.20,19:00,145.834,145.903,145.774,145.893,2982
2025.06.20,20:00,145.894,145.989,145.853,145.967,2785
2025.06.20,21:00,145.966,146.187,145.965,146.181,3060
2025.06.22,23:00,146.595,146.658,146.343,146.467,509
2025.06.23,00:00,146.393,146.576,146.284,146.360,3312
2025.06.23,01:00,146.359,146.419,146.203,146.208,2848
2025.06.23,02:00,146.200,146.517,146.138,146.451,3581
2025.06.23,03:00,146.448,146.760,146.425,146.664,3315
2025.06.23,04:00,146.665,146.692,146.365,146.558,2672
2025.06.23,05:00,146.556,146.726,146.513,146.695,2374
2025.06.23,06:00,146.694,147.025,146.693,146.983,2688
2025.06.23,07:00,146.982,147.292,146.943,147.101,3145
2025.06.23,08:00,147.103,147.390,147.060,147.151,4015
2025.06.23,09:00,147.150,147.352,147.037,147.329,3044
2025.06.23,10:00,147.328,147.624,147.323,147.601,3037
2025.06.23,11:00,147.602,147.947,147.602,147.867,3124
2025.06.23,12:00,147.866,147.984,147.769,147.977,2658
2025.06.23,13:00,147.976,148.024,147.506,147.584,2931
2025.06.23,14:00,147.587,147.630,147.348,147.413,3287
2025.06.23,15:00,147.412,147.500,147.135,147.295,3431
2025.06.23,16:00,147.304,147.327,146.489,146.559,4690
2025.06.23,17:00,146.557,146.616,146.329,146.461,3822
2025.06.23,18:00,146.460,146.534,146.225,146.355,4378
2025.06.23,19:00,146.357,146.515,146.144,146.203,4453
2025.06.23,20:00,146.204,146.240,146.007,146.160,4012
2025.06.23,21:00,146.156,146.198,146.079,146.139,3451
2025.06.23,22:00,146.139,146.159,146.024,146.119,2536
2025.06.23,23:00,146.003,146.142,145.995,146.083,207
2025.06.24,00:00,146.079,146.178,145.752,145.929,2791
2025.06.24,01:00,145.923,146.041,145.693,145.916,3359
2025.06.24,02:00,145.914,145.932,145.560,145.600,3977
2025.06.24,03:00,145.599,145.728,145.468,145.674,3293
2025.06.24,04:00,145.675,145.704,145.409,145.498,3059
2025.06.24,05:00,145.493,145.507,145.283,145.411,2564
2025.06.24,06:00,145.412,145.509,145.329,145.413,2283
2025.06.24,07:00,145.412,145.508,145.278,145.303,2635
2025.06.24,08:00,145.296,145.303,145.040,145.192,4279
2025.06.24,09:00,145.189,145.402,144.991,145.316,3283
2025.06.24,10:00,145.317,145.323,144.941,145.086,3141
2025.06.24,11:00,145.090,145.146,144.847,144.964,3090
2025.06.24,12:00,144.965,145.122,144.909,145.094,2281
2025.06.24,13:00,145.092,145.140,144.897,144.960,2558
2025.06.24,14:00,144.961,145.175,144.919,144.986,3331
2025.06.24,15:00,144.985,145.180,144.848,145.046,3244
2025.06.24,16:00,145.021,145.021,144.507,144.734,4091
2025.06.24,17:00,144.735,144.896,144.565,144.893,3561
2025.06.24,18:00,144.895,144.956,144.655,144.696,3601
2025.06.24,19:00,144.697,144.746,144.553,144.723,3196
2025.06.24,20:00,144.722,144.764,144.649,144.679,3070
2025.06.24,21:00,144.679,144.783,144.653,144.766,2655
2025.06.24,22:00,144.767,144.910,144.767,144.876,1877
2025.06.24,23:00,144.873,144.880,144.781,144.799,253
2025.06.25,00:00,144.825,144.962,144.808,144.928,1033
2025.06.25,01:00,144.927,144.969,144.788,144.930,1943
2025.06.25,02:00,144.931,145.040,144.765,144.880,3473
2025.06.25,03:00,144.881,144.894,144.620,144.653,3135
2025.06.25,04:00,144.652,144.831,144.603,144.800,2271
2025.06.25,05:00,144.804,144.976,144.777,144.968,1938
2025.06.25,06:00,144.969,144.984,144.861,144.934,1553
2025.06.25,07:00,144.942,145.159,144.941,145.031,2348
2025.06.25,08:00,145.030,145.327,145.001,145.294,3987
2025.06.25,09:00,145.291,145.368,145.231,145.307,2551
2025.06.25,10:00,145.309,145.491,145.237,145.473,2520
2025.06.25,11:00,145.474,145.675,145.454,145.623,2399
2025.06.25,12:00,145.625,145.746,145.544,145.727,2102
2025.06.25,13:00,145.728,145.794,145.663,145.743,2160
2025.06.25,14:00,145.745,145.918,145.697,145.856,2461
2025.06.25,15:00,145.857,145.945,145.751,145.857,2830
2025.06.25,16:00,145.861,145.870,145.567,145.692,3656
2025.06.25,17:00,145.697,145.732,145.517,145.587,3034
2025.06.25,18:00,145.586,145.594,145.384,145.444,3116
2025.06.25,19:00,145.445,145.500,145.362,145.385,3592
2025.06.25,20:00,145.384,145.399,145.143,145.148,3179
2025.06.25,21:00,145.147,145.239,145.101,145.235,2952
2025.06.25,22:00,145.232,145.330,145.189,145.217,1997
2025.06.25,23:00,145.123,145.213,145.108,145.169,254
2025.06.26,00:00,145.146,145.259,145.125,145.224,986
2025.06.26,01:00,145.223,145.223,144.871,144.908,2813
2025.06.26,02:00,144.903,144.937,144.677,144.685,2980
2025.06.26,03:00,144.684,144.924,144.667,144.717,2915
2025.06.26,04:00,144.700,144.835,144.657,144.688,2516
2025.06.26,05:00,144.674,144.813,144.565,144.780,2510
2025.06.26,06:00,144.779,144.959,144.727,144.777,2475
2025.06.26,07:00,144.778,144.915,144.578,144.637,2441
2025.06.26,08:00,144.633,144.694,144.275,144.305,4248
2025.06.26,09:00,144.300,144.300,143.928,144.060,3391
2025.06.26,10:00,144.053,144.098,143.746,143.920,3366
2025.06.26,11:00,143.921,144.118,143.894,144.068,2691
2025.06.26,12:00,144.078,144.214,144.003,144.197,2158
2025.06.26,13:00,144.200,144.439,144.195,144.384,2554
2025.06.26,14:00,144.385,144.492,144.128,144.302,3703
2025.06.26,15:00,144.293,144.488,144.161,144.229,3816
2025.06.26,16:00,144.228,144.467,144.152,144.406,3989
2025.06.26,17:00,144.405,144.533,144.308,144.330,3566
2025.06.26,18:00,144.331,144.399,144.048,144.240,3687
2025.06.26,19:00,144.240,144.267,144.124,144.182,3656
2025.06.26,20:00,144.182,144.260,144.146,144.195,3299
2025.06.26,21:00,144.195,144.400,144.192,144.367,2906
2025.06.26,22:00,144.364,144.466,144.327,144.369,1971
2025.06.26,23:00,144.393,144.393,144.269,144.338,252
2025.06.27,00:00,144.314,144.656,144.300,144.571,1245
2025.06.27,01:00,144.569,144.736,144.387,144.675,2193
2025.06.27,02:00,144.666,144.803,144.517,144.644,3395
2025.06.27,03:00,144.646,144.735,144.269,144.280,3157
2025.06.27,04:00,144.276,144.389,144.190,144.321,2596
2025.06.27,05:00,144.320,144.496,144.250,144.451,2473
2025.06.27,06:00,144.450,144.582,144.406,144.538,2522
2025.06.27,07:00,144.537,144.586,144.357,144.421,2259
2025.06.27,08:00,144.418,144.496,144.200,144.233,3728
2025.06.27,09:00,144.232,144.549,144.175,144.478,2990
2025.06.27,10:00,144.467,144.510,144.254,144.417,2317
2025.06.27,11:00,144.419,144.486,144.348,144.481,2074
2025.06.27,12:00,144.487,144.677,144.460,144.532,2114
2025.06.27,13:00,144.531,144.625,144.482,144.486,2255
2025.06.27,14:00,144.487,144.619,144.360,144.441,3603
2025.06.27,15:00,144.442,144.800,144.376,144.725,3444
2025.06.27,16:00,144.711,144.941,144.563,144.878,3468
2025.06.27,17:00,144.877,144.906,144.604,144.729,3298
2025.06.27,18:00,144.731,144.749,144.533,144.639,3387
2025.06.27,19:00,144.638,144.898,144.577,144.731,3868
2025.06.27,20:00,144.732,144.845,144.638,144.697,3669
2025.06.27,21:00,144.696,144.789,144.650,144.747,3096
2025.06.29,23:00,144.228,144.512,144.220,144.447,387
2025.06.30,00:00,144.447,144.661,144.445,144.473,2394
2025.06.30,01:00,144.470,144.537,144.380,144.500,2285
2025.06.30,02:00,144.499,144.757,144.472,144.614,3103
2025.06.30,03:00,144.615,144.650,144.242,144.324,2861
2025.06.30,04:00,144.325,144.325,144.083,144.286,2847
2025.06.30,05:00,144.284,144.308,144.155,144.214,1993
2025.06.30,06:00,144.215,144.229,143.909,143.939,2356
2025.06.30,07:00,143.941,143.942,143.791,143.904,2700
2025.06.30,08:00,143.908,144.011,143.846,143.877,3917
2025.06.30,09:00,143.877,144.163,143.777,144.121,3195
2025.06.30,10:00,144.124,144.209,144.011,144.109,2967
2025.06.30,11:00,144.110,144.264,144.049,144.261,2601
2025.06.30,12:00,144.264,144.286,144.173,144.177,2070
2025.06.30,13:00,144.176,144.337,144.151,144.327,2416
2025.06.30,14:00,144.318,144.490,144.283,144.455,2395
2025.06.30,15:00,144.456,144.505,144.310,144.358,3185
2025.06.30,16:00,144.356,144.496,144.207,144.443,3955
2025.06.30,17:00,144.449,144.492,144.152,144.163,3456
2025.06.30,18:00,144.161,144.384,144.135,144.220,2940
2025.06.30,19:00,144.219,144.320,144.148,144.249,2443
2025.06.30,20:00,144.248,144.293,144.126,144.198,2660
2025.06.30,21:00,144.199,144.241,143.988,144.038,2327
2025.06.30,22:00,144.032,144.050,143.950,144.025,1763
2025.06.30,23:00,144.034,144.064,143.955,143.957,160
2025.07.01,00:00,143.983,144.027,143.855,143.915,1349
2025.07.01,01:00,143.913,143.930,143.770,143.802,1935
2025.07.01,02:00,143.805,143.807,143.550,143.563,4188
2025.07.01,03:00,143.563,143.804,143.434,143.793,3844
2025.07.01,04:00,143.793,143.828,143.638,143.724,2765
2025.07.01,05:00,143.725,143.887,143.626,143.874,3208
2025.07.01,06:00,143.875,143.928,143.746,143.746,2659
2025.07.01,07:00,143.747,143.747,143.566,143.578,3246
2025.07.01,08:00,143.577,143.753,143.544,143.665,3658
2025.07.01,09:00,143.664,143.735,143.063,143.065,3246
2025.07.01,10:00,143.073,143.132,142.885,143.035,3411
2025.07.01,11:00,143.033,143.163,142.819,142.939,3069
2025.07.01,12:00,142.938,142.990,142.818,142.981,2647
2025.07.01,13:00,142.978,142.984,142.700,142.731,2905
2025.07.01,14:00,142.730,143.088,142.678,143.062,3370
2025.07.01,15:00,143.066,143.283,142.933,143.027,3600
2025.07.01,16:00,143.035,143.476,143.035,143.435,4620
2025.07.01,17:00,143.433,143.665,143.433,143.574,3663
2025.07.01,18:00,143.572,143.775,143.572,143.691,3097
2025.07.01,19:00,143.689,143.749,143.597,143.624,2513
2025.07.01,20:00,143.623,143.787,143.618,143.715,2182
2025.07.01,21:00,143.718,143.799,143.578,143.766,2514
2025.07.01,22:00,143.767,143.767,143.382,143.385,1791
2025.07.01,23:00,143.364,143.422,143.359,143.405,170
2025.07.02,00:00,143.404,143.436,143.349,143.402,879
2025.07.02,01:00,143.407,143.470,143.337,143.370,1717
2025.07.02,02:00,143.369,143.655,143.314,143.470,3575
2025.07.02,03:00,143.471,143.681,143.440,143.651,2807
2025.07.02,04:00,143.647,143.742,143.506,143.535,2316
2025.07.02,05:00,143.529,143.583,143.477,143.523,2125
2025.07.02,06:00,143.521,143.604,143.456,143.548,1882
2025.07.02,07:00,143.551,143.850,143.537,143.751,2485
2025.07.02,08:00,143.749,143.882,143.670,143.802,2834
2025.07.02,09:00,143.804,144.046,143.804,143.895,2865
2025.07.02,10:00,143.896,143.968,143.775,143.965,2360
2025.07.02,11:00,143.966,144.240,143.927,144.147,2775
2025.07.02,12:00,144.146,144.153,143.860,143.920,2263
2025.07.02,13:00,143.919,144.191,143.889,144.179,2474
2025.07.02,14:00,144.187,144.209,143.485,143.868,4693
2025.07.02,15:00,143.869,144.125,143.630,143.994,4100
2025.07.02,16:00,143.996,144.153,143.902,144.023,3963
2025.07.02,17:00,144.020,144.032,143.730,143.756,3235
2025.07.02,18:00,143.757,143.802,143.651,143.728,2492
2025.07.02,19:00,143.732,143.739,143.618,143.689,2246
2025.07.02,20:00,143.705,143.728,143.575,143.614,2119
2025.07.02,21:00,143.615,143.663,143.568,143.612,1988
2025.07.02,22:00,143.613,143.688,143.605,143.637,1163
2025.07.02,23:00,143.671,143.748,143.634,143.635,123
2025.07.03,00:00,143.647,143.656,143.556,143.609,775
2025.07.03,01:00,143.608,143.612,143.478,143.517,1419
2025.07.03,02:00,143.515,143.608,143.440,143.584,3045
2025.07.03,03:00,143.578,143.684,143.482,143.548,2355
2025.07.03,04:00,143.547,143.757,143.544,143.677,1900
2025.07.03,05:00,143.682,143.875,143.670,143.846,1776
2025.07.03,06:00,143.847,143.850,143.757,143.834,1489
2025.07.03,07:00,143.835,143.924,143.763,143.858,1764
2025.07.03,08:00,143.857,143.928,143.753,143.769,2407
2025.07.03,09:00,143.770,143.911,143.667,143.857,2389
2025.07.03,10:00,143.864,143.890,143.767,143.867,2359
2025.07.03,11:00,143.875,143.889,143.820,143.852,2211
2025.07.03,12:00,143.850,143.857,143.733,143.843,1974
2025.07.03,13:00,143.842,143.892,143.812,143.862,1860
2025.07.03,14:00,143.861,145.228,143.779,145.005,4764
2025.07.03,15:00,145.003,145.068,144.602,144.699,4636
2025.07.03,16:00,144.689,145.127,144.636,145.087,4217
2025.07.03,17:00,145.089,145.160,144.814,144.965,3369
2025.07.03,18:00,144.964,145.209,144.944,145.048,2479
2025.07.03,19:00,145.046,145.086,144.992,145.071,1082
2025.07.03,20:00,145.070,145.111,145.008,145.100,1039
2025.07.03,21:00,145.101,145.111,144.980,145.033,833
2025.07.03,22:00,145.042,145.081,144.910,144.913,993
2025.07.03,23:00,144.883,144.961,144.881,144.932,167
2025.07.04,00:00,144.933,144.967,144.869,144.869,798
2025.07.04,01:00,144.870,144.923,144.681,144.704,1487
2025.07.04,02:00,144.705,144.779,144.569,144.598,2544
2025.07.04,03:00,144.597,144.777,144.578,144.753,2233
2025.07.04,04:00,144.755,144.786,144.595,144.644,1901
2025.07.04,05:00,144.646,144.663,144.457,144.516,1638
2025.07.04,06:00,144.517,144.520,144.326,144.372,1897
2025.07.04,07:00,144.371,144.395,144.302,144.336,1813
2025.07.04,08:00,144.327,144.425,144.178,144.242,2369
2025.07.04,09:00,144.238,144.422,144.234,144.403,2646
2025.07.04,10:00,144.402,144.411,144.281,144.337,2168
2025.07.04,11:00,144.338,144.368,144.272,144.308,2029
2025.07.04,12:00,144.310,144.380,144.279,144.341,1766
2025.07.04,13:00,144.340,144.397,144.302,144.391,1729
2025.07.04,14:00,144.390,144.443,144.352,144.417,1590
2025.07.04,15:00,144.418,144.503,144.383,144.455,1748
2025.07.04,16:00,144.456,144.564,144.406,144.512,2017
2025.07.04,17:00,144.515,144.549,144.501,144.527,1333
2025.07.04,18:00,144.528,144.543,144.476,144.494,1278
2025.07.04,19:00,144.495,144.513,144.465,144.467,2113
2025.07.04,20:00,144.466,144.510,144.466,144.472,2781
2025.07.04,21:00,144.471,144.576,144.431,144.562,5501
2025.07.06,23:00,144.415,144.538,144.382,144.478,413
2025.07.07,00:00,144.436,144.628,144.386,144.484,1329
2025.07.07,01:00,144.483,144.578,144.459,144.484,1438
2025.07.07,02:00,144.486,144.499,144.291,144.348,2951
2025.07.07,03:00,144.352,144.575,144.219,144.532,2671
2025.07.07,04:00,144.530,144.835,144.492,144.813,2427
2025.07.07,05:00,144.812,144.844,144.705,144.829,1820
2025.07.07,06:00,144.827,144.994,144.779,144.981,1888
2025.07.07,07:00,144.979,145.073,144.938,144.980,2149
2025.07.07,08:00,144.988,145.154,144.946,145.019,2611
2025.07.07,09:00,145.020,145.198,144.974,145.194,2681
2025.07.07,10:00,145.195,145.341,145.108,145.331,2777
2025.07.07,11:00,145.328,145.482,145.271,145.430,2573
2025.07.07,12:00,145.429,145.528,145.392,145.428,2146
2025.07.07,13:00,145.427,145.509,145.370,145.488,2145
2025.07.07,14:00,145.489,145.640,145.474,145.587,2675
2025.07.07,15:00,145.589,145.777,145.569,145.731,2985
2025.07.07,16:00,145.730,145.808,145.665,145.795,2706
2025.07.07,17:00,145.793,145.888,145.776,145.865,2321
2025.07.07,18:00,145.864,146.141,145.729,146.115,3624
2025.07.07,19:00,146.114,146.230,146.011,146.057,2965
2025.07.07,20:00,146.056,146.235,146.055,146.170,2485
2025.07.07,21:00,146.171,146.181,146.012,146.053,2048
2025.07.07,22:00,146.052,146.152,146.035,146.042,1387
2025.07.07,23:00,145.977,146.094,145.970,145.983,297
2025.07.08,00:00,145.982,146.032,145.835,145.860,2166
2025.07.08,01:00,145.860,146.064,145.852,145.875,2016
2025.07.08,02:00,145.874,146.205,145.829,146.155,3513
2025.07.08,03:00,146.155,146.439,146.042,146.236,3021
2025.07.08,04:00,146.243,146.280,146.038,146.088,2026
2025.07.08,05:00,146.089,146.164,146.046,146.067,1766
2025.07.08,06:00,146.068,146.099,145.879,145.992,2343
2025.07.08,07:00,145.991,146.103,145.942,146.092,1959
2025.07.08,08:00,146.093,146.242,146.055,146.239,3629
2025.07.08,09:00,146.235,146.276,145.997,146.033,2816
2025.07.08,10:00,146.034,146.234,146.031,146.184,2623
2025.07.08,11:00,146.192,146.263,146.053,146.227,2533
2025.07.08,12:00,146.226,146.402,146.221,146.398,2144
2025.07.08,13:00,146.400,146.645,146.352,146.583,2270
2025.07.08,14:00,146.584,146.684,146.455,146.645,2937
2025.07.08,15:00,146.647,146.895,146.628,146.767,3048
2025.07.08,16:00,146.765,146.956,146.751,146.912,3117
2025.07.08,17:00,146.902,146.971,146.768,146.808,2948
2025.07.08,18:00,146.809,146.859,146.703,146.741,2674
2025.07.08,19:00,146.731,146.802,146.651,146.711,2745
2025.07.08,20:00,146.709,146.759,146.651,146.658,2211
2025.07.08,21:00,146.657,146.688,146.612,146.619,1902
2025.07.08,22:00,146.622,146.638,146.513,146.547,2532
2025.07.08,23:00,146.512,146.579,146.511,146.524,194
2025.07.09,00:00,146.500,146.668,146.500,146.583,818
2025.07.09,01:00,146.582,146.871,146.582,146.865,2192
2025.07.09,02:00,146.864,146.904,146.729,146.786,3362
2025.07.09,03:00,146.787,147.024,146.734,146.860,2853
2025.07.09,04:00,146.860,147.088,146.791,147.054,2468
2025.07.09,05:00,147.053,147.175,147.053,147.099,2206
2025.07.09,06:00,147.100,147.143,147.026,147.037,1958
2025.07.09,07:00,147.036,147.061,146.899,146.981,2026
2025.07.09,08:00,146.982,147.028,146.793,146.798,3479
2025.07.09,09:00,146.798,146.874,146.679,146.837,2663
2025.07.09,10:00,146.840,146.861,146.591,146.674,2527
2025.07.09,11:00,146.672,146.688,146.537,146.622,2159
2025.07.09,12:00,146.623,146.683,146.537,146.653,2033
2025.07.09,13:00,146.654,146.776,146.602,146.760,2087
2025.07.09,14:00,146.762,146.762,146.465,146.482,3030
2025.07.09,15:00,146.481,146.540,146.358,146.454,3290
2025.07.09,16:00,146.451,146.498,146.265,146.461,3222
2025.07.09,17:00,146.462,146.560,146.445,146.527,2710
2025.07.09,18:00,146.526,146.526,146.326,146.407,2187
2025.07.09,19:00,146.414,146.430,146.274,146.339,2213
2025.07.09,20:00,146.333,146.387,146.247,146.328,2242
2025.07.09,21:00,146.326,146.367,146.259,146.310,1921
2025.07.09,22:00,146.314,146.482,146.270,146.270,1863
2025.07.09,23:00,146.289,146.345,146.243,146.273,216
2025.07.10,00:00,146.289,146.320,146.211,146.238,1049
2025.07.10,01:00,146.237,146.298,146.065,146.101,1775
2025.07.10,02:00,146.104,146.111,145.751,145.812,3559
2025.07.10,03:00,145.813,145.949,145.758,145.885,2579
2025.07.10,04:00,145.886,146.091,145.849,146.079,2216
2025.07.10,05:00,146.077,146.254,146.071,146.252,1636
2025.07.10,06:00,146.256,146.406,146.205,146.215,1358
2025.07.10,07:00,146.214,146.340,146.171,146.247,1471
2025.07.10,08:00,146.253,146.354,146.121,146.143,3550
2025.07.10,09:00,146.145,146.458,146.060,146.276,3101
2025.07.10,10:00,146.275,146.407,146.262,146.349,2475
2025.07.10,11:00,146.350,146.368,146.169,146.176,2123
2025.07.10,12:00,146.174,146.249,146.079,146.116,1815
2025.07.10,13:00,146.118,146.390,146.082,146.242,2037
2025.07.10,14:00,146.246,146.539,146.201,146.434,3045
2025.07.10,15:00,146.433,146.609,146.346,146.575,3272
2025.07.10,16:00,146.574,146.782,146.475,146.504,3407
2025.07.10,17:00,146.505,146.562,146.380,146.461,2624
2025.07.10,18:00,146.463,146.504,146.384,146.458,2337
2025.07.10,19:00,146.457,146.473,146.303,146.321,2246
2025.07.10,20:00,146.320,146.329,146.199,146.238,2384
2025.07.10,21:00,146.237,146.280,146.164,146.233,2075
2025.07.10,22:00,146.234,146.250,146.177,146.249,1627
2025.07.10,23:00,146.238,146.249,146.189,146.249,85
2025.07.11,00:00,146.218,146.268,146.166,146.210,905
2025.07.11,01:00,146.209,146.291,146.132,146.274,1326
2025.07.11,02:00,146.267,146.636,146.243,146.550,3463
2025.07.11,03:00,146.551,146.834,146.517,146.764,2810
2025.07.11,04:00,146.765,147.035,146.746,147.014,2281
2025.07.11,05:00,147.015,147.026,146.856,146.947,1877
2025.07.11,06:00,146.946,147.180,146.911,147.076,2138
2025.07.11,07:00,147.077,147.106,146.822,146.860,2134
2025.07.11,08:00,146.859,146.935,146.728,146.916,2857
2025.07.11,09:00,146.913,146.917,146.718,146.848,2509
2025.07.11,10:00,146.847,146.995,146.748,146.980,2665
2025.07.11,11:00,146.979,147.080,146.920,147.005,2311
2025.07.11,12:00,147.004,147.016,146.766,146.811,2026
2025.07.11,13:00,146.810,147.028,146.764,147.018,2479
2025.07.11,14:00,147.019,147.089,146.783,146.967,2673
2025.07.11,15:00,146.965,147.278,146.899,147.278,3327
2025.07.11,16:00,147.281,147.517,147.269,147.331,3182
2025.07.11,17:00,147.334,147.427,147.255,147.287,2228
2025.07.11,18:00,147.286,147.401,147.248,147.362,1923
2025.07.11,19:00,147.361,147.413,147.313,147.386,1390
2025.07.11,20:00,147.385,147.444,147.344,147.440,1827
2025.07.11,21:00,147.439,147.473,147.367,147.369,1742
2025.07.13,23:00,147.098,147.197,147.094,147.139,288
2025.07.14,00:00,147.117,147.506,147.117,147.496,2092
2025.07.14,01:00,147.497,147.567,147.227,147.290,2422
2025.07.14,02:00,147.292,147.303,146.915,146.946,3041
2025.07.14,03:00,146.947,147.148,146.845,147.128,2718
2025.07.14,04:00,147.131,147.303,147.087,147.276,1887
2025.07.14,05:00,147.273,147.381,147.108,147.297,1970
2025.07.14,06:00,147.298,147.435,147.198,147.370,2105
2025.07.14,07:00,147.369,147.479,147.278,147.361,2264
2025.07.14,08:00,147.362,147.418,147.219,147.255,2703
2025.07.14,09:00,147.253,147.367,147.236,147.367,2451
2025.07.14,10:00,147.368,147.379,147.171,147.313,2705
2025.07.14,11:00,147.314,147.340,147.151,147.279,2249
2025.07.14,12:00,147.282,147.283,147.150,147.200,1894
2025.07.14,13:00,147.196,147.460,147.196,147.406,2276
2025.07.14,14:00,147.407,147.439,147.214,147.385,2678
2025.07.14,15:00,147.386,147.482,147.306,147.348,2957
2025.07.14,16:00,147.351,147.518,147.319,147.458,2706
2025.07.14,17:00,147.457,147.697,147.432,147.687,2568
2025.07.14,18:00,147.688,147.751,147.657,147.707,2459
2025.07.14,19:00,147.714,147.756,147.667,147.711,1671
2025.07.14,20:00,147.710,147.760,147.707,147.757,1966
2025.07.14,21:00,147.753,147.761,147.702,147.717,1438
2025.07.14,22:00,147.719,147.778,147.676,147.706,1072
2025.07.14,23:00,147.647,147.724,147.645,147.715,108
2025.07.15,00:00,147.716,147.786,147.677,147.759,710
2025.07.15,01:00,147.760,147.885,147.760,147.790,1387
2025.07.15,02:00,147.779,147.788,147.559,147.580,2616
2025.07.15,03:00,147.581,147.793,147.578,147.771,2213
2025.07.15,04:00,147.782,147.821,147.594,147.604,1805
2025.07.15,05:00,147.601,147.678,147.549,147.667,1470
2025.07.15,06:00,147.668,147.707,147.610,147.661,1176
2025.07.15,07:00,147.660,147.665,147.547,147.565,1550
2025.07.15,08:00,147.575,147.740,147.572,147.691,2216
2025.07.15,09:00,147.693,147.785,147.637,147.729,2339
2025.07.15,10:00,147.730,147.764,147.647,147.671,1975
2025.07.15,11:00,147.672,147.741,147.605,147.702,1874
2025.07.15,12:00,147.701,147.770,147.654,147.730,1479
2025.07.15,13:00,147.728,147.952,147.714,147.909,2073
2025.07.15,14:00,147.907,148.143,147.650,147.888,3675
2025.07.15,15:00,147.883,148.652,147.882,148.576,4135
2025.07.15,16:00,148.577,148.893,148.564,148.811,3847
2025.07.15,17:00,148.810,149.016,148.752,148.752,2855
2025.07.15,18:00,148.750,148.975,148.709,148.890,2384
2025.07.15,19:00,148.889,148.991,148.871,148.936,1967
2025.07.15,20:00,148.937,148.957,148.819,148.847,1818
2025.07.15,21:00,148.846,148.916,148.802,148.841,1463
2025.07.15,22:00,148.840,148.883,148.820,148.829,1210
2025.07.15,23:00,148.801,148.894,148.801,148.876,168
2025.07.16,00:00,148.841,148.920,148.834,148.878,906
2025.07.16,01:00,148.879,148.935,148.719,148.775,1825
2025.07.16,02:00,148.776,149.033,148.703,148.973,2783
2025.07.16,03:00,148.972,149.029,148.734,148.817,2487
2025.07.16,04:00,148.819,148.967,148.819,148.905,1858
2025.07.16,05:00,148.902,149.083,148.864,149.034,1613
2025.07.16,06:00,149.032,149.179,148.908,148.922,2098
2025.07.16,07:00,148.924,148.945,148.781,148.812,2347
2025.07.16,08:00,148.813,148.866,148.614,148.640,2784
2025.07.16,09:00,148.632,148.922,148.613,148.880,2312
2025.07.16,10:00,148.883,148.895,148.721,148.832,2187
2025.07.16,11:00,148.833,148.883,148.650,148.713,1963
2025.07.16,12:00,148.711,148.731,148.645,148.709,1655
2025.07.16,13:00,148.712,148.780,148.621,148.759,2212
2025.07.16,14:00,148.760,148.855,148.458,148.698,3675
2025.07.16,15:00,148.700,148.924,148.598,148.803,3631
2025.07.16,16:00,148.799,148.847,148.300,148.464,3449
2025.07.16,17:00,148.465,148.506,146.878,148.095,7352
2025.07.16,18:00,148.102,148.375,147.816,148.040,4539
2025.07.16,19:00,148.038,148.054,147.484,147.676,3155
2025.07.16,20:00,147.675,147.948,147.632,147.941,2382
2025.07.16,21:00,147.940,148.018,147.815,147.839,2087
2025.07.16,22:00,147.846,147.910,147.812,147.870,2000
2025.07.16,23:00,147.826,147.857,147.695,147.751,215
2025.07.17,00:00,147.731,147.929,147.719,147.875,1199
2025.07.17,01:00,147.876,148.056,147.764,147.988,1607
2025.07.17,02:00,147.993,148.420,147.981,148.379,2989
2025.07.17,03:00,148.378,148.488,148.273,148.329,2598
2025.07.17,04:00,148.338,148.495,148.338,148.450,2109
2025.07.17,05:00,148.449,148.656,148.436,148.542,2037
2025.07.17,06:00,148.544,148.608,148.404,148.413,1776
2025.07.17,07:00,148.415,148.490,148.361,148.477,1751
2025.07.17,08:00,148.474,148.798,148.447,148.621,3135
2025.07.17,09:00,148.629,148.762,148.587,148.717,2577
2025.07.17,10:00,148.716,148.779,148.580,148.581,2281
2025.07.17,11:00,148.580,148.768,148.517,148.747,2058
2025.07.17,12:00,148.748,148.829,148.610,148.635,2036
2025.07.17,13:00,148.636,148.796,148.597,148.761,2162
2025.07.17,14:00,148.760,149.084,148.593,148.710,3812
2025.07.17,15:00,148.709,148.747,148.452,148.578,3733
2025.07.17,16:00,148.573,148.652,148.375,148.475,3416
2025.07.17,17:00,148.473,148.606,148.445,148.548,2406
2025.07.17,18:00,148.554,148.696,148.472,148.620,2118
2025.07.17,19:00,148.619,148.667,148.557,148.654,2020
2025.07.17,20:00,148.653,148.750,148.639,148.723,1972
2025.07.17,21:00,148.720,148.748,148.546,148.580,1818
2025.07.17,22:00,148.582,148.615,148.550,148.596,1139
2025.07.17,23:00,148.544,148.586,148.507,148.526,159
2025.07.18,00:00,148.488,148.562,148.295,148.316,1221
2025.07.18,01:00,148.315,148.449,148.286,148.442,1321
2025.07.18,02:00,148.439,148.622,148.327,148.579,2723
2025.07.18,03:00,148.580,148.616,148.378,148.479,2228
2025.07.18,04:00,148.481,148.570,148.408,148.518,1912
2025.07.18,05:00,148.517,148.665,148.472,148.663,1918
2025.07.18,06:00,148.662,148.719,148.613,148.664,1642
2025.07.18,07:00,148.663,148.802,148.663,148.756,1950
2025.07.18,08:00,148.755,148.830,148.688,148.733,2510
2025.07.18,09:00,148.734,148.875,148.649,148.776,2256
2025.07.18,10:00,148.777,148.777,148.497,148.589,2191
2025.07.18,11:00,148.584,148.719,148.509,148.703,1919
2025.07.18,12:00,148.704,148.713,148.493,148.513,1935
2025.07.18,13:00,148.516,148.577,148.449,148.500,1976
2025.07.18,14:00,148.499,148.522,148.316,148.354,2542
2025.07.18,15:00,148.353,148.459,148.187,148.255,2909
2025.07.18,16:00,148.184,148.512,148.181,148.474,3140
2025.07.18,17:00,148.475,148.558,148.357,148.547,2425
2025.07.18,18:00,148.548,148.728,148.506,148.685,2363
2025.07.18,19:00,148.683,148.789,148.652,148.710,2016
2025.07.18,20:00,148.712,148.781,148.697,148.762,1704
2025.07.18,21:00,148.764,148.803,148.731,148.740,1607
2025.07.20,23:00,147.939,148.259,147.915,148.190,1088
2025.07.21,00:00,148.210,148.658,148.206,148.585,2898
2025.07.21,01:00,148.586,148.652,148.371,148.449,2101
2025.07.21,02:00,148.450,148.481,148.238,148.381,2487
2025.07.21,03:00,148.382,148.536,148.329,148.510,2430
2025.07.21,04:00,148.509,148.555,148.433,148.499,1687
2025.07.21,05:00,148.498,148.536,148.388,148.455,1412
2025.07.21,06:00,148.456,148.518,148.419,148.440,1233
2025.07.21,07:00,148.438,148.444,148.257,148.291,1845
2025.07.21,08:00,148.292,148.301,147.767,147.924,3451
2025.07.21,09:00,147.928,148.239,147.913,148.097,3001
2025.07.21,10:00,148.092,148.130,147.688,147.891,2556
2025.07.21,11:00,147.893,147.967,147.846,147.914,1945
2025.07.21,12:00,147.913,147.971,147.752,147.755,1840
2025.07.21,13:00,147.751,147.762,147.504,147.542,2439
2025.07.21,14:00,147.543,147.546,147.330,147.487,2516
2025.07.21,15:00,147.488,147.718,147.488,147.523,2775
2025.07.21,16:00,147.522,147.542,147.283,147.419,3136
2025.07.21,17:00,147.418,147.422,147.251,147.264,2535
2025.07.21,18:00,147.263,147.326,147.078,147.158,2220
2025.07.21,19:00,147.155,147.305,147.110,147.250,1818
2025.07.21,20:00,147.248,147.378,147.214,147.323,1469
2025.07.21,21:00,147.324,147.369,147.268,147.353,1640
2025.07.21,22:00,147.352,147.432,147.310,147.312,1253
2025.07.21,23:00,147.248,147.303,147.219,147.303,200
2025.07.22,00:00,147.283,147.409,147.283,147.394,682
2025.07.22,01:00,147.395,147.490,147.385,147.397,1305
2025.07.22,02:00,147.395,147.708,147.392,147.483,3062
2025.07.22,03:00,147.481,147.636,147.450,147.579,2048
2025.07.22,04:00,147.578,147.580,147.407,147.459,1601
2025.07.22,05:00,147.460,147.607,147.415,147.570,1628
2025.07.22,06:00,147.569,147.666,147.536,147.634,1521
2025.07.22,07:00,147.632,147.804,147.602,147.768,1745
2025.07.22,08:00,147.770,147.924,147.715,147.813,2255
2025.07.22,09:00,147.811,147.942,147.699,147.704,2146
2025.07.22,10:00,147.705,147.758,147.604,147.612,2222
2025.07.22,11:00,147.609,147.609,147.419,147.432,2014
2025.07.22,12:00,147.431,147.550,147.358,147.530,1489
2025.07.22,13:00,147.531,147.565,147.151,147.191,2276
2025.07.22,14:00,147.193,147.250,146.737,146.794,3086
2025.07.22,15:00,146.797,146.884,146.502,146.570,3505
2025.07.22,16:00,146.568,146.668,146.319,146.442,3667
2025.07.22,17:00,146.447,146.525,146.339,146.363,3104
2025.07.22,18:00,146.365,146.470,146.307,146.420,2174
2025.07.22,19:00,146.422,146.579,146.422,146.551,1848
2025.07.22,20:00,146.550,146.588,146.521,146.560,1605
2025.07.22,21:00,146.561,146.599,146.486,146.556,1413
2025.07.22,22:00,146.562,146.678,146.547,146.567,1225
2025.07.22,23:00,146.613,146.621,146.520,146.608,345
2025.07.23,00:00,146.618,146.772,146.613,146.688,950
2025.07.23,01:00,146.687,146.936,146.243,146.758,3414
2025.07.23,02:00,146.766,146.806,146.194,146.435,4145
2025.07.23,03:00,146.432,146.719,146.387,146.602,3572
2025.07.23,04:00,146.605,147.198,146.416,146.929,3508
2025.07.23,05:00,146.931,147.013,146.737,146.920,2215
2025.07.23,06:00,146.919,147.071,146.908,146.939,2124
2025.07.23,07:00,146.940,147.203,146.848,147.155,2658
2025.07.23,08:00,147.159,147.207,146.651,146.852,3658
2025.07.23,09:00,146.853,146.880,146.593,146.747,2802
2025.07.23,10:00,146.736,146.899,146.637,146.788,2565
2025.07.23,11:00,146.791,146.795,146.462,146.497,2299
2025.07.23,12:00,146.496,146.542,146.275,146.403,2136
2025.07.23,13:00,146.405,146.411,146.104,146.202,1977
2025.07.23,14:00,146.201,146.491,146.160,146.409,2333
2025.07.23,15:00,146.410,146.721,146.366,146.539,3195
2025.07.23,16:00,146.540,146.587,146.286,146.410,2585
2025.07.23,17:00,146.412,146.569,146.233,146.546,2645
2025.07.23,18:00,146.548,146.609,146.407,146.575,2957
2025.07.23,19:00,146.573,146.618,146.471,146.528,2177
2025.07.23,20:00,146.527,146.537,146.368,146.460,1780
2025.07.23,21:00,146.462,146.573,146.422,146.526,1561
2025.07.23,22:00,146.525,146.528,146.429,146.437,1286
2025.07.23,23:00,146.456,146.508,146.350,146.407,247
2025.07.24,00:00,146.391,146.520,146.391,146.445,921
2025.07.24,01:00,146.446,146.446,146.239,146.342,1828
2025.07.24,02:00,146.343,146.486,146.263,146.429,2965
2025.07.24,03:00,146.426,146.431,145.850,145.928,3375
2025.07.24,04:00,145.927,146.146,145.927,146.038,2267
2025.07.24,05:00,146.036,146.104,145.893,146.004,2239
2025.07.24,06:00,146.003,146.076,145.928,146.017,1866
2025.07.24,07:00,146.014,146.107,145.952,146.009,2333
2025.07.24,08:00,146.010,146.297,145.985,146.268,2843
2025.07.24,09:00,146.270,146.454,146.137,146.413,2762
2025.07.24,10:00,146.408,146.561,146.306,146.540,2553
2025.07.24,11:00,146.541,146.643,146.520,146.549,2476
2025.07.24,12:00,146.550,146.653,146.524,146.568,2046
2025.07.24,13:00,146.566,146.620,146.459,146.476,2116
2025.07.24,14:00,146.479,146.827,146.443,146.790,3052
2025.07.24,15:00,146.791,146.869,146.476,146.536,3887
2025.07.24,16:00,146.540,146.812,146.353,146.779,3636
2025.07.24,17:00,146.775,146.941,146.735,146.922,2879
2025.07.24,18:00,146.924,146.948,146.781,146.897,2365
2025.07.24,19:00,146.895,146.896,146.750,146.809,2044
2025.07.24,20:00,146.810,146.925,146.795,146.916,1994
2025.07.24,21:00,146.914,146.964,146.846,146.931,1951
2025.07.24,22:00,146.928,147.019,146.881,146.984,2156
2025.07.24,23:00,146.989,147.105,146.940,147.105,364
2025.07.25,00:00,147.078,147.231,147.026,147.051,1106
2025.07.25,01:00,147.056,147.112,146.958,147.003,1588
2025.07.25,02:00,146.987,147.336,146.987,147.204,2925
2025.07.25,03:00,147.205,147.456,147.158,147.358,2696
2025.07.25,04:00,147.360,147.487,147.345,147.412,2080
2025.07.25,05:00,147.413,147.434,147.186,147.215,1883
2025.07.25,06:00,147.210,147.268,147.095,147.136,1855
2025.07.25,07:00,147.135,147.155,146.812,146.932,1964
2025.07.25,08:00,146.924,147.090,146.843,147.053,3050
2025.07.25,09:00,147.052,147.410,147.037,147.377,2742
2025.07.25,10:00,147.376,147.821,147.355,147.750,3051
2025.07.25,11:00,147.751,147.888,147.724,147.865,2003
2025.07.25,12:00,147.868,147.896,147.747,147.769,1858
2025.07.25,13:00,147.770,147.934,147.640,147.673,2251
2025.07.25,14:00,147.672,147.930,147.600,147.850,2478
2025.07.25,15:00,147.845,147.915,147.598,147.665,4069
2025.07.25,16:00,147.651,147.758,147.523,147.725,3224
2025.07.25,17:00,147.726,147.801,147.655,147.780,2403
2025.07.25,18:00,147.778,147.831,147.726,147.754,1969
2025.07.25,19:00,147.755,147.775,147.652,147.672,1722
2025.07.25,20:00,147.673,147.679,147.543,147.557,1853
2025.07.25,21:00,147.559,147.612,147.527,147.612,1634
2025.07.27,23:00,147.646,147.737,147.644,147.676,627
2025.07.28,00:00,147.647,147.823,147.618,147.810,1450
2025.07.28,01:00,147.809,147.872,147.739,147.780,1630
2025.07.28,02:00,147.779,147.806,147.597,147.612,3022
2025.07.28,03:00,147.611,147.872,147.513,147.862,2522
2025.07.28,04:00,147.859,148.017,147.819,147.832,2153
2025.07.28,05:00,147.831,147.865,147.684,147.710,1807
2025.07.28,06:00,147.711,147.788,147.622,147.739,1721
2025.07.28,07:00,147.741,147.871,147.730,147.849,1992
2025.07.28,08:00,147.868,148.205,147.834,148.013,3287
2025.07.28,09:00,148.012,148.331,147.786,148.286,3216
2025.07.28,10:00,148.288,148.367,148.146,148.270,2760
2025.07.28,11:00,148.269,148.408,148.221,148.382,2474
2025.07.28,12:00,148.385,148.429,148.289,148.406,2238
2025.07.28,13:00,148.405,148.440,148.070,148.137,2461
2025.07.28,14:00,148.132,148.180,148.024,148.052,3015
2025.07.28,15:00,148.042,148.324,147.935,148.289,3271
2025.07.28,16:00,148.290,148.315,148.093,148.272,2884
2025.07.28,17:00,148.273,148.490,148.255,148.453,2743
2025.07.28,18:00,148.454,148.514,148.438,148.481,2032
2025.07.28,19:00,148.482,148.541,148.388,148.519,1968
2025.07.28,20:00,148.518,148.571,148.474,148.551,1714
2025.07.28,21:00,148.550,148.554,148.517,148.545,1311
2025.07.28,22:00,148.543,148.571,148.493,148.527,1012
2025.07.28,23:00,148.425,148.553,148.398,148.550,207
2025.07.29,00:00,148.546,148.579,148.487,148.498,799
2025.07.29,01:00,148.496,148.631,148.453,148.454,1242
2025.07.29,02:00,148.455,148.706,148.436,148.679,2672
2025.07.29,03:00,148.680,148.699,148.466,148.586,2482
2025.07.29,04:00,148.585,148.585,148.285,148.341,2130
2025.07.29,05:00,148.340,148.444,148.306,148.351,1759
2025.07.29,06:00,148.352,148.492,148.325,148.342,1753
2025.07.29,07:00,148.343,148.402,148.169,148.235,1888
2025.07.29,08:00,148.241,148.536,148.151,148.514,3086
2025.07.29,09:00,148.513,148.746,148.485,148.574,3109
2025.07.29,10:00,148.575,148.601,148.350,148.547,2516
2025.07.29,11:00,148.549,148.569,148.446,148.548,2208
2025.07.29,12:00,148.547,148.609,148.380,148.539,1994
2025.07.29,13:00,148.540,148.750,148.511,148.711,2238
2025.07.29,14:00,148.712,148.767,148.600,148.697,2762
2025.07.29,15:00,148.699,148.802,148.524,148.549,2801
2025.07.29,16:00,148.533,148.742,148.431,148.475,3550
2025.07.29,17:00,148.469,148.616,148.348,148.571,2908
2025.07.29,18:00,148.567,148.598,148.449,148.556,2390
2025.07.29,19:00,148.557,148.579,148.333,148.483,2461
2025.07.29,20:00,148.482,148.551,148.425,148.425,1914
2025.07.29,21:00,148.424,148.500,148.342,148.496,1780
2025.07.29,22:00,148.498,148.507,148.442,148.448,984
2025.07.29,23:00,148.416,148.479,148.413,148.433,247
2025.07.30,00:00,148.431,148.492,148.431,148.468,614
2025.07.30,01:00,148.467,148.521,148.413,148.420,932
2025.07.30,02:00,148.409,148.446,148.031,148.053,3026
2025.07.30,03:00,148.049,148.158,147.939,148.140,2715
2025.07.30,04:00,148.151,148.151,148.025,148.041,2037
2025.07.30,05:00,148.040,148.040,147.840,147.969,2075
2025.07.30,06:00,147.967,148.166,147.962,148.151,1609
2025.07.30,07:00,148.153,148.166,147.851,148.020,2175
2025.07.30,08:00,148.030,148.126,147.855,147.890,2981
2025.07.30,09:00,147.898,148.077,147.800,148.077,2678
2025.07.30,10:00,148.078,148.111,147.918,147.956,2387
2025.07.30,11:00,147.955,148.065,147.851,148.032,2321
2025.07.30,12:00,148.034,148.289,147.976,148.169,2189
2025.07.30,13:00,148.168,148.355,148.110,148.305,1991
2025.07.30,14:00,148.303,148.877,148.257,148.848,3935
2025.07.30,15:00,148.849,149.094,148.826,149.049,3566
2025.07.30,16:00,149.051,149.052,148.866,148.921,2815
2025.07.30,17:00,148.922,149.108,148.843,149.072,2502
2025.07.30,18:00,149.071,149.127,148.922,148.928,2009
2025.07.30,19:00,148.927,148.927,148.733,148.733,1937
2025.07.30,20:00,148.713,149.349,148.519,149.346,5354
2025.07.30,21:00,149.342,149.431,149.220,149.405,3361
2025.07.30,22:00,149.406,149.562,149.358,149.499,1856
2025.07.30,23:00,149.473,149.484,149.425,149.457,282
2025.07.31,00:00,149.440,149.465,149.296,149.311,1272
2025.07.31,01:00,149.310,149.391,149.206,149.217,1610
2025.07.31,02:00,149.220,149.388,149.175,149.301,2593
2025.07.31,03:00,149.302,149.334,148.960,148.969,2377
2025.07.31,04:00,148.972,148.995,148.635,148.830,1917
2025.07.31,05:00,148.825,148.916,148.584,148.741,2434
2025.07.31,06:00,148.742,148.953,148.729,148.883,2182
2025.07.31,07:00,148.884,148.922,148.737,148.783,2131
2025.07.31,08:00,148.781,149.086,148.679,148.877,3864
2025.07.31,09:00,148.871,149.717,148.849,149.393,3730
2025.07.31,10:00,149.389,149.693,149.295,149.630,3153
2025.07.31,11:00,149.632,149.953,149.617,149.947,2708
2025.07.31,12:00,149.949,150.037,149.869,149.945,2440
2025.07.31,13:00,149.938,150.099,149.809,149.872,2916
2025.07.31,14:00,149.884,150.256,149.807,150.185,3542
2025.07.31,15:00,150.184,150.579,150.171,150.562,3353
2025.07.31,16:00,150.564,150.627,150.373,150.473,3850
2025.07.31,17:00,150.472,150.598,150.342,150.596,3289
2025.07.31,18:00,150.602,150.785,150.589,150.679,2615
2025.07.31,19:00,150.685,150.718,150.555,150.657,2455
2025.07.31,20:00,150.658,150.780,150.658,150.752,2211
2025.07.31,21:00,150.757,150.796,150.688,150.792,2009
2025.07.31,22:00,150.784,150.838,150.733,150.734,1889
2025.07.31,23:00,150.734,150.749,150.674,150.693,189
2025.08.01,00:00,150.681,150.798,150.674,150.741,1207
2025.08.01,01:00,150.740,150.878,150.636,150.805,2102
2025.08.01,02:00,150.816,150.893,150.589,150.731,2872
2025.08.01,03:00,150.732,150.914,150.628,150.901,2870
2025.08.01,04:00,150.900,150.907,150.705,150.758,2305
2025.08.01,05:00,150.759,150.773,150.548,150.583,2029
2025.08.01,06:00,150.581,150.654,150.547,150.602,1440
2025.08.01,07:00,150.603,150.653,150.410,150.469,1916
2025.08.01,08:00,150.470,150.643,150.445,150.599,2849
2025.08.01,09:00,150.593,150.618,150.452,150.534,2877
2025.08.01,10:00,150.530,150.622,150.503,150.605,2221
2025.08.01,11:00,150.598,150.626,150.413,150.502,2233
2025.08.01,12:00,150.497,150.508,150.316,150.354,2310
2025.08.01,13:00,150.357,150.523,150.277,150.514,2338
2025.08.01,14:00,150.511,150.592,148.560,148.630,5683
2025.08.01,15:00,148.604,148.653,147.985,148.131,6457
2025.08.01,16:00,147.989,148.220,147.483,148.084,6171
2025.08.01,17:00,148.085,148.180,147.925,148.049,4194
2025.08.01,18:00,148.052,148.104,147.778,147.822,3095
2025.08.01,19:00,147.821,147.944,147.722,147.873,3103
2025.08.01,20:00,147.871,147.895,147.676,147.846,2851
2025.08.01,21:00,147.845,147.857,147.322,147.435,3202
2025.08.03,23:00,147.184,147.256,147.130,147.207,328
2025.08.04,00:00,147.180,147.291,147.052,147.240,2114
2025.08.04,01:00,147.239,147.381,147.111,147.338,2326
2025.08.04,02:00,147.343,147.689,147.266,147.650,3589
2025.08.04,03:00,147.653,147.902,147.617,147.762,2848
2025.08.04,04:00,147.757,147.870,147.623,147.790,2261
2025.08.04,05:00,147.789,147.789,147.583,147.687,2035
2025.08.04,06:00,147.686,147.701,147.551,147.680,1802
2025.08.04,07:00,147.682,147.865,147.650,147.779,2150
2025.08.04,08:00,147.774,147.840,147.527,147.638,3047
2025.08.04,09:00,147.637,148.039,147.593,147.880,3261
2025.08.04,10:00,147.874,148.083,147.859,147.890,3009
2025.08.04,11:00,147.888,147.939,147.674,147.808,2579
2025.08.04,12:00,147.805,147.847,147.559,147.573,2370
2025.08.04,13:00,147.568,147.592,147.338,147.339,2985
2025.08.04,14:00,147.336,147.432,147.006,147.188,3128
2025.08.04,15:00,147.186,147.315,146.951,147.082,3657
2025.08.04,16:00,147.076,147.255,146.859,147.225,3968
2025.08.04,17:00,147.226,147.350,147.041,147.093,3171
2025.08.04,18:00,147.091,147.210,146.999,147.036,2450
2025.08.04,19:00,147.032,147.092,146.957,146.965,2146
2025.08.04,20:00,146.961,147.002,146.905,146.940,2257
2025.08.04,21:00,146.941,147.053,146.907,147.024,1846
2025.08.04,22:00,147.022,147.104,146.946,147.072,1700
2025.08.04,23:00,147.048,147.088,146.978,147.061,213
2025.08.05,00:00,147.044,147.057,146.859,146.910,1189
2025.08.05,01:00,146.909,146.929,146.690,146.789,1831
2025.08.05,02:00,146.790,147.030,146.615,146.923,3038
2025.08.05,03:00,146.922,147.109,146.880,147.047,2749
2025.08.05,04:00,147.050,147.224,147.036,147.182,2300
2025.08.05,05:00,147.183,147.256,147.130,147.209,1636
2025.08.05,06:00,147.210,147.255,146.999,147.081,1662
2025.08.05,07:00,147.080,147.236,147.056,147.169,2044
2025.08.05,08:00,147.168,147.336,147.025,147.322,2693
2025.08.05,09:00,147.320,147.483,147.156,147.381,2763
2025.08.05,10:00,147.383,147.630,147.331,147.578,2635
2025.08.05,11:00,147.577,147.634,147.447,147.621,2329
2025.08.05,12:00,147.622,147.774,147.577,147.610,1930
2025.08.05,13:00,147.617,147.691,147.542,147.627,2052
2025.08.05,14:00,147.626,147.749,147.540,147.655,2993
2025.08.05,15:00,147.659,147.830,147.502,147.697,3328
2025.08.05,16:00,147.517,147.727,147.350,147.443,4478
2025.08.05,17:00,147.444,147.564,147.298,147.491,3303
2025.08.05,18:00,147.488,147.587,147.423,147.541,2382
2025.08.05,19:00,147.540,147.648,147.478,147.616,2026
2025.08.05,20:00,147.615,147.676,147.587,147.603,2009
2025.08.05,21:00,147.602,147.699,147.577,147.603,1523
2025.08.05,22:00,147.604,147.614,147.496,147.606,1304
2025.08.05,23:00,147.536,147.596,147.498,147.569,229
2025.08.06,00:00,147.540,147.634,147.533,147.557,903
2025.08.06,01:00,147.559,147.641,147.513,147.522,1266
2025.08.06,02:00,147.523,147.617,147.444,147.580,2495
2025.08.06,03:00,147.579,147.724,147.579,147.690,2141
2025.08.06,04:00,147.691,147.744,147.523,147.550,2103
2025.08.06,05:00,147.549,147.553,147.330,147.395,1852
2025.08.06,06:00,147.396,147.441,147.303,147.340,1431
2025.08.06,07:00,147.341,147.539,147.331,147.447,1649
2025.08.06,08:00,147.450,147.546,147.357,147.545,2651
2025.08.06,09:00,147.547,147.688,147.526,147.559,2258
2025.08.06,10:00,147.553,147.840,147.552,147.801,2486
2025.08.06,11:00,147.803,147.881,147.710,147.819,2181
2025.08.06,12:00,147.822,147.837,147.557,147.575,2465
2025.08.06,13:00,147.577,147.650,147.435,147.534,2074
2025.08.06,14:00,147.535,147.590,147.404,147.437,2502
2025.08.06,15:00,147.438,147.448,147.237,147.239,2976
2025.08.06,16:00,147.242,147.430,147.242,147.385,3005
2025.08.06,17:00,147.388,147.655,147.207,147.253,3419
2025.08.06,18:00,147.250,147.415,147.209,147.343,2612
2025.08.06,19:00,147.344,147.398,147.216,147.236,2566
2025.08.06,20:00,147.237,147.269,146.973,147.061,2469
2025.08.06,21:00,147.062,147.181,147.062,147.178,1738
2025.08.06,22:00,147.181,147.630,147.160,147.353,2026
2025.08.06,23:00,147.287,147.455,147.287,147.344,714
2025.08.07,00:00,147.305,147.352,147.199,147.210,1148
2025.08.07,01:00,147.226,147.247,147.148,147.189,1405
2025.08.07,02:00,147.184,147.594,147.166,147.577,2958
2025.08.07,03:00,147.580,147.680,147.477,147.488,2747
2025.08.07,04:00,147.487,147.572,147.442,147.560,1673
2025.08.07,05:00,147.562,147.706,147.477,147.506,2045
2025.08.07,06:00,147.507,147.526,147.264,147.298,1881
2025.08.07,07:00,147.300,147.341,147.209,147.272,2003
2025.08.07,08:00,147.268,147.298,146.795,146.851,3163
2025.08.07,09:00,146.850,146.957,146.686,146.800,2989
2025.08.07,10:00,146.804,147.178,146.775,147.128,3375
2025.08.07,11:00,147.125,147.347,147.111,147.340,2179
2025.08.07,12:00,147.341,147.398,147.279,147.324,2082
2025.08.07,13:00,147.329,147.490,147.252,147.306,2955
2025.08.07,14:00,147.305,147.387,147.017,147.283,3548
2025.08.07,15:00,147.281,147.312,147.108,147.271,3599
2025.08.07,16:00,147.273,147.537,147.192,147.487,4075
2025.08.07,17:00,147.486,147.580,147.320,147.362,2819
2025.08.07,18:00,147.349,147.430,147.300,147.358,2096
2025.08.07,19:00,147.356,147.466,147.355,147.415,2209
2025.08.07,20:00,147.413,147.562,147.383,147.562,1997
2025.08.07,21:00,147.561,147.562,146.935,147.077,2675
2025.08.07,22:00,147.075,147.147,146.954,147.065,1800
2025.08.07,23:00,147.042,147.104,146.992,146.998,153
2025.08.08,00:00,146.978,147.062,146.810,146.946,1832
2025.08.08,01:00,146.944,146.955,146.755,146.802,2037
2025.08.08,02:00,146.782,147.189,146.717,147.143,3254
2025.08.08,03:00,147.142,147.368,147.128,147.275,2133
2025.08.08,04:00,147.282,147.309,147.153,147.195,1697
2025.08.08,05:00,147.196,147.303,147.163,147.187,1591
2025.08.08,06:00,147.186,147.205,147.110,147.153,1671
2025.08.08,07:00,147.161,147.413,147.145,147.404,2376
2025.08.08,08:00,147.406,147.445,147.241,147.321,2644
2025.08.08,09:00,147.320,147.389,147.130,147.319,2620
2025.08.08,10:00,147.311,147.689,147.155,147.643,2935
2025.08.08,11:00,147.642,147.720,147.541,147.699,2737
2025.08.08,12:00,147.706,147.832,147.637,147.799,2187
2025.08.08,13:00,147.796,147.845,147.706,147.807,2281
2025.08.08,14:00,147.814,147.888,147.632,147.839,3087
2025.08.08,15:00,147.840,147.897,147.642,147.874,3006
2025.08.08,16:00,147.881,147.894,147.685,147.812,3088
2025.08.08,17:00,147.813,147.828,147.631,147.700,2546
2025.08.08,18:00,147.702,147.831,147.673,147.734,2178
2025.08.08,19:00,147.733,147.746,147.655,147.740,1922
2025.08.08,20:00,147.733,147.772,147.627,147.660,2674
2025.08.08,21:00,147.662,147.814,147.641,147.751,2196
2025.08.10,23:00,147.385,147.651,147.381,147.565,2170
2025.08.11,00:00,147.574,147.784,147.574,147.729,1069
2025.08.11,01:00,147.727,147.767,147.621,147.652,1183
2025.08.11,02:00,147.651,147.739,147.569,147.655,2025
2025.08.11,03:00,147.659,147.711,147.588,147.607,2026
2025.08.11,04:00,147.609,147.613,147.517,147.553,1500
2025.08.11,05:00,147.554,147.596,147.427,147.474,1487
2025.08.11,06:00,147.473,147.489,147.423,147.477,1393
2025.08.11,07:00,147.478,147.528,147.470,147.516,1549
2025.08.11,08:00,147.518,147.603,147.467,147.587,2078
2025.08.11,09:00,147.586,147.657,147.352,147.384,2252
2025.08.11,10:00,147.382,147.544,147.345,147.502,2362
2025.08.11,11:00,147.517,147.702,147.480,147.685,2043
2025.08.11,12:00,147.679,147.739,147.663,147.730,1491
2025.08.11,13:00,147.731,147.940,147.715,147.862,2211
2025.08.11,14:00,147.858,147.944,147.803,147.805,2456
2025.08.11,15:00,147.804,147.938,147.782,147.881,2691
2025.08.11,16:00,147.880,148.068,147.870,148.043,2828
2025.08.11,17:00,148.044,148.108,147.939,147.992,2285
2025.08.11,18:00,147.990,148.023,147.907,147.986,1795
2025.08.11,19:00,147.981,148.063,147.966,147.989,2235
2025.08.11,20:00,147.988,148.161,147.978,148.131,1849
2025.08.11,21:00,148.129,148.235,148.117,148.224,1571
2025.08.11,22:00,148.226,148.248,148.091,148.132,1129
2025.08.11,23:00,148.011,148.131,147.966,148.099,320
2025.08.12,00:00,148.082,148.232,148.078,148.190,858
2025.08.12,01:00,148.207,148.217,148.115,148.146,948
2025.08.12,02:00,148.147,148.427,148.127,148.401,2748
2025.08.12,03:00,148.402,148.402,148.205,148.298,2082
2025.08.12,04:00,148.299,148.338,148.254,148.291,1566
2025.08.12,05:00,148.290,148.439,148.264,148.411,1603
2025.08.12,06:00,148.412,148.440,148.342,148.349,1606
2025.08.12,07:00,148.348,148.398,148.232,148.333,2435
2025.08.12,08:00,148.335,148.397,148.142,148.266,2627
2025.08.12,09:00,148.263,148.363,148.201,148.259,2324
2025.08.12,10:00,148.260,148.461,148.256,148.421,1945
2025.08.12,11:00,148.420,148.478,148.346,148.466,1869
2025.08.12,12:00,148.468,148.477,148.365,148.461,1537
2025.08.12,13:00,148.460,148.490,148.437,148.437,1913
2025.08.12,14:00,148.434,148.515,147.853,148.034,4550
2025.08.12,15:00,148.037,148.441,147.907,148.199,4927
2025.08.12,16:00,148.198,148.396,148.070,148.156,3974
2025.08.12,17:00,148.155,148.172,147.574,147.801,3559
2025.08.12,18:00,147.802,147.856,147.653,147.708,2833
2025.08.12,19:00,147.706,147.790,147.684,147.761,2601
2025.08.12,20:00,147.773,147.800,147.687,147.731,1789
2025.08.12,21:00,147.732,147.779,147.694,147.755,1431
2025.08.12,22:00,147.754,147.869,147.743,147.828,1110
2025.08.12,23:00,147.746,147.853,147.688,147.828,319
2025.08.13,00:00,147.829,147.843,147.760,147.788,747
2025.08.13,01:00,147.787,147.815,147.730,147.770,1103
2025.08.13,02:00,147.769,147.889,147.696,147.796,2587
2025.08.13,03:00,147.795,148.083,147.727,148.050,2451
2025.08.13,04:00,148.051,148.163,148.023,148.040,1955
2025.08.13,05:00,148.042,148.103,147.957,147.997,1779
2025.08.13,06:00,147.999,148.097,147.926,147.926,2025
2025.08.13,07:00,147.925,148.004,147.891,147.926,1785
2025.08.13,08:00,147.929,147.942,147.716,147.778,2491
2025.08.13,09:00,147.781,147.789,147.397,147.522,2531
2025.08.13,10:00,147.525,147.529,147.197,147.263,2611
2025.08.13,11:00,147.262,147.266,147.174,147.212,1990
2025.08.13,12:00,147.211,147.412,147.185,147.405,1911
2025.08.13,13:00,147.402,147.562,147.269,147.277,2376
2025.08.13,14:00,147.278,147.486,147.152,147.403,2901
2025.08.13,15:00,147.402,147.428,147.185,147.193,2760
2025.08.13,16:00,147.201,147.244,147.095,147.142,3053
2025.08.13,17:00,147.141,147.307,147.088,147.243,2555
2025.08.13,18:00,147.244,147.345,147.210,147.341,1778
2025.08.13,19:00,147.343,147.420,147.315,147.385,1954
2025.08.13,20:00,147.384,147.508,147.384,147.427,1825
2025.08.13,21:00,147.429,147.469,147.380,147.441,1718
2025.08.13,22:00,147.445,147.453,147.318,147.362,1306
2025.08.13,23:00,147.320,147.386,147.283,147.294,132
2025.08.14,00:00,147.273,147.360,147.246,147.257,724
2025.08.14,01:00,147.254,147.254,147.110,147.117,1139
2025.08.14,02:00,147.116,147.118,146.615,146.680,3466
2025.08.14,03:00,146.687,146.687,146.368,146.493,3511
2025.08.14,04:00,146.494,146.729,146.494,146.694,2746
2025.08.14,05:00,146.695,146.746,146.538,146.543,2175
2025.08.14,06:00,146.547,146.561,146.332,146.379,2132
2025.08.14,07:00,146.380,146.563,146.380,146.463,2281
2025.08.14,08:00,146.463,146.519,146.208,146.478,3233
2025.08.14,09:00,146.477,146.579,146.306,146.546,3203
2025.08.14,10:00,146.547,146.628,146.419,146.547,2620
2025.08.14,11:00,146.546,146.648,146.431,146.626,2339
2025.08.14,12:00,146.629,146.664,146.428,146.521,2264
2025.08.14,13:00,146.524,146.624,146.431,146.491,2185
2025.08.14,14:00,146.485,147.101,146.421,146.948,4265
2025.08.14,15:00,146.949,147.413,146.942,147.412,4250
2025.08.14,16:00,147.411,147.554,147.359,147.476,3438
2025.08.14,17:00,147.477,147.799,147.470,147.687,3334
2025.08.14,18:00,147.685,147.887,147.683,147.843,2561
2025.08.14,19:00,147.844,147.902,147.746,147.862,2026
2025.08.14,20:00,147.859,147.953,147.847,147.871,2045
2025.08.14,21:00,147.872,147.874,147.763,147.774,1732
2025.08.14,22:00,147.776,147.778,147.723,147.766,1355
2025.08.14,23:00,147.798,147.859,147.734,147.768,546
2025.08.15,00:00,147.736,147.802,147.736,147.771,748
2025.08.15,01:00,147.770,147.864,147.660,147.679,1182
2025.08.15,02:00,147.682,147.722,147.461,147.478,2343
2025.08.15,03:00,147.476,147.509,147.196,147.280,2489
2025.08.15,04:00,147.281,147.387,147.245,147.281,1893
2025.08.15,05:00,147.280,147.292,147.175,147.222,1833
2025.08.15,06:00,147.221,147.228,147.110,147.134,1404
2025.08.15,07:00,147.135,147.167,147.042,147.146,1614
2025.08.15,08:00,147.150,147.217,147.043,147.093,2907
2025.08.15,09:00,147.091,147.217,146.973,147.001,2382
2025.08.15,10:00,147.000,147.006,146.849,146.852,2478
2025.08.15,11:00,146.851,146.908,146.752,146.889,2031
2025.08.15,12:00,146.888,146.962,146.798,146.948,1548
2025.08.15,13:00,146.952,147.053,146.905,146.984,1752
2025.08.15,14:00,146.981,147.267,146.735,146.885,3445
2025.08.15,15:00,146.884,147.094,146.764,146.961,3640
2025.08.15,16:00,146.933,147.043,146.795,146.844,3199
2025.08.15,17:00,146.851,147.039,146.809,147.001,2450
2025.08.15,18:00,147.002,147.260,146.999,147.195,2175
2025.08.15,19:00,147.196,147.326,147.194,147.234,1860
2025.08.15,20:00,147.232,147.305,147.198,147.204,1804
2025.08.15,21:00,147.205,147.248,147.188,147.232,1743
2025.08.17,23:00,147.089,147.216,147.085,147.203,1774
2025.08.18,00:00,147.200,147.209,147.076,147.170,842
2025.08.18,01:00,147.169,147.379,147.165,147.227,1423
2025.08.18,02:00,147.226,147.458,147.224,147.421,2840
2025.08.18,03:00,147.423,147.579,147.330,147.332,2193
2025.08.18,04:00,147.330,147.519,147.297,147.464,1573
2025.08.18,05:00,147.463,147.479,147.331,147.381,1464
2025.08.18,06:00,147.382,147.502,147.350,147.374,1580
2025.08.18,07:00,147.373,147.449,147.330,147.379,1527
2025.08.18,08:00,147.380,147.493,147.315,147.372,2446
2025.08.18,09:00,147.371,147.465,147.115,147.450,2604
2025.08.18,10:00,147.456,147.516,147.250,147.336,2400
2025.08.18,11:00,147.335,147.467,147.276,147.408,1953
2025.08.18,12:00,147.409,147.465,147.359,147.420,1691
2025.08.18,13:00,147.421,147.565,147.366,147.549,1881
2025.08.18,14:00,147.547,147.788,147.512,147.721,2443
2025.08.18,15:00,147.720,147.912,147.709,147.813,2575
2025.08.18,16:00,147.816,147.974,147.684,147.937,2696
2025.08.18,17:00,147.938,147.980,147.731,147.754,2291
2025.08.18,18:00,147.757,147.800,147.674,147.785,1800
2025.08.18,19:00,147.784,147.821,147.656,147.796,1760
2025.08.18,20:00,147.798,147.859,147.739,147.854,1582
2025.08.18,21:00,147.855,147.880,147.820,147.820,1262
2025.08.18,22:00,147.819,147.921,147.803,147.877,1083
2025.08.18,23:00,147.753,147.830,147.719,147.798,309
2025.08.19,00:00,147.798,147.881,147.754,147.873,1159
2025.08.19,01:00,147.872,147.975,147.872,147.916,1397
2025.08.19,02:00,147.915,147.977,147.767,147.771,3003
2025.08.19,03:00,147.770,148.106,147.616,147.741,3563
2025.08.19,04:00,147.744,147.822,147.658,147.802,2577
2025.08.19,05:00,147.803,147.870,147.716,147.824,2734
2025.08.19,06:00,147.824,147.864,147.737,147.755,2038
2025.08.19,07:00,147.754,147.771,147.613,147.642,1720
2025.08.19,08:00,147.635,147.701,147.565,147.597,2453
2025.08.19,09:00,147.595,147.704,147.530,147.700,2128
2025.08.19,10:00,147.701,147.744,147.617,147.659,2090
2025.08.19,11:00,147.658,147.808,147.616,147.758,1855
2025.08.19,12:00,147.761,147.763,147.596,147.709,1769
2025.08.19,13:00,147.708,147.815,147.644,147.705,1776
2025.08.19,14:00,147.704,147.846,147.695,147.774,2554
2025.08.19,15:00,147.777,147.892,147.631,147.646,2671
2025.08.19,16:00,147.648,147.799,147.547,147.724,2739
2025.08.19,17:00,147.723,147.786,147.625,147.720,2338
2025.08.19,18:00,147.717,147.717,147.553,147.619,1950
2025.08.19,19:00,147.620,147.640,147.440,147.471,1981
2025.08.19,20:00,147.469,147.572,147.447,147.507,1885
2025.08.19,21:00,147.506,147.583,147.454,147.579,1362
2025.08.19,22:00,147.581,147.694,147.581,147.663,1263
2025.08.19,23:00,147.578,147.650,147.527,147.569,349
2025.08.20,00:00,147.542,147.645,147.520,147.600,838
2025.08.20,01:00,147.596,147.751,147.596,147.732,1329
2025.08.20,02:00,147.735,147.813,147.499,147.562,2469
2025.08.20,03:00,147.564,147.660,147.419,147.493,2665
2025.08.20,04:00,147.492,147.617,147.474,147.576,2243
2025.08.20,05:00,147.580,147.584,147.451,147.523,1871
2025.08.20,06:00,147.525,147.602,147.453,147.576,1253
2025.08.20,07:00,147.575,147.575,147.394,147.458,1505
2025.08.20,08:00,147.456,147.467,147.134,147.372,2996
2025.08.20,09:00,147.375,147.691,147.325,147.622,2523
2025.08.20,10:00,147.623,147.638,147.520,147.581,1843
2025.08.20,11:00,147.580,147.586,147.417,147.474,1361
2025.08.20,12:00,147.473,147.489,147.364,147.446,1315
2025.08.20,13:00,147.443,147.542,147.411,147.533,1326
2025.08.20,14:00,147.529,147.530,147.235,147.270,2572
2025.08.20,15:00,147.271,147.435,147.079,147.150,2909
2025.08.20,16:00,147.151,147.250,146.867,146.990,3600
2025.08.20,17:00,146.991,147.204,146.945,147.190,2403
2025.08.20,18:00,147.186,147.226,147.094,147.113,1732
2025.08.20,19:00,147.111,147.136,147.008,147.025,1553
2025.08.20,20:00,147.009,147.281,147.001,147.264,1842
2025.08.20,21:00,147.266,147.350,147.235,147.339,1408
2025.08.20,22:00,147.341,147.489,147.291,147.309,955
2025.08.20,23:00,147.263,147.351,147.232,147.309,670
2025.08.21,00:00,147.294,147.364,147.251,147.341,965
2025.08.21,01:00,147.340,147.408,147.295,147.299,1307
2025.08.21,02:00,147.300,147.457,147.251,147.380,2960
2025.08.21,03:00,147.383,147.502,147.309,147.421,2389
2025.08.21,04:00,147.422,147.449,147.251,147.338,1950
2025.08.21,05:00,147.339,147.442,147.286,147.414,1455
2025.08.21,06:00,147.417,147.426,147.341,147.380,1096
2025.08.21,07:00,147.378,147.494,147.367,147.422,1418
2025.08.21,08:00,147.423,147.572,147.338,147.557,2805
2025.08.21,09:00,147.556,147.635,147.506,147.591,2260
2025.08.21,10:00,147.580,147.620,147.551,147.583,1891
2025.08.21,11:00,147.582,147.691,147.478,147.666,1717
2025.08.21,12:00,147.668,147.886,147.654,147.843,1788
2025.08.21,13:00,147.842,147.928,147.816,147.918,1903
2025.08.21,14:00,147.912,147.925,147.575,147.752,2931
2025.08.21,15:00,147.759,147.935,147.578,147.797,3303
2025.08.21,16:00,147.800,148.165,147.792,148.152,3411
2025.08.21,17:00,148.154,148.399,148.077,148.352,3279
2025.08.21,18:00,148.353,148.390,148.273,148.282,1825
2025.08.21,19:00,148.283,148.301,148.167,148.266,1623
2025.08.21,20:00,148.267,148.344,148.228,148.343,1503
2025.08.21,21:00,148.342,148.401,148.341,148.373,1221
2025.08.21,22:00,148.374,148.378,148.315,148.356,1036
2025.08.21,23:00,148.272,148.375,148.180,148.347,653
2025.08.22,00:00,148.350,148.376,148.314,148.331,738
2025.08.22,01:00,148.332,148.450,148.290,148.382,1441
2025.08.22,02:00,148.383,148.501,148.277,148.469,2771
2025.08.22,03:00,148.471,148.680,148.406,148.548,2216
2025.08.22,04:00,148.545,148.554,148.453,148.483,1613
2025.08.22,05:00,148.481,148.711,148.480,148.673,1726
2025.08.22,06:00,148.674,148.758,148.643,148.739,1377
2025.08.22,07:00,148.741,148.774,148.583,148.659,1673
2025.08.22,08:00,148.668,148.701,148.416,148.511,2624
2025.08.22,09:00,148.510,148.618,148.408,148.599,1860
2025.08.22,10:00,148.601,148.669,148.540,148.632,1819
2025.08.22,11:00,148.633,148.706,148.597,148.700,1674
2025.08.22,12:00,148.701,148.729,148.618,148.628,1340
2025.08.22,13:00,148.627,148.735,148.594,148.704,1750
2025.08.22,14:00,148.705,148.716,148.599,148.700,2192
2025.08.22,15:00,148.704,148.714,148.490,148.609,2325
2025.08.22,16:00,148.593,148.593,146.798,146.849,6450
2025.08.22,17:00,146.850,146.887,146.568,146.820,3910
2025.08.22,18:00,146.826,146.846,146.646,146.698,2639
2025.08.22,19:00,146.699,146.731,146.574,146.641,2174
2025.08.22,20:00,146.642,146.871,146.599,146.860,1959
2025.08.22,21:00,146.859,146.997,146.839,146.958,1543
2025.08.24,23:00,146.779,146.925,146.771,146.909,4615
2025.08.25,00:00,146.903,147.060,146.832,147.058,1457
2025.08.25,01:00,147.059,147.298,147.041,147.265,1622
2025.08.25,02:00,147.259,147.522,147.246,147.384,2956
2025.08.25,03:00,147.387,147.456,147.250,147.392,2335
2025.08.25,04:00,147.391,147.510,147.390,147.433,1653
2025.08.25,05:00,147.432,147.432,147.299,147.338,1361
2025.08.25,06:00,147.337,147.352,147.203,147.228,1271
2025.08.25,07:00,147.227,147.371,147.227,147.295,1399
2025.08.25,08:00,147.285,147.312,147.091,147.158,2342
2025.08.25,09:00,147.157,147.364,147.136,147.331,1977
2025.08.25,10:00,147.334,147.365,147.253,147.282,1666
2025.08.25,11:00,147.281,147.378,147.219,147.344,1394
2025.08.25,12:00,147.342,147.443,147.316,147.435,1490
2025.08.25,13:00,147.433,147.441,147.283,147.316,1561
2025.08.25,14:00,147.312,147.444,147.307,147.376,1996
2025.08.25,15:00,147.375,147.538,147.295,147.295,2514
2025.08.25,16:00,147.297,147.490,147.286,147.485,2423
2025.08.25,17:00,147.483,147.667,147.396,147.608,2505
2025.08.25,18:00,147.607,147.625,147.512,147.532,2006
2025.08.25,19:00,147.531,147.591,147.497,147.559,1996
2025.08.25,20:00,147.556,147.820,147.534,147.800,2254
2025.08.25,21:00,147.793,147.933,147.785,147.817,2121
2025.08.25,22:00,147.816,147.819,147.660,147.753,1418
2025.08.25,23:00,147.746,147.752,147.646,147.669,850
2025.08.26,00:00,147.685,147.786,147.641,147.724,1225
2025.08.26,01:00,147.723,147.847,147.687,147.808,1526
2025.08.26,02:00,147.807,147.871,146.982,147.105,5492
2025.08.26,03:00,147.106,147.372,147.104,147.313,3375
2025.08.26,04:00,147.312,147.600,147.250,147.514,3019
2025.08.26,05:00,147.514,147.801,147.514,147.794,2789
2025.08.26,06:00,147.791,147.806,147.717,147.766,2104
2025.08.26,07:00,147.764,147.882,147.667,147.705,2054
2025.08.26,08:00,147.708,147.825,147.630,147.771,3058
2025.08.26,09:00,147.770,147.901,147.634,147.691,3162
2025.08.26,10:00,147.689,147.694,147.489,147.566,2550
2025.08.26,11:00,147.568,147.617,147.484,147.543,2060
2025.08.26,12:00,147.544,147.662,147.467,147.580,1945
2025.08.26,13:00,147.582,147.617,147.396,147.456,2225
2025.08.26,14:00,147.457,147.543,147.325,147.536,2595
2025.08.26,15:00,147.539,147.681,147.534,147.551,2849
2025.08.26,16:00,147.560,147.717,147.483,147.496,3200
2025.08.26,17:00,147.497,147.497,147.288,147.312,2450
2025.08.26,18:00,147.310,147.310,147.095,147.303,2185
2025.08.26,19:00,147.301,147.385,147.266,147.385,1893
2025.08.26,20:00,147.384,147.538,147.331,147.375,1991
2025.08.26,21:00,147.371,147.434,147.302,147.424,1744
2025.08.26,22:00,147.427,147.484,147.393,147.408,1137
2025.08.26,23:00,147.281,147.390,147.229,147.356,287
2025.08.27,00:00,147.298,147.476,147.264,147.431,761
2025.08.27,01:00,147.428,147.505,147.356,147.469,1178
2025.08.27,02:00,147.470,147.576,147.400,147.576,2787
2025.08.27,03:00,147.577,147.643,147.509,147.596,2488
2025.08.27,04:00,147.598,147.731,147.595,147.718,1886
2025.08.27,05:00,147.719,147.847,147.709,147.827,1723
2025.08.27,06:00,147.825,147.952,147.823,147.939,1684
2025.08.27,07:00,147.940,147.964,147.802,147.809,2010
2025.08.27,08:00,147.810,147.834,147.649,147.704,2463
2025.08.27,09:00,147.705,147.888,147.705,147.753,2117
2025.08.27,10:00,147.754,147.997,147.740,147.912,2316
2025.08.27,11:00,147.914,148.028,147.860,148.028,1840
2025.08.27,12:00,148.029,148.140,147.961,148.115,1952
2025.08.27,13:00,148.116,148.178,148.026,148.136,2121
2025.08.27,14:00,148.137,148.141,147.979,148.065,2574
2025.08.27,15:00,148.067,148.123,147.912,148.079,2850
2025.08.27,16:00,148.078,148.089,147.818,147.858,2734
2025.08.27,17:00,147.856,147.856,147.687,147.742,2626
2025.08.27,18:00,147.743,147.749,147.342,147.356,2390
2025.08.27,19:00,147.355,147.423,147.289,147.350,2311
2025.08.27,20:00,147.351,147.485,147.349,147.403,1943
2025.08.27,21:00,147.401,147.513,147.401,147.471,1556
2025.08.27,22:00,147.469,147.511,147.379,147.399,1532
2025.08.27,23:00,147.396,147.419,147.269,147.389,446
2025.08.28,00:00,147.350,147.410,147.199,147.281,1501
2025.08.28,01:00,147.278,147.338,147.218,147.336,1688
2025.08.28,02:00,147.333,147.478,147.272,147.284,2757
2025.08.28,03:00,147.291,147.442,147.186,147.336,2435
2025.08.28,04:00,147.335,147.362,147.228,147.237,2307
2025.08.28,05:00,147.234,147.286,147.077,147.092,2006
2025.08.28,06:00,147.091,147.202,147.075,147.155,1575
2025.08.28,07:00,147.157,147.201,147.078,147.121,1817
2025.08.28,08:00,147.120,147.338,146.995,147.300,3005
2025.08.28,09:00,147.301,147.399,147.153,147.162,2623
2025.08.28,10:00,147.166,147.364,147.125,147.183,2529
2025.08.28,11:00,147.179,147.180,147.061,147.135,2199
2025.08.28,12:00,147.139,147.160,146.903,146.924,2404
2025.08.28,13:00,146.925,146.962,146.803,146.926,2426
2025.08.28,14:00,146.922,147.165,146.833,147.097,3589
2025.08.28,15:00,147.107,147.226,147.022,147.087,3374
2025.08.28,16:00,147.089,147.112,146.871,146.971,3152
2025.08.28,17:00,146.970,147.065,146.945,146.987,2317
2025.08.28,18:00,146.982,146.991,146.827,146.845,2020
2025.08.28,19:00,146.844,146.848,146.658,146.802,2274
2025.08.28,20:00,146.803,146.883,146.796,146.816,1865
2025.08.28,21:00,146.815,146.930,146.802,146.912,1799
2025.08.28,22:00,146.914,146.993,146.905,146.927,1005
2025.08.28,23:00,146.810,146.944,146.806,146.926,272
2025.08.29,00:00,146.902,147.076,146.850,147.026,1290
2025.08.29,01:00,147.027,147.027,146.790,146.829,1536
2025.08.29,02:00,146.826,146.970,146.759,146.821,2824
2025.08.29,03:00,146.819,147.108,146.786,146.999,2678
2025.08.29,04:00,146.998,146.998,146.823,146.890,1907
2025.08.29,05:00,146.891,146.988,146.886,146.982,1504
2025.08.29,06:00,146.983,147.034,146.900,146.900,1515
2025.08.29,07:00,146.899,147.021,146.898,147.009,1397
2025.08.29,08:00,147.008,147.166,146.954,147.148,2305
2025.08.29,09:00,147.156,147.192,146.956,146.998,2161
2025.08.29,10:00,146.999,147.025,146.864,146.946,2126
2025.08.29,11:00,146.947,147.108,146.934,147.090,1928
2025.08.29,12:00,147.091,147.240,147.071,147.195,1789
2025.08.29,13:00,147.196,147.259,147.166,147.246,1803
2025.08.29,14:00,147.245,147.404,147.097,147.317,3023
2025.08.29,15:00,147.323,147.385,147.079,147.099,3082
2025.08.29,16:00,147.097,147.097,146.804,146.822,3719
2025.08.29,17:00,146.819,146.966,146.764,146.901,2830
2025.08.29,18:00,146.899,146.959,146.851,146.909,2005
2025.08.29,19:00,146.910,147.002,146.878,146.978,1607
2025.08.29,20:00,146.976,147.023,146.955,147.010,1424
2025.08.29,21:00,147.011,147.040,146.917,146.956,1527
2025.08.31,23:00,146.931,147.044,146.931,147.018,2357
2025.09.01,00:00,147.030,147.154,146.996,147.127,946
2025.09.01,01:00,147.126,147.183,147.079,147.115,1311
2025.09.01,02:00,147.125,147.256,147.114,147.228,2378
2025.09.01,03:00,147.229,147.376,147.177,147.283,2269
2025.09.01,04:00,147.285,147.289,146.852,146.890,2365
2025.09.01,05:00,146.888,146.999,146.836,146.888,1908
2025.09.01,06:00,146.890,147.055,146.879,147.036,1720
2025.09.01,07:00,147.042,147.055,146.891,146.910,1629
2025.09.01,08:00,146.911,146.941,146.779,146.927,2646
2025.09.01,09:00,146.932,147.195,146.893,147.065,2426
2025.09.01,10:00,147.067,147.194,146.957,146.982,2126
2025.09.01,11:00,146.983,147.115,146.934,147.098,2143
2025.09.01,12:00,147.100,147.139,147.045,147.125,1731
2025.09.01,13:00,147.126,147.162,147.059,147.153,1749
2025.09.01,14:00,147.154,147.229,147.146,147.197,1813
2025.09.01,15:00,147.189,147.265,147.162,147.247,1891
2025.09.01,16:00,147.249,147.293,147.218,147.285,1793
2025.09.01,17:00,147.287,147.302,147.249,147.267,1372
2025.09.01,18:00,147.265,147.280,147.195,147.231,946
2025.09.01,19:00,147.232,147.237,147.206,147.214,849
2025.09.01,20:00,147.215,147.228,147.205,147.217,639
2025.09.01,21:00,147.215,147.215,147.152,147.180,697
2025.09.01,22:00,147.184,147.186,147.139,147.162,675
2025.09.01,23:00,147.105,147.164,147.081,147.141,981
2025.09.02,00:00,147.145,147.197,147.117,147.167,1361
2025.09.02,01:00,147.168,147.172,147.041,147.088,1371
2025.09.02,02:00,147.090,147.358,147.086,147.300,2824
2025.09.02,03:00,147.301,147.579,147.190,147.539,2947
2025.09.02,04:00,147.538,147.710,147.527,147.659,2429
2025.09.02,05:00,147.660,147.745,147.569,147.699,1885
2025.09.02,06:00,147.698,147.856,147.681,147.719,2016
2025.09.02,07:00,147.720,147.918,147.696,147.913,2212
2025.09.02,08:00,147.912,148.045,147.902,147.960,3108
2025.09.02,09:00,147.959,148.737,147.947,148.651,4440
2025.09.02,10:00,148.648,148.786,148.219,148.434,3770
2025.09.02,11:00,148.435,148.641,148.369,148.557,2818
2025.09.02,12:00,148.543,148.704,148.530,148.598,2763
2025.09.02,13:00,148.593,148.737,148.508,148.616,2522
2025.09.02,14:00,148.613,148.937,148.530,148.818,3898
2025.09.02,15:00,148.820,148.843,148.342,148.406,3916
2025.09.02,16:00,148.369,148.369,147.932,148.078,4670
2025.09.02,17:00,148.079,148.331,148.067,148.225,3296
2025.09.02,18:00,148.227,148.330,148.196,148.294,2135
2025.09.02,19:00,148.293,148.413,148.242,148.377,1871
2025.09.02,20:00,148.386,148.528,148.363,148.471,1956
2025.09.02,21:00,148.470,148.477,148.313,148.355,1611
2025.09.02,22:00,148.344,148.408,148.302,148.354,1174
2025.09.02,23:00,148.311,148.348,148.250,148.341,356
2025.09.03,00:00,148.336,148.556,148.308,148.501,979
2025.09.03,01:00,148.498,148.585,148.446,148.573,1472
2025.09.03,02:00,148.576,148.762,148.508,148.752,2727
2025.09.03,03:00,148.753,148.896,148.721,148.861,2168
2025.09.03,04:00,148.862,148.898,148.705,148.836,2030
2025.09.03,05:00,148.838,148.912,148.806,148.907,1530
2025.09.03,06:00,148.908,148.918,148.550,148.583,1835
2025.09.03,07:00,148.584,148.654,148.484,148.595,1802
2025.09.03,08:00,148.586,148.676,148.506,148.607,2914
2025.09.03,09:00,148.608,149.131,148.608,148.732,3223
2025.09.03,10:00,148.729,148.767,148.562,148.583,2708
2025.09.03,11:00,148.581,148.702,148.427,148.552,2346
2025.09.03,12:00,148.550,148.730,148.473,148.689,1883
2025.09.03,13:00,148.690,148.723,148.595,148.613,1999
2025.09.03,14:00,148.597,148.792,148.543,148.723,2670
2025.09.03,15:00,148.721,148.790,148.569,148.613,3270
2025.09.03,16:00,148.468,148.468,148.071,148.166,4308
2025.09.03,17:00,148.165,148.195,147.924,147.966,2961
2025.09.03,18:00,147.962,148.026,147.903,147.935,2093
2025.09.03,19:00,147.934,148.049,147.874,148.035,1896
2025.09.03,20:00,148.034,148.064,147.915,147.966,1956
2025.09.03,21:00,147.965,148.128,147.960,148.127,1500
2025.09.03,22:00,148.131,148.156,148.080,148.102,1121
2025.09.03,23:00,148.056,148.101,148.006,148.053,217
2025.09.04,00:00,148.051,148.142,148.030,148.055,833
2025.09.04,01:00,148.057,148.060,147.946,147.972,1481
2025.09.04,02:00,147.963,148.166,147.901,148.024,3428
2025.09.04,03:00,148.023,148.106,147.785,148.007,2993
2025.09.04,04:00,148.009,148.187,148.009,148.135,2472
2025.09.04,05:00,148.131,148.260,148.115,148.239,1938
2025.09.04,06:00,148.238,148.277,148.122,148.237,1717
2025.09.04,07:00,148.238,148.276,148.155,148.223,1820
2025.09.04,08:00,148.228,148.241,148.126,148.188,2648
2025.09.04,09:00,148.197,148.409,148.106,148.361,2850
2025.09.04,10:00,148.369,148.402,148.129,148.211,2371
2025.09.04,11:00,148.210,148.367,148.165,148.314,2024
2025.09.04,12:00,148.311,148.332,148.199,148.257,1935
2025.09.04,13:00,148.256,148.386,148.245,148.339,1952
2025.09.04,14:00,148.337,148.524,148.006,148.423,3637
2025.09.04,15:00,148.426,148.523,148.346,148.361,3142
2025.09.04,16:00,148.599,148.746,148.381,148.735,3801
2025.09.04,17:00,148.732,148.775,148.622,148.625,2570
2025.09.04,18:00,148.620,148.735,148.594,148.615,2005
2025.09.04,19:00,148.616,148.667,148.602,148.640,1650
2025.09.04,20:00,148.641,148.646,148.534,148.558,1438
2025.09.04,21:00,148.559,148.559,148.450,148.483,1203
2025.09.04,22:00,148.481,148.547,148.438,148.475,1188
2025.09.04,23:00,148.503,148.503,148.364,148.411,403
2025.09.05,00:00,148.390,148.511,148.390,148.475,846
2025.09.05,01:00,148.473,148.502,148.326,148.418,1726
2025.09.05,02:00,148.417,148.434,148.125,148.163,2999
2025.09.05,03:00,148.166,148.259,148.083,148.132,2459
2025.09.05,04:00,148.136,148.176,148.076,148.176,1686
2025.09.05,05:00,148.177,148.201,148.106,148.172,1547
2025.09.05,06:00,148.171,148.231,148.163,148.214,1333
2025.09.05,07:00,148.215,148.215,148.166,148.166,1374
2025.09.05,08:00,148.168,148.269,148.144,148.229,2284
2025.09.05,09:00,148.230,148.252,148.188,148.208,1849
2025.09.05,10:00,148.209,148.219,148.112,148.157,1752
2025.09.05,11:00,148.156,148.184,148.080,148.168,1742
2025.09.05,12:00,148.169,148.180,148.076,148.140,1698
2025.09.05,13:00,148.141,148.248,148.130,148.194,1874
2025.09.05,14:00,148.192,148.193,147.177,147.294,5544
2025.09.05,15:00,147.277,147.463,147.035,147.055,5079
2025.09.05,16:00,147.052,147.204,146.989,147.074,4307
2025.09.05,17:00,147.077,147.078,146.813,146.833,3307
2025.09.05,18:00,146.836,147.146,146.818,147.136,2452
2025.09.05,19:00,147.135,147.300,147.130,147.272,2297
2025.09.05,20:00,147.273,147.480,147.262,147.458,2075
2025.09.05,21:00,147.460,147.494,147.369,147.460,2079
2025.09.07,23:00,148.099,148.181,147.875,147.903,1889
2025.09.08,00:00,147.895,148.465,147.866,148.428,3025
2025.09.08,01:00,148.427,148.448,148.208,148.317,2768
2025.09.08,02:00,148.312,148.573,148.293,148.337,3446
2025.09.08,03:00,148.336,148.382,148.120,148.137,2895
2025.09.08,04:00,148.135,148.147,147.999,148.076,2234
2025.09.08,05:00,148.078,148.218,148.014,148.198,1923
2025.09.08,06:00,148.199,148.248,148.109,148.162,1469
2025.09.08,07:00,148.172,148.172,148.001,148.133,1682
2025.09.08,08:00,148.129,148.155,147.796,147.821,3051
2025.09.08,09:00,147.824,147.828,147.510,147.529,2866
2025.09.08,10:00,147.527,147.737,147.461,147.683,2353
2025.09.08,11:00,147.684,147.766,147.662,147.748,2082
2025.09.08,12:00,147.750,147.873,147.743,147.799,1938
2025.09.08,13:00,147.802,147.812,147.672,147.773,2051
2025.09.08,14:00,147.775,147.875,147.644,147.691,2563
2025.09.08,15:00,147.690,147.737,147.534,147.674,2938
2025.09.08,16:00,147.673,147.870,147.620,147.745,2738
2025.09.08,17:00,147.743,147.760,147.541,147.584,2289
2025.09.08,18:00,147.585,147.773,147.549,147.682,1937
2025.09.08,19:00,147.684,147.762,147.670,147.725,1796
2025.09.08,20:00,147.726,147.726,147.443,147.455,1694
2025.09.08,21:00,147.454,147.469,147.335,147.414,1783
2025.09.08,22:00,147.416,147.535,147.375,147.507,1166
2025.09.08,23:00,147.457,147.545,147.417,147.505,358
2025.09.09,00:00,147.480,147.498,147.379,147.406,833
2025.09.09,01:00,147.405,147.417,147.212,147.370,1742
2025.09.09,02:00,147.369,147.429,147.151,147.339,2900
2025.09.09,03:00,147.341,147.395,147.195,147.232,2482
2025.09.09,04:00,147.230,147.336,147.209,147.329,1714
2025.09.09,05:00,147.330,147.398,147.317,147.361,1427
2025.09.09,06:00,147.360,147.372,147.090,147.123,1753
2025.09.09,07:00,147.124,147.128,146.842,146.852,2114
2025.09.09,08:00,146.847,147.127,146.812,147.044,2645
2025.09.09,09:00,147.044,147.311,146.996,147.201,2098
2025.09.09,10:00,147.202,147.327,146.557,146.621,3461
2025.09.09,11:00,146.615,146.615,146.305,146.346,2856
2025.09.09,12:00,146.344,146.514,146.323,146.464,1828
2025.09.09,13:00,146.463,146.760,146.456,146.725,2021
2025.09.09,14:00,146.724,147.001,146.722,146.918,3124
2025.09.09,15:00,146.919,146.962,146.771,146.866,3232
2025.09.09,16:00,146.861,147.127,146.526,147.092,4672
2025.09.09,17:00,147.094,147.344,147.094,147.230,3137
2025.09.09,18:00,147.229,147.331,147.176,147.268,2034
2025.09.09,19:00,147.266,147.360,147.232,147.349,2103
2025.09.09,20:00,147.348,147.426,147.311,147.396,1788
2025.09.09,21:00,147.394,147.462,147.385,147.442,1748
2025.09.09,22:00,147.443,147.466,147.385,147.396,1313
2025.09.09,23:00,147.303,147.399,147.211,147.386,537
2025.09.10,00:00,147.389,147.412,147.339,147.351,812
2025.09.10,01:00,147.349,147.449,147.332,147.391,1189
2025.09.10,02:00,147.392,147.476,147.365,147.421,2151
2025.09.10,03:00,147.422,147.570,147.328,147.390,2246
2025.09.10,04:00,147.392,147.409,147.293,147.295,1742
2025.09.10,05:00,147.296,147.395,147.265,147.391,1447
2025.09.10,06:00,147.390,147.455,147.321,147.322,1372
2025.09.10,07:00,147.323,147.480,147.277,147.422,1575
2025.09.10,08:00,147.423,147.580,147.329,147.564,2845
2025.09.10,09:00,147.561,147.565,147.387,147.490,2431
2025.09.10,10:00,147.493,147.553,147.392,147.515,2164
2025.09.10,11:00,147.516,147.534,147.393,147.419,1948
2025.09.10,12:00,147.420,147.480,147.393,147.472,1755
2025.09.10,13:00,147.470,147.538,147.443,147.510,1900
2025.09.10,14:00,147.503,147.641,147.097,147.525,3728
2025.09.10,15:00,147.535,147.600,147.270,147.339,3431
2025.09.10,16:00,147.335,147.422,147.253,147.397,2998
2025.09.10,17:00,147.399,147.436,147.311,147.365,2317
2025.09.10,18:00,147.364,147.408,147.278,147.371,1878
2025.09.10,19:00,147.370,147.384,147.243,147.328,1897
2025.09.10,20:00,147.329,147.349,147.243,147.318,1427
2025.09.10,21:00,147.311,147.463,147.309,147.403,1503
2025.09.10,22:00,147.407,147.459,147.375,147.456,975
2025.09.10,23:00,147.360,147.413,147.331,147.356,289
2025.09.11,00:00,147.343,147.420,147.336,147.343,526
2025.09.11,01:00,147.342,147.374,147.277,147.346,1164
2025.09.11,02:00,147.347,147.464,147.340,147.455,2219
2025.09.11,03:00,147.456,147.473,147.315,147.384,1759
2025.09.11,04:00,147.387,147.474,147.372,147.459,1252
2025.09.11,05:00,147.462,147.471,147.430,147.440,1022
2025.09.11,06:00,147.441,147.451,147.409,147.428,1133
2025.09.11,07:00,147.429,147.582,147.424,147.575,1314
2025.09.11,08:00,147.576,147.784,147.555,147.716,2692
2025.09.11,09:00,147.730,147.827,147.651,147.774,2138
2025.09.11,10:00,147.771,147.858,147.767,147.844,1980
2025.09.11,11:00,147.845,147.987,147.836,147.957,1750
2025.09.11,12:00,147.956,147.984,147.893,147.965,1655
2025.09.11,13:00,147.966,147.982,147.895,147.962,1609
2025.09.11,14:00,147.963,148.187,147.355,147.529,4636
2025.09.11,15:00,147.513,147.615,147.327,147.353,4459
2025.09.11,16:00,147.356,147.373,146.988,147.183,3802
2025.09.11,17:00,147.181,147.305,147.053,147.164,2960
2025.09.11,18:00,147.163,147.164,146.982,147.052,2361
2025.09.11,19:00,147.045,147.300,147.045,147.285,2166
2025.09.11,20:00,147.288,147.302,147.144,147.172,1950
2025.09.11,21:00,147.173,147.188,147.085,147.159,1842
2025.09.11,22:00,147.160,147.240,147.115,147.200,1496
2025.09.11,23:00,147.150,147.202,147.147,147.169,355
2025.09.12,00:00,147.162,147.224,147.117,147.181,814
2025.09.12,01:00,147.182,147.233,147.148,147.224,1134
2025.09.12,02:00,147.223,147.332,147.163,147.226,2336
2025.09.12,03:00,147.225,147.444,147.210,147.411,1932
2025.09.12,04:00,147.410,147.477,147.396,147.417,1413
2025.09.12,05:00,147.418,147.476,147.418,147.442,1213
2025.09.12,06:00,147.443,147.540,147.443,147.495,1170
2025.09.12,07:00,147.501,147.551,147.326,147.336,1455
2025.09.12,08:00,147.332,147.500,147.318,147.401,2607
2025.09.12,09:00,147.397,147.478,147.238,147.450,2634
2025.09.12,10:00,147.453,147.922,147.448,147.891,3118
2025.09.12,11:00,147.892,147.977,147.854,147.921,2022
2025.09.12,12:00,147.922,147.934,147.737,147.746,1827
2025.09.12,13:00,147.747,147.850,147.680,147.834,2033
2025.09.12,14:00,147.832,148.066,147.803,147.843,2678
2025.09.12,15:00,147.848,147.881,147.694,147.711,2795
2025.09.12,16:00,147.697,147.743,147.585,147.663,2796
2025.09.12,17:00,147.661,147.861,147.644,147.851,2139
2025.09.12,18:00,147.848,147.870,147.626,147.679,1594
2025.09.12,19:00,147.678,147.678,147.509,147.555,1620
2025.09.12,20:00,147.556,147.556,147.467,147.482,1568
2025.09.12,21:00,147.481,147.603,147.457,147.580,1362
2025.09.14,23:00,147.451,147.536,147.443,147.474,581
2025.09.15,00:00,147.567,147.776,147.567,147.708,1042
2025.09.15,01:00,147.707,147.723,147.624,147.673,1217
2025.09.15,02:00,147.674,147.686,147.542,147.544,1635
2025.09.15,03:00,147.546,147.581,147.535,147.573,1712
2025.09.15,04:00,147.574,147.603,147.502,147.512,1285
2025.09.15,05:00,147.513,147.513,147.400,147.424,1351
2025.09.15,06:00,147.423,147.447,147.335,147.398,1114
2025.09.15,07:00,147.394,147.515,147.387,147.506,1215
2025.09.15,08:00,147.505,147.602,147.491,147.523,2357
2025.09.15,09:00,147.524,147.589,147.369,147.464,2348
2025.09.15,10:00,147.468,147.478,147.371,147.404,2004
2025.09.15,11:00,147.405,147.423,147.302,147.361,1642
2025.09.15,12:00,147.362,147.402,147.242,147.388,1734
2025.09.15,13:00,147.386,147.472,147.317,147.411,1728
2025.09.15,14:00,147.413,147.413,147.245,147.262,2531
2025.09.15,15:00,147.263,147.347,147.227,147.343,2564
2025.09.15,16:00,147.344,147.464,147.344,147.414,2547
2025.09.15,17:00,147.413,147.430,147.264,147.268,2113
2025.09.15,18:00,147.266,147.411,147.240,147.331,2001
2025.09.15,19:00,147.333,147.367,147.239,147.249,1584
2025.09.15,20:00,147.248,147.324,147.237,147.319,1515
2025.09.15,21:00,147.314,147.409,147.310,147.386,1351
2025.09.15,22:00,147.385,147.425,147.363,147.398,1276
2025.09.15,23:00,147.277,147.361,147.244,147.337,773
2025.09.16,00:00,147.307,147.400,147.302,147.391,615
2025.09.16,01:00,147.390,147.420,147.329,147.395,1255
2025.09.16,02:00,147.398,147.498,147.346,147.437,2822
2025.09.16,03:00,147.435,147.534,147.260,147.348,2453
2025.09.16,04:00,147.349,147.350,147.111,147.148,2417
2025.09.16,05:00,147.149,147.195,147.015,147.096,2266
2025.09.16,06:00,147.095,147.126,146.966,147.010,2099
2025.09.16,07:00,147.011,147.066,146.912,146.988,2315
2025.09.16,08:00,146.987,147.021,146.774,146.893,3812
2025.09.16,09:00,146.890,146.894,146.689,146.882,3008
2025.09.16,10:00,146.888,147.087,146.872,146.993,2729
2025.09.16,11:00,146.992,147.001,146.863,146.957,2599
2025.09.16,12:00,146.956,147.086,146.942,147.051,2309
2025.09.16,13:00,147.050,147.110,146.875,146.951,2658
2025.09.16,14:00,146.950,147.258,146.904,147.099,3677
2025.09.16,15:00,147.092,147.133,146.732,146.755,3584
2025.09.16,16:00,146.753,146.800,146.517,146.520,3814
2025.09.16,17:00,146.521,146.675,146.497,146.553,2529
2025.09.16,18:00,146.554,146.559,146.345,146.351,2146
2025.09.16,19:00,146.350,146.396,146.275,146.372,2160
2025.09.16,20:00,146.370,146.392,146.323,146.337,1834
2025.09.16,21:00,146.342,146.495,146.342,146.493,1972
2025.09.16,22:00,146.495,146.503,146.436,146.473,1452
2025.09.16,23:00,146.420,146.563,146.351,146.482,818
2025.09.17,00:00,146.436,146.513,146.429,146.489,551
2025.09.17,01:00,146.488,146.489,146.307,146.409,1108
2025.09.17,02:00,146.408,146.563,146.196,146.531,2926
2025.09.17,03:00,146.532,146.602,146.426,146.489,2422
2025.09.17,04:00,146.493,146.586,146.491,146.531,1520
2025.09.17,05:00,146.530,146.558,146.471,146.527,1240
2025.09.17,06:00,146.529,146.539,146.429,146.451,973
2025.09.17,07:00,146.455,146.548,146.365,146.510,1692
2025.09.17,08:00,146.500,146.539,146.458,146.490,2266
2025.09.17,09:00,146.493,146.677,146.473,146.664,2162
2025.09.17,10:00,146.663,146.679,146.368,146.447,1983
2025.09.17,11:00,146.448,146.448,146.273,146.313,1843
2025.09.17,12:00,146.316,146.385,146.200,146.267,2055
2025.09.17,13:00,146.266,146.339,146.220,146.333,1808
2025.09.17,14:00,146.332,146.474,146.316,146.374,2340
2025.09.17,15:00,146.370,146.396,146.239,146.331,2417
2025.09.17,16:00,146.333,146.387,146.206,146.337,2510
2025.09.17,17:00,146.338,146.382,146.299,146.357,2091
2025.09.17,18:00,146.361,146.371,146.251,146.283,1787
2025.09.17,19:00,146.285,146.364,146.229,146.229,1906
2025.09.17,20:00,146.122,146.853,145.478,146.709,7524
2025.09.17,21:00,146.701,146.842,146.437,146.779,4724
2025.09.17,22:00,146.776,147.044,146.751,146.975,1995
2025.09.17,23:00,146.889,146.966,146.826,146.947,440
2025.09.18,00:00,146.910,146.980,146.794,146.837,1140
2025.09.18,01:00,146.836,146.916,146.765,146.878,1533
2025.09.18,02:00,146.880,147.023,146.851,146.909,2585
2025.09.18,03:00,146.910,147.142,146.842,147.020,2419
2025.09.18,04:00,147.019,147.064,146.891,146.902,1657
2025.09.18,05:00,146.901,147.047,146.847,147.046,1448
2025.09.18,06:00,147.048,147.214,147.036,147.201,1665
2025.09.18,07:00,147.202,147.402,147.170,147.349,2040
2025.09.18,08:00,147.348,147.527,147.328,147.404,3480
2025.09.18,09:00,147.405,147.423,147.022,147.112,3007
2025.09.18,10:00,147.111,147.484,147.096,147.429,3009
2025.09.18,11:00,147.427,147.449,147.155,147.267,2630
2025.09.18,12:00,147.269,147.368,147.222,147.257,1943
2025.09.18,13:00,147.257,147.420,147.213,147.380,2738
2025.09.18,14:00,147.378,147.796,147.337,147.785,3425
2025.09.18,15:00,147.793,148.261,147.793,148.053,4345
2025.09.18,16:00,148.055,148.121,147.898,148.009,3992
2025.09.18,17:00,148.007,148.076,147.899,148.019,2873
2025.09.18,18:00,148.022,148.036,147.852,147.860,2430
2025.09.18,19:00,147.862,147.889,147.800,147.870,2123
2025.09.18,20:00,147.871,147.924,147.823,147.876,1812
2025.09.18,21:00,147.877,147.957,147.840,147.947,1846
2025.09.18,22:00,147.949,148.009,147.943,147.984,1209
2025.09.18,23:00,147.899,148.012,147.856,147.952,448
2025.09.19,00:00,147.944,147.976,147.904,147.938,919
2025.09.19,01:00,147.939,148.003,147.932,147.961,853
2025.09.19,02:00,147.959,148.109,147.891,148.004,2200
2025.09.19,03:00,148.005,148.088,147.927,148.058,2069
2025.09.19,04:00,148.057,148.101,147.948,147.988,1522
2025.09.19,05:00,147.985,147.988,147.369,147.622,2775
2025.09.19,06:00,147.620,147.624,147.192,147.518,3935
2025.09.19,07:00,147.520,147.576,147.413,147.508,2934
2025.09.19,08:00,147.517,147.983,147.463,147.844,4279
2025.09.19,09:00,147.847,147.952,147.662,147.927,3050
2025.09.19,10:00,147.928,148.030,147.805,147.851,2489
2025.09.19,11:00,147.849,147.977,147.748,147.954,1989
2025.09.19,12:00,147.957,147.975,147.853,147.937,1523
2025.09.19,13:00,147.933,148.193,147.929,148.162,2061
2025.09.19,14:00,148.161,148.278,148.013,148.154,2851
2025.09.19,15:00,148.155,148.155,147.798,147.829,3351
2025.09.19,16:00,147.831,147.922,147.785,147.880,3045
2025.09.19,17:00,147.881,147.945,147.822,147.832,2505
2025.09.19,18:00,147.827,147.921,147.791,147.846,1675
2025.09.19,19:00,147.847,147.948,147.841,147.938,1270
2025.09.19,20:00,147.937,147.970,147.913,147.957,1266
2025.09.19,21:00,147.959,147.989,147.916,147.937,1363
2025.09.21,23:00,147.813,147.930,147.811,147.907,721
2025.09.22,00:00,147.876,148.010,147.800,147.988,899
2025.09.22,01:00,147.989,148.107,147.972,148.097,1331
2025.09.22,02:00,148.105,148.253,148.102,148.158,2203
2025.09.22,03:00,148.152,148.210,148.085,148.188,2157
2025.09.22,04:00,148.190,148.349,148.178,148.344,1831
2025.09.22,05:00,148.345,148.372,148.300,148.331,1305
2025.09.22,06:00,148.333,148.365,148.271,148.282,1046
2025.09.22,07:00,148.281,148.301,148.219,148.250,1608
2025.09.22,08:00,148.251,148.254,147.990,148.070,2537
2025.09.22,09:00,148.065,148.128,147.889,148.110,2715
2025.09.22,10:00,148.113,148.127,147.814,147.850,2524
2025.09.22,11:00,147.848,147.942,147.795,147.872,1769
2025.09.22,12:00,147.873,147.927,147.816,147.851,1772
2025.09.22,13:00,147.855,147.902,147.737,147.837,1926
2025.09.22,14:00,147.835,147.924,147.757,147.835,2552
2025.09.22,15:00,147.837,147.969,147.728,147.814,2892
2025.09.22,16:00,147.813,147.981,147.811,147.872,2514
2025.09.22,17:00,147.876,147.896,147.814,147.832,2277
2025.09.22,18:00,147.834,147.881,147.731,147.736,1861
2025.09.22,19:00,147.737,147.776,147.654,147.682,1690
2025.09.22,20:00,147.686,147.770,147.656,147.724,2006
2025.09.22,21:00,147.723,147.734,147.685,147.729,1409
2025.09.22,22:00,147.730,147.775,147.704,147.710,1046
2025.09.22,23:00,147.722,147.766,147.664,147.724,248
2025.09.23,00:00,147.693,147.744,147.643,147.696,584
2025.09.23,01:00,147.695,147.762,147.675,147.726,917
2025.09.23,02:00,147.727,147.763,147.646,147.664,1666
2025.09.23,03:00,147.662,147.697,147.596,147.614,1698
2025.09.23,04:00,147.616,147.811,147.604,147.793,1736
2025.09.23,05:00,147.792,147.861,147.745,147.756,1560
2025.09.23,06:00,147.757,147.809,147.729,147.794,1137
2025.09.23,07:00,147.797,147.836,147.733,147.797,1292
2025.09.23,08:00,147.803,147.828,147.632,147.713,1993
2025.09.23,09:00,147.712,147.816,147.640,147.724,2511
2025.09.23,10:00,147.733,147.771,147.533,147.559,2340
2025.09.23,11:00,147.560,147.620,147.503,147.605,2268
2025.09.23,12:00,147.604,147.765,147.577,147.708,1755
2025.09.23,13:00,147.712,147.789,147.684,147.759,1820
2025.09.23,14:00,147.760,147.881,147.752,147.768,2409
2025.09.23,15:00,147.770,147.883,147.662,147.672,3129
2025.09.23,16:00,147.670,147.797,147.611,147.758,2931
2025.09.23,17:00,147.757,147.922,147.745,147.838,2290
2025.09.23,18:00,147.835,147.922,147.683,147.768,2574
2025.09.23,19:00,147.767,147.767,147.488,147.576,2419
2025.09.23,20:00,147.584,147.619,147.456,147.580,2162
2025.09.23,21:00,147.576,147.628,147.546,147.628,1876
2025.09.23,22:00,147.623,147.675,147.582,147.594,1649
2025.09.23,23:00,147.557,147.671,147.555,147.592,294
2025.09.24,00:00,147.561,147.627,147.516,147.608,630
2025.09.24,01:00,147.609,147.660,147.569,147.598,1070
2025.09.24,02:00,147.597,147.825,147.512,147.773,2418
2025.09.24,03:00,147.770,147.810,147.710,147.751,1964
2025.09.24,04:00,147.753,147.785,147.718,147.765,1404
2025.09.24,05:00,147.766,147.872,147.757,147.868,1106
2025.09.24,06:00,147.870,147.957,147.870,147.897,1296
2025.09.24,07:00,147.899,147.935,147.815,147.877,1511
2025.09.24,08:00,147.870,148.102,147.863,148.052,2359
2025.09.24,09:00,148.050,148.095,148.004,148.038,2157
2025.09.24,10:00,148.039,148.287,148.010,148.260,2394
2025.09.24,11:00,148.259,148.339,148.209,148.274,2051
2025.09.24,12:00,148.275,148.417,148.275,148.391,1610
2025.09.24,13:00,148.392,148.511,148.374,148.495,2139
2025.09.24,14:00,148.497,148.711,148.425,148.666,2675
2025.09.24,15:00,148.665,148.769,148.611,148.695,2799
2025.09.24,16:00,148.711,148.782,148.588,148.706,3040
2025.09.24,17:00,148.707,148.771,148.690,148.708,2230
2025.09.24,18:00,148.706,148.788,148.682,148.760,1701
2025.09.24,19:00,148.761,148.763,148.701,148.735,1414
2025.09.24,20:00,148.737,148.867,148.734,148.837,1707
2025.09.24,21:00,148.838,148.883,148.832,148.857,1559
2025.09.24,22:00,148.856,148.911,148.851,148.892,1006
2025.09.24,23:00,148.799,148.870,148.747,148.783,207
2025.09.25,00:00,148.752,148.846,148.752,148.802,829
2025.09.25,01:00,148.801,148.830,148.721,148.778,1252
2025.09.25,02:00,148.777,148.789,148.558,148.567,2327
2025.09.25,03:00,148.568,148.855,148.556,148.751,2008
2025.09.25,04:00,148.752,148.753,148.612,148.746,1730
2025.09.25,05:00,148.748,148.770,148.657,148.667,1002
2025.09.25,06:00,148.666,148.694,148.595,148.600,1014
2025.09.25,07:00,148.601,148.807,148.593,148.804,1403
2025.09.25,08:00,148.805,148.854,148.723,148.777,2551
2025.09.25,09:00,148.776,148.821,148.629,148.820,2312
2025.09.25,10:00,148.816,148.820,148.660,148.736,2158
2025.09.25,11:00,148.738,148.809,148.680,148.791,1723
2025.09.25,12:00,148.789,148.796,148.720,148.795,1598
2025.09.25,13:00,148.798,148.888,148.791,148.831,2050
2025.09.25,14:00,148.832,149.349,148.797,149.240,3828
2025.09.25,15:00,149.238,149.473,149.141,149.424,3791
2025.09.25,16:00,149.427,149.631,149.335,149.631,3472
2025.09.25,17:00,149.630,149.839,149.623,149.782,2895
2025.09.25,18:00,149.783,149.863,149.705,149.810,2426
2025.09.25,19:00,149.813,149.912,149.754,149.801,2213
2025.09.25,20:00,149.797,149.923,149.723,149.882,2073
2025.09.25,21:00,149.884,149.889,149.729,149.763,1651
2025.09.25,22:00,149.771,149.807,149.741,149.784,931
2025.09.25,23:00,149.740,149.806,149.666,149.761,305
2025.09.26,00:00,149.706,149.802,149.706,149.734,711
2025.09.26,01:00,149.731,149.956,149.731,149.869,1894
2025.09.26,02:00,149.870,149.939,149.634,149.680,2406
2025.09.26,03:00,149.681,149.843,149.628,149.823,1973
2025.09.26,04:00,149.822,149.829,149.687,149.717,1473
2025.09.26,05:00,149.718,149.743,149.666,149.699,984
2025.09.26,06:00,149.700,149.724,149.640,149.640,1323
2025.09.26,07:00,149.639,149.717,149.612,149.706,1276
2025.09.26,08:00,149.708,149.792,149.689,149.716,2414
2025.09.26,09:00,149.718,149.880,149.718,149.842,2104
2025.09.26,10:00,149.843,149.843,149.645,149.747,1987
2025.09.26,11:00,149.748,149.791,149.707,149.783,1839
2025.09.26,12:00,149.786,149.948,149.777,149.888,1725
2025.09.26,13:00,149.886,149.893,149.752,149.784,1896
2025.09.26,14:00,149.792,149.833,149.582,149.618,3224
2025.09.26,15:00,149.619,149.778,149.509,149.735,3432
2025.09.26,16:00,149.723,149.726,149.462,149.498,3168
2025.09.26,17:00,149.500,149.570,149.420,149.515,2295
2025.09.26,18:00,149.514,149.591,149.489,149.546,1807
2025.09.26,19:00,149.544,149.555,149.473,149.515,1609
2025.09.26,20:00,149.516,149.547,149.400,149.436,1733
2025.09.26,21:00,149.435,149.555,149.432,149.500,1638
2025.09.28,23:00,149.403,149.461,149.389,149.455,164
2025.09.29,00:00,149.445,149.509,149.399,149.465,949
2025.09.29,01:00,149.466,149.469,149.336,149.407,1149
2025.09.29,02:00,149.408,149.412,149.113,149.172,2273
2025.09.29,03:00,149.171,149.276,149.015,149.086,2230
2025.09.29,04:00,149.088,149.089,148.897,148.934,1954
2025.09.29,05:00,148.932,148.954,148.878,148.930,1401
2025.09.29,06:00,148.929,148.974,148.883,148.945,1208
2025.09.29,07:00,148.946,148.975,148.737,148.773,2172
2025.09.29,08:00,148.775,148.843,148.708,148.820,2330
2025.09.29,09:00,148.819,148.830,148.516,148.572,2299
2025.09.29,10:00,148.569,148.616,148.466,148.524,2213
2025.09.29,11:00,148.521,148.632,148.466,148.599,1990
2025.09.29,12:00,148.596,148.688,148.568,148.664,1630
2025.09.29,13:00,148.676,148.794,148.618,148.623,1793
2025.09.29,14:00,148.625,148.810,148.570,148.599,2677
2025.09.29,15:00,148.597,148.733,148.477,148.578,2923
2025.09.29,16:00,148.585,148.647,148.525,148.647,2660
2025.09.29,17:00,148.645,148.648,148.498,148.562,2211
2025.09.29,18:00,148.565,148.609,148.554,148.577,1300
2025.09.29,19:00,148.576,148.644,148.545,148.580,1462
2025.09.29,20:00,148.576,148.637,148.541,148.632,1314
2025.09.29,21:00,148.630,148.670,148.555,148.624,1378
2025.09.29,22:00,148.626,148.688,148.576,148.576,1019
2025.09.29,23:00,148.584,148.672,148.537,148.597,342
2025.09.30,00:00,148.571,148.646,148.527,148.593,517
2025.09.30,01:00,148.591,148.622,148.498,148.615,1166
2025.09.30,02:00,148.614,148.839,148.548,148.791,2791
2025.09.30,03:00,148.790,148.790,148.596,148.746,2415
2025.09.30,04:00,148.745,148.797,148.621,148.712,1670
2025.09.30,05:00,148.713,148.716,148.509,148.512,1506
2025.09.30,06:00,148.511,148.585,148.383,148.398,1983
2025.09.30,07:00,148.399,148.440,148.222,148.283,2362
2025.09.30,08:00,148.282,148.346,148.043,148.058,2728
2025.09.30,09:00,148.069,148.174,147.936,148.048,2651
2025.09.30,10:00,148.051,148.090,147.833,147.850,2523
2025.09.30,11:00,147.847,147.979,147.827,147.966,2206
2025.09.30,12:00,147.960,148.031,147.896,148.020,1562
2025.09.30,13:00,148.019,148.092,147.961,147.965,1500
2025.09.30,14:00,147.963,148.021,147.892,147.952,2503
2025.09.30,15:00,147.953,148.057,147.805,147.811,2624
2025.09.30,16:00,147.809,147.992,147.648,147.681,3807
2025.09.30,17:00,147.684,148.012,147.657,147.959,3092
2025.09.30,18:00,147.962,147.962,147.699,147.738,2145
2025.09.30,19:00,147.737,147.843,147.647,147.778,2045
2025.09.30,20:00,147.779,147.879,147.767,147.860,1945
2025.09.30,21:00,147.867,147.919,147.823,147.861,1781
2025.09.30,22:00,147.857,147.972,147.857,147.872,1398
2025.09.30,23:00,147.794,147.867,147.772,147.862,410
2025.10.01,00:00,147.825,147.918,147.802,147.905,704
2025.10.01,01:00,147.904,148.023,147.807,148.020,1372
2025.10.01,02:00,148.021,148.221,148.020,148.098,2770
2025.10.01,03:00,148.101,148.161,147.936,147.950,1948
2025.10.01,04:00,147.943,148.008,147.881,147.911,1658
2025.10.01,05:00,147.910,147.995,147.863,147.924,1387
2025.10.01,06:00,147.922,147.952,147.546,147.547,1993
2025.10.01,07:00,147.546,147.638,147.455,147.523,2436
2025.10.01,08:00,147.522,147.522,147.162,147.223,3652
2025.10.01,09:00,147.224,147.316,147.018,147.124,3283
2025.10.01,10:00,147.120,147.147,146.892,147.145,2818
2025.10.01,11:00,147.146,147.222,147.064,147.202,2485
2025.10.01,12:00,147.205,147.259,147.054,147.074,2464
2025.10.01,13:00,147.073,147.104,146.989,146.998,2203
2025.10.01,14:00,146.987,147.113,146.585,146.796,4738
2025.10.01,15:00,146.791,146.867,146.614,146.685,3812
2025.10.01,16:00,146.709,147.043,146.697,146.857,4440
2025.10.01,17:00,146.858,147.206,146.837,147.143,3278
2025.10.01,18:00,147.145,147.247,147.088,147.156,2335
2025.10.01,19:00,147.155,147.184,147.108,147.162,1770
2025.10.01,20:00,147.159,147.225,147.015,147.083,1940
2025.10.01,21:00,147.084,147.153,147.050,147.091,1528
2025.10.01,22:00,147.093,147.162,147.059,147.065,1234
2025.10.01,23:00,146.990,147.058,146.982,147.038,229
2025.10.02,00:00,147.039,147.065,146.995,147.004,617
2025.10.02,01:00,147.005,147.110,146.994,147.106,1036
2025.10.02,02:00,147.104,147.318,147.103,147.188,2657
2025.10.02,03:00,147.189,147.219,146.953,146.980,2088
2025.10.02,04:00,146.979,147.181,146.934,147.160,1311
2025.10.02,05:00,147.158,147.190,147.047,147.079,1208
2025.10.02,06:00,147.080,147.195,147.069,147.170,1237
2025.10.02,07:00,147.160,147.264,147.113,147.158,1734
2025.10.02,08:00,147.154,147.386,146.889,147.154,3043
2025.10.02,09:00,147.147,147.209,147.008,147.075,2796
2025.10.02,10:00,147.076,147.079,146.720,146.792,2577
2025.10.02,11:00,146.794,146.804,146.594,146.617,2231
2025.10.02,12:00,146.618,146.760,146.616,146.637,2011
2025.10.02,13:00,146.636,146.855,146.621,146.783,2021
2025.10.02,14:00,146.793,147.195,146.741,147.159,2706
2025.10.02,15:00,147.150,147.266,147.053,147.217,3180
2025.10.02,16:00,147.219,147.338,147.147,147.326,3293
2025.10.02,17:00,147.328,147.510,147.326,147.346,2630
2025.10.02,18:00,147.347,147.362,147.159,147.161,1886
2025.10.02,19:00,147.162,147.231,147.137,147.179,1505
2025.10.02,20:00,147.180,147.213,147.159,147.208,1130
2025.10.02,21:00,147.207,147.246,147.127,147.232,1245
2025.10.02,22:00,147.233,147.289,147.185,147.249,863
2025.10.02,23:00,147.226,147.255,147.201,147.209,1250
2025.10.03,00:00,147.199,147.225,147.163,147.192,530
2025.10.03,01:00,147.190,147.200,147.089,147.152,1011
2025.10.03,02:00,147.151,147.377,147.151,147.347,2184
2025.10.03,03:00,147.348,147.679,147.180,147.506,2614
2025.10.03,04:00,147.507,147.680,147.496,147.645,1669
2025.10.03,05:00,147.646,147.763,147.609,147.624,1513
2025.10.03,06:00,147.623,147.736,147.589,147.719,918
2025.10.03,07:00,147.720,147.813,147.568,147.779,1832
2025.10.03,08:00,147.782,147.797,147.493,147.600,2824
2025.10.03,09:00,147.597,147.677,147.404,147.409,2177
2025.10.03,10:00,147.408,147.435,147.273,147.324,1995
2025.10.03,11:00,147.325,147.429,147.307,147.364,1607
2025.10.03,12:00,147.357,147.385,147.305,147.319,1330
2025.10.03,13:00,147.318,147.417,147.214,147.273,1627
2025.10.03,14:00,147.259,147.407,147.225,147.259,2331
2025.10.03,15:00,147.258,147.379,147.212,147.333,2601
2025.10.03,16:00,147.309,147.514,147.029,147.443,3881
2025.10.03,17:00,147.441,147.487,147.301,147.332,2405
2025.10.03,18:00,147.326,147.532,147.325,147.500,1894
2025.10.03,19:00,147.499,147.509,147.405,147.501,1564
2025.10.03,20:00,147.502,147.537,147.462,147.495,1491
2025.10.03,21:00,147.496,147.520,147.452,147.454,1352
2025.10.05,23:00,149.350,149.419,149.095,149.116,3791
2025.10.06,00:00,149.100,149.392,149.009,149.322,3662
2025.10.06,01:00,149.321,149.656,149.222,149.581,3513
2025.10.06,02:00,149.579,149.859,149.449,149.701,4710
2025.10.06,03:00,149.696,149.826,149.582,149.768,3425
2025.10.06,04:00,149.769,149.917,149.714,149.867,2531
2025.10.06,05:00,149.866,150.095,149.815,150.057,2638
2025.10.06,06:00,150.059,150.340,149.853,150.309,3493
2025.10.06,07:00,150.310,150.431,150.222,150.254,3015
2025.10.06,08:00,150.251,150.345,150.004,150.026,3825
2025.10.06,09:00,150.031,150.215,149.946,150.029,3602
2025.10.06,10:00,150.026,150.396,149.995,150.367,3020
2025.10.06,11:00,150.363,150.473,150.297,150.371,2346
2025.10.06,12:00,150.373,150.427,150.273,150.279,2298
2025.10.06,13:00,150.280,150.403,150.215,150.374,2619
2025.10.06,14:00,150.369,150.383,149.747,149.779,4451
2025.10.06,15:00,149.778,150.079,149.750,149.928,3202
2025.10.06,16:00,149.930,150.109,149.795,149.957,3106
2025.10.06,17:00,149.953,150.103,149.918,150.021,2459
2025.10.06,18:00,150.014,150.168,149.950,150.158,1830
2025.10.06,19:00,150.157,150.234,150.077,150.202,1360
2025.10.06,20:00,150.201,150.317,150.156,150.293,1487
2025.10.06,21:00,150.294,150.331,150.219,150.319,1289
2025.10.06,22:00,150.318,150.393,150.283,150.337,798
2025.10.06,23:00,150.247,150.337,150.190,150.262,391
2025.10.07,00:00,150.229,150.386,150.226,150.315,1273
2025.10.07,01:00,150.310,150.392,150.260,150.361,1429
2025.10.07,02:00,150.359,150.614,150.356,150.491,2833
2025.10.07,03:00,150.494,150.609,150.363,150.503,1926
2025.10.07,04:00,150.502,150.530,150.337,150.527,1348
2025.10.07,05:00,150.528,150.530,150.357,150.358,1293
2025.10.07,06:00,150.357,150.439,150.242,150.410,1343
2025.10.07,07:00,150.408,150.538,150.398,150.492,1610
2025.10.07,08:00,150.493,150.692,150.491,150.618,2928
2025.10.07,09:00,150.621,150.706,150.532,150.618,2485
2025.10.07,10:00,150.619,150.828,150.522,150.787,2264
2025.10.07,11:00,150.788,150.826,150.723,150.751,1909
2025.10.07,12:00,150.750,150.792,150.703,150.768,1559
2025.10.07,13:00,150.770,150.945,150.759,150.893,2017
2025.10.07,14:00,150.892,151.023,150.800,150.828,2779
2025.10.07,15:00,150.827,150.938,150.730,150.929,2761
2025.10.07,16:00,150.931,151.197,150.906,151.171,3310
2025.10.07,17:00,151.172,151.200,150.976,151.172,3063
2025.10.07,18:00,151.165,151.406,151.100,151.320,2499
2025.10.07,19:00,151.318,151.529,151.246,151.514,2424
2025.10.07,20:00,151.512,151.931,151.492,151.819,2802
2025.10.07,21:00,151.821,151.950,151.738,151.900,2030
2025.10.07,22:00,151.902,152.040,151.870,151.889,1341
2025.10.07,23:00,151.878,151.933,151.830,151.870,328
2025.10.08,00:00,151.844,151.888,151.734,151.813,840
2025.10.08,01:00,151.815,152.090,151.793,152.053,2146
2025.10.08,02:00,152.052,152.372,152.052,152.304,3165
2025.10.08,03:00,152.304,152.613,152.269,152.597,2822
2025.10.08,04:00,152.599,152.644,152.298,152.480,2275
2025.10.08,05:00,152.481,152.561,152.398,152.406,1211
2025.10.08,06:00,152.405,152.488,152.305,152.361,1313
2025.10.08,07:00,152.360,152.437,152.282,152.399,1652
2025.10.08,08:00,152.402,152.515,152.250,152.338,3592
2025.10.08,09:00,152.337,152.550,152.327,152.539,2886
2025.10.08,10:00,152.541,152.781,152.370,152.740,2740
2025.10.08,11:00,152.741,152.998,152.715,152.963,2642
2025.10.08,12:00,152.967,152.992,152.648,152.730,1801
2025.10.08,13:00,152.723,152.845,152.639,152.693,2047
2025.10.08,14:00,152.688,152.743,152.434,152.501,2922
2025.10.08,15:00,152.500,152.658,152.369,152.576,3223
2025.10.08,16:00,152.587,152.668,152.426,152.509,2755
2025.10.08,17:00,152.510,152.784,152.508,152.719,2271
2025.10.08,18:00,152.716,152.793,152.688,152.753,1835
2025.10.08,19:00,152.752,152.880,152.743,152.865,1566
2025.10.08,20:00,152.865,152.940,152.640,152.715,2349
2025.10.08,21:00,152.697,152.747,152.636,152.702,1830
2025.10.08,22:00,152.703,152.729,152.645,152.675,1148
2025.10.08,23:00,152.587,152.685,152.543,152.660,353
2025.10.09,00:00,152.654,152.670,152.488,152.525,1116
2025.10.09,01:00,152.524,152.716,152.460,152.703,2186
2025.10.09,02:00,152.717,152.737,152.452,152.701,3033
2025.10.09,03:00,152.702,152.761,152.405,152.516,3150
2025.10.09,04:00,152.517,152.601,152.406,152.458,1856
2025.10.09,05:00,152.459,152.576,152.450,152.506,1524
2025.10.09,06:00,152.507,152.599,152.446,152.463,1257
2025.10.09,07:00,152.462,152.650,152.460,152.631,1483
2025.10.09,08:00,152.632,153.131,152.630,152.973,4006
2025.10.09,09:00,152.972,153.214,152.845,153.062,3062
2025.10.09,10:00,153.058,153.131,152.752,152.794,2525
2025.10.09,11:00,152.799,152.851,152.474,152.550,3205
2025.10.09,12:00,152.551,152.743,152.491,152.657,1782
2025.10.09,13:00,152.653,152.836,152.649,152.788,2042
2025.10.09,14:00,152.786,152.838,152.652,152.742,2813
2025.10.09,15:00,152.738,152.949,152.097,152.861,4436
2025.10.09,16:00,152.860,153.180,152.860,153.038,3330
2025.10.09,17:00,153.036,153.226,152.943,153.045,3165
2025.10.09,18:00,153.046,153.142,152.988,152.999,2792
2025.10.09,19:00,153.001,153.093,152.904,153.047,2810
2025.10.09,20:00,153.048,153.205,152.995,153.175,2086
2025.10.09,21:00,153.176,153.176,153.046,153.063,2143
2025.10.09,22:00,153.077,153.094,152.935,152.935,1449
2025.10.09,23:00,152.958,153.077,152.958,153.061,208
2025.10.10,00:00,153.042,153.081,152.973,153.026,728
2025.10.10,01:00,153.025,153.273,152.960,153.023,2101
2025.10.10,02:00,153.021,153.159,152.943,152.953,3015
2025.10.10,03:00,152.948,153.045,152.835,153.019,2531
2025.10.10,04:00,153.017,153.030,152.863,152.908,1748
2025.10.10,05:00,152.909,152.932,152.641,152.660,2100
2025.10.10,06:00,152.661,152.826,152.633,152.747,1656
2025.10.10,07:00,152.749,152.845,152.683,152.827,2029
2025.10.10,08:00,152.825,152.910,152.375,152.529,3789
2025.10.10,09:00,152.526,152.946,152.485,152.843,3269
2025.10.10,10:00,152.846,152.930,152.588,152.642,2774
2025.10.10,11:00,152.641,152.840,152.607,152.796,2242
2025.10.10,12:00,152.788,152.808,152.629,152.715,1919
2025.10.10,13:00,152.716,152.754,152.542,152.629,2193
2025.10.10,14:00,152.628,152.644,152.513,152.554,2522
2025.10.10,15:00,152.555,152.687,152.528,152.645,2918
2025.10.10,16:00,152.619,152.711,152.413,152.457,3078
2025.10.10,17:00,152.449,152.449,151.499,151.939,6057
2025.10.10,18:00,151.944,152.181,151.838,151.885,4405
2025.10.10,19:00,151.884,151.944,151.717,151.862,3310
2025.10.10,20:00,151.861,151.893,151.630,151.712,2334
2025.10.10,21:00,151.719,151.801,151.526,151.592,2601
2025.10.12,23:00,151.844,151.952,151.775,151.801,6770
2025.10.13,00:00,151.790,152.271,151.695,151.931,2871
2025.10.13,01:00,151.929,152.081,151.739,152.062,2909
2025.10.13,02:00,152.064,152.073,151.794,151.839,3008
2025.10.13,03:00,151.817,151.971,151.804,151.954,2737
2025.10.13,04:00,151.952,151.981,151.847,151.937,1784
2025.10.13,05:00,151.932,152.010,151.901,151.925,1467
2025.10.13,06:00,151.927,151.964,151.806,151.906,1335
2025.10.13,07:00,151.901,151.908,151.759,151.872,1778
2025.10.13,08:00,151.861,152.024,151.714,151.932,2930
2025.10.13,09:00,151.936,152.371,151.907,152.295,3345
2025.10.13,10:00,152.296,152.440,152.246,152.335,2523
2025.10.13,11:00,152.336,152.363,152.156,152.165,1920
2025.10.13,12:00,152.164,152.225,152.124,152.164,1708
2025.10.13,13:00,152.166,152.168,151.975,152.102,2769
2025.10.13,14:00,152.101,152.262,152.047,152.210,2385
2025.10.13,15:00,152.211,152.255,152.101,152.183,2577
2025.10.13,16:00,152.187,152.443,152.174,152.368,2814
2025.10.13,17:00,152.372,152.385,152.239,152.254,2101
2025.10.13,18:00,152.243,152.297,152.193,152.275,1616
2025.10.13,19:00,152.276,152.343,152.231,152.261,1501
2025.10.13,20:00,152.263,152.333,152.215,152.283,1344
2025.10.13,21:00,152.281,152.321,152.250,152.321,1152
2025.10.13,22:00,152.317,152.346,152.262,152.265,1231
2025.10.13,23:00,152.143,152.274,152.132,152.250,728
2025.10.14,00:00,152.249,152.341,152.188,152.340,1003
2025.10.14,01:00,152.339,152.456,152.276,152.453,1585
2025.10.14,02:00,152.452,152.608,152.424,152.462,2990
2025.10.14,03:00,152.461,152.494,152.351,152.453,2740
2025.10.14,04:00,152.454,152.481,152.355,152.374,1839
2025.10.14,05:00,152.377,152.388,152.045,152.145,2193
2025.10.14,06:00,152.144,152.144,151.777,151.855,3117
2025.10.14,07:00,151.854,151.941,151.667,151.711,3153
2025.10.14,08:00,151.700,151.971,151.613,151.891,4135
2025.10.14,09:00,151.890,152.069,151.668,151.955,3940
2025.10.14,10:00,151.969,152.121,151.926,151.971,3048
2025.10.14,11:00,151.970,152.148,151.969,152.106,2501
2025.10.14,12:00,152.107,152.119,151.909,151.943,2533
2025.10.14,13:00,151.942,152.122,151.934,152.086,2178
2025.10.14,14:00,152.087,152.121,151.856,152.042,3337
2025.10.14,15:00,152.043,152.159,151.816,151.993,4199
2025.10.14,16:00,151.999,152.098,151.827,151.827,3613
2025.10.14,17:00,151.826,151.932,151.738,151.777,3500
2025.10.14,18:00,151.775,151.911,151.665,151.732,3207
2025.10.14,19:00,151.733,151.863,151.671,151.724,2323
2025.10.14,20:00,151.723,151.798,151.693,151.757,1934
2025.10.14,21:00,151.759,151.769,151.601,151.680,2509
2025.10.14,22:00,151.684,151.833,151.683,151.833,1416
2025.10.14,23:00,151.649,151.764,151.647,151.756,121
2025.10.15,00:00,151.735,151.870,151.735,151.804,1137
2025.10.15,01:00,151.802,151.856,151.692,151.698,1669
2025.10.15,02:00,151.713,151.825,151.493,151.561,3148
2025.10.15,03:00,151.552,151.598,151.293,151.297,2753
2025.10.15,04:00,151.296,151.311,151.029,151.053,2530
2025.10.15,05:00,151.050,151.168,150.999,151.134,1923
2025.10.15,06:00,151.133,151.243,151.086,151.242,1600
2025.10.15,07:00,151.243,151.267,151.106,151.203,1901
2025.10.15,08:00,151.197,151.197,150.894,151.031,3167
2025.10.15,09:00,151.032,151.293,150.980,151.240,2885
2025.10.15,10:00,151.242,151.390,151.121,151.213,2801
2025.10.15,11:00,151.214,151.429,151.213,151.340,2410
2025.10.15,12:00,151.341,151.488,151.334,151.362,2023
2025.10.15,13:00,151.345,151.506,151.317,151.494,2091
2025.10.15,14:00,151.493,151.682,151.451,151.632,3582
2025.10.15,15:00,151.637,151.735,151.395,151.401,3660
2025.10.15,16:00,151.398,151.506,151.312,151.396,2909
2025.10.15,17:00,151.395,151.454,151.033,151.214,3273
2025.10.15,18:00,151.216,151.316,151.172,151.187,2437
2025.10.15,19:00,151.190,151.336,151.062,151.326,2946
2025.10.15,20:00,151.328,151.386,151.212,151.328,1872
2025.10.15,21:00,151.330,151.336,151.230,151.249,1416
2025.10.15,22:00,151.251,151.270,151.036,151.041,1460
2025.10.15,23:00,151.025,151.144,151.024,151.064,215
2025.10.16,00:00,151.050,151.082,150.749,150.911,1524
2025.10.16,01:00,150.910,151.035,150.878,150.984,1534
2025.10.16,02:00,150.983,151.085,150.509,150.703,3344
2025.10.16,03:00,150.700,150.763,150.507,150.594,2811
2025.10.16,04:00,150.593,150.771,150.563,150.771,2031
2025.10.16,05:00,150.773,150.883,150.724,150.866,1904
2025.10.16,06:00,150.867,151.110,150.861,151.033,1502
2025.10.16,07:00,151.041,151.188,151.013,151.052,2176
2025.10.16,08:00,151.048,151.265,150.955,151.190,3275
2025.10.16,09:00,151.183,151.376,150.937,151.239,3043
2025.10.16,10:00,151.240,151.281,151.054,151.237,2539
2025.10.16,11:00,151.239,151.396,151.239,151.285,2113
2025.10.16,12:00,151.286,151.296,151.159,151.174,1816
2025.10.16,13:00,151.172,151.371,151.157,151.241,2293
2025.10.16,14:00,151.237,151.277,151.028,151.094,3158
2025.10.16,15:00,151.097,151.281,151.014,151.096,3808
2025.10.16,16:00,151.097,151.117,150.751,150.769,3532
2025.10.16,17:00,150.773,150.873,150.718,150.747,3062
2025.10.16,18:00,150.745,150.790,150.229,150.393,4433
2025.10.16,19:00,150.397,150.469,150.251,150.330,4221
2025.10.16,20:00,150.331,150.417,150.218,150.332,3418
2025.10.16,21:00,150.331,150.424,150.206,150.392,2778
2025.10.16,22:00,150.391,150.447,150.341,150.415,1592
2025.10.16,23:00,150.326,150.432,150.324,150.360,1438
2025.10.17,00:00,150.393,150.433,150.240,150.259,1856
2025.10.17,01:00,150.256,150.288,150.048,150.146,2394
2025.10.17,02:00,150.144,150.226,150.036,150.225,3228
2025.10.17,03:00,150.226,150.357,150.171,150.311,2857
2025.10.17,04:00,150.309,150.382,150.057,150.177,2377
2025.10.17,05:00,150.174,150.174,149.890,150.009,2284
2025.10.17,06:00,150.010,150.134,149.934,149.958,2253
2025.10.17,07:00,149.960,149.968,149.734,149.744,2568
2025.10.17,08:00,149.742,149.970,149.620,149.626,4113
2025.10.17,09:00,149.625,149.780,149.374,149.697,5115
2025.10.17,10:00,149.698,149.905,149.582,149.776,3872
2025.10.17,11:00,149.775,149.896,149.601,149.667,2767
2025.10.17,12:00,149.669,149.957,149.665,149.925,3065
2025.10.17,13:00,149.927,150.325,149.867,150.231,4161
2025.10.17,14:00,150.227,150.537,150.227,150.380,3912
2025.10.17,15:00,150.383,150.442,150.157,150.354,4141
2025.10.17,16:00,150.355,150.588,150.344,150.420,4485
2025.10.17,17:00,150.421,150.449,150.201,150.339,3264
2025.10.17,18:00,150.335,150.494,150.333,150.402,2938
2025.10.17,19:00,150.400,150.486,150.361,150.481,2312
2025.10.17,20:00,150.480,150.529,150.403,150.492,2215
2025.10.17,21:00,150.494,150.514,150.448,150.476,1678
2025.10.19,23:00,150.489,150.537,150.351,150.460,3965
2025.10.20,00:00,150.460,150.905,150.457,150.821,2165
2025.10.20,01:00,150.834,150.961,150.809,150.915,2162
2025.10.20,02:00,150.914,150.988,150.761,150.904,3055
2025.10.20,03:00,150.903,151.198,150.866,150.960,2730
2025.10.20,04:00,150.964,150.989,150.805,150.861,1815
2025.10.20,05:00,150.863,150.882,150.658,150.726,1711
2025.10.20,06:00,150.720,150.765,150.512,150.595,1906
2025.10.20,07:00,150.594,150.685,150.495,150.648,2143
2025.10.20,08:00,150.644,150.736,150.544,150.681,2980
2025.10.20,09:00,150.682,150.827,150.647,150.741,2756
2025.10.20,10:00,150.739,150.792,150.573,150.579,2570
2025.10.20,11:00,150.578,150.766,150.271,150.726,3004
2025.10.20,12:00,150.732,150.832,150.671,150.711,2177
2025.10.20,13:00,150.690,150.850,150.670,150.697,1865
2025.10.20,14:00,150.698,150.770,150.602,150.667,2890
2025.10.20,15:00,150.668,150.848,150.609,150.763,3104
2025.10.20,16:00,150.761,150.806,150.405,150.588,3183
2025.10.20,17:00,150.587,150.617,150.483,150.583,2591
2025.10.20,18:00,150.586,150.689,150.525,150.672,1856
2025.10.20,19:00,150.675,150.792,150.663,150.774,1485
2025.10.20,20:00,150.775,150.822,150.658,150.685,1674
2025.10.20,21:00,150.687,150.725,150.624,150.693,1599
2025.10.20,22:00,150.691,150.760,150.680,150.735,1180
2025.10.20,23:00,150.629,150.695,150.623,150.657,156
2025.10.21,00:00,150.634,150.757,150.634,150.730,784
2025.10.21,01:00,150.726,150.818,150.715,150.817,1359
2025.10.21,02:00,150.818,150.844,150.466,150.652,3245
2025.10.21,03:00,150.658,150.990,150.523,150.974,2997
2025.10.21,04:00,150.976,151.142,150.957,151.120,2391
2025.10.21,05:00,151.119,151.145,151.001,151.044,1901
2025.10.21,06:00,151.042,151.235,150.883,151.074,2402
2025.10.21,07:00,151.083,151.514,150.866,151.509,3877
2025.10.21,08:00,151.515,151.601,151.219,151.254,3548
2025.10.21,09:00,151.256,151.256,151.059,151.150,3270
2025.10.21,10:00,151.157,151.673,151.058,151.607,3694
2025.10.21,11:00,151.605,151.797,151.591,151.791,2589
2025.10.21,12:00,151.792,152.044,151.733,151.921,2803
2025.10.21,13:00,151.920,152.004,151.805,151.945,2806
2025.10.21,14:00,151.944,152.170,151.887,152.024,3624
2025.10.21,15:00,152.026,152.086,151.591,151.593,4600
2025.10.21,16:00,151.594,151.877,151.454,151.865,4062
2025.10.21,17:00,151.866,151.872,151.678,151.723,2921
2025.10.21,18:00,151.718,151.945,151.651,151.852,2858
2025.10.21,19:00,151.851,151.968,151.812,151.919,2320
2025.10.21,20:00,151.920,151.922,151.872,151.910,1793
2025.10.21,21:00,151.909,151.966,151.887,151.911,1577
2025.10.21,22:00,151.916,151.942,151.866,151.921,929
2025.10.21,23:00,151.893,151.902,151.850,151.887,210
2025.10.22,00:00,151.868,151.940,151.861,151.931,726
2025.10.22,01:00,151.929,151.953,151.858,151.873,1073
2025.10.22,02:00,151.875,151.875,151.601,151.625,3310
2025.10.22,03:00,151.621,151.745,151.485,151.740,2911
2025.10.22,04:00,151.739,151.755,151.588,151.626,1736
2025.10.22,05:00,151.625,151.815,151.625,151.792,1742
2025.10.22,06:00,151.791,151.870,151.750,151.755,1735
2025.10.22,07:00,151.754,151.867,151.722,151.857,1597
2025.10.22,08:00,151.856,151.945,151.690,151.735,3289
2025.10.22,09:00,151.733,151.846,151.617,151.821,2831
2025.10.22,10:00,151.826,151.905,151.627,151.684,3105
2025.10.22,11:00,151.685,151.822,151.649,151.810,2284
2025.10.22,12:00,151.816,151.830,151.714,151.814,2074
2025.10.22,13:00,151.818,151.889,151.721,151.782,2715
2025.10.22,14:00,151.789,151.964,151.750,151.917,2993
2025.10.22,15:00,151.925,152.041,151.865,151.965,3569
2025.10.22,16:00,151.964,152.005,151.858,151.881,3540
2025.10.22,17:00,151.880,151.904,151.746,151.789,3051
2025.10.22,18:00,151.783,151.838,151.500,151.760,3301
2025.10.22,19:00,151.764,151.806,151.599,151.641,2862
2025.10.22,20:00,151.640,151.885,151.640,151.869,2277
2025.10.22,21:00,151.875,152.003,151.851,151.977,1971
2025.10.22,22:00,151.975,152.007,151.909,151.962,1053
2025.10.22,23:00,151.881,151.947,151.875,151.878,198
2025.10.23,00:00,151.894,151.922,151.814,151.898,1726
2025.10.23,01:00,151.898,151.993,151.896,151.980,2544
2025.10.23,02:00,151.979,152.256,151.969,152.146,3927
2025.10.23,03:00,152.146,152.450,152.116,152.409,3627
2025.10.23,04:00,152.410,152.498,152.377,152.456,2166
2025.10.23,05:00,152.455,152.478,152.387,152.467,1715
2025.10.23,06:00,152.466,152.572,152.400,152.407,2081
2025.10.23,07:00,152.408,152.422,152.315,152.368,1807
2025.10.23,08:00,152.370,152.642,152.324,152.633,2881
2025.10.23,09:00,152.634,152.640,152.374,152.490,2839
2025.10.23,10:00,152.492,152.645,152.450,152.605,2291
2025.10.23,11:00,152.606,152.657,152.508,152.568,2189
2025.10.23,12:00,152.567,152.770,152.563,152.764,1970
2025.10.23,13:00,152.765,152.788,152.660,152.666,1997
2025.10.23,14:00,152.665,152.714,152.453,152.531,2756
2025.10.23,15:00,152.522,152.728,152.471,152.681,3131
2025.10.23,16:00,152.684,152.706,152.573,152.611,3301
2025.10.23,17:00,152.609,152.759,152.577,152.722,2505
2025.10.23,18:00,152.717,152.793,152.671,152.716,2132
2025.10.23,19:00,152.713,152.762,152.607,152.608,1828
2025.10.23,20:00,152.611,152.644,152.516,152.527,2003
2025.10.23,21:00,152.529,152.560,152.489,152.558,1464
2025.10.23,22:00,152.556,152.606,152.551,152.573,1153
2025.10.23,23:00,152.520,152.598,152.519,152.548,154
2025.10.24,00:00,152.526,152.591,152.501,152.583,853
2025.10.24,01:00,152.582,152.670,152.562,152.607,1199
2025.10.24,02:00,152.606,152.658,152.472,152.643,2416
2025.10.24,03:00,152.645,152.895,152.635,152.895,2407
2025.10.24,04:00,152.893,152.910,152.765,152.884,1722
2025.10.24,05:00,152.885,152.910,152.707,152.765,1270
2025.10.24,06:00,152.767,152.909,152.765,152.885,1443
2025.10.24,07:00,152.887,153.033,152.872,152.954,1815
2025.10.24,08:00,152.953,153.056,152.914,152.914,2608
2025.10.24,09:00,152.915,152.946,152.748,152.827,2539
2025.10.24,10:00,152.824,153.014,152.806,152.946,2292
2025.10.24,11:00,152.947,152.989,152.896,152.953,1894
2025.10.24,12:00,152.956,152.977,152.900,152.973,1278
2025.10.24,13:00,152.975,152.988,152.903,152.931,1821
2025.10.24,14:00,152.929,152.958,152.209,152.670,4142
2025.10.24,15:00,152.669,153.017,152.592,152.815,4088
2025.10.24,16:00,152.813,152.895,152.693,152.765,3372
2025.10.24,17:00,152.764,152.875,152.701,152.817,2426
2025.10.24,18:00,152.825,152.871,152.781,152.833,1682
2025.10.24,19:00,152.835,152.835,152.746,152.804,1457
2025.10.24,20:00,152.805,152.887,152.794,152.860,1469
2025.10.24,21:00,152.859,152.890,152.797,152.822,1192
2025.10.26,23:00,153.052,153.141,152.942,153.068,2196
2025.10.27,00:00,153.071,153.173,153.012,153.067,1640
2025.10.27,01:00,153.071,153.150,152.827,152.885,2702
2025.10.27,02:00,152.884,152.984,152.652,152.829,2449
2025.10.27,03:00,152.831,153.010,152.818,152.979,1613
2025.10.27,04:00,152.976,153.047,152.947,153.041,1219
2025.10.27,05:00,153.042,153.162,153.032,153.134,1626
2025.10.27,06:00,153.135,153.252,153.107,153.123,1797
2025.10.27,07:00,153.122,153.133,152.829,152.973,2318
2025.10.27,08:00,152.977,153.021,152.855,153.010,2960
2025.10.27,09:00,153.011,153.073,152.739,152.815,2888
2025.10.27,10:00,152.816,152.816,152.696,152.746,2349
2025.10.27,11:00,152.744,152.844,152.717,152.767,1963
2025.10.27,12:00,152.761,152.803,152.590,152.632,2585
2025.10.27,13:00,152.633,152.893,152.562,152.839,2622
2025.10.27,14:00,152.838,153.192,152.803,153.106,3090
2025.10.27,15:00,153.099,153.185,152.996,152.997,2743
2025.10.27,16:00,153.000,153.117,152.982,153.082,2397
2025.10.27,17:00,153.083,153.087,152.973,152.990,1835
2025.10.27,18:00,152.989,153.087,152.935,153.055,1652
2025.10.27,19:00,153.051,153.066,152.755,152.813,1846
2025.10.27,20:00,152.812,152.948,152.812,152.902,1865
2025.10.27,21:00,152.900,152.908,152.844,152.867,921
2025.10.27,22:00,152.783,152.864,152.783,152.795,76
2025.10.27,23:00,152.757,152.841,152.700,152.739,740
2025.10.28,00:00,152.746,152.767,152.627,152.694,1226
2025.10.28,01:00,152.690,152.730,152.391,152.488,2889
2025.10.28,02:00,152.492,152.509,152.261,152.395,2912
2025.10.28,03:00,152.397,152.467,152.293,152.453,1935
2025.10.28,04:00,152.455,152.469,152.160,152.272,1895
2025.10.28,05:00,152.271,152.299,151.847,151.870,3017
2025.10.28,06:00,151.872,151.966,151.754,151.907,3089
2025.10.28,07:00,151.908,152.052,151.809,152.015,2872
2025.10.28,08:00,152.027,152.346,152.026,152.138,3766
2025.10.28,09:00,152.137,152.157,151.842,151.948,3324
2025.10.28,10:00,151.950,152.074,151.870,151.909,2512
2025.10.28,11:00,151.911,151.981,151.821,151.859,2308
2025.10.28,12:00,151.858,152.079,151.854,152.030,2155
2025.10.28,13:00,152.029,152.213,152.014,152.127,2957
2025.10.28,14:00,152.128,152.368,152.124,152.191,3209
2025.10.28,15:00,152.194,152.254,151.971,151.979,2939
2025.10.28,16:00,151.981,152.174,151.849,152.140,2930
2025.10.28,17:00,152.138,152.301,152.105,152.105,2879
2025.10.28,18:00,152.104,152.190,152.089,152.170,2173
2025.10.28,19:00,152.171,152.240,152.085,152.098,2166
2025.10.28,20:00,152.097,152.099,151.942,152.051,1893
2025.10.28,21:00,152.052,152.127,152.043,152.097,1280
2025.10.28,22:00,151.994,152.143,151.992,152.011,151
2025.10.28,23:00,152.026,152.176,151.953,152.165,799
2025.10.29,00:00,152.163,152.191,151.722,151.735,1279
2025.10.29,01:00,151.744,151.883,151.532,151.630,3555
2025.10.29,02:00,151.629,151.912,151.548,151.888,3014
2025.10.29,03:00,151.890,152.138,151.884,151.977,2145
2025.10.29,04:00,151.975,152.052,151.914,152.048,1829
2025.10.29,05:00,152.050,152.108,151.955,152.070,1536
2025.10.29,06:00,152.072,152.538,152.059,152.361,2501
2025.10.29,07:00,152.360,152.445,152.126,152.137,2272
2025.10.29,08:00,152.159,152.175,151.996,152.054,2819
2025.10.29,09:00,152.059,152.330,152.046,152.330,2371
2025.10.29,10:00,152.332,152.463,152.193,152.228,2447
2025.10.29,11:00,152.229,152.338,152.201,152.238,1580
2025.10.29,12:00,152.240,152.404,152.132,152.238,2159
2025.10.29,13:00,152.225,152.294,152.155,152.236,2584
2025.10.29,14:00,152.235,152.238,151.858,151.996,3224
2025.10.29,15:00,151.998,152.164,151.979,152.030,3017
2025.10.29,16:00,152.031,152.056,151.900,151.907,2739
2025.10.29,17:00,151.906,152.174,151.893,152.146,2847
2025.10.29,18:00,152.145,152.311,152.084,152.237,2317
2025.10.29,19:00,152.237,153.046,152.181,152.820,5860
2025.10.29,20:00,152.817,153.054,152.748,152.813,4371
2025.10.29,21:00,152.812,152.872,152.582,152.726,2830
2025.10.29,22:00,152.621,152.724,152.543,152.650,195
2025.10.29,23:00,152.642,152.731,152.604,152.690,1214
2025.10.30,00:00,152.689,152.754,152.583,152.720,1791
2025.10.30,01:00,152.721,152.942,152.500,152.629,3612
2025.10.30,02:00,152.630,152.675,152.447,152.538,2960
2025.10.30,03:00,152.539,152.556,152.312,152.334,2444
2025.10.30,04:00,152.332,153.132,152.158,152.960,3723
2025.10.30,05:00,152.956,153.017,152.557,152.761,4140
2025.10.30,06:00,152.770,153.037,152.668,153.033,2665
2025.10.30,07:00,153.034,153.519,152.926,153.336,3590
2025.10.30,08:00,153.333,153.536,153.275,153.399,4230
2025.10.30,09:00,153.399,153.883,153.397,153.742,3158
2025.10.30,10:00,153.745,153.796,153.620,153.776,2752
2025.10.30,11:00,153.777,153.955,153.769,153.951,2450
2025.10.30,12:00,153.954,154.169,153.861,154.113,2912
2025.10.30,13:00,154.111,154.286,154.074,154.286,3433
2025.10.30,14:00,154.287,154.441,154.141,154.194,4173
2025.10.30,15:00,154.189,154.315,154.052,154.285,3978
2025.10.30,16:00,154.274,154.336,154.040,154.169,3031
2025.10.30,17:00,154.167,154.226,154.064,154.094,2700
2025.10.30,18:00,154.095,154.165,154.046,154.096,2230
2025.10.30,19:00,154.095,154.144,154.045,154.078,2061
2025.10.30,20:00,154.077,154.085,154.015,154.072,1982
2025.10.30,21:00,154.061,154.157,154.036,154.118,1508
2025.10.30,22:00,154.046,154.126,154.044,154.075,124
2025.10.30,23:00,154.067,154.134,154.030,154.106,986
2025.10.31,00:00,154.103,154.162,153.839,153.907,1877
2025.10.31,01:00,153.902,154.032,153.818,153.889,2640
2025.10.31,02:00,153.890,153.916,153.650,153.826,3033
2025.10.31,03:00,153.827,153.881,153.738,153.881,2000
2025.10.31,04:00,153.880,154.063,153.846,154.034,1978
2025.10.31,05:00,154.032,154.049,153.903,153.931,1964
2025.10.31,06:00,153.928,154.050,153.827,153.908,2382
2025.10.31,07:00,153.906,154.231,153.881,154.219,2725
2025.10.31,08:00,154.220,154.398,154.169,154.303,3735
2025.10.31,09:00,154.301,154.409,154.223,154.241,2897
2025.10.31,10:00,154.243,154.286,154.109,154.136,2461
2025.10.31,11:00,154.135,154.178,154.088,154.127,2163
2025.10.31,12:00,154.126,154.177,154.047,154.099,2123
2025.10.31,13:00,154.097,154.248,153.894,154.131,2905
2025.10.31,14:00,154.137,154.227,154.044,154.077,3171
2025.10.31,15:00,154.074,154.092,153.886,153.943,3337
2025.10.31,16:00,153.942,154.090,153.911,154.034,3120
2025.10.31,17:00,154.041,154.170,153.964,154.108,2964
2025.10.31,18:00,154.110,154.173,154.077,154.090,2214
2025.10.31,19:00,154.091,154.131,154.031,154.081,1851
2025.10.31,20:00,154.090,154.132,154.056,154.106,2125
2025.10.31,21:00,154.105,154.116,153.928,153.928,1449
2025.11.02,23:00,154.058,154.075,154.009,154.068,182
2025.11.03,00:00,154.036,154.247,153.993,154.204,1714
2025.11.03,01:00,154.195,154.210,154.115,154.171,1738
2025.11.03,02:00,154.170,154.181,154.074,154.111,1489
2025.11.03,03:00,154.112,154.122,154.031,154.080,1418
2025.11.03,04:00,154.081,154.092,154.036,154.063,1491
2025.11.03,05:00,154.062,154.082,153.985,154.068,1321
2025.11.03,06:00,154.069,154.129,154.055,154.118,1226
2025.11.03,07:00,154.119,154.240,154.100,154.183,1531
2025.11.03,08:00,154.182,154.279,154.101,154.104,2881
2025.11.03,09:00,154.103,154.203,154.047,154.103,2350
2025.11.03,10:00,154.105,154.165,154.082,154.161,1781
2025.11.03,11:00,154.162,154.186,154.125,154.164,1651
2025.11.03,12:00,154.165,154.181,154.092,154.147,1525
2025.11.03,13:00,154.146,154.183,154.136,154.176,1404
2025.11.03,14:00,154.178,154.292,154.171,154.244,2165
2025.11.03,15:00,154.245,154.267,154.051,154.051,2461
2025.11.03,16:00,153.927,154.155,153.871,154.093,3637
2025.11.03,17:00,154.095,154.160,154.063,154.127,2288
2025.11.03,18:00,154.126,154.170,154.057,154.150,1687
2025.11.03,19:00,154.149,154.235,154.111,154.164,1461
2025.11.03,20:00,154.163,154.246,154.136,154.186,1785
2025.11.03,21:00,154.188,154.213,154.170,154.189,1537
2025.11.03,22:00,154.190,154.214,154.172,154.205,1166
2025.11.03,23:00,154.227,154.247,154.188,154.211,175
2025.11.04,00:00,154.216,154.230,154.157,154.206,659
2025.11.04,01:00,154.208,154.397,154.194,154.333,2762
2025.11.04,02:00,154.332,154.479,154.297,154.325,2337
2025.11.04,03:00,154.324,154.352,154.101,154.104,2021
2025.11.04,04:00,154.102,154.153,154.046,154.081,1604
2025.11.04,05:00,154.080,154.094,153.806,154.058,1834
2025.11.04,06:00,154.061,154.078,153.685,153.727,2485
2025.11.04,07:00,153.724,153.783,153.493,153.621,2854
2025.11.04,08:00,153.610,153.628,153.324,153.574,3322
2025.11.04,09:00,153.584,153.692,153.382,153.643,3360
2025.11.04,10:00,153.642,153.751,153.398,153.481,2944
2025.11.04,11:00,153.480,153.597,153.312,153.572,2645
2025.11.04,12:00,153.563,153.586,153.369,153.566,2261
2025.11.04,13:00,153.563,153.619,153.498,153.525,2396
2025.11.04,14:00,153.521,153.537,153.311,153.384,2720
2025.11.04,15:00,153.381,153.537,153.367,153.473,3010
2025.11.04,16:00,153.477,153.594,153.333,153.378,3038
2025.11.04,17:00,153.377,153.549,153.334,153.548,2495
2025.11.04,18:00,153.546,153.636,153.519,153.584,2078
2025.11.04,19:00,153.585,153.656,153.545,153.559,1682
2025.11.04,20:00,153.562,153.638,153.557,153.629,1751
2025.11.04,21:00,153.627,153.686,153.619,153.624,1416
2025.11.04,22:00,153.627,153.679,153.596,153.657,1333
2025.11.04,23:00,153.647,153.671,153.618,153.650,67
2025.11.05,00:00,153.644,153.690,153.505,153.545,1421
2025.11.05,01:00,153.546,153.742,153.225,153.234,3873
2025.11.05,02:00,153.233,153.286,152.953,153.162,3676
2025.11.05,03:00,153.158,153.318,153.063,153.311,2496
2025.11.05,04:00,153.312,153.562,153.296,153.507,2808
2025.11.05,05:00,153.506,153.525,153.387,153.480,2262
2025.11.05,06:00,153.481,153.560,153.404,153.518,2378
2025.11.05,07:00,153.512,153.734,153.447,153.661,2553
2025.11.05,08:00,153.663,153.684,153.443,153.554,3245
2025.11.05,09:00,153.543,153.659,153.415,153.493,2576
2025.11.05,10:00,153.494,153.702,153.483,153.684,2447
2025.11.05,11:00,153.686,153.839,153.616,153.622,2232
2025.11.05,12:00,153.621,153.706,153.570,153.611,1669
2025.11.05,13:00,153.605,153.744,153.559,153.705,2203
2025.11.05,14:00,153.704,153.986,153.647,153.976,3081
2025.11.05,15:00,153.978,154.026,153.892,153.929,2871
2025.11.05,16:00,154.147,154.310,154.121,154.301,4024
2025.11.05,17:00,154.302,154.349,154.102,154.115,2581
2025.11.05,18:00,154.113,154.132,154.051,154.072,1692
2025.11.05,19:00,154.071,154.138,154.002,154.120,1553
2025.11.05,20:00,154.122,154.125,154.054,154.103,1751
2025.11.05,21:00,154.104,154.129,154.077,154.116,1351
2025.11.05,22:00,154.118,154.138,154.088,154.101,1422
2025.11.05,23:00,154.099,154.112,154.030,154.074,139
2025.11.06,00:00,154.078,154.089,153.977,154.084,1195
2025.11.06,01:00,154.086,154.137,153.844,153.887,3188
2025.11.06,02:00,153.885,153.938,153.797,153.867,2363
2025.11.06,03:00,153.864,153.999,153.790,153.943,1841
2025.11.06,04:00,153.944,153.988,153.829,153.866,1525
2025.11.06,05:00,153.865,154.022,153.855,153.947,1441
2025.11.06,06:00,153.948,154.001,153.827,153.879,1873
2025.11.06,07:00,153.880,154.001,153.803,153.976,1863
2025.11.06,08:00,153.979,153.989,153.769,153.862,2635
2025.11.06,09:00,153.864,153.865,153.527,153.556,2879
2025.11.06,10:00,153.558,153.767,153.553,153.714,2109
2025.11.06,11:00,153.713,153.770,153.700,153.741,1634
2025.11.06,12:00,153.740,153.760,153.586,153.641,1707
2025.11.06,13:00,153.640,153.734,153.584,153.602,2438
2025.11.06,14:00,153.601,153.630,153.401,153.499,2535
2025.11.06,15:00,153.500,153.582,153.381,153.406,3097
2025.11.06,16:00,153.405,153.405,153.039,153.042,3706
2025.11.06,17:00,153.039,153.163,152.972,152.976,3195
2025.11.06,18:00,152.973,153.059,152.826,153.009,2953
2025.11.06,19:00,153.008,153.084,152.916,153.048,2531
2025.11.06,20:00,153.047,153.154,153.024,153.138,2221
2025.11.06,21:00,153.136,153.140,152.993,153.024,1772
2025.11.06,22:00,153.031,153.096,152.994,153.053,1321
2025.11.06,23:00,152.988,153.093,152.986,153.066,323
2025.11.07,00:00,153.072,153.073,152.816,152.950,1591
2025.11.07,01:00,152.935,153.246,152.856,153.180,3439
2025.11.07,02:00,153.181,153.301,153.052,153.125,2867
2025.11.07,03:00,153.122,153.171,152.948,153.144,2197
2025.11.07,04:00,153.143,153.184,153.015,153.056,1883
2025.11.07,05:00,153.054,153.174,153.013,153.108,2015
2025.11.07,06:00,153.112,153.363,153.111,153.348,1940
2025.11.07,07:00,153.347,153.521,153.347,153.505,2294
2025.11.07,08:00,153.504,153.534,153.377,153.385,2694
2025.11.07,09:00,153.384,153.510,153.345,153.504,2448
2025.11.07,10:00,153.506,153.517,153.439,153.489,2218
2025.11.07,11:00,153.487,153.489,153.315,153.344,1905
2025.11.07,12:00,153.346,153.357,153.006,153.125,2520
2025.11.07,13:00,153.126,153.172,153.036,153.090,2229
2025.11.07,14:00,153.091,153.371,153.007,153.353,2937
2025.11.07,15:00,153.354,153.470,153.134,153.312,3722
2025.11.07,16:00,153.269,153.318,153.022,153.133,4250
2025.11.07,17:00,153.131,153.172,153.010,153.056,3105
2025.11.07,18:00,153.061,153.220,153.036,153.093,2642
2025.11.07,19:00,153.092,153.262,153.031,153.250,2266
2025.11.07,20:00,153.253,153.579,153.219,153.554,2752
2025.11.07,21:00,153.552,153.590,153.356,153.426,2754
2025.11.09,23:00,153.662,153.719,153.495,153.706,449
2025.11.10,00:00,153.682,153.863,153.665,153.824,2091
2025.11.10,01:00,153.823,153.910,153.427,153.850,3440
2025.11.10,02:00,153.839,153.947,153.772,153.826,2825
2025.11.10,03:00,153.825,153.895,153.797,153.887,2071
2025.11.10,04:00,153.889,154.019,153.887,153.932,1990
2025.11.10,05:00,153.931,153.949,153.783,153.874,2204
2025.11.10,06:00,153.875,154.054,153.863,153.936,2430
2025.11.10,07:00,153.934,154.078,153.897,154.024,2511
2025.11.10,08:00,154.025,154.145,153.944,154.040,3105
2025.11.10,09:00,154.047,154.175,153.947,154.167,2765
2025.11.10,10:00,154.168,154.228,154.142,154.155,2572
2025.11.10,11:00,154.156,154.173,154.057,154.158,1919
2025.11.10,12:00,154.159,154.245,154.112,154.126,1902
2025.11.10,13:00,154.125,154.161,154.034,154.111,1794
2025.11.10,14:00,154.113,154.133,153.975,154.055,2275
2025.11.10,15:00,154.056,154.161,154.000,154.078,2575
2025.11.10,16:00,154.077,154.136,154.008,154.024,2718
2025.11.10,17:00,154.023,154.063,153.885,153.992,2834
2025.11.10,18:00,153.990,154.038,153.919,153.950,1910
2025.11.10,19:00,153.956,154.016,153.920,153.987,1596
2025.11.10,20:00,153.988,154.070,153.949,154.047,1289
2025.11.10,21:00,154.049,154.080,153.994,154.025,1636
2025.11.10,22:00,154.027,154.165,154.021,154.127,1071
2025.11.10,23:00,154.005,154.084,153.982,154.060,333
2025.11.11,00:00,154.061,154.153,154.048,154.147,1375
2025.11.11,01:00,154.146,154.306,154.101,154.306,2826
2025.11.11,02:00,154.305,154.492,154.299,154.321,2357
2025.11.11,03:00,154.320,154.387,154.256,154.363,1857
2025.11.11,04:00,154.362,154.363,154.217,154.263,1956
2025.11.11,05:00,154.260,154.349,154.222,154.297,1573
2025.11.11,06:00,154.296,154.306,154.087,154.123,2044
2025.11.11,07:00,154.124,154.263,154.085,154.192,1719
2025.11.11,08:00,154.184,154.247,154.147,154.185,2478
2025.11.11,09:00,154.186,154.385,154.166,154.375,2088
2025.11.11,10:00,154.378,154.455,154.282,154.326,1877
2025.11.11,11:00,154.328,154.357,154.206,154.243,1680
2025.11.11,12:00,154.241,154.261,154.211,154.247,1452
2025.11.11,13:00,154.248,154.262,154.165,154.191,1666
2025.11.11,14:00,154.192,154.192,153.663,153.770,3433
2025.11.11,15:00,153.767,154.002,153.698,153.993,2782
2025.11.11,16:00,153.996,154.130,153.918,153.966,3012
2025.11.11,17:00,153.967,154.021,153.941,153.998,2307
2025.11.11,18:00,153.996,154.119,153.996,154.069,1882
2025.11.11,19:00,154.070,154.142,154.047,154.104,1545
2025.11.11,20:00,154.102,154.141,154.059,154.115,1703
2025.11.11,21:00,154.118,154.138,154.077,154.117,1375
2025.11.11,22:00,154.118,154.172,154.114,154.150,1062
2025.11.11,23:00,154.109,154.136,154.053,154.064,374
2025.11.12,00:00,154.053,154.155,154.052,154.077,1104
2025.11.12,01:00,154.078,154.300,154.046,154.295,3004
2025.11.12,02:00,154.294,154.345,154.259,154.318,2376
2025.11.12,03:00,154.323,154.409,154.308,154.344,1827
2025.11.12,04:00,154.345,154.375,154.235,154.340,1755
2025.11.12,05:00,154.341,154.738,154.337,154.733,2812
2025.11.12,06:00,154.739,154.788,154.553,154.641,2801
2025.11.12,07:00,154.638,154.750,154.578,154.609,1938
2025.11.12,08:00,154.604,154.661,154.488,154.617,2561
2025.11.12,09:00,154.614,154.769,154.612,154.755,2844
2025.11.12,10:00,154.754,154.900,154.700,154.842,2469
2025.11.12,11:00,154.841,154.893,154.753,154.860,2093
2025.11.12,12:00,154.859,154.884,154.799,154.799,1790
2025.11.12,13:00,154.800,154.830,154.700,154.802,2176
2025.11.12,14:00,154.798,154.989,154.758,154.938,2574
2025.11.12,15:00,154.937,155.039,154.857,154.865,3181
2025.11.12,16:00,154.866,154.919,154.724,154.735,3058
2025.11.12,17:00,154.737,154.768,154.642,154.644,2442
2025.11.12,18:00,154.640,154.640,154.493,154.589,2137
2025.11.12,19:00,154.591,154.683,154.576,154.681,1923
2025.11.12,20:00,154.682,154.724,154.604,154.711,2120
2025.11.12,21:00,154.715,154.763,154.689,154.753,1896
2025.11.12,22:00,154.760,154.865,154.755,154.802,1527
2025.11.12,23:00,154.788,154.793,154.708,154.710,179
2025.11.13,00:00,154.712,154.753,154.685,154.704,1480
2025.11.13,01:00,154.703,154.953,154.690,154.938,3015
2025.11.13,02:00,154.939,155.011,154.702,154.731,2517
2025.11.13,03:00,154.729,154.785,154.619,154.655,2201
2025.11.13,04:00,154.654,154.757,154.619,154.730,1686
2025.11.13,05:00,154.731,154.850,154.639,154.817,2035
2025.11.13,06:00,154.818,154.994,154.809,154.949,1931
2025.11.13,07:00,154.947,155.003,154.861,154.890,1993
2025.11.13,08:00,154.888,154.945,154.697,154.710,2645
2025.11.13,09:00,154.710,154.768,154.511,154.514,2740
2025.11.13,10:00,154.516,154.581,154.324,154.523,3039
2025.11.13,11:00,154.522,154.671,154.479,154.653,2094
2025.11.13,12:00,154.654,154.760,154.638,154.737,2014
2025.11.13,13:00,154.736,154.750,154.586,154.602,2342
2025.11.13,14:00,154.584,154.736,154.534,154.644,2664
2025.11.13,15:00,154.643,154.674,154.385,154.391,3198
2025.11.13,16:00,154.398,154.534,154.123,154.196,3706
2025.11.13,17:00,154.193,154.429,154.155,154.395,3647
2025.11.13,18:00,154.394,154.466,154.232,154.314,3101
2025.11.13,19:00,154.312,154.437,154.269,154.418,2678
2025.11.13,20:00,154.420,154.482,154.350,154.467,2560
2025.11.13,21:00,154.469,154.537,154.458,154.537,2475
2025.11.13,22:00,154.539,154.583,154.477,154.552,1211
2025.11.13,23:00,154.598,154.607,154.439,154.511,307
2025.11.14,00:00,154.519,154.681,154.519,154.628,1822
2025.11.14,01:00,154.629,154.737,154.559,154.601,2994
2025.11.14,02:00,154.603,154.680,154.436,154.502,2648
2025.11.14,03:00,154.499,154.572,154.432,154.442,2014
2025.11.14,04:00,154.441,154.572,154.306,154.538,2418
2025.11.14,05:00,154.539,154.570,154.417,154.418,1944
2025.11.14,06:00,154.420,154.499,154.365,154.478,2324
2025.11.14,07:00,154.479,154.656,154.429,154.594,2276
2025.11.14,08:00,154.595,154.677,154.448,154.673,3304
2025.11.14,09:00,154.676,154.730,154.452,154.550,3367
2025.11.14,10:00,154.556,154.695,154.551,154.687,2463
2025.11.14,11:00,154.688,154.759,154.663,154.743,1973
2025.11.14,12:00,154.742,154.744,154.624,154.652,2475
2025.11.14,13:00,154.653,154.657,153.807,153.810,4143
2025.11.14,14:00,153.806,154.136,153.612,154.081,4637
2025.11.14,15:00,154.082,154.345,153.978,154.340,4504
2025.11.14,16:00,154.338,154.490,154.232,154.423,4222
2025.11.14,17:00,154.424,154.661,154.347,154.637,3146
2025.11.14,18:00,154.634,154.738,154.615,154.638,2728
2025.11.14,19:00,154.636,154.658,154.554,154.576,2430
2025.11.14,20:00,154.572,154.581,154.522,154.554,2300
2025.11.14,21:00,154.555,154.565,154.495,154.526,1881
2025.11.16,23:00,154.570,154.606,154.501,154.522,325
2025.11.17,00:00,154.493,154.630,154.443,154.591,1893
2025.11.17,01:00,154.589,154.654,154.412,154.632,3008
2025.11.17,02:00,154.634,154.647,154.505,154.572,2301
2025.11.17,03:00,154.571,154.706,154.568,154.686,2103
2025.11.17,04:00,154.687,154.783,154.684,154.710,1821
2025.11.17,05:00,154.711,154.723,154.605,154.626,1685
2025.11.17,06:00,154.625,154.712,154.587,154.686,1364
2025.11.17,07:00,154.685,154.810,154.636,154.673,1870
2025.11.17,08:00,154.674,154.786,154.639,154.686,2507
2025.11.17,09:00,154.685,154.831,154.620,154.706,2783
2025.11.17,10:00,154.708,154.785,154.652,154.750,2217
2025.11.17,11:00,154.747,154.840,154.691,154.837,2042
2025.11.17,12:00,154.832,154.868,154.763,154.791,1960
2025.11.17,13:00,154.790,154.868,154.732,154.842,2008
2025.11.17,14:00,154.843,154.908,154.835,154.884,2448
2025.11.17,15:00,154.885,155.029,154.860,155.028,2974
2025.11.17,16:00,155.030,155.299,155.000,155.192,3785
2025.11.17,17:00,155.191,155.200,155.052,155.193,2618
2025.11.17,18:00,155.198,155.226,155.138,155.153,1978
2025.11.17,19:00,155.154,155.203,155.122,155.138,1855
2025.11.17,20:00,155.137,155.249,155.066,155.242,2307
2025.11.17,21:00,155.240,155.257,155.164,155.218,2390
2025.11.17,22:00,155.222,155.253,155.214,155.248,1339
2025.11.17,23:00,155.211,155.232,155.187,155.196,177
2025.11.18,00:00,155.198,155.285,155.172,155.276,1623
2025.11.18,01:00,155.277,155.374,155.177,155.255,2762
2025.11.18,02:00,155.256,155.360,155.141,155.196,2303
2025.11.18,03:00,155.197,155.279,155.168,155.181,1885
2025.11.18,04:00,155.179,155.197,155.107,155.171,1824
2025.11.18,05:00,155.172,155.186,154.813,155.038,3010
2025.11.18,06:00,155.049,155.097,154.992,155.079,2200
2025.11.18,07:00,155.083,155.214,154.866,155.176,2831
2025.11.18,08:00,155.173,155.215,154.867,154.993,4173
2025.11.18,09:00,154.992,155.216,154.907,155.124,3332
2025.11.18,10:00,155.125,155.263,155.079,155.229,2506
2025.11.18,11:00,155.231,155.420,155.202,155.419,2287
2025.11.18,12:00,155.412,155.438,155.356,155.422,2198
2025.11.18,13:00,155.421,155.435,155.173,155.176,2724
2025.11.18,14:00,155.177,155.258,155.060,155.166,3311
2025.11.18,15:00,155.164,155.378,155.138,155.230,3603
2025.11.18,16:00,155.227,155.278,155.046,155.268,4492
2025.11.18,17:00,155.269,155.500,155.254,155.437,3640
2025.11.18,18:00,155.438,155.690,155.425,155.690,3162
2025.11.18,19:00,155.686,155.728,155.556,155.593,2958
2025.11.18,20:00,155.592,155.633,155.494,155.522,2318
2025.11.18,21:00,155.520,155.557,155.473,155.522,1822
2025.11.18,22:00,155.523,155.546,155.490,155.502,1480
2025.11.18,23:00,155.491,155.548,155.410,155.531,365
2025.11.19,00:00,155.534,155.589,155.503,155.528,1163
2025.11.19,01:00,155.527,155.576,155.368,155.468,3386
2025.11.19,02:00,155.477,155.532,155.428,155.490,2665
2025.11.19,03:00,155.491,155.547,155.320,155.349,2395
2025.11.19,04:00,155.346,155.378,155.209,155.288,2644
2025.11.19,05:00,155.291,155.464,155.291,155.319,2388
2025.11.19,06:00,155.318,155.377,155.257,155.365,2531
2025.11.19,07:00,155.369,155.456,155.320,155.444,2022
2025.11.19,08:00,155.448,155.525,155.402,155.516,2515
2025.11.19,09:00,155.511,155.670,155.476,155.631,2591
2025.11.19,10:00,155.632,155.957,155.550,155.947,2889
2025.11.19,11:00,155.949,156.246,155.932,156.238,2930
2025.11.19,12:00,156.240,156.291,156.080,156.103,2443
2025.11.19,13:00,156.102,156.257,156.062,156.244,2022
2025.11.19,14:00,156.243,156.286,156.036,156.281,2438
2025.11.19,15:00,156.279,156.619,156.262,156.619,3594
2025.11.19,16:00,156.625,156.717,156.495,156.503,3705
2025.11.19,17:00,156.493,156.702,156.459,156.632,3238
2025.11.19,18:00,156.631,156.861,156.615,156.748,2957
2025.11.19,19:00,156.746,156.845,156.687,156.797,2380
2025.11.19,20:00,156.793,157.037,156.769,157.022,3000
2025.11.19,21:00,157.025,157.043,156.935,156.957,2186
2025.11.19,22:00,156.959,157.180,156.959,157.134,2262
2025.11.19,23:00,157.145,157.146,157.032,157.079,292
2025.11.20,00:00,157.055,157.151,156.976,156.990,1941
2025.11.20,01:00,156.991,157.209,156.874,157.072,3740
2025.11.20,02:00,157.071,157.431,157.035,157.419,2863
2025.11.20,03:00,157.417,157.469,157.286,157.312,2671
2025.11.20,04:00,157.318,157.428,157.277,157.411,2187
2025.11.20,05:00,157.412,157.416,157.259,157.395,2172
2025.11.20,06:00,157.392,157.567,157.392,157.555,2551
2025.11.20,07:00,157.553,157.732,157.486,157.729,2695
2025.11.20,08:00,157.730,157.773,157.372,157.450,3701
2025.11.20,09:00,157.452,157.489,157.106,157.148,3175
2025.11.20,10:00,157.164,157.259,157.121,157.176,2347
2025.11.20,11:00,157.174,157.405,157.148,157.379,2004
2025.11.20,12:00,157.376,157.534,157.352,157.505,1958
2025.11.20,13:00,157.511,157.734,157.502,157.696,2350
2025.11.20,14:00,157.697,157.851,157.220,157.566,4439
2025.11.20,15:00,157.567,157.828,157.492,157.622,4441
2025.11.20,16:00,157.625,157.892,157.625,157.677,3616
2025.11.20,17:00,157.670,157.679,157.282,157.421,4721
2025.11.20,18:00,157.414,157.532,157.259,157.513,4825
2025.11.20,19:00,157.514,157.691,157.423,157.456,3780
2025.11.20,20:00,157.461,157.560,157.447,157.534,2873
2025.11.20,21:00,157.536,157.643,157.512,157.571,2576
2025.11.20,22:00,157.568,157.587,157.395,157.445,2088
2025.11.20,23:00,157.516,157.542,157.412,157.436,325
2025.11.21,00:00,157.459,157.469,157.189,157.386,2519
2025.11.21,01:00,157.384,157.537,157.218,157.311,3025
2025.11.21,02:00,157.313,157.491,157.205,157.484,2437
2025.11.21,03:00,157.483,157.483,157.295,157.345,2221
2025.11.21,04:00,157.341,157.425,157.292,157.299,1702
2025.11.21,05:00,157.296,157.298,157.078,157.266,2625
2025.11.21,06:00,157.265,157.301,157.161,157.221,2163
2025.11.21,07:00,157.222,157.251,157.048,157.164,2345
2025.11.21,08:00,157.165,157.189,156.603,156.726,3921
2025.11.21,09:00,156.735,156.946,156.563,156.909,3509
2025.11.21,10:00,156.912,156.946,156.673,156.755,2858
2025.11.21,11:00,156.757,156.814,156.549,156.778,3419
2025.11.21,12:00,156.777,156.889,156.747,156.849,2259
2025.11.21,13:00,156.851,156.891,156.606,156.743,3757
2025.11.21,14:00,156.744,156.860,156.674,156.810,3040
2025.11.21,15:00,156.813,156.961,156.650,156.707,3743
2025.11.21,16:00,156.694,156.710,156.198,156.530,5501
2025.11.21,17:00,156.531,156.752,156.462,156.567,4100
2025.11.21,18:00,156.569,156.724,156.495,156.537,2918
2025.11.21,19:00,156.536,156.639,156.456,156.569,2766
2025.11.21,20:00,156.567,156.578,156.257,156.323,2194
2025.11.21,21:00,156.322,156.447,156.315,156.386,2138
2025.11.23,23:00,156.317,156.591,156.317,156.480,417
2025.11.24,00:00,156.466,156.700,156.448,156.684,1848
2025.11.24,01:00,156.684,156.794,156.654,156.732,2474
2025.11.24,02:00,156.733,156.745,156.634,156.718,2074
2025.11.24,03:00,156.717,156.731,156.603,156.684,1433
2025.11.24,04:00,156.686,156.686,156.586,156.636,1187
2025.11.24,05:00,156.637,156.656,156.507,156.548,1250
2025.11.24,06:00,156.547,156.588,156.494,156.578,1596
2025.11.24,07:00,156.586,156.735,156.541,156.728,1458
2025.11.24,08:00,156.722,156.881,156.673,156.837,2354
2025.11.24,09:00,156.834,156.929,156.644,156.897,2562
2025.11.24,10:00,156.896,156.928,156.677,156.744,2273
2025.11.24,11:00,156.743,156.775,156.695,156.707,1736
2025.11.24,12:00,156.708,156.862,156.696,156.830,1563
2025.11.24,13:00,156.828,156.868,156.743,156.849,1863
2025.11.24,14:00,156.848,156.983,156.846,156.910,2116
2025.11.24,15:00,156.912,157.154,156.884,157.045,2767
2025.11.24,16:00,157.046,157.184,156.735,156.786,3106
2025.11.24,17:00,156.794,156.940,156.765,156.935,1929
2025.11.24,18:00,156.936,156.978,156.853,156.882,2108
2025.11.24,19:00,156.883,156.889,156.783,156.785,1735
2025.11.24,20:00,156.786,156.874,156.709,156.733,1734
2025.11.24,21:00,156.736,156.841,156.724,156.829,1460
2025.11.24,22:00,156.827,156.916,156.818,156.915,1396
2025.11.24,23:00,156.828,156.904,156.782,156.844,269
2025.11.25,00:00,156.847,156.952,156.838,156.906,1209
2025.11.25,01:00,156.905,156.977,156.670,156.684,2544
2025.11.25,02:00,156.685,156.743,156.553,156.650,2508
2025.11.25,03:00,156.648,156.723,156.605,156.670,1774
2025.11.25,04:00,156.669,156.777,156.609,156.771,1520
2025.11.25,05:00,156.772,156.844,156.755,156.800,1167
2025.11.25,06:00,156.801,156.840,156.692,156.729,1337
2025.11.25,07:00,156.730,156.794,156.666,156.677,1823
2025.11.25,08:00,156.676,156.687,156.518,156.613,2534
2025.11.25,09:00,156.608,156.691,156.438,156.490,2464
2025.11.25,10:00,156.488,156.491,156.139,156.294,2626
2025.11.25,11:00,156.296,156.395,156.200,156.342,1986
2025.11.25,12:00,156.345,156.516,156.345,156.436,1815
2025.11.25,13:00,156.437,156.508,156.291,156.294,2231
2025.11.25,14:00,156.295,156.339,156.019,156.143,3461
2025.11.25,15:00,156.142,156.273,155.892,156.060,3513
2025.11.25,16:00,156.034,156.167,155.890,156.144,3833
2025.11.25,17:00,156.145,156.308,156.058,156.302,2477
2025.11.25,18:00,156.301,156.332,155.797,155.893,3297
2025.11.25,19:00,155.890,155.969,155.828,155.908,2520
2025.11.25,20:00,155.907,155.953,155.804,155.822,1732
2025.11.25,21:00,155.821,156.183,155.819,156.096,2081
2025.11.25,22:00,156.095,156.108,155.974,155.978,1381
2025.11.25,23:00,155.958,156.128,155.915,156.034,313
2025.11.26,00:00,156.008,156.228,156.008,156.196,1188
2025.11.26,01:00,156.195,156.342,156.090,156.252,2874
2025.11.26,02:00,156.248,156.370,155.810,155.940,3381
2025.11.26,03:00,155.940,156.017,155.646,155.843,3045
2025.11.26,04:00,155.846,155.903,155.745,155.878,2158
2025.11.26,05:00,155.877,156.123,155.873,156.035,2166
2025.11.26,06:00,156.033,156.179,156.027,156.110,2423
2025.11.26,07:00,156.111,156.282,156.045,156.206,2424
2025.11.26,08:00,156.205,156.457,156.145,156.379,3378
2025.11.26,09:00,156.379,156.489,156.314,156.437,2530
2025.11.26,10:00,156.440,156.497,156.330,156.450,2287
2025.11.26,11:00,156.449,156.507,156.322,156.473,2105
2025.11.26,12:00,156.474,156.573,156.368,156.473,2444
2025.11.26,13:00,156.472,156.584,156.438,156.475,2756
2025.11.26,14:00,156.472,156.680,156.327,156.657,3495
2025.11.26,15:00,156.659,156.730,156.495,156.601,3014
2025.11.26,16:00,156.604,156.636,156.413,156.414,3153
2025.11.26,17:00,156.413,156.461,156.284,156.380,2209
2025.11.26,18:00,156.379,156.459,156.338,156.400,1503
2025.11.26,19:00,156.402,156.503,156.342,156.462,1711
2025.11.26,20:00,156.455,156.501,156.426,156.452,1348
2025.11.26,21:00,156.454,156.489,156.405,156.445,1481
2025.11.26,22:00,156.444,156.475,156.404,156.456,1113
2025.11.26,23:00,156.458,156.468,156.375,156.411,274
2025.11.27,00:00,156.412,156.417,156.216,156.216,1165
2025.11.27,01:00,156.215,156.231,155.847,156.033,2887
2025.11.27,02:00,156.034,156.173,155.710,156.049,2879
2025.11.27,03:00,156.048,156.179,155.925,156.115,1969
2025.11.27,04:00,156.116,156.149,156.025,156.075,1266
2025.11.27,05:00,156.076,156.097,155.937,156.000,1570
2025.11.27,06:00,156.001,156.009,155.811,155.983,2130
2025.11.27,07:00,155.988,156.201,155.910,156.134,2133
2025.11.27,08:00,156.135,156.295,156.104,156.105,1846
2025.11.27,09:00,156.103,156.361,156.076,156.316,2118
2025.11.27,10:00,156.318,156.403,156.310,156.353,1927
2025.11.27,11:00,156.352,156.357,156.255,156.280,1458
2025.11.27,12:00,156.281,156.346,156.247,156.306,1631
2025.11.27,13:00,156.311,156.384,156.262,156.372,1675
2025.11.27,14:00,156.371,156.377,156.241,156.259,1554
2025.11.27,15:00,156.261,156.358,156.229,156.325,1634
2025.11.27,16:00,156.327,156.336,156.247,156.301,1755
2025.11.27,17:00,156.303,156.355,156.255,156.270,1318
2025.11.27,18:00,156.276,156.363,156.268,156.326,909
2025.11.27,19:00,156.327,156.364,156.321,156.357,539
2025.11.27,20:00,156.358,156.359,156.319,156.330,631
2025.11.27,21:00,156.331,156.334,156.266,156.311,354
2025.11.27,22:00,156.303,156.305,156.243,156.243,750
2025.11.27,23:00,156.242,156.322,156.242,156.267,144
2025.11.28,00:00,156.266,156.309,156.203,156.286,837
2025.11.28,01:00,156.287,156.578,156.170,156.447,3240
2025.11.28,02:00,156.444,156.453,156.320,156.374,2513
2025.11.28,03:00,156.375,156.379,156.091,156.280,4710
2025.11.28,04:00,156.244,156.386,156.132,156.263,6534
2025.11.28,05:00,156.265,156.294,156.177,156.217,6766
2025.11.28,06:00,156.218,156.410,156.197,156.335,7709
2025.11.28,07:00,156.329,156.432,156.321,156.378,7325
2025.11.28,08:00,156.381,156.399,156.272,156.300,5436
2025.11.28,09:00,156.296,156.388,156.255,156.355,4974
2025.11.28,10:00,156.357,156.378,156.221,156.312,4592
2025.11.28,11:00,156.311,156.391,156.231,156.258,5270
2025.11.28,12:00,156.258,156.300,156.140,156.196,4019
2025.11.28,13:00,156.205,156.260,156.070,156.109,3478
2025.11.28,14:00,156.110,156.156,155.999,156.015,3094
2025.11.28,15:00,156.014,156.389,155.976,156.240,3484
2025.11.28,16:00,156.244,156.337,155.996,156.031,3291
2025.11.28,17:00,156.027,156.198,155.990,156.174,2706
2025.11.28,18:00,156.172,156.264,156.128,156.205,2299
2025.11.28,19:00,156.233,156.234,156.080,156.132,2182
2025.11.28,20:00,156.126,156.167,156.066,156.116,2085
2025.11.28,21:00,156.117,156.145,156.062,156.143,1970
2025.11.30,23:00,155.983,156.150,155.979,156.114,541
2025.12.01,00:00,156.120,156.148,155.902,155.905,2321
2025.12.01,01:00,155.903,155.906,155.675,155.806,3412
2025.12.01,02:00,155.802,155.977,155.477,155.630,4080
2025.12.01,03:00,155.636,155.648,155.423,155.495,2894
2025.12.01,04:00,155.496,155.590,155.409,155.456,2027
2025.12.01,05:00,155.457,155.592,155.391,155.547,1925
2025.12.01,06:00,155.546,155.609,155.408,155.589,2683
2025.12.01,07:00,155.589,155.689,155.552,155.560,2502
2025.12.01,08:00,155.546,155.623,155.299,155.355,3775
2025.12.01,09:00,155.365,155.557,155.248,155.481,3484
2025.12.01,10:00,155.480,155.528,155.254,155.282,2881
2025.12.01,11:00,155.280,155.303,155.157,155.251,2816
2025.12.01,12:00,155.253,155.338,155.089,155.101,2758
2025.12.01,13:00,155.102,155.145,154.759,154.786,3152
2025.12.01,14:00,154.785,154.890,154.659,154.837,3699
2025.12.01,15:00,154.839,155.058,154.827,154.990,3695
2025.12.01,16:00,154.818,155.193,154.814,155.092,3631
2025.12.01,17:00,155.093,155.308,155.092,155.282,3083
2025.12.01,18:00,155.281,155.380,155.256,155.345,2289
2025.12.01,19:00,155.344,155.493,155.338,155.487,2207
2025.12.01,20:00,155.488,155.518,155.443,155.473,2005
2025.12.01,21:00,155.476,155.515,155.432,155.443,1534
2025.12.01,22:00,155.439,155.505,155.386,155.436,1405
2025.12.01,23:00,155.442,155.463,155.400,155.420,142
2025.12.02,00:00,155.409,155.570,155.366,155.556,1276
2025.12.02,01:00,155.557,155.675,155.454,155.629,3188
2025.12.02,02:00,155.630,155.771,155.590,155.628,2656
2025.12.02,03:00,155.627,155.699,155.586,155.656,1808
2025.12.02,04:00,155.655,155.716,155.554,155.627,2157
2025.12.02,05:00,155.629,155.661,155.547,155.636,1718
2025.12.02,06:00,155.641,155.728,155.625,155.649,2197
2025.12.02,07:00,155.650,155.813,155.630,155.755,2819
2025.12.02,08:00,155.755,155.829,155.709,155.759,3669
2025.12.02,09:00,155.761,156.000,155.761,155.991,2971
2025.12.02,10:00,155.989,156.080,155.927,155.960,3088
2025.12.02,11:00,155.962,156.062,155.934,156.032,2440
2025.12.02,12:00,156.034,156.046,155.891,155.922,2426
2025.12.02,13:00,155.921,156.023,155.907,156.006,2754
2025.12.02,14:00,156.010,156.069,155.962,155.969,2891
2025.12.02,15:00,155.970,156.083,155.928,155.946,3074
2025.12.02,16:00,155.947,156.174,155.817,155.866,3608
2025.12.02,17:00,155.859,155.974,155.742,155.916,3060
2025.12.02,18:00,155.917,156.083,155.913,155.940,2576
2025.12.02,19:00,155.938,156.015,155.905,155.989,2436
2025.12.02,20:00,155.988,155.992,155.836,155.891,2110
2025.12.02,21:00,155.889,155.895,155.798,155.827,1954
2025.12.02,22:00,155.826,155.899,155.800,155.800,1482
2025.12.02,23:00,155.780,155.874,155.778,155.864,178
2025.12.03,00:00,155.853,155.899,155.758,155.761,1248
2025.12.03,01:00,155.760,155.806,155.657,155.773,2785
2025.12.03,02:00,155.774,155.786,155.601,155.653,2466
2025.12.03,03:00,155.654,155.801,155.646,155.704,1847
2025.12.03,04:00,155.707,155.723,155.623,155.651,1826
2025.12.03,05:00,155.650,155.743,155.649,155.656,1784
2025.12.03,06:00,155.657,155.700,155.624,155.689,1475
2025.12.03,07:00,155.688,155.689,155.505,155.605,2447
2025.12.03,08:00,155.604,155.702,155.508,155.679,3593
2025.12.03,09:00,155.678,155.749,155.660,155.672,2615
2025.12.03,10:00,155.673,155.678,155.520,155.617,2421
2025.12.03,11:00,155.615,155.635,155.499,155.523,2568
2025.12.03,12:00,155.524,155.524,155.407,155.415,2256
2025.12.03,13:00,155.413,155.427,155.355,155.410,2460
2025.12.03,14:00,155.409,155.522,155.209,155.485,3461
2025.12.03,15:00,155.486,155.517,155.273,155.367,3958
2025.12.03,16:00,155.417,155.594,155.204,155.213,4447
2025.12.03,17:00,155.212,155.242,155.007,155.165,3023
2025.12.03,18:00,155.166,155.208,155.083,155.122,2475
2025.12.03,19:00,155.123,155.173,155.071,155.121,2202
2025.12.03,20:00,155.119,155.162,155.075,155.145,2126
2025.12.03,21:00,155.146,155.244,155.121,155.232,1603
2025.12.03,22:00,155.231,155.311,155.198,155.198,1368
2025.12.03,23:00,155.257,155.272,155.123,155.172,476
2025.12.04,00:00,155.129,155.232,155.081,155.110,1273
2025.12.04,01:00,155.111,155.243,155.018,155.115,3263
2025.12.04,02:00,155.114,155.409,155.095,155.256,3130
2025.12.04,03:00,155.248,155.423,155.248,155.408,2454
2025.12.04,04:00,155.409,155.536,155.383,155.387,2426
2025.12.04,05:00,155.386,155.463,155.326,155.458,1634
2025.12.04,06:00,155.459,155.502,155.185,155.218,3109
2025.12.04,07:00,155.217,155.445,155.205,155.290,2521
2025.12.04,08:00,155.285,155.347,155.202,155.237,3935
2025.12.04,09:00,155.237,155.246,154.769,154.979,3690
2025.12.04,10:00,154.976,155.051,154.792,154.811,2768
2025.12.04,11:00,154.808,154.887,154.735,154.748,2161
2025.12.04,12:00,154.744,154.788,154.520,154.524,2502
2025.12.04,13:00,154.517,154.774,154.502,154.665,2465
2025.12.04,14:00,154.656,155.056,154.656,154.797,3019
2025.12.04,15:00,154.799,154.849,154.556,154.756,3319
2025.12.04,16:00,154.759,154.891,154.553,154.630,2724
2025.12.04,17:00,154.631,154.912,154.631,154.902,2283
2025.12.04,18:00,154.903,154.960,154.883,154.933,2510
2025.12.04,19:00,154.941,154.987,154.891,154.981,2210
2025.12.04,20:00,154.982,155.034,154.951,155.013,2356
2025.12.04,21:00,155.023,155.127,154.991,155.099,2714
2025.12.04,22:00,155.099,155.137,155.036,155.036,1800
2025.12.04,23:00,155.085,155.085,154.999,155.041,721
2025.12.05,00:00,155.037,155.159,155.037,155.126,1593
2025.12.05,01:00,155.125,155.225,154.947,154.963,4322
2025.12.05,02:00,154.964,155.094,154.913,155.011,3881
2025.12.05,03:00,155.011,155.093,154.999,155.046,3378
2025.12.05,04:00,155.046,155.154,155.032,155.114,2376
2025.12.05,05:00,155.114,155.117,154.789,154.913,3851
2025.12.05,06:00,154.914,154.915,154.538,154.594,4251
2025.12.05,07:00,154.594,154.694,154.455,154.565,4286
2025.12.05,08:00,154.562,154.642,154.336,154.624,5592
2025.12.05,09:00,154.622,154.889,154.601,154.852,3339
2025.12.05,10:00,154.854,154.960,154.830,154.910,2255
2025.12.05,11:00,154.911,155.168,154.885,155.130,2620
2025.12.05,12:00,155.131,155.219,155.111,155.141,2390
2025.12.05,13:00,155.142,155.256,155.080,155.166,2761
2025.12.05,14:00,155.168,155.255,155.102,155.192,2554
2025.12.05,15:00,155.193,155.277,155.110,155.231,2758
2025.12.05,16:00,155.217,155.352,155.112,155.247,3092
2025.12.05,17:00,155.248,155.488,155.203,155.294,2727
2025.12.05,18:00,155.295,155.343,155.254,155.281,1854
2025.12.05,19:00,155.282,155.316,155.234,155.280,1555
2025.12.05,20:00,155.279,155.318,155.260,155.285,1729
2025.12.05,21:00,155.286,155.320,155.262,155.297,1995
2025.12.07,23:00,155.086,155.229,155.082,155.219,430
2025.12.08,00:00,155.217,155.375,155.211,155.307,2365
2025.12.08,01:00,155.302,155.318,155.055,155.064,2851
2025.12.08,02:00,155.065,155.143,154.906,154.914,3366
2025.12.08,03:00,154.906,155.063,154.895,155.000,2698
2025.12.08,04:00,154.997,155.110,154.970,155.098,2181
2025.12.08,05:00,155.097,155.115,155.049,155.070,2058
2025.12.08,06:00,155.069,155.262,155.065,155.196,2333
2025.12.08,07:00,155.196,155.283,155.098,155.223,2696
2025.12.08,08:00,155.224,155.347,155.161,155.347,2358
2025.12.08,09:00,155.355,155.457,155.259,155.387,2495
2025.12.08,10:00,155.392,155.539,155.392,155.470,2215
2025.12.08,11:00,155.471,155.527,155.405,155.509,1970
2025.12.08,12:00,155.506,155.585,155.471,155.579,2160
2025.12.08,13:00,155.582,155.653,155.540,155.555,2468
2025.12.08,14:00,155.554,155.658,155.471,155.623,3170
2025.12.08,15:00,155.611,155.873,155.390,155.822,4105
2025.12.08,16:00,155.821,155.981,155.755,155.852,3347
2025.12.08,17:00,155.851,155.951,155.822,155.893,3156
2025.12.08,18:00,155.892,155.921,155.721,155.747,2317
2025.12.08,19:00,155.745,155.780,155.700,155.745,1475
2025.12.08,20:00,155.750,155.911,155.731,155.905,2017
2025.12.08,21:00,155.898,155.931,155.846,155.925,2273
2025.12.08,22:00,155.925,155.954,155.901,155.907,1875
2025.12.08,23:00,155.906,155.938,155.809,155.902,387
2025.12.09,00:00,155.909,155.973,155.830,155.837,1563
2025.12.09,01:00,155.843,156.018,155.763,156.006,3461
2025.12.09,02:00,156.006,156.032,155.762,155.789,3906
2025.12.09,03:00,155.789,155.899,155.736,155.861,2483
2025.12.09,04:00,155.861,155.884,155.797,155.818,1863
2025.12.09,05:00,155.819,155.979,155.805,155.929,2139
2025.12.09,06:00,155.928,156.108,155.857,156.003,3215
2025.12.09,07:00,156.005,156.122,155.956,156.001,3266
2025.12.09,08:00,156.002,156.189,155.978,156.185,3040
2025.12.09,09:00,156.185,156.427,156.178,156.330,3191
2025.12.09,10:00,156.332,156.333,155.974,156.083,3306
2025.12.09,11:00,156.084,156.199,156.040,156.069,2713
2025.12.09,12:00,156.068,156.191,156.065,156.181,2278
2025.12.09,13:00,156.184,156.352,156.182,156.351,2543
2025.12.09,14:00,156.352,156.509,156.280,156.337,3079
2025.12.09,15:00,156.338,156.529,156.309,156.404,3245
2025.12.09,16:00,156.395,156.909,156.386,156.861,4173
2025.12.09,17:00,156.856,156.913,156.805,156.856,2691
2025.12.09,18:00,156.854,156.921,156.826,156.913,1788
2025.12.09,19:00,156.911,156.924,156.874,156.892,1579
2025.12.09,20:00,156.890,156.948,156.804,156.829,2724
2025.12.09,21:00,156.840,156.916,156.816,156.894,2161
2025.12.09,22:00,156.899,156.936,156.816,156.816,1392
2025.12.09,23:00,156.791,156.922,156.773,156.832,684
2025.12.10,00:00,156.831,156.909,156.793,156.800,1378
2025.12.10,01:00,156.800,156.932,156.697,156.710,3953
2025.12.10,02:00,156.710,156.766,156.666,156.701,3416
2025.12.10,03:00,156.702,156.720,156.626,156.648,2188
2025.12.10,04:00,156.649,156.677,156.552,156.584,2082
2025.12.10,05:00,156.585,156.657,156.574,156.621,1617
2025.12.10,06:00,156.621,156.714,156.590,156.702,2524
2025.12.10,07:00,156.702,156.760,156.655,156.667,2614
2025.12.10,08:00,156.663,156.746,156.630,156.645,2249
2025.12.10,09:00,156.646,156.701,156.575,156.669,2223
2025.12.10,10:00,156.671,156.882,156.670,156.813,2274
2025.12.10,11:00,156.815,156.853,156.733,156.765,1828
2025.12.10,12:00,156.764,156.772,156.682,156.705,1904
2025.12.10,13:00,156.703,156.753,156.669,156.712,1707
2025.12.10,14:00,156.710,156.713,156.546,156.548,2553
2025.12.10,15:00,156.546,156.624,156.433,156.497,2620
2025.12.10,16:00,156.494,156.529,156.348,156.473,2353
2025.12.10,17:00,156.475,156.485,156.319,156.331,2208
2025.12.10,18:00,156.332,156.391,156.243,156.301,1971
2025.12.10,19:00,156.304,156.472,156.292,156.418,1953
2025.12.10,20:00,156.395,156.670,156.099,156.254,6133
2025.12.10,21:00,156.269,156.304,155.789,155.925,4486
2025.12.10,22:00,155.926,156.096,155.924,155.938,2280
2025.12.10,23:00,155.898,156.033,155.867,156.016,793
2025.12.11,00:00,156.017,156.020,155.624,155.743,2604
2025.12.11,01:00,155.742,155.876,155.562,155.797,4901
2025.12.11,02:00,155.790,155.816,155.563,155.712,3876
2025.12.11,03:00,155.711,155.770,155.481,155.766,4307
2025.12.11,04:00,155.768,155.781,155.629,155.691,3582
2025.12.11,05:00,155.690,155.852,155.611,155.840,3020
2025.12.11,06:00,155.838,156.065,155.829,156.057,3451
2025.12.11,07:00,156.055,156.155,155.937,155.957,3795
2025.12.11,08:00,155.959,156.047,155.861,156.025,3599
2025.12.11,09:00,156.025,156.065,155.779,155.881,2600
2025.12.11,10:00,155.879,156.027,155.842,155.861,2369
2025.12.11,11:00,155.860,155.945,155.797,155.861,2439
2025.12.11,12:00,155.862,155.876,155.754,155.759,2366
2025.12.11,13:00,155.760,155.813,155.516,155.582,2974
2025.12.11,14:00,155.579,155.620,155.224,155.279,3953
2025.12.11,15:00,155.280,155.288,154.940,154.978,3353
2025.12.11,16:00,154.977,155.174,154.950,155.166,3362
2025.12.11,17:00,155.164,155.285,155.106,155.147,2885
2025.12.11,18:00,155.145,155.288,155.067,155.234,2058
2025.12.11,19:00,155.233,155.408,155.209,155.358,2172
2025.12.11,20:00,155.359,155.595,155.359,155.590,2519
2025.12.11,21:00,155.589,155.666,155.499,155.588,3050
2025.12.11,22:00,155.588,155.618,155.544,155.571,2553
2025.12.11,23:00,155.601,155.601,155.512,155.531,571
2025.12.12,00:00,155.523,155.613,155.439,155.496,2072
2025.12.12,01:00,155.487,155.721,155.452,155.692,4443
2025.12.12,02:00,155.691,155.765,155.541,155.661,3365
2025.12.12,03:00,155.660,155.741,155.646,155.670,2537
2025.12.12,04:00,155.671,155.719,155.626,155.703,1824
2025.12.12,05:00,155.704,155.758,155.683,155.740,2366
2025.12.12,06:00,155.741,155.765,155.669,155.737,2040
2025.12.12,07:00,155.737,155.821,155.648,155.651,2861
2025.12.12,08:00,155.657,155.721,155.533,155.641,2823
2025.12.12,09:00,155.644,155.838,155.615,155.833,2820
2025.12.12,10:00,155.846,155.905,155.753,155.882,2684
2025.12.12,11:00,155.883,155.961,155.844,155.911,2055
2025.12.12,12:00,155.912,155.989,155.904,155.908,1837
2025.12.12,13:00,155.909,156.123,155.769,156.029,2699
2025.12.12,14:00,156.028,156.051,155.895,156.043,2490
2025.12.12,15:00,156.042,156.096,155.843,155.900,2696
2025.12.12,16:00,155.902,156.057,155.804,155.878,3084
2025.12.12,17:00,155.873,155.878,155.673,155.808,2920
2025.12.12,18:00,155.805,155.899,155.748,155.777,1837
2025.12.12,19:00,155.770,155.811,155.715,155.780,1406
2025.12.12,20:00,155.781,155.934,155.781,155.895,2295
2025.12.12,21:00,155.896,155.905,155.769,155.875,2224
2025.12.14,23:00,155.681,155.913,155.679,155.807,789
2025.12.15,00:00,155.808,155.891,155.757,155.862,1679
2025.12.15,01:00,155.858,155.979,155.858,155.888,3413
2025.12.15,02:00,155.889,155.890,155.598,155.605,3788
2025.12.15,03:00,155.617,155.645,155.352,155.425,4245
2025.12.15,04:00,155.426,155.467,155.296,155.414,2962
2025.12.15,05:00,155.414,155.415,155.177,155.251,2932
2025.12.15,06:00,155.250,155.250,155.024,155.028,3252
2025.12.15,07:00,155.027,155.151,154.943,155.085,3461
2025.12.15,08:00,155.092,155.287,155.066,155.253,3424
2025.12.15,09:00,155.252,155.280,155.099,155.181,2502
2025.12.15,10:00,155.187,155.195,154.935,154.960,2495
2025.12.15,11:00,154.963,155.147,154.956,155.077,1953
2025.12.15,12:00,155.076,155.096,154.847,154.919,1826
2025.12.15,13:00,154.921,155.090,154.885,155.072,2367
2025.12.15,14:00,155.079,155.153,154.963,155.153,2223
2025.12.15,15:00,155.162,155.218,154.848,154.908,2954
2025.12.15,16:00,154.907,155.152,154.830,155.152,3493
2025.12.15,17:00,155.146,155.322,155.143,155.284,2784
2025.12.15,18:00,155.283,155.362,155.251,155.304,1445
2025.12.15,19:00,155.303,155.382,155.274,155.353,1407
2025.12.15,20:00,155.352,155.394,155.214,155.236,1670
2025.12.15,21:00,155.237,155.266,155.215,155.248,1565
2025.12.15,22:00,155.251,155.256,155.143,155.143,1552
2025.12.15,23:00,155.135,155.296,155.117,155.220,801
2025.12.16,00:00,155.222,155.226,154.973,155.028,1853
2025.12.16,01:00,155.029,155.098,154.728,154.998,5959
2025.12.16,02:00,154.999,155.117,154.843,154.857,4016
2025.12.16,03:00,154.853,154.915,154.759,154.776,3873
2025.12.16,04:00,154.776,154.900,154.698,154.885,3396
2025.12.16,05:00,154.886,154.912,154.766,154.814,2836
2025.12.16,06:00,154.814,154.851,154.678,154.837,3466
2025.12.16,07:00,154.838,154.942,154.815,154.848,3586
2025.12.16,08:00,154.851,154.971,154.830,154.879,3123
2025.12.16,09:00,154.878,154.937,154.793,154.859,2703
2025.12.16,10:00,154.849,154.890,154.766,154.833,2307
2025.12.16,11:00,154.832,154.903,154.773,154.867,2076
2025.12.16,12:00,154.866,154.896,154.784,154.815,1621
2025.12.16,13:00,154.810,154.851,154.598,154.606,2160
2025.12.16,14:00,154.601,154.865,154.388,154.710,4577
2025.12.16,15:00,154.710,154.992,154.592,154.596,4198
2025.12.16,16:00,154.597,154.776,154.459,154.771,3886
2025.12.16,17:00,154.773,154.899,154.745,154.803,2981
2025.12.16,18:00,154.802,154.836,154.565,154.675,2114
2025.12.16,19:00,154.676,154.800,154.668,154.743,1729
2025.12.16,20:00,154.745,154.930,154.599,154.662,2919
2025.12.16,21:00,154.662,154.790,154.562,154.790,2580
2025.12.16,22:00,154.797,154.828,154.699,154.703,2059
2025.12.16,23:00,154.704,154.780,154.689,154.719,715
2025.12.17,00:00,154.715,154.806,154.715,154.768,1354
2025.12.17,01:00,154.765,154.867,154.561,154.578,4368
2025.12.17,02:00,154.576,154.703,154.509,154.668,4152
2025.12.17,03:00,154.668,155.024,154.668,155.004,4016
2025.12.17,04:00,155.004,155.022,154.857,154.882,3410
2025.12.17,05:00,154.882,155.144,154.869,155.129,3890
2025.12.17,06:00,155.131,155.166,155.061,155.146,3460
2025.12.17,07:00,155.146,155.439,155.122,155.363,4627
2025.12.17,08:00,155.358,155.561,155.351,155.492,3720
2025.12.17,09:00,155.499,155.592,155.423,155.512,2613
2025.12.17,10:00,155.511,155.554,155.455,155.528,2368
2025.12.17,11:00,155.529,155.542,155.436,155.459,1842
2025.12.17,12:00,155.460,155.592,155.450,155.539,2310
2025.12.17,13:00,155.539,155.569,155.449,155.482,2646
2025.12.17,14:00,155.482,155.634,155.381,155.430,3296
2025.12.17,15:00,155.433,155.625,155.348,155.484,2946
2025.12.17,16:00,155.483,155.540,155.347,155.399,2965
2025.12.17,17:00,155.398,155.595,155.379,155.591,2629
2025.12.17,18:00,155.592,155.606,155.527,155.528,1668
2025.12.17,19:00,155.526,155.669,155.493,155.636,1781
2025.12.17,20:00,155.636,155.686,155.587,155.628,1788
2025.12.17,21:00,155.639,155.745,155.615,155.697,2131
2025.12.17,22:00,155.699,155.739,155.663,155.672,1862
2025.12.17,23:00,155.623,155.687,155.579,155.592,676
2025.12.18,00:00,155.607,155.639,155.468,155.484,1521
2025.12.18,01:00,155.484,155.578,155.419,155.474,4397
2025.12.18,02:00,155.474,155.769,155.455,155.765,3265
2025.12.18,03:00,155.765,155.804,155.656,155.775,3026
2025.12.18,04:00,155.776,155.789,155.700,155.759,2545
2025.12.18,05:00,155.765,155.777,155.694,155.728,2740
2025.12.18,06:00,155.729,155.879,155.706,155.801,3012
2025.12.18,07:00,155.801,155.903,155.761,155.901,3129
2025.12.18,08:00,155.899,155.948,155.807,155.916,2900
2025.12.18,09:00,155.919,155.938,155.795,155.849,2407
2025.12.18,10:00,155.850,155.946,155.800,155.928,2407
2025.12.18,11:00,155.926,155.969,155.845,155.856,2007
2025.12.18,12:00,155.855,155.867,155.718,155.786,1644
2025.12.18,13:00,155.791,155.859,155.734,155.817,2648
2025.12.18,14:00,155.816,155.831,155.314,155.584,4632
2025.12.18,15:00,155.590,155.604,155.276,155.488,4444
2025.12.18,16:00,155.489,155.688,155.439,155.519,2927
2025.12.18,17:00,155.522,155.572,155.358,155.522,2243
2025.12.18,18:00,155.523,155.682,155.523,155.638,1971
2025.12.18,19:00,155.628,155.707,155.574,155.628,1691
2025.12.18,20:00,155.630,155.659,155.489,155.511,1984
2025.12.18,21:00,155.514,155.626,155.497,155.607,1791
2025.12.18,22:00,155.610,155.629,155.468,155.468,1289
2025.12.18,23:00,155.444,155.557,155.420,155.551,700
2025.12.19,00:00,155.552,155.640,155.511,155.568,1701
2025.12.19,01:00,155.570,155.764,155.559,155.746,3522
2025.12.19,02:00,155.745,155.786,155.685,155.733,2906
2025.12.19,03:00,155.732,155.848,155.677,155.828,2869
2025.12.19,04:00,155.820,156.158,155.580,155.869,4136
2025.12.19,05:00,155.864,156.082,155.726,156.061,4710
2025.12.19,06:00,156.060,156.064,155.877,155.991,4150
2025.12.19,07:00,155.990,156.439,155.847,156.008,4882
2025.12.19,08:00,156.002,156.733,155.963,156.724,5619
2025.12.19,09:00,156.729,156.934,156.717,156.927,4439
2025.12.19,10:00,156.932,157.206,156.851,157.193,3819
2025.12.19,11:00,157.211,157.394,157.126,157.321,4259
2025.12.19,12:00,157.313,157.374,157.230,157.314,3532
2025.12.19,13:00,157.317,157.346,157.180,157.238,2807
2025.12.19,14:00,157.235,157.377,157.202,157.318,3440
2025.12.19,15:00,157.319,157.417,156.926,157.408,4253
2025.12.19,16:00,157.414,157.488,157.351,157.468,3175
2025.12.19,17:00,157.467,157.484,157.399,157.426,2239
2025.12.19,18:00,157.423,157.661,157.408,157.432,2893
2025.12.19,19:00,157.432,157.525,157.395,157.516,2396
2025.12.19,20:00,157.517,157.583,157.493,157.523,2361
2025.12.19,21:00,157.525,157.696,157.471,157.687,2061
2025.12.21,23:00,157.564,157.613,157.368,157.454,1310
2025.12.22,00:00,157.485,157.698,157.465,157.619,2863
2025.12.22,01:00,157.621,157.653,157.501,157.548,4324
2025.12.22,02:00,157.546,157.567,157.248,157.285,3614
2025.12.22,03:00,157.285,157.417,157.223,157.416,3241
2025.12.22,04:00,157.416,157.466,157.267,157.326,3841
2025.12.22,05:00,157.326,157.357,157.257,157.306,3554
2025.12.22,06:00,157.306,157.385,157.260,157.358,3285
2025.12.22,07:00,157.355,157.429,157.263,157.337,3221
2025.12.22,08:00,157.339,157.555,157.304,157.485,2928
2025.12.22,09:00,157.486,157.545,157.369,157.543,2326
2025.12.22,10:00,157.541,157.565,157.417,157.453,1870
2025.12.22,11:00,157.454,157.458,157.347,157.392,1516
2025.12.22,12:00,157.393,157.422,157.334,157.410,1562
2025.12.22,13:00,157.411,157.426,157.354,157.393,1866
2025.12.22,14:00,157.392,157.392,156.870,157.183,3529
2025.12.22,15:00,157.179,157.218,156.902,157.016,3028
2025.12.22,16:00,157.020,157.114,156.909,156.971,2537
2025.12.22,17:00,156.972,157.039,156.854,156.933,2245
2025.12.22,18:00,156.932,156.938,156.702,156.843,2035
2025.12.22,19:00,156.842,157.019,156.842,156.942,1922
2025.12.22,20:00,156.943,157.027,156.882,156.896,2953
2025.12.22,21:00,156.897,157.000,156.896,156.984,2274
2025.12.22,22:00,156.986,157.051,156.972,157.051,1572
2025.12.22,23:00,157.054,157.074,156.805,157.018,873
2025.12.23,00:00,157.022,157.023,156.811,156.912,2772
2025.12.23,01:00,156.911,156.921,156.597,156.609,4322
2025.12.23,02:00,156.605,156.647,156.417,156.454,3870
2025.12.23,03:00,156.455,156.477,156.270,156.346,3643
2025.12.23,04:00,156.345,156.346,156.183,156.184,3554
2025.12.23,05:00,156.183,156.183,155.955,155.987,4336
2025.12.23,06:00,155.987,156.071,155.906,156.003,3857
2025.12.23,07:00,156.004,156.183,155.990,156.110,3854
2025.12.23,08:00,156.116,156.163,155.943,156.068,3719
2025.12.23,09:00,156.066,156.109,155.946,155.955,2407
2025.12.23,10:00,155.951,156.015,155.646,155.962,2911
2025.12.23,11:00,155.955,156.041,155.862,155.917,2630
2025.12.23,12:00,155.920,156.032,155.869,155.967,2003
2025.12.23,13:00,155.971,156.028,155.868,156.018,2075
2025.12.23,14:00,156.027,156.360,155.947,156.335,3311
2025.12.23,15:00,156.333,156.538,156.333,156.400,3224
2025.12.23,16:00,156.377,156.446,156.201,156.383,3680
2025.12.23,17:00,156.381,156.432,156.298,156.330,2688
2025.12.23,18:00,156.331,156.347,156.246,156.289,1857
2025.12.23,19:00,156.288,156.339,156.220,156.225,2098
2025.12.23,20:00,156.220,156.246,156.173,156.189,2846
2025.12.23,21:00,156.191,156.305,156.173,156.296,2454
2025.12.23,22:00,156.299,156.313,156.066,156.116,1819
2025.12.23,23:00,156.163,156.216,156.155,156.175,776
2025.12.24,00:00,156.181,156.276,156.087,156.167,2451
2025.12.24,01:00,156.159,156.273,155.970,155.984,4970
2025.12.24,02:00,155.983,156.145,155.593,155.648,4738
2025.12.24,03:00,155.642,155.737,155.550,155.735,3569
2025.12.24,04:00,155.732,155.984,155.732,155.972,3091
2025.12.24,05:00,155.974,156.057,155.795,155.831,3431
2025.12.24,06:00,155.831,155.841,155.739,155.792,2714
2025.12.24,07:00,155.792,155.792,155.657,155.728,2841
2025.12.24,08:00,155.723,155.863,155.696,155.823,3666
2025.12.24,09:00,155.818,155.965,155.744,155.751,3402
2025.12.24,10:00,155.750,155.875,155.682,155.828,3269
2025.12.24,11:00,155.831,155.964,155.815,155.930,2887
2025.12.24,12:00,155.929,155.971,155.861,155.920,2318
2025.12.24,13:00,155.918,156.039,155.871,156.038,2495
2025.12.24,14:00,156.039,156.068,155.967,156.008,2726
2025.12.24,15:00,156.015,156.030,155.674,155.743,2826
2025.12.24,16:00,155.753,155.895,155.720,155.812,3011
2025.12.24,17:00,155.814,155.914,155.749,155.830,2797
2025.12.24,18:00,155.831,156.021,155.819,155.960,2704
2025.12.24,19:00,155.967,155.987,155.967,155.982,7
2025.12.26,00:00,155.893,156.126,155.745,156.098,3000
2025.12.26,01:00,156.101,156.485,156.098,156.401,5289
2025.12.26,02:00,156.403,156.433,156.160,156.279,3681
2025.12.26,03:00,156.278,156.301,156.163,156.216,3337
2025.12.26,04:00,156.217,156.247,156.039,156.049,3014
2025.12.26,05:00,156.047,156.185,155.984,156.159,3696
2025.12.26,06:00,156.162,156.276,156.084,156.196,3600
2025.12.26,07:00,156.194,156.311,156.079,156.274,2707
2025.12.26,08:00,156.276,156.434,156.207,156.366,2629
2025.12.26,09:00,156.360,156.440,156.295,156.317,2490
2025.12.26,10:00,156.325,156.465,156.308,156.453,2381
2025.12.26,11:00,156.454,156.463,156.355,156.394,2123
2025.12.26,12:00,156.391,156.416,156.319,156.396,2942
2025.12.26,13:00,156.398,156.482,156.388,156.411,2780
2025.12.26,14:00,156.409,156.437,156.221,156.322,3174
2025.12.26,15:00,156.312,156.481,156.273,156.445,2523
2025.12.26,16:00,156.442,156.528,156.306,156.421,2814
2025.12.26,17:00,156.414,156.649,156.364,156.630,2922
2025.12.26,18:00,156.627,156.726,156.549,156.563,3081
2025.12.26,19:00,156.561,156.581,156.430,156.537,2992
2025.12.26,20:00,156.543,156.585,156.499,156.499,2554
2025.12.26,21:00,156.496,156.525,156.439,156.487,2290
2025.12.28,23:00,156.340,156.542,156.332,156.431,1905
2025.12.29,00:00,156.431,156.536,156.399,156.477,1866
2025.12.29,01:00,156.477,156.477,156.054,156.272,4992
2025.12.29,02:00,156.272,156.370,156.183,156.307,3111
2025.12.29,03:00,156.308,156.503,156.293,156.426,2753
2025.12.29,04:00,156.425,156.440,156.315,156.373,2447
2025.12.29,05:00,156.372,156.466,156.242,156.368,2502
2025.12.29,06:00,156.368,156.392,156.237,156.302,1895
2025.12.29,07:00,156.303,156.317,156.166,156.180,2761
2025.12.29,08:00,156.181,156.237,156.045,156.073,3008
2025.12.29,09:00,156.072,156.303,156.070,156.272,2079
2025.12.29,10:00,156.275,156.393,156.103,156.317,2263
2025.12.29,11:00,156.322,156.339,156.201,156.324,1886
2025.12.29,12:00,156.325,156.408,156.282,156.393,1682
2025.12.29,13:00,156.395,156.419,156.306,156.328,1859
2025.12.29,14:00,156.307,156.360,156.190,156.226,2362
2025.12.29,15:00,156.226,156.236,156.007,156.139,2554
2025.12.29,16:00,156.140,156.286,155.911,155.933,2797
2025.12.29,17:00,155.931,156.112,155.926,156.101,2210
2025.12.29,18:00,156.099,156.212,156.061,156.178,1330
2025.12.29,19:00,156.179,156.219,156.116,156.217,1447
2025.12.29,20:00,156.218,156.241,156.003,156.028,1666
2025.12.29,21:00,156.029,156.078,155.981,156.058,1755
2025.12.29,22:00,156.063,156.082,155.964,155.964,1383
2025.12.29,23:00,155.978,156.084,155.944,156.044,725
2025.12.30,00:00,156.029,156.129,155.954,155.983,1751
2025.12.30,01:00,155.984,156.320,155.921,156.252,4070
2025.12.30,02:00,156.253,156.321,156.208,156.216,3207
2025.12.30,03:00,156.212,156.333,156.149,156.299,3189
2025.12.30,04:00,156.298,156.328,156.208,156.264,2158
2025.12.30,05:00,156.266,156.279,156.044,156.077,2399
2025.12.30,06:00,156.077,156.096,156.005,156.035,3441
2025.12.30,07:00,156.034,156.090,155.932,156.034,3384
2025.12.30,08:00,156.035,156.101,155.909,155.975,2533
2025.12.30,09:00,155.975,156.022,155.851,155.976,2186
2025.12.30,10:00,155.977,156.004,155.865,155.918,2587
2025.12.30,11:00,155.925,155.925,155.740,155.849,2693
2025.12.30,12:00,155.849,155.942,155.820,155.887,2632
2025.12.30,13:00,155.886,156.007,155.880,155.946,2395
2025.12.30,14:00,155.947,156.207,155.942,156.191,2499
2025.12.30,15:00,156.192,156.314,156.119,156.267,2314
2025.12.30,16:00,156.269,156.562,156.269,156.323,2581
2025.12.30,17:00,156.324,156.368,156.220,156.257,2210
2025.12.30,18:00,156.250,156.402,156.243,156.328,2024
2025.12.30,19:00,156.332,156.423,156.305,156.395,1795
2025.12.30,20:00,156.378,156.516,156.372,156.491,1778
2025.12.30,21:00,156.484,156.496,156.421,156.458,2077
2025.12.30,22:00,156.461,156.461,156.342,156.342,1575
2025.12.30,23:00,156.303,156.384,156.299,156.353,532
2025.12.31,00:00,156.336,156.460,156.326,156.393,1090
2025.12.31,01:00,156.388,156.460,156.325,156.386,2181
2025.12.31,02:00,156.387,156.447,156.347,156.427,2334
2025.12.31,03:00,156.434,156.485,156.418,156.480,2144
2025.12.31,04:00,156.478,156.491,156.444,156.488,1729
2025.12.31,05:00,156.489,156.633,156.487,156.607,2023
2025.12.31,06:00,156.605,156.628,156.544,156.587,1850
2025.12.31,07:00,156.587,156.648,156.575,156.607,1994
2025.12.31,08:00,156.606,156.638,156.560,156.561,2115
2025.12.31,09:00,156.559,156.602,156.502,156.591,2081
2025.12.31,10:00,156.591,156.645,156.552,156.626,2068
2025.12.31,11:00,156.615,156.668,156.593,156.652,1732
2025.12.31,12:00,156.653,156.670,156.602,156.602,1640
2025.12.31,13:00,156.605,156.638,156.550,156.596,2109
2025.12.31,14:00,156.593,156.829,156.582,156.807,2682
2025.12.31,15:00,156.810,156.942,156.798,156.919,2859
2025.12.31,16:00,156.917,156.990,156.713,156.738,2977
2025.12.31,17:00,156.730,156.842,156.640,156.807,2801
2025.12.31,18:00,156.808,156.852,156.758,156.820,2305
2025.12.31,19:00,156.824,156.915,156.795,156.882,2432
2025.12.31,20:00,156.869,156.870,156.668,156.745,2456
2025.12.31,21:00,156.745,156.748,156.624,156.627,2326
2025.12.31,22:00,156.624,156.624,156.621,156.622,4
2026.01.02,00:00,156.689,156.877,156.684,156.715,1243
2026.01.02,01:00,156.714,156.760,156.537,156.562,1965
2026.01.02,02:00,156.561,156.652,156.514,156.627,1574
2026.01.02,03:00,156.628,156.682,156.588,156.678,1238
2026.01.02,04:00,156.676,156.718,156.644,156.713,1219
2026.01.02,05:00,156.713,156.851,156.712,156.816,1471
2026.01.02,06:00,156.816,156.939,156.812,156.905,1276
2026.01.02,07:00,156.904,156.988,156.903,156.947,1809
2026.01.02,08:00,156.951,156.987,156.826,156.853,1968
2026.01.02,09:00,156.855,156.993,156.816,156.873,2004
2026.01.02,10:00,156.870,156.912,156.766,156.909,1978
2026.01.02,11:00,156.910,156.922,156.797,156.838,1519
2026.01.02,12:00,156.838,156.944,156.821,156.915,1612
2026.01.02,13:00,156.913,156.996,156.868,156.935,1415
2026.01.02,14:00,156.930,156.954,156.827,156.901,1956
2026.01.02,15:00,156.904,156.912,156.804,156.847,1942
2026.01.02,16:00,156.848,156.887,156.556,156.586,2462
2026.01.02,17:00,156.584,156.765,156.557,156.718,2024
2026.01.02,18:00,156.721,156.777,156.701,156.765,1329
2026.01.02,19:00,156.766,156.942,156.760,156.888,1408
2026.01.02,20:00,156.887,156.950,156.839,156.849,1388
2026.01.02,21:00,156.850,156.905,156.839,156.867,1851
