2025.02.21,03:00,72.38,72.48,72.33,72.42,459
2025.02.21,04:00,72.45,72.48,72.36,72.43,336
2025.02.21,05:00,72.45,72.49,72.39,72.41,123
2025.02.21,06:00,72.39,72.43,72.27,72.31,339
2025.02.21,07:00,72.28,72.36,72.22,72.26,402
2025.02.21,08:00,72.23,72.31,72.13,72.19,385
2025.02.21,09:00,72.18,72.21,71.86,71.91,1247
2025.02.21,10:00,71.92,72.16,71.88,72.06,944
2025.02.21,11:00,72.05,72.09,71.61,71.68,990
2025.02.21,12:00,71.67,71.88,71.65,71.74,953
2025.02.21,13:00,71.74,71.99,71.74,71.85,770
2025.02.21,14:00,71.85,72.23,71.78,72.07,1244
2025.02.21,15:00,72.04,72.07,71.26,71.31,3233
2025.02.21,16:00,71.31,71.38,70.88,70.95,2110
2025.02.21,17:00,70.96,71.14,70.80,70.96,1380
2025.02.21,18:00,70.97,71.05,70.80,70.88,923
2025.02.21,19:00,70.87,70.93,70.48,70.50,1039
2025.02.21,20:00,70.51,70.56,70.26,70.34,1158
2025.02.21,21:00,70.33,70.36,70.18,70.21,632
2025.02.24,00:00,69.81,70.46,69.81,70.35,813
2025.02.24,01:00,70.38,70.44,70.30,70.35,300
2025.02.24,02:00,70.37,70.37,70.08,70.27,1029
2025.02.24,03:00,70.28,70.48,70.13,70.32,524
2025.02.24,04:00,70.33,70.36,70.22,70.22,322
2025.02.24,05:00,70.23,70.24,70.13,70.16,199
2025.02.24,06:00,70.12,70.26,70.12,70.22,289
2025.02.24,07:00,70.20,70.32,70.18,70.29,393
2025.02.24,08:00,70.27,70.37,70.05,70.19,731
2025.02.24,09:00,70.21,70.38,69.99,70.34,1450
2025.02.24,10:00,70.33,70.43,70.19,70.26,943
2025.02.24,11:00,70.25,70.66,70.23,70.39,1228
2025.02.24,12:00,70.39,70.58,70.36,70.50,802
2025.02.24,13:00,70.48,70.52,70.26,70.30,861
2025.02.24,14:00,70.31,70.42,70.16,70.22,1300
2025.02.24,15:00,70.22,70.58,70.17,70.32,2042
2025.02.24,16:00,70.31,70.81,70.26,70.44,2782
2025.02.24,17:00,70.45,70.87,70.37,70.71,1863
2025.02.24,18:00,70.70,70.84,70.60,70.66,1325
2025.02.24,19:00,70.66,70.85,70.63,70.70,907
2025.02.24,20:00,70.69,70.74,70.53,70.67,1105
2025.02.24,21:00,70.66,70.92,70.57,70.78,677
2025.02.24,22:00,70.78,70.93,70.77,70.89,421
2025.02.25,00:00,70.90,70.98,70.81,70.83,304
2025.02.25,01:00,70.82,70.91,70.69,70.70,190
2025.02.25,02:00,70.71,71.05,70.68,71.03,695
2025.02.25,03:00,71.02,71.24,71.00,71.08,367
2025.02.25,04:00,71.06,71.16,71.04,71.14,317
2025.02.25,05:00,71.12,71.23,71.11,71.14,134
2025.02.25,06:00,71.15,71.20,71.07,71.12,210
2025.02.25,07:00,71.13,71.14,71.01,71.06,346
2025.02.25,08:00,71.08,71.08,70.76,70.80,556
2025.02.25,09:00,70.78,71.05,70.71,70.71,1064
2025.02.25,10:00,70.73,70.90,70.63,70.63,775
2025.02.25,11:00,70.62,70.88,70.60,70.62,832
2025.02.25,12:00,70.61,70.71,70.48,70.49,657
2025.02.25,13:00,70.47,70.55,70.08,70.13,1036
2025.02.25,14:00,70.11,70.34,70.06,70.13,1568
2025.02.25,15:00,70.11,70.45,70.10,70.13,1720
2025.02.25,16:00,70.14,70.16,68.86,68.87,3935
2025.02.25,17:00,68.87,69.03,68.66,68.86,2335
2025.02.25,18:00,68.89,68.93,68.67,68.81,1403
2025.02.25,19:00,68.80,68.96,68.73,68.91,1291
2025.02.25,20:00,68.88,69.08,68.76,69.00,1040
2025.02.25,21:00,69.00,69.15,68.97,69.09,398
2025.02.25,22:00,69.06,69.19,68.84,69.10,728
2025.02.26,00:00,69.07,69.15,69.04,69.09,238
2025.02.26,01:00,69.07,69.16,69.05,69.06,238
2025.02.26,02:00,69.07,69.24,69.02,69.15,616
2025.02.26,03:00,69.12,69.17,68.98,69.08,309
2025.02.26,04:00,69.05,69.11,68.96,69.05,276
2025.02.26,05:00,69.04,69.15,69.02,69.11,86
2025.02.26,06:00,69.09,69.18,69.06,69.06,208
2025.02.26,07:00,69.08,69.14,69.00,69.13,328
2025.02.26,08:00,69.12,69.24,69.04,69.19,650
2025.02.26,09:00,69.18,69.23,68.83,68.92,1434
2025.02.26,10:00,68.89,69.28,68.86,68.98,1194
2025.02.26,11:00,68.96,69.03,68.82,68.98,1199
2025.02.26,12:00,68.98,69.09,68.80,68.85,1040
2025.02.26,13:00,68.86,68.91,68.64,68.72,1217
2025.02.26,14:00,68.72,68.99,68.69,68.77,1626
2025.02.26,15:00,68.78,69.18,68.70,68.91,2334
2025.02.26,16:00,68.93,69.13,68.49,68.69,2791
2025.02.26,17:00,68.71,69.17,68.67,68.73,2523
2025.02.26,18:00,68.72,68.91,68.37,68.77,2019
2025.02.26,19:00,68.76,68.77,68.45,68.48,1088
2025.02.26,20:00,68.48,68.88,68.43,68.85,1526
2025.02.26,21:00,68.83,68.92,68.68,68.76,458
2025.02.26,22:00,68.75,68.84,68.72,68.82,282
2025.02.27,00:00,68.79,68.82,68.67,68.78,161
2025.02.27,01:00,68.79,68.83,68.68,68.73,184
2025.02.27,02:00,68.71,68.86,68.66,68.79,556
2025.02.27,03:00,68.78,68.89,68.78,68.82,258
2025.02.27,04:00,68.79,68.85,68.73,68.74,191
2025.02.27,05:00,68.75,68.77,68.68,68.73,109
2025.02.27,06:00,68.74,68.79,68.67,68.76,198
2025.02.27,07:00,68.75,68.84,68.72,68.75,284
2025.02.27,08:00,68.74,68.93,68.58,68.87,705
2025.02.27,09:00,68.84,69.04,68.78,68.99,1008
2025.02.27,10:00,69.00,69.31,68.92,69.29,928
2025.02.27,11:00,69.30,69.33,69.17,69.30,797
2025.02.27,12:00,69.29,69.39,69.23,69.25,780
2025.02.27,13:00,69.22,69.46,69.16,69.31,833
2025.02.27,14:00,69.34,69.89,69.23,69.39,2215
2025.02.27,15:00,69.40,69.98,69.32,69.62,2206
2025.02.27,16:00,69.61,70.21,69.55,70.05,1832
2025.02.27,17:00,70.07,70.12,69.83,70.00,1468
2025.02.27,18:00,70.00,70.53,69.97,70.14,1550
2025.02.27,19:00,70.14,70.47,70.04,70.32,1207
2025.02.27,20:00,70.33,70.45,70.23,70.30,1151
2025.02.27,21:00,70.29,70.30,70.11,70.14,554
2025.02.27,22:00,70.12,70.16,70.06,70.11,391
2025.02.28,00:00,70.11,70.16,70.03,70.16,153
2025.02.28,01:00,70.14,70.17,70.04,70.04,204
2025.02.28,02:00,70.07,70.14,69.98,69.98,674
2025.02.28,03:00,69.99,70.14,69.95,70.08,500
2025.02.28,04:00,70.10,70.12,69.97,69.97,379
2025.02.28,05:00,69.99,70.04,69.91,70.00,197
2025.02.28,06:00,69.98,70.03,69.85,69.96,351
2025.02.28,07:00,69.94,69.97,69.76,69.80,436
2025.02.28,08:00,69.78,69.80,69.60,69.68,800
2025.02.28,09:00,69.67,69.73,69.43,69.48,1239
2025.02.28,10:00,69.51,69.73,69.47,69.61,1036
2025.02.28,11:00,69.58,69.64,69.32,69.38,1114
2025.02.28,12:00,69.37,69.51,69.25,69.44,1023
2025.02.28,13:00,69.44,69.54,69.25,69.34,903
2025.02.28,14:00,69.32,69.64,69.31,69.49,1301
2025.02.28,15:00,69.48,69.62,69.19,69.25,2149
2025.02.28,16:00,69.24,69.90,69.14,69.82,2193
2025.02.28,17:00,69.85,69.92,69.50,69.73,1979
2025.02.28,18:00,69.72,70.01,69.64,69.89,1439
2025.02.28,19:00,69.90,70.28,69.62,70.04,1933
2025.02.28,20:00,70.05,70.09,69.60,69.78,1580
2025.02.28,21:00,69.75,70.09,69.74,70.03,566
2025.03.03,00:00,69.96,70.23,69.83,70.15,466
2025.03.03,01:00,70.18,70.33,70.14,70.29,331
2025.03.03,02:00,70.27,70.52,70.27,70.46,702
2025.03.03,03:00,70.47,70.58,70.25,70.25,466
2025.03.03,04:00,70.28,70.30,70.02,70.18,424
2025.03.03,05:00,70.15,70.18,70.04,70.11,187
2025.03.03,06:00,70.10,70.13,69.89,69.99,328
2025.03.03,07:00,69.97,70.00,69.82,69.88,466
2025.03.03,08:00,69.87,69.97,69.76,69.81,706
2025.03.03,09:00,69.81,69.95,69.32,69.35,1485
2025.03.03,10:00,69.34,69.49,69.24,69.26,1253
2025.03.03,11:00,69.28,69.77,69.25,69.68,1219
2025.03.03,12:00,69.70,69.92,69.64,69.85,794
2025.03.03,13:00,69.86,70.15,69.74,70.14,1050
2025.03.03,14:00,70.14,70.31,69.95,70.09,1535
2025.03.03,15:00,70.08,70.35,69.67,69.72,2304
2025.03.03,16:00,69.73,69.73,69.12,69.48,3189
2025.03.03,17:00,69.47,69.69,69.22,69.49,2521
2025.03.03,18:00,69.46,69.73,69.39,69.46,1421
2025.03.03,19:00,69.47,69.47,67.87,68.24,4756
2025.03.03,20:00,68.26,68.44,67.96,68.26,2840
2025.03.03,21:00,68.25,68.36,68.05,68.28,1641
2025.03.03,22:00,68.29,68.48,68.24,68.43,578
2025.03.04,00:00,68.46,68.46,68.25,68.28,255
2025.03.04,01:00,68.29,68.33,68.21,68.28,219
2025.03.04,02:00,68.27,68.28,67.93,67.97,1216
2025.03.04,03:00,67.98,68.20,67.97,68.02,656
2025.03.04,04:00,68.03,68.28,68.00,68.11,629
2025.03.04,05:00,68.13,68.15,68.03,68.11,251
2025.03.04,06:00,68.09,68.19,67.76,67.93,727
2025.03.04,07:00,67.92,68.08,67.86,67.98,549
2025.03.04,08:00,68.00,68.01,67.75,67.76,1112
2025.03.04,09:00,67.77,67.89,67.51,67.57,1978
2025.03.04,10:00,67.56,67.74,67.40,67.50,1636
2025.03.04,11:00,67.51,67.86,67.44,67.72,1386
2025.03.04,12:00,67.71,67.94,67.37,67.47,1553
2025.03.04,13:00,67.47,67.49,67.06,67.12,1404
2025.03.04,14:00,67.11,67.66,67.11,67.43,2333
2025.03.04,15:00,67.45,67.87,66.76,66.83,3338
2025.03.04,16:00,66.84,67.59,66.74,67.30,3761
2025.03.04,17:00,67.28,67.89,67.11,67.88,3089
2025.03.04,18:00,67.87,68.11,67.66,68.04,2016
2025.03.04,19:00,68.05,68.28,67.95,68.21,1873
2025.03.04,20:00,68.24,68.41,68.14,68.39,1621
2025.03.04,21:00,68.38,68.54,68.23,68.26,717
2025.03.04,22:00,68.23,68.32,67.60,68.02,1364
2025.03.05,00:00,68.08,68.08,67.82,67.88,216
2025.03.05,01:00,67.86,67.90,67.78,67.87,254
2025.03.05,02:00,67.90,67.94,67.71,67.78,1191
2025.03.05,03:00,67.79,67.88,67.50,67.50,784
2025.03.05,04:00,67.49,67.70,67.48,67.67,699
2025.03.05,05:00,67.64,67.68,67.55,67.65,284
2025.03.05,06:00,67.67,67.76,67.62,67.66,452
2025.03.05,07:00,67.65,67.84,67.64,67.84,452
2025.03.05,08:00,67.83,68.08,67.83,67.87,1019
2025.03.05,09:00,67.86,67.92,67.53,67.64,2177
2025.03.05,10:00,67.63,67.90,67.37,67.39,1711
2025.03.05,11:00,67.40,67.48,66.98,67.04,1778
2025.03.05,12:00,67.03,67.22,66.89,66.91,1418
2025.03.05,13:00,66.94,67.21,66.89,66.92,1340
2025.03.05,14:00,66.93,67.22,66.64,66.66,2356
2025.03.05,15:00,66.63,66.70,65.91,65.93,2995
2025.03.05,16:00,65.95,66.38,65.63,65.76,3582
2025.03.05,17:00,65.79,65.79,65.20,65.41,3082
2025.03.05,18:00,65.41,66.25,65.26,66.17,2471
2025.03.05,19:00,66.18,66.43,65.88,66.41,2288
2025.03.05,20:00,66.40,66.46,66.08,66.32,1732
2025.03.05,21:00,66.35,66.49,66.27,66.46,780
2025.03.05,22:00,66.45,66.46,66.28,66.39,415
2025.03.06,00:00,66.34,66.48,66.31,66.44,206
2025.03.06,01:00,66.45,66.53,66.41,66.46,165
2025.03.06,02:00,66.44,66.74,66.41,66.73,719
2025.03.06,03:00,66.74,66.85,66.70,66.79,493
2025.03.06,04:00,66.80,66.81,66.60,66.64,402
2025.03.06,05:00,66.65,66.79,66.59,66.73,272
2025.03.06,06:00,66.71,66.75,66.44,66.48,518
2025.03.06,07:00,66.47,66.77,66.44,66.73,681
2025.03.06,08:00,66.72,66.87,66.69,66.78,982
2025.03.06,09:00,66.79,66.82,66.13,66.41,1914
2025.03.06,10:00,66.42,66.75,66.18,66.57,1877
2025.03.06,11:00,66.55,66.70,66.23,66.23,1607
2025.03.06,12:00,66.25,66.80,66.18,66.73,1618
2025.03.06,13:00,66.71,66.91,66.66,66.70,1220
2025.03.06,14:00,66.71,66.89,66.37,66.56,2215
2025.03.06,15:00,66.56,66.88,66.39,66.74,2751
2025.03.06,16:00,66.76,67.08,65.72,65.79,4972
2025.03.06,17:00,65.79,66.09,65.59,65.60,3812
2025.03.06,18:00,65.61,66.41,65.57,66.25,3105
2025.03.06,19:00,66.26,66.47,66.19,66.32,1871
2025.03.06,20:00,66.33,66.58,66.21,66.44,1811
2025.03.06,21:00,66.46,66.48,66.16,66.19,1235
2025.03.06,22:00,66.18,66.39,66.18,66.25,509
2025.03.07,00:00,66.30,66.31,66.20,66.30,163
2025.03.07,01:00,66.29,66.33,66.11,66.21,287
2025.03.07,02:00,66.22,66.43,66.10,66.36,766
2025.03.07,03:00,66.35,66.56,66.35,66.55,427
2025.03.07,04:00,66.54,66.55,66.30,66.37,490
2025.03.07,05:00,66.34,66.38,66.26,66.29,290
2025.03.07,06:00,66.30,66.43,66.27,66.37,326
2025.03.07,07:00,66.35,66.54,66.28,66.39,553
2025.03.07,08:00,66.40,66.91,66.34,66.85,946
2025.03.07,09:00,66.84,67.23,66.77,67.15,1731
2025.03.07,10:00,67.13,67.31,67.06,67.28,1316
2025.03.07,11:00,67.26,67.54,67.11,67.52,1298
2025.03.07,12:00,67.54,67.58,67.26,67.29,1116
2025.03.07,13:00,67.30,67.63,67.13,67.46,1590
2025.03.07,14:00,67.43,67.44,67.05,67.05,2285
2025.03.07,15:00,67.04,67.97,66.92,67.85,3481
2025.03.07,16:00,67.84,68.20,66.81,67.59,4348
2025.03.07,17:00,67.58,67.58,66.96,67.06,3834
2025.03.07,18:00,67.05,67.36,66.85,66.95,2825
2025.03.07,19:00,66.97,67.13,66.72,66.98,1811
2025.03.07,20:00,67.00,67.34,66.83,66.98,1817
2025.03.07,21:00,66.96,67.10,66.91,67.01,816
2025.03.09,23:00,67.05,67.13,66.67,66.70,546
2025.03.10,00:00,66.71,66.71,66.49,66.54,435
2025.03.10,01:00,66.53,66.84,66.50,66.79,480
2025.03.10,02:00,66.82,66.87,66.60,66.70,801
2025.03.10,03:00,66.68,66.79,66.57,66.60,641
2025.03.10,04:00,66.61,66.68,66.51,66.61,455
2025.03.10,05:00,66.62,66.75,66.59,66.63,212
2025.03.10,06:00,66.65,66.72,66.46,66.58,519
2025.03.10,07:00,66.59,66.86,66.52,66.84,675
2025.03.10,08:00,66.85,67.11,66.73,67.07,1253
2025.03.10,09:00,67.07,67.20,66.82,66.91,2167
2025.03.10,10:00,66.90,67.30,66.82,67.15,1572
2025.03.10,11:00,67.17,67.26,66.94,67.15,1311
2025.03.10,12:00,67.17,67.48,67.14,67.39,1329
2025.03.10,13:00,67.42,67.59,67.30,67.51,1441
2025.03.10,14:00,67.53,67.53,66.56,66.63,3257
2025.03.10,15:00,66.60,66.83,66.35,66.44,3821
2025.03.10,16:00,66.43,66.78,66.42,66.62,2590
2025.03.10,17:00,66.63,66.73,66.15,66.39,2393
2025.03.10,18:00,66.38,66.40,65.92,66.03,1860
2025.03.10,19:00,66.04,66.09,65.85,65.87,1400
2025.03.10,20:00,65.86,66.06,65.77,65.97,965
2025.03.10,21:00,65.95,66.00,65.86,65.89,343
2025.03.10,23:00,65.89,65.90,65.72,65.75,291
2025.03.11,00:00,65.72,65.76,65.64,65.74,290
2025.03.11,01:00,65.75,65.75,65.49,65.50,721
2025.03.11,02:00,65.52,65.82,65.27,65.73,1092
2025.03.11,03:00,65.74,66.05,65.67,65.91,727
2025.03.11,04:00,65.93,66.02,65.86,65.91,527
2025.03.11,05:00,65.92,65.95,65.86,65.91,256
2025.03.11,06:00,65.89,66.07,65.82,65.97,443
2025.03.11,07:00,65.98,66.17,65.93,66.10,841
2025.03.11,08:00,66.09,66.28,65.97,66.24,978
2025.03.11,09:00,66.24,66.36,66.11,66.35,1494
2025.03.11,10:00,66.36,66.54,66.26,66.38,1186
2025.03.11,11:00,66.38,66.82,66.36,66.70,1317
2025.03.11,12:00,66.70,66.90,66.59,66.86,1189
2025.03.11,13:00,66.87,66.94,66.59,66.61,1508
2025.03.11,14:00,66.60,67.15,66.60,66.90,2484
2025.03.11,15:00,66.89,66.99,66.48,66.53,3222
2025.03.11,16:00,66.52,67.00,66.48,66.73,2876
2025.03.11,17:00,66.70,66.83,66.26,66.30,2551
2025.03.11,18:00,66.30,66.36,66.15,66.20,1768
2025.03.11,19:00,66.21,66.56,65.98,66.43,2219
2025.03.11,20:00,66.44,66.60,66.37,66.44,1167
2025.03.11,21:00,66.43,66.70,66.43,66.58,485
2025.03.11,23:00,66.59,66.63,66.49,66.62,130
2025.03.12,00:00,66.61,66.74,66.57,66.63,267
2025.03.12,01:00,66.65,66.70,66.48,66.62,347
2025.03.12,02:00,66.61,66.73,66.50,66.68,635
2025.03.12,03:00,66.67,66.82,66.60,66.67,474
2025.03.12,04:00,66.69,66.75,66.61,66.68,387
2025.03.12,05:00,66.69,66.79,66.66,66.72,189
2025.03.12,06:00,66.73,66.78,66.58,66.62,397
2025.03.12,07:00,66.62,66.63,66.23,66.26,690
2025.03.12,08:00,66.23,66.59,66.13,66.52,1068
2025.03.12,09:00,66.53,66.74,66.46,66.54,1598
2025.03.12,10:00,66.54,66.75,66.43,66.69,1172
2025.03.12,11:00,66.72,67.03,66.69,66.90,1300
2025.03.12,12:00,66.92,67.06,66.82,67.04,1040
2025.03.12,13:00,67.03,67.27,66.93,67.10,1856
2025.03.12,14:00,67.10,67.51,67.00,67.30,2756
2025.03.12,15:00,67.28,67.71,67.22,67.63,2876
2025.03.12,16:00,67.64,67.78,67.28,67.64,2411
2025.03.12,17:00,67.63,67.87,67.56,67.66,1921
2025.03.12,18:00,67.66,67.81,67.61,67.64,1473
2025.03.12,19:00,67.63,67.78,67.60,67.69,1074
2025.03.12,20:00,67.71,67.74,67.54,67.66,444
2025.03.12,21:00,67.68,67.73,67.62,67.68,306
2025.03.12,23:00,67.65,67.78,67.64,67.68,155
2025.03.13,00:00,67.70,67.76,67.62,67.64,142
2025.03.13,01:00,67.63,67.65,67.49,67.57,316
2025.03.13,02:00,67.56,67.65,67.46,67.49,568
2025.03.13,03:00,67.48,67.76,67.46,67.70,503
2025.03.13,04:00,67.71,67.72,67.54,67.64,412
2025.03.13,05:00,67.65,67.65,67.53,67.58,208
2025.03.13,06:00,67.59,67.59,67.43,67.43,434
2025.03.13,07:00,67.45,67.52,67.38,67.44,791
2025.03.13,08:00,67.45,67.82,67.41,67.71,969
2025.03.13,09:00,67.70,67.93,67.57,67.61,1739
2025.03.13,10:00,67.64,67.72,67.20,67.21,1462
2025.03.13,11:00,67.24,67.41,67.09,67.34,1232
2025.03.13,12:00,67.34,67.61,67.22,67.26,1114
2025.03.13,13:00,67.26,67.41,67.10,67.18,1595
2025.03.13,14:00,67.16,67.19,66.93,67.04,2238
2025.03.13,15:00,67.05,67.33,66.81,67.12,3008
2025.03.13,16:00,67.14,67.23,66.34,66.79,3464
2025.03.13,17:00,66.81,67.06,66.57,66.67,3149
2025.03.13,18:00,66.69,66.75,66.42,66.43,2032
2025.03.13,19:00,66.45,66.62,66.37,66.52,1671
2025.03.13,20:00,66.53,66.66,66.48,66.55,682
2025.03.13,21:00,66.53,66.79,66.52,66.74,612
2025.03.13,23:00,66.76,66.85,66.50,66.55,238
2025.03.14,00:00,66.54,66.61,66.50,66.52,236
2025.03.14,01:00,66.50,66.58,66.39,66.53,434
2025.03.14,02:00,66.55,66.60,66.41,66.57,725
2025.03.14,03:00,66.59,66.73,66.54,66.69,459
2025.03.14,04:00,66.70,66.84,66.67,66.72,415
2025.03.14,05:00,66.70,66.74,66.68,66.73,147
2025.03.14,06:00,66.70,66.78,66.65,66.76,340
2025.03.14,07:00,66.76,66.99,66.65,66.98,711
2025.03.14,08:00,66.96,67.11,66.88,67.00,976
2025.03.14,09:00,67.01,67.17,66.84,67.14,1476
2025.03.14,10:00,67.13,67.14,66.85,67.04,1087
2025.03.14,11:00,67.01,67.05,66.78,66.84,1193
2025.03.14,12:00,66.85,67.01,66.66,66.71,1174
2025.03.14,13:00,66.74,66.96,66.71,66.86,1260
2025.03.14,14:00,66.87,66.87,66.31,66.67,2811
2025.03.14,15:00,66.67,66.69,66.30,66.64,2486
2025.03.14,16:00,66.65,66.78,66.53,66.72,1586
2025.03.14,17:00,66.71,66.82,66.63,66.77,1562
2025.03.14,18:00,66.79,67.02,66.71,66.79,1282
2025.03.14,19:00,66.76,66.99,66.76,66.92,755
2025.03.14,20:00,66.93,66.98,66.86,66.86,390
2025.03.14,21:00,66.87,66.93,66.82,66.91,418
2025.03.16,23:00,67.07,67.52,67.06,67.32,774
2025.03.17,00:00,67.31,67.49,67.26,67.38,290
2025.03.17,01:00,67.41,67.68,67.36,67.65,556
2025.03.17,02:00,67.67,68.09,67.59,67.66,1118
2025.03.17,03:00,67.67,67.69,67.38,67.42,482
2025.03.17,04:00,67.40,67.41,67.22,67.31,358
2025.03.17,05:00,67.33,67.43,67.33,67.40,245
2025.03.17,06:00,67.39,67.50,67.33,67.35,325
2025.03.17,07:00,67.34,67.46,67.26,67.44,522
2025.03.17,08:00,67.45,67.52,67.34,67.47,702
2025.03.17,09:00,67.46,67.52,67.25,67.44,1402
2025.03.17,10:00,67.45,67.66,67.36,67.57,1227
2025.03.17,11:00,67.60,67.77,67.45,67.77,959
2025.03.17,12:00,67.78,67.90,67.69,67.82,799
2025.03.17,13:00,67.81,67.83,67.66,67.79,725
2025.03.17,14:00,67.77,67.81,67.42,67.59,1546
2025.03.17,15:00,67.56,67.61,67.10,67.13,2048
2025.03.17,16:00,67.13,67.45,66.99,67.36,2110
2025.03.17,17:00,67.36,67.44,67.13,67.23,1508
2025.03.17,18:00,67.25,67.51,67.21,67.47,938
2025.03.17,19:00,67.47,67.60,67.26,67.29,1129
2025.03.17,20:00,67.31,67.40,67.26,67.29,337
2025.03.17,21:00,67.27,67.34,67.23,67.25,276
2025.03.17,23:00,67.26,67.26,67.07,67.13,187
2025.03.18,00:00,67.11,67.22,67.10,67.19,112
2025.03.18,01:00,67.18,67.30,67.18,67.25,292
2025.03.18,02:00,67.22,67.51,67.18,67.45,689
2025.03.18,03:00,67.47,67.63,67.43,67.60,362
2025.03.18,04:00,67.61,67.62,67.47,67.50,244
2025.03.18,05:00,67.48,67.58,67.47,67.50,99
2025.03.18,06:00,67.52,67.74,67.47,67.71,328
2025.03.18,07:00,67.73,67.75,67.65,67.72,486
2025.03.18,08:00,67.71,67.95,67.66,67.94,597
2025.03.18,09:00,67.93,68.21,67.89,68.13,1069
2025.03.18,10:00,68.12,68.40,68.08,68.35,1217
2025.03.18,11:00,68.38,68.48,68.18,68.24,1199
2025.03.18,12:00,68.23,68.30,68.05,68.30,900
2025.03.18,13:00,68.30,68.36,68.05,68.14,914
2025.03.18,14:00,68.15,68.15,67.68,67.74,1910
2025.03.18,15:00,67.71,67.73,67.46,67.51,2041
2025.03.18,16:00,67.53,67.59,67.03,67.04,1705
2025.03.18,17:00,67.05,67.12,66.57,66.61,1895
2025.03.18,18:00,66.60,67.32,66.55,66.84,2574
2025.03.18,19:00,66.80,66.93,66.64,66.69,1396
2025.03.18,20:00,66.70,66.80,66.66,66.78,542
2025.03.18,21:00,66.78,66.78,66.45,66.57,539
2025.03.18,23:00,66.56,66.68,66.56,66.65,154
2025.03.19,00:00,66.67,66.70,66.61,66.67,105
2025.03.19,01:00,66.68,66.71,66.56,66.66,427
2025.03.19,02:00,66.67,66.68,66.41,66.43,753
2025.03.19,03:00,66.44,66.62,66.43,66.53,358
2025.03.19,04:00,66.55,66.61,66.50,66.56,288
2025.03.19,05:00,66.54,66.57,66.47,66.51,169
2025.03.19,06:00,66.49,66.53,66.36,66.43,301
2025.03.19,07:00,66.40,66.43,66.19,66.30,677
2025.03.19,08:00,66.31,66.55,66.29,66.44,759
2025.03.19,09:00,66.45,66.61,66.09,66.13,1298
2025.03.19,10:00,66.13,66.38,66.07,66.36,1126
2025.03.19,11:00,66.33,66.60,66.32,66.60,918
2025.03.19,12:00,66.61,66.76,66.54,66.72,653
2025.03.19,13:00,66.74,66.79,66.53,66.75,843
2025.03.19,14:00,66.76,66.89,66.49,66.71,1620
2025.03.19,15:00,66.72,67.02,66.63,66.89,1983
2025.03.19,16:00,66.92,67.31,66.90,66.99,1698
2025.03.19,17:00,67.00,67.42,66.83,67.32,1964
2025.03.19,18:00,67.30,67.39,66.92,66.96,1206
2025.03.19,19:00,66.97,67.00,66.69,66.94,1717
2025.03.19,20:00,66.94,67.10,66.94,66.99,560
2025.03.19,21:00,67.02,67.05,66.95,67.02,372
2025.03.19,23:00,67.02,67.09,66.97,67.05,144
2025.03.20,00:00,67.08,67.11,67.04,67.07,85
2025.03.20,01:00,67.08,67.11,66.98,67.08,205
2025.03.20,02:00,67.06,67.26,67.05,67.14,679
2025.03.20,03:00,67.15,67.32,67.13,67.20,348
2025.03.20,04:00,67.22,67.31,67.17,67.31,296
2025.03.20,05:00,67.29,67.33,67.26,67.27,150
2025.03.20,06:00,67.30,67.30,67.21,67.24,218
2025.03.20,07:00,67.21,67.38,67.18,67.34,443
2025.03.20,08:00,67.35,67.36,67.09,67.29,505
2025.03.20,09:00,67.30,67.52,67.29,67.38,1030
2025.03.20,10:00,67.39,67.44,67.01,67.03,1194
2025.03.20,11:00,67.05,67.09,66.76,66.91,1205
2025.03.20,12:00,66.94,67.23,66.90,67.22,908
2025.03.20,13:00,67.21,67.22,66.91,66.93,984
2025.03.20,14:00,66.96,66.98,66.60,66.83,1687
2025.03.20,15:00,66.84,67.93,66.80,67.87,2948
2025.03.20,16:00,67.89,68.21,67.83,67.96,1931
2025.03.20,17:00,67.97,68.08,67.84,68.00,1401
2025.03.20,18:00,68.00,68.12,67.92,68.05,1040
2025.03.20,19:00,68.06,68.17,67.96,68.14,1023
2025.03.20,20:00,68.17,68.26,68.14,68.19,470
2025.03.20,21:00,68.20,68.40,68.20,68.36,406
2025.03.20,23:00,68.32,68.64,68.28,68.49,356
2025.03.21,00:00,68.50,68.57,68.47,68.53,184
2025.03.21,01:00,68.55,68.59,68.44,68.49,371
2025.03.21,02:00,68.50,68.60,68.35,68.40,656
2025.03.21,03:00,68.38,68.41,68.28,68.35,340
2025.03.21,04:00,68.36,68.45,68.30,68.42,295
2025.03.21,05:00,68.40,68.43,68.25,68.29,182
2025.03.21,06:00,68.30,68.35,68.21,68.34,297
2025.03.21,07:00,68.35,68.42,68.11,68.20,486
2025.03.21,08:00,68.21,68.29,68.12,68.18,777
2025.03.21,09:00,68.20,68.40,68.05,68.05,1347
2025.03.21,10:00,68.09,68.20,67.86,67.94,988
2025.03.21,11:00,67.92,67.94,67.74,67.81,807
2025.03.21,12:00,67.80,67.86,67.68,67.71,671
2025.03.21,13:00,67.74,68.07,67.66,67.89,1072
2025.03.21,14:00,67.90,67.98,67.63,67.84,1774
2025.03.21,15:00,67.82,68.32,67.82,68.31,1483
2025.03.21,16:00,68.29,68.32,67.86,67.94,1275
2025.03.21,17:00,67.91,68.39,67.89,68.34,1393
2025.03.21,18:00,68.32,68.39,68.22,68.26,757
2025.03.21,19:00,68.26,68.35,68.14,68.34,681
2025.03.21,20:00,68.32,68.35,68.13,68.18,328
2025.03.21,21:00,68.21,68.33,68.20,68.28,243
2025.03.23,23:00,68.27,68.43,68.14,68.32,361
2025.03.24,00:00,68.33,68.42,68.26,68.39,133
2025.03.24,01:00,68.41,68.46,68.15,68.16,233
2025.03.24,02:00,68.17,68.39,67.95,67.97,629
2025.03.24,03:00,67.98,68.16,67.96,68.03,304
2025.03.24,04:00,68.06,68.08,67.93,68.04,324
2025.03.24,05:00,68.05,68.07,68.00,68.01,98
2025.03.24,06:00,68.00,68.19,67.98,68.16,234
2025.03.24,07:00,68.13,68.34,68.13,68.27,487
2025.03.24,08:00,68.28,68.53,68.25,68.49,561
2025.03.24,09:00,68.48,68.49,68.05,68.22,1033
2025.03.24,10:00,68.20,68.59,68.09,68.55,1087
2025.03.24,11:00,68.57,68.88,68.53,68.84,921
2025.03.24,12:00,68.85,68.91,68.68,68.72,674
2025.03.24,13:00,68.73,68.78,68.34,68.39,1034
2025.03.24,14:00,68.38,68.70,68.23,68.65,1785
2025.03.24,15:00,68.64,69.10,68.47,68.99,2425
2025.03.24,16:00,68.97,69.21,68.89,69.18,1246
2025.03.24,17:00,69.17,69.33,68.91,69.10,1533
2025.03.24,18:00,69.08,69.09,68.78,68.94,1197
2025.03.24,19:00,68.94,69.17,68.88,69.15,1091
2025.03.24,20:00,69.16,69.26,69.13,69.20,417
2025.03.24,21:00,69.21,69.23,69.12,69.16,262
2025.03.24,23:00,69.17,69.26,69.12,69.21,175
2025.03.25,00:00,69.18,69.21,69.13,69.16,65
2025.03.25,01:00,69.14,69.18,69.04,69.14,197
2025.03.25,02:00,69.13,69.18,69.00,69.02,508
2025.03.25,03:00,69.03,69.19,69.01,69.06,256
2025.03.25,04:00,69.03,69.12,69.03,69.08,171
2025.03.25,05:00,69.09,69.11,69.03,69.05,86
2025.03.25,06:00,69.06,69.20,69.03,69.11,253
2025.03.25,07:00,69.08,69.13,68.86,69.07,495
2025.03.25,08:00,69.05,69.42,69.04,69.39,678
2025.03.25,09:00,69.41,69.46,69.24,69.36,1074
2025.03.25,10:00,69.36,69.59,69.34,69.55,742
2025.03.25,11:00,69.56,69.62,69.42,69.51,668
2025.03.25,12:00,69.48,69.63,69.38,69.62,580
2025.03.25,13:00,69.60,69.64,69.47,69.61,766
2025.03.25,14:00,69.62,69.67,69.50,69.57,1113
2025.03.25,15:00,69.58,69.61,69.05,69.07,2002
2025.03.25,16:00,69.07,69.17,68.89,68.93,1191
2025.03.25,17:00,68.94,69.01,68.49,68.80,2215
2025.03.25,18:00,68.79,68.91,68.64,68.84,1022
2025.03.25,19:00,68.85,69.03,68.79,68.98,835
2025.03.25,20:00,68.97,69.18,68.96,69.15,452
2025.03.25,21:00,69.12,69.25,69.07,69.20,397
2025.03.25,23:00,69.15,69.42,69.10,69.28,227
2025.03.26,00:00,69.27,69.30,69.26,69.29,56
2025.03.26,01:00,69.26,69.31,69.22,69.27,167
2025.03.26,02:00,69.29,69.37,69.17,69.32,494
2025.03.26,03:00,69.34,69.35,69.20,69.29,281
2025.03.26,04:00,69.27,69.30,69.14,69.16,305
2025.03.26,05:00,69.18,69.21,69.10,69.12,157
2025.03.26,06:00,69.13,69.29,69.10,69.23,242
2025.03.26,07:00,69.24,69.33,69.18,69.31,422
2025.03.26,08:00,69.30,69.35,69.05,69.09,772
2025.03.26,09:00,69.12,69.38,69.08,69.29,1100
2025.03.26,10:00,69.30,69.53,69.18,69.44,804
2025.03.26,11:00,69.44,69.68,69.35,69.60,736
2025.03.26,12:00,69.61,69.72,69.53,69.59,625
2025.03.26,13:00,69.58,69.69,69.47,69.60,811
2025.03.26,14:00,69.58,69.94,69.50,69.90,1622
2025.03.26,15:00,69.89,70.00,69.78,69.96,1411
2025.03.26,16:00,69.95,70.20,69.72,70.04,1428
2025.03.26,17:00,70.04,70.07,69.74,69.81,1345
2025.03.26,18:00,69.80,69.85,69.44,69.57,1076
2025.03.26,19:00,69.56,69.70,69.51,69.62,806
2025.03.26,20:00,69.61,69.76,69.58,69.71,429
2025.03.26,21:00,69.70,69.98,69.70,69.91,290
2025.03.26,23:00,69.95,69.95,69.64,69.69,261
2025.03.27,00:00,69.70,69.72,69.60,69.70,214
2025.03.27,01:00,69.72,69.82,69.72,69.78,259
2025.03.27,02:00,69.80,69.85,69.67,69.74,498
2025.03.27,03:00,69.76,69.85,69.74,69.80,247
2025.03.27,04:00,69.79,69.82,69.69,69.75,243
2025.03.27,05:00,69.76,69.80,69.72,69.74,137
2025.03.27,06:00,69.75,69.76,69.57,69.59,270
2025.03.27,07:00,69.60,69.63,69.46,69.48,734
2025.03.27,08:00,69.45,69.53,69.36,69.39,694
2025.03.27,09:00,69.41,69.49,69.20,69.33,997
2025.03.27,10:00,69.32,69.53,69.30,69.41,756
2025.03.27,11:00,69.39,69.66,69.36,69.40,822
2025.03.27,12:00,69.43,69.54,69.30,69.53,771
2025.03.27,13:00,69.54,69.70,69.45,69.68,1028
2025.03.27,14:00,69.70,69.73,69.11,69.57,2217
2025.03.27,15:00,69.55,69.96,69.34,69.89,1779
2025.03.27,16:00,69.87,69.95,69.55,69.62,1491
2025.03.27,17:00,69.60,69.83,69.57,69.66,1382
2025.03.27,18:00,69.69,69.87,69.58,69.77,930
2025.03.27,19:00,69.78,69.95,69.70,69.90,727
2025.03.27,20:00,69.89,69.92,69.75,69.75,251
2025.03.27,21:00,69.75,69.92,69.75,69.90,274
2025.03.27,23:00,69.89,69.91,69.81,69.87,93
2025.03.28,00:00,69.90,69.90,69.83,69.85,108
2025.03.28,01:00,69.86,69.99,69.78,69.91,331
2025.03.28,02:00,69.89,70.03,69.83,69.85,457
2025.03.28,03:00,69.86,70.01,69.79,69.92,372
2025.03.28,04:00,69.90,69.99,69.88,69.91,279
2025.03.28,05:00,69.88,69.90,69.70,69.80,462
2025.03.28,06:00,69.78,69.82,69.61,69.72,375
2025.03.28,07:00,69.74,69.87,69.69,69.75,379
2025.03.28,08:00,69.76,69.77,69.52,69.55,671
2025.03.28,09:00,69.54,69.91,69.52,69.89,1085
2025.03.28,10:00,69.89,70.08,69.80,70.01,939
2025.03.28,11:00,69.99,70.04,69.70,69.75,810
2025.03.28,12:00,69.76,69.95,69.67,69.95,682
2025.03.28,13:00,69.91,70.08,69.89,69.97,1094
2025.03.28,14:00,69.98,69.99,69.56,69.68,1967
2025.03.28,15:00,69.66,69.76,69.21,69.43,2231
2025.03.28,16:00,69.40,69.56,69.15,69.17,1779
2025.03.28,17:00,69.16,69.33,68.87,69.25,1994
2025.03.28,18:00,69.25,69.42,69.22,69.27,1017
2025.03.28,19:00,69.28,69.42,69.22,69.28,915
2025.03.28,20:00,69.25,69.32,69.07,69.11,401
2025.03.28,21:00,69.12,69.19,68.97,69.04,365
2025.03.31,00:00,69.41,69.70,69.21,69.46,805
2025.03.31,01:00,69.49,69.49,69.27,69.47,306
2025.03.31,02:00,69.45,69.49,68.82,68.93,709
2025.03.31,03:00,68.92,69.26,68.90,69.14,1034
2025.03.31,04:00,69.15,69.16,68.90,69.03,728
2025.03.31,05:00,69.04,69.08,68.98,69.02,385
2025.03.31,06:00,68.99,69.12,68.98,69.01,257
2025.03.31,07:00,69.00,69.24,68.98,69.24,500
2025.03.31,08:00,69.21,69.39,69.18,69.30,927
2025.03.31,09:00,69.28,69.84,69.03,69.84,1579
2025.03.31,10:00,69.82,70.13,69.65,69.85,1881
2025.03.31,11:00,69.86,69.91,69.42,69.49,1318
2025.03.31,12:00,69.49,69.77,69.39,69.54,862
2025.03.31,13:00,69.53,69.68,69.36,69.60,929
2025.03.31,14:00,69.59,69.83,69.39,69.77,1240
2025.03.31,15:00,69.77,70.43,69.54,70.43,2791
2025.03.31,16:00,70.42,71.07,70.34,70.94,2875
2025.03.31,17:00,70.96,71.44,70.90,71.41,1718
2025.03.31,18:00,71.40,71.83,71.38,71.70,1383
2025.03.31,19:00,71.71,71.71,71.42,71.44,1418
2025.03.31,20:00,71.41,71.64,71.39,71.54,1306
2025.03.31,21:00,71.50,71.57,71.41,71.41,456
2025.03.31,22:00,71.43,71.45,71.29,71.38,309
2025.04.01,00:00,71.30,71.41,71.27,71.40,208
2025.04.01,01:00,71.42,71.45,71.36,71.36,161
2025.04.01,02:00,71.39,71.47,71.30,71.37,350
2025.04.01,03:00,71.38,71.61,71.33,71.54,764
2025.04.01,04:00,71.56,71.71,71.50,71.64,437
2025.04.01,05:00,71.63,71.70,71.56,71.66,355
2025.04.01,06:00,71.63,71.67,71.58,71.66,200
2025.04.01,07:00,71.65,71.69,71.56,71.58,374
2025.04.01,08:00,71.61,71.74,71.54,71.71,823
2025.04.01,09:00,71.72,71.72,71.17,71.18,1336
2025.04.01,10:00,71.17,71.33,71.10,71.27,1452
2025.04.01,11:00,71.27,71.71,71.23,71.69,1012
2025.04.01,12:00,71.67,71.98,71.56,71.65,1387
2025.04.01,13:00,71.66,71.66,71.31,71.35,1125
2025.04.01,14:00,71.37,71.56,71.28,71.49,989
2025.04.01,15:00,71.50,72.09,71.44,71.66,1888
2025.04.01,16:00,71.66,71.80,71.38,71.53,2774
2025.04.01,17:00,71.52,71.69,71.29,71.31,2192
2025.04.01,18:00,71.32,71.43,71.14,71.23,1552
2025.04.01,19:00,71.20,71.34,71.15,71.22,1102
2025.04.01,20:00,71.22,71.27,71.00,71.13,1367
2025.04.01,21:00,71.13,71.25,71.10,71.18,437
2025.04.01,22:00,71.19,71.26,71.09,71.12,388
2025.04.02,00:00,71.19,71.25,71.10,71.22,210
2025.04.02,01:00,71.20,71.27,71.18,71.23,130
2025.04.02,02:00,71.25,71.26,71.10,71.14,535
2025.04.02,03:00,71.15,71.26,71.07,71.20,659
2025.04.02,04:00,71.21,71.33,71.16,71.32,447
2025.04.02,05:00,71.29,71.31,71.16,71.21,316
2025.04.02,06:00,71.22,71.25,71.19,71.21,173
2025.04.02,07:00,71.24,71.26,71.08,71.10,314
2025.04.02,08:00,71.08,71.25,70.97,71.02,946
2025.04.02,09:00,71.00,71.07,70.65,70.74,915
2025.04.02,10:00,70.73,71.16,70.70,71.12,1465
2025.04.02,11:00,71.14,71.26,71.04,71.13,912
2025.04.02,12:00,71.13,71.15,70.71,70.73,1029
2025.04.02,13:00,70.73,71.06,70.69,70.84,1004
2025.04.02,14:00,70.83,70.89,70.59,70.79,1283
2025.04.02,15:00,70.78,71.19,70.76,71.17,2286
2025.04.02,16:00,71.14,71.56,71.08,71.36,2745
2025.04.02,17:00,71.35,71.52,70.97,71.40,2467
2025.04.02,18:00,71.43,71.90,71.39,71.71,1538
2025.04.02,19:00,71.72,71.87,71.61,71.85,947
2025.04.02,20:00,71.84,71.93,71.60,71.76,1230
2025.04.02,21:00,71.75,71.88,71.72,71.84,594
2025.04.02,22:00,71.82,72.26,70.58,70.66,3533
2025.04.03,00:00,70.37,70.37,69.51,69.81,1793
2025.04.03,01:00,69.80,69.83,69.24,69.35,936
2025.04.03,02:00,69.32,69.80,69.25,69.74,2223
2025.04.03,03:00,69.76,70.04,69.44,69.73,2290
2025.04.03,04:00,69.76,70.02,69.65,69.95,1095
2025.04.03,05:00,69.94,70.14,69.87,70.07,1128
2025.04.03,06:00,70.06,70.07,69.91,70.02,633
2025.04.03,07:00,70.03,70.03,69.74,69.75,870
2025.04.03,08:00,69.74,69.85,69.47,69.47,1780
2025.04.03,09:00,69.49,69.54,68.96,69.46,2603
2025.04.03,10:00,69.44,69.59,69.00,69.03,2194
2025.04.03,11:00,69.01,69.15,68.53,68.56,2019
2025.04.03,12:00,68.53,68.66,68.19,68.31,2177
2025.04.03,13:00,68.32,68.36,67.16,67.48,3120
2025.04.03,14:00,67.46,67.51,66.45,66.95,3838
2025.04.03,15:00,66.95,67.15,66.36,66.55,4603
2025.04.03,16:00,66.54,66.89,66.07,66.07,3571
2025.04.03,17:00,66.08,66.70,65.96,66.58,3200
2025.04.03,18:00,66.55,66.85,66.50,66.75,2196
2025.04.03,19:00,66.77,67.15,66.46,67.00,1644
2025.04.03,20:00,66.99,67.04,66.69,66.87,1657
2025.04.03,21:00,66.88,66.88,66.67,66.74,800
2025.04.03,22:00,66.71,66.74,66.53,66.61,565
2025.04.04,00:00,66.66,66.75,66.49,66.58,308
2025.04.04,01:00,66.59,66.77,66.55,66.72,235
2025.04.04,02:00,66.75,66.89,66.61,66.63,690
2025.04.04,03:00,66.65,66.71,66.46,66.58,638
2025.04.04,04:00,66.60,66.68,66.43,66.51,502
2025.04.04,05:00,66.52,66.53,66.25,66.35,687
2025.04.04,06:00,66.36,66.41,66.04,66.08,682
2025.04.04,07:00,66.10,66.40,66.06,66.32,769
2025.04.04,08:00,66.33,66.43,65.85,65.87,1099
2025.04.04,09:00,65.88,65.90,65.27,65.29,2125
2025.04.04,10:00,65.30,65.38,64.31,64.33,3080
2025.04.04,11:00,64.34,64.79,64.21,64.55,3103
2025.04.04,12:00,64.53,64.90,62.07,62.56,7875
2025.04.04,13:00,62.56,62.68,60.79,61.70,8348
2025.04.04,14:00,61.69,62.59,61.29,61.84,6396
2025.04.04,15:00,61.84,62.38,61.19,61.56,5485
2025.04.04,16:00,61.52,61.64,60.48,61.25,5203
2025.04.04,17:00,61.25,63.19,61.23,61.68,8512
2025.04.04,18:00,61.71,62.16,61.49,61.91,4893
2025.04.04,19:00,61.90,62.15,61.55,62.11,3783
2025.04.04,20:00,62.10,62.39,61.90,62.32,3200
2025.04.04,21:00,62.30,62.91,62.23,62.69,2287
2025.04.07,00:00,61.11,61.11,59.52,59.82,2946
2025.04.07,01:00,59.81,59.99,59.62,59.81,1204
2025.04.07,02:00,59.79,60.14,59.34,60.06,2489
2025.04.07,03:00,60.06,60.71,59.96,60.55,3896
2025.04.07,04:00,60.55,60.69,60.08,60.40,3011
2025.04.07,05:00,60.39,60.58,60.09,60.27,2317
2025.04.07,06:00,60.27,60.97,60.16,60.33,2261
2025.04.07,07:00,60.33,60.90,60.14,60.14,2677
2025.04.07,08:00,60.18,60.45,59.44,59.77,3819
2025.04.07,09:00,59.76,59.92,58.93,59.50,5649
2025.04.07,10:00,59.48,60.09,59.37,59.42,5270
2025.04.07,11:00,59.42,59.90,59.13,59.52,4725
2025.04.07,12:00,59.50,60.38,59.45,60.29,4984
2025.04.07,13:00,60.29,60.73,60.17,60.28,5136
2025.04.07,14:00,60.31,61.24,60.10,60.91,6789
2025.04.07,15:00,60.93,61.38,60.01,61.33,8126
2025.04.07,16:00,61.27,63.89,60.84,61.09,12658
2025.04.07,17:00,61.09,61.46,59.90,60.80,9666
2025.04.07,18:00,60.77,61.25,60.49,60.74,6248
2025.04.07,19:00,60.75,61.64,60.74,61.19,7023
2025.04.07,20:00,61.21,61.41,60.56,60.76,5812
2025.04.07,21:00,60.78,61.25,60.60,60.88,4023
2025.04.07,22:00,60.89,61.09,60.86,60.93,1283
2025.04.08,00:00,61.00,61.35,60.88,61.32,438
2025.04.08,01:00,61.35,61.41,61.17,61.22,429
2025.04.08,02:00,61.21,61.67,61.00,61.24,1682
2025.04.08,03:00,61.22,61.44,61.05,61.42,2825
2025.04.08,04:00,61.45,61.74,61.38,61.61,1412
2025.04.08,05:00,61.63,61.65,61.33,61.54,1363
2025.04.08,06:00,61.52,61.70,61.48,61.69,668
2025.04.08,07:00,61.67,61.71,61.30,61.36,1589
2025.04.08,08:00,61.35,61.49,61.13,61.40,2428
2025.04.08,09:00,61.36,61.52,60.15,60.36,4051
2025.04.08,10:00,60.38,61.02,60.22,60.92,4174
2025.04.08,11:00,60.91,61.00,60.58,60.78,2988
2025.04.08,12:00,60.79,61.16,60.69,60.70,2380
2025.04.08,13:00,60.71,61.25,60.62,61.24,2949
2025.04.08,14:00,61.24,61.30,60.93,61.10,3128
2025.04.08,15:00,61.11,61.67,60.70,61.21,6026
2025.04.08,16:00,61.22,61.67,60.79,60.82,6005
2025.04.08,17:00,60.81,61.62,60.40,61.49,6089
2025.04.08,18:00,61.47,61.47,59.71,59.89,6747
2025.04.08,19:00,59.88,60.37,59.34,60.04,7251
2025.04.08,20:00,60.01,60.09,58.88,59.05,5365
2025.04.08,21:00,59.07,59.11,57.94,58.53,4948
2025.04.08,22:00,58.54,58.67,58.06,58.18,1617
2025.04.09,00:00,58.25,58.38,57.62,57.91,890
2025.04.09,01:00,57.90,57.92,57.20,57.56,1056
2025.04.09,02:00,57.59,58.04,56.68,56.81,2349
2025.04.09,03:00,56.78,57.46,56.72,57.43,3669
2025.04.09,04:00,57.46,57.77,57.43,57.60,2549
2025.04.09,05:00,57.59,57.78,57.04,57.05,1952
2025.04.09,06:00,57.08,57.18,56.86,57.03,1857
2025.04.09,07:00,57.02,57.56,56.75,57.50,2511
2025.04.09,08:00,57.51,58.12,57.49,58.06,3610
2025.04.09,09:00,58.01,58.25,57.62,57.93,5139
2025.04.09,10:00,57.96,58.15,57.18,57.70,4653
2025.04.09,11:00,57.68,58.04,57.00,57.00,3804
2025.04.09,12:00,57.02,57.48,56.53,57.25,4011
2025.04.09,13:00,57.26,57.27,55.10,55.41,8656
2025.04.09,14:00,55.40,56.43,55.37,56.12,5726
2025.04.09,15:00,56.13,58.04,56.08,57.40,9043
2025.04.09,16:00,57.39,57.64,56.04,56.08,7708
2025.04.09,17:00,56.10,57.53,56.05,57.18,6696
2025.04.09,18:00,57.19,57.57,56.98,57.25,4585
2025.04.09,19:00,57.25,62.25,56.41,61.66,11009
2025.04.09,20:00,61.65,62.92,61.36,61.51,7844
2025.04.09,21:00,61.54,62.81,61.54,62.46,4077
2025.04.09,22:00,62.48,62.88,62.30,62.72,1876
2025.04.10,00:00,62.70,63.33,62.64,63.11,786
2025.04.10,01:00,63.10,63.20,62.86,62.94,429
2025.04.10,02:00,62.93,63.08,62.14,62.25,1687
2025.04.10,03:00,62.27,62.36,61.57,61.95,3270
2025.04.10,04:00,61.92,62.16,61.70,61.76,1811
2025.04.10,05:00,61.77,61.86,61.46,61.65,1318
2025.04.10,06:00,61.66,61.74,61.46,61.73,780
2025.04.10,07:00,61.71,61.91,61.48,61.84,1388
2025.04.10,08:00,61.86,62.21,61.85,62.07,2959
2025.04.10,09:00,62.09,62.26,60.62,60.71,4866
2025.04.10,10:00,60.72,60.98,60.22,60.28,4598
2025.04.10,11:00,60.29,60.88,60.11,60.78,3430
2025.04.10,12:00,60.77,61.02,60.61,60.75,2832
2025.04.10,13:00,60.76,60.99,60.29,60.55,2852
2025.04.10,14:00,60.56,60.86,60.06,60.21,3837
2025.04.10,15:00,60.24,60.49,59.18,59.21,6842
2025.04.10,16:00,59.21,59.87,58.74,59.14,7650
2025.04.10,17:00,59.11,60.40,59.11,59.57,6132
2025.04.10,18:00,59.53,59.70,58.94,59.54,6418
2025.04.10,19:00,59.54,60.20,59.19,60.06,6068
2025.04.10,20:00,60.08,60.46,59.72,60.36,5374
2025.04.10,21:00,60.37,60.50,59.99,60.36,4010
2025.04.10,22:00,60.39,60.41,60.04,60.24,984
2025.04.11,00:00,60.18,60.25,60.03,60.05,478
2025.04.11,01:00,60.07,60.07,59.77,59.78,616
2025.04.11,02:00,59.81,60.04,59.60,59.80,2034
2025.04.11,03:00,59.77,59.97,59.54,59.70,2480
2025.04.11,04:00,59.68,59.73,59.41,59.67,1784
2025.04.11,05:00,59.66,59.96,59.64,59.75,1418
2025.04.11,06:00,59.77,59.94,59.67,59.87,810
2025.04.11,07:00,59.89,60.64,59.81,60.59,1752
2025.04.11,08:00,60.62,61.10,60.52,60.88,2685
2025.04.11,09:00,60.88,60.98,60.38,60.85,3566
2025.04.11,10:00,60.87,60.90,59.82,60.17,5595
2025.04.11,11:00,60.16,60.49,59.58,60.47,4177
2025.04.11,12:00,60.50,60.74,60.04,60.13,3483
2025.04.11,13:00,60.14,60.27,59.83,60.02,2859
2025.04.11,14:00,60.01,60.40,59.96,59.99,3226
2025.04.11,15:00,60.01,60.39,59.50,60.06,6291
2025.04.11,16:00,60.05,60.31,59.78,60.09,7015
2025.04.11,17:00,60.07,60.67,59.98,60.65,5565
2025.04.11,18:00,60.65,61.06,60.50,61.03,3534
2025.04.11,19:00,61.06,61.85,60.99,61.67,4315
2025.04.11,20:00,61.64,61.72,61.33,61.51,3494
2025.04.11,21:00,61.51,61.74,61.45,61.52,1374
2025.04.14,00:00,61.68,62.15,61.19,61.19,1248
2025.04.14,01:00,61.20,61.48,61.07,61.27,697
2025.04.14,02:00,61.28,61.67,61.27,61.45,851
2025.04.14,03:00,61.43,61.48,61.19,61.38,1744
2025.04.14,04:00,61.39,61.42,61.13,61.24,849
2025.04.14,05:00,61.26,61.34,61.13,61.27,561
2025.04.14,06:00,61.25,61.34,61.20,61.32,309
2025.04.14,07:00,61.33,61.65,61.28,61.55,759
2025.04.14,08:00,61.53,61.74,61.39,61.46,1397
2025.04.14,09:00,61.43,61.88,61.23,61.64,2151
2025.04.14,10:00,61.65,61.98,61.43,61.97,2227
2025.04.14,11:00,61.96,62.14,61.78,62.03,1520
2025.04.14,12:00,62.05,62.35,61.97,62.35,1215
2025.04.14,13:00,62.33,62.66,62.25,62.29,1544
2025.04.14,14:00,62.29,62.45,62.18,62.31,1771
2025.04.14,15:00,62.33,62.33,61.53,61.69,3972
2025.04.14,16:00,61.68,61.94,61.51,61.68,4013
2025.04.14,17:00,61.68,61.71,60.93,60.99,3821
2025.04.14,18:00,61.00,61.15,60.58,60.86,3527
2025.04.14,19:00,60.89,61.25,60.71,61.08,3277
2025.04.14,20:00,61.08,61.62,61.07,61.52,1720
2025.04.14,21:00,61.55,61.69,61.54,61.59,796
2025.04.14,22:00,61.60,61.68,61.55,61.55,420
2025.04.15,00:00,61.07,61.12,61.00,61.08,133
2025.04.15,01:00,61.05,61.11,61.01,61.08,81
2025.04.15,02:00,61.11,61.38,61.08,61.23,429
2025.04.15,03:00,61.24,61.28,61.07,61.12,640
2025.04.15,04:00,61.11,61.21,61.04,61.13,362
2025.04.15,05:00,61.11,61.21,61.02,61.19,281
2025.04.15,06:00,61.17,61.28,61.14,61.25,253
2025.04.15,07:00,61.27,61.36,61.08,61.24,622
2025.04.15,08:00,61.26,61.42,61.12,61.36,932
2025.04.15,09:00,61.36,61.56,61.28,61.35,1237
2025.04.15,10:00,61.36,61.38,60.78,60.97,2109
2025.04.15,11:00,61.00,61.13,60.56,60.57,1450
2025.04.15,12:00,60.57,60.99,60.50,60.67,1528
2025.04.15,13:00,60.66,60.89,60.51,60.53,1579
2025.04.15,14:00,60.54,60.65,60.41,60.56,1550
2025.04.15,15:00,60.53,61.22,60.53,61.16,2976
2025.04.15,16:00,61.14,61.32,60.61,60.85,4550
2025.04.15,17:00,60.86,60.91,60.36,60.50,3048
2025.04.15,18:00,60.47,60.82,60.47,60.66,1584
2025.04.15,19:00,60.64,60.85,60.58,60.71,1380
2025.04.15,20:00,60.72,60.89,60.63,60.84,1174
2025.04.15,21:00,60.82,61.00,60.81,60.93,565
2025.04.15,22:00,60.91,61.00,60.85,60.94,478
2025.04.16,00:00,60.93,60.95,60.81,60.84,210
2025.04.16,01:00,60.87,60.88,60.70,60.88,218
2025.04.16,02:00,60.87,60.90,60.72,60.79,388
2025.04.16,03:00,60.76,60.95,60.64,60.71,745
2025.04.16,04:00,60.73,60.74,60.54,60.58,508
2025.04.16,05:00,60.57,60.61,60.49,60.50,367
2025.04.16,06:00,60.51,60.71,60.50,60.62,211
2025.04.16,07:00,60.60,60.64,59.85,59.90,1467
2025.04.16,08:00,59.91,60.17,59.86,60.03,1194
2025.04.16,09:00,60.04,60.48,60.00,60.32,1396
2025.04.16,10:00,60.32,61.59,60.21,61.21,3958
2025.04.16,11:00,61.22,61.47,61.14,61.20,1940
2025.04.16,12:00,61.20,61.40,61.11,61.25,1304
2025.04.16,13:00,61.26,61.36,61.15,61.31,1056
2025.04.16,14:00,61.30,61.69,61.17,61.58,1402
2025.04.16,15:00,61.59,61.79,61.29,61.58,2770
2025.04.16,16:00,61.57,62.13,61.53,61.81,3440
2025.04.16,17:00,61.81,62.01,61.50,61.86,2981
2025.04.16,18:00,61.85,61.94,61.59,61.92,1894
2025.04.16,19:00,61.90,62.09,61.57,61.62,2072
2025.04.16,20:00,61.64,62.25,61.51,61.98,2390
2025.04.16,21:00,62.01,62.27,61.89,62.04,1266
2025.04.16,22:00,62.06,62.07,61.90,61.94,582
2025.04.17,00:00,61.98,62.38,61.95,62.22,326
2025.04.17,01:00,62.20,62.28,62.13,62.25,196
2025.04.17,02:00,62.27,62.31,61.96,62.15,688
2025.04.17,03:00,62.14,62.29,62.01,62.27,790
2025.04.17,04:00,62.26,62.46,62.19,62.43,468
2025.04.17,05:00,62.41,62.52,62.36,62.49,391
2025.04.17,06:00,62.51,62.68,62.38,62.64,547
2025.04.17,07:00,62.62,62.82,62.56,62.56,453
2025.04.17,08:00,62.57,62.61,62.23,62.28,994
2025.04.17,09:00,62.26,62.45,62.16,62.32,1176
2025.04.17,10:00,62.31,62.49,62.20,62.44,1205
2025.04.17,11:00,62.44,62.48,62.16,62.45,1212
2025.04.17,12:00,62.42,62.59,62.32,62.52,1166
2025.04.17,13:00,62.53,62.73,62.45,62.60,1202
2025.04.17,14:00,62.59,63.02,62.53,62.78,1791
2025.04.17,15:00,62.75,62.87,62.42,62.65,2922
2025.04.17,16:00,62.62,62.91,62.56,62.86,2797
2025.04.17,17:00,62.83,63.75,62.83,63.66,3235
2025.04.17,18:00,63.69,64.14,63.62,64.08,3234
2025.04.17,19:00,64.08,64.13,63.67,63.92,2067
2025.04.17,20:00,63.95,64.18,63.75,63.83,1867
2025.04.17,21:00,63.85,63.86,63.54,63.64,919
2025.04.17,22:00,63.61,63.76,63.59,63.73,475
2025.04.21,00:00,63.64,63.75,63.04,63.16,665
2025.04.21,01:00,63.13,63.21,62.97,63.13,253
2025.04.21,02:00,63.14,63.40,63.06,63.10,585
2025.04.21,03:00,63.11,63.13,62.67,62.89,1657
2025.04.21,04:00,62.88,62.96,62.77,62.88,658
2025.04.21,05:00,62.89,63.04,62.78,63.01,564
2025.04.21,06:00,63.02,63.05,62.77,62.87,275
2025.04.21,07:00,62.85,63.13,62.84,63.13,602
2025.04.21,08:00,63.12,63.18,62.93,63.01,954
2025.04.21,09:00,63.03,63.06,62.83,62.84,697
2025.04.21,10:00,62.87,63.01,62.47,62.56,1486
2025.04.21,11:00,62.54,62.58,62.05,62.08,1058
2025.04.21,12:00,62.06,62.46,62.05,62.37,874
2025.04.21,13:00,62.38,62.55,62.28,62.48,903
2025.04.21,14:00,62.47,62.56,62.30,62.43,962
2025.04.21,15:00,62.40,62.52,61.74,61.88,3099
2025.04.21,16:00,61.89,62.54,61.84,62.31,3029
2025.04.21,17:00,62.30,62.47,62.01,62.03,2401
2025.04.21,18:00,62.04,62.32,61.95,62.18,1606
2025.04.21,19:00,62.15,62.48,62.10,62.47,1471
2025.04.21,20:00,62.46,62.71,62.20,62.65,1413
2025.04.21,21:00,62.68,62.87,62.63,62.84,719
2025.04.21,22:00,62.84,62.84,62.63,62.68,363
2025.04.22,00:00,62.73,62.83,62.72,62.78,183
2025.04.22,01:00,62.80,62.99,62.75,62.99,310
2025.04.22,02:00,62.96,63.14,62.88,62.98,539
2025.04.22,03:00,62.97,63.24,62.93,63.01,1078
2025.04.22,04:00,63.00,63.05,62.79,62.84,699
2025.04.22,05:00,62.86,62.89,62.72,62.78,516
2025.04.22,06:00,62.77,62.86,62.77,62.81,143
2025.04.22,07:00,62.84,62.96,62.74,62.78,428
2025.04.22,08:00,62.77,63.16,62.73,63.11,1233
2025.04.22,09:00,63.11,63.36,63.02,63.34,1264
2025.04.22,10:00,63.35,63.55,63.07,63.26,1786
2025.04.22,11:00,63.25,63.52,63.25,63.50,1018
2025.04.22,12:00,63.47,63.53,63.22,63.29,1063
2025.04.22,13:00,63.27,63.50,63.15,63.26,1010
2025.04.22,14:00,63.27,63.36,63.12,63.32,1367
2025.04.22,15:00,63.32,63.36,62.91,63.08,2599
2025.04.22,16:00,63.08,63.45,63.03,63.27,2172
2025.04.22,17:00,63.28,64.20,63.19,64.15,2549
2025.04.22,18:00,64.18,64.35,64.11,64.24,2199
2025.04.22,19:00,64.25,64.27,63.49,63.63,3367
2025.04.22,20:00,63.64,63.78,63.40,63.46,1435
2025.04.22,21:00,63.45,63.52,63.40,63.49,623
2025.04.22,22:00,63.50,63.57,63.41,63.51,527
2025.04.23,00:00,64.00,64.46,63.74,64.39,1075
2025.04.23,01:00,64.38,64.42,64.20,64.23,391
2025.04.23,02:00,64.24,64.38,64.00,64.31,769
2025.04.23,03:00,64.33,64.33,63.99,64.05,1139
2025.04.23,04:00,64.04,64.16,63.98,64.01,441
2025.04.23,05:00,64.02,64.23,63.90,64.20,318
2025.04.23,06:00,64.17,64.25,64.14,64.22,229
2025.04.23,07:00,64.25,64.38,64.21,64.34,436
2025.04.23,08:00,64.36,64.83,64.31,64.68,1179
2025.04.23,09:00,64.69,64.78,64.54,64.60,1118
2025.04.23,10:00,64.58,64.86,64.43,64.73,1329
2025.04.23,11:00,64.71,64.81,64.28,64.52,1242
2025.04.23,12:00,64.49,64.57,64.23,64.34,1217
2025.04.23,13:00,64.31,64.33,63.64,63.64,1556
2025.04.23,14:00,63.64,63.74,62.63,63.24,3749
2025.04.23,15:00,63.20,63.93,62.92,63.46,4644
2025.04.23,16:00,63.47,63.59,61.53,62.46,7190
2025.04.23,17:00,62.47,62.76,61.72,61.80,4871
2025.04.23,18:00,61.80,62.57,61.67,62.02,3424
2025.04.23,19:00,62.03,62.11,61.63,62.07,2272
2025.04.23,20:00,62.06,62.39,62.06,62.17,2133
2025.04.23,21:00,62.19,62.36,62.09,62.27,1107
2025.04.23,22:00,62.28,62.42,62.23,62.25,612
2025.04.24,00:00,62.33,62.35,62.15,62.20,291
2025.04.24,01:00,62.21,62.31,62.20,62.30,169
2025.04.24,02:00,62.29,62.42,62.08,62.32,628
2025.04.24,03:00,62.31,62.53,62.29,62.40,919
2025.04.24,04:00,62.43,62.47,62.20,62.23,607
2025.04.24,05:00,62.21,62.38,62.18,62.34,439
2025.04.24,06:00,62.33,62.37,62.26,62.36,243
2025.04.24,07:00,62.33,62.39,62.15,62.17,431
2025.04.24,08:00,62.15,62.76,62.15,62.73,1293
2025.04.24,09:00,62.76,62.99,62.70,62.87,1313
2025.04.24,10:00,62.88,62.96,62.45,62.55,1778
2025.04.24,11:00,62.53,62.67,62.26,62.60,1415
2025.04.24,12:00,62.59,63.01,62.55,62.95,1242
2025.04.24,13:00,62.94,63.24,62.89,63.08,1378
2025.04.24,14:00,63.06,63.29,62.81,62.91,1588
2025.04.24,15:00,62.92,63.27,62.74,62.91,2982
2025.04.24,16:00,62.90,62.97,61.98,62.66,3633
2025.04.24,17:00,62.64,62.65,62.14,62.30,3057
2025.04.24,18:00,62.28,62.95,62.13,62.87,2072
2025.04.24,19:00,62.87,62.94,62.66,62.90,1489
2025.04.24,20:00,62.89,62.93,62.63,62.64,1167
2025.04.24,21:00,62.63,62.70,62.54,62.67,546
2025.04.24,22:00,62.66,62.80,62.66,62.75,300
2025.04.25,00:00,62.81,62.87,62.77,62.83,146
2025.04.25,01:00,62.84,62.85,62.78,62.83,104
2025.04.25,02:00,62.81,63.11,62.78,63.03,416
2025.04.25,03:00,63.02,63.09,62.77,62.81,789
2025.04.25,04:00,62.82,63.01,62.81,62.99,509
2025.04.25,05:00,62.96,63.22,62.95,63.13,551
2025.04.25,06:00,63.12,63.34,63.10,63.30,320
2025.04.25,07:00,63.29,63.32,63.00,63.02,510
2025.04.25,08:00,63.03,63.26,62.82,63.25,1016
2025.04.25,09:00,63.26,63.29,62.74,62.83,1633
2025.04.25,10:00,62.85,62.98,62.57,62.73,1813
2025.04.25,11:00,62.72,62.77,62.29,62.43,1626
2025.04.25,12:00,62.44,62.87,61.80,61.84,2801
2025.04.25,13:00,61.83,62.08,61.78,61.99,2085
2025.04.25,14:00,61.99,62.08,61.80,61.95,1429
2025.04.25,15:00,61.94,62.59,61.84,62.45,2931
2025.04.25,16:00,62.48,62.68,62.25,62.39,2675
2025.04.25,17:00,62.40,62.93,62.38,62.91,2332
2025.04.25,18:00,62.91,63.10,62.80,62.98,1463
2025.04.25,19:00,62.99,63.28,62.72,62.79,2115
2025.04.25,20:00,62.78,63.14,62.73,63.07,1426
2025.04.25,21:00,63.06,63.33,63.06,63.16,782
2025.04.28,00:00,63.42,63.80,63.05,63.35,942
2025.04.28,01:00,63.37,63.41,63.04,63.11,367
2025.04.28,02:00,63.10,63.26,63.05,63.13,678
2025.04.28,03:00,63.17,63.36,62.92,62.95,1356
2025.04.28,04:00,62.94,62.99,62.86,62.89,588
2025.04.28,05:00,62.90,63.27,62.87,63.17,717
2025.04.28,06:00,63.18,63.34,63.12,63.28,304
2025.04.28,07:00,63.31,63.45,63.24,63.43,797
2025.04.28,08:00,63.44,63.51,63.20,63.29,1191
2025.04.28,09:00,63.32,63.32,63.06,63.09,1270
2025.04.28,10:00,63.11,63.20,62.86,62.89,1461
2025.04.28,11:00,62.92,62.96,62.71,62.74,1175
2025.04.28,12:00,62.75,62.81,62.54,62.70,1264
2025.04.28,13:00,62.72,62.94,62.59,62.85,1352
2025.04.28,14:00,62.85,63.08,62.67,62.92,1706
2025.04.28,15:00,62.91,63.19,62.35,62.39,3374
2025.04.28,16:00,62.38,62.54,62.03,62.10,4139
2025.04.28,17:00,62.12,62.23,61.67,61.83,3315
2025.04.28,18:00,61.83,61.92,61.52,61.60,1646
2025.04.28,19:00,61.58,61.85,61.46,61.79,1533
2025.04.28,20:00,61.78,62.09,61.77,61.94,1498
2025.04.28,21:00,61.94,62.05,61.92,61.99,621
2025.04.28,22:00,61.98,61.99,61.80,61.87,346
2025.04.29,00:00,61.86,62.06,61.85,61.96,242
2025.04.29,01:00,61.95,62.02,61.94,61.99,124
2025.04.29,02:00,61.98,61.99,61.76,61.84,654
2025.04.29,03:00,61.85,61.99,61.75,61.92,1255
2025.04.29,04:00,61.91,62.07,61.62,61.67,846
2025.04.29,05:00,61.66,61.75,61.54,61.65,664
2025.04.29,06:00,61.63,61.66,61.46,61.52,430
2025.04.29,07:00,61.49,61.56,61.22,61.38,1055
2025.04.29,08:00,61.39,61.55,61.26,61.36,1162
2025.04.29,09:00,61.36,61.44,61.05,61.17,1488
2025.04.29,10:00,61.17,61.61,60.88,60.91,2225
2025.04.29,11:00,60.90,61.43,60.88,61.15,2199
2025.04.29,12:00,61.17,61.30,60.82,60.99,1652
2025.04.29,13:00,60.99,61.09,60.77,61.05,1646
2025.04.29,14:00,61.04,61.22,60.69,60.84,2240
2025.04.29,15:00,60.83,61.14,60.76,60.89,3666
2025.04.29,16:00,60.90,60.95,60.40,60.70,3258
2025.04.29,17:00,60.70,61.07,60.58,60.62,2728
2025.04.29,18:00,60.61,60.75,60.27,60.30,2057
2025.04.29,19:00,60.30,60.66,60.30,60.62,1485
2025.04.29,20:00,60.63,60.63,60.21,60.30,1769
2025.04.29,21:00,60.29,60.40,60.22,60.24,665
2025.04.29,22:00,60.27,60.28,60.10,60.12,560
2025.04.30,00:00,60.12,60.28,60.12,60.22,254
2025.04.30,01:00,60.21,60.26,60.19,60.25,94
2025.04.30,02:00,60.27,60.33,60.18,60.23,462
2025.04.30,03:00,60.22,60.41,60.19,60.21,1070
2025.04.30,04:00,60.19,60.38,59.84,59.87,750
2025.04.30,05:00,59.90,59.95,59.66,59.68,852
2025.04.30,06:00,59.71,59.75,59.54,59.63,479
2025.04.30,07:00,59.64,59.78,59.51,59.59,813
2025.04.30,08:00,59.62,59.75,59.52,59.72,1493
2025.04.30,09:00,59.69,59.71,59.29,59.42,1580
2025.04.30,10:00,59.47,59.51,59.17,59.36,1981
2025.04.30,11:00,59.35,60.07,59.35,60.07,2166
2025.04.30,12:00,60.03,60.07,59.76,59.97,1298
2025.04.30,13:00,59.94,60.03,59.81,59.94,1346
2025.04.30,14:00,59.92,60.12,59.40,59.58,2173
2025.04.30,15:00,59.57,59.98,59.15,59.18,3224
2025.04.30,16:00,59.19,59.86,59.14,59.50,4275
2025.04.30,17:00,59.52,60.13,58.00,58.14,5555
2025.04.30,18:00,58.13,58.78,57.89,58.01,4042
2025.04.30,19:00,58.00,58.50,57.97,58.26,2247
2025.04.30,20:00,58.25,59.07,58.05,58.18,3187
2025.04.30,21:00,58.16,58.21,58.02,58.14,1108
2025.04.30,22:00,58.14,58.40,58.12,58.19,1136
2025.05.01,00:00,58.13,58.44,58.08,58.34,365
2025.05.01,01:00,58.33,58.44,58.28,58.35,193
2025.05.01,02:00,58.36,58.42,58.18,58.22,811
2025.05.01,03:00,58.23,58.26,58.11,58.22,554
2025.05.01,04:00,58.23,58.29,58.15,58.26,377
2025.05.01,05:00,58.24,58.31,57.99,58.02,475
2025.05.01,06:00,58.03,58.18,58.03,58.12,393
2025.05.01,07:00,58.11,58.25,58.09,58.15,507
2025.05.01,08:00,58.16,58.21,57.73,57.81,929
2025.05.01,09:00,57.84,57.84,57.45,57.50,1519
2025.05.01,10:00,57.52,57.70,56.96,57.19,2086
2025.05.01,11:00,57.17,57.24,56.63,56.68,1835
2025.05.01,12:00,56.67,56.73,56.37,56.52,1954
2025.05.01,13:00,56.53,57.15,56.46,57.07,2153
2025.05.01,14:00,57.06,57.82,56.91,57.68,2595
2025.05.01,15:00,57.67,58.89,57.48,58.45,4909
2025.05.01,16:00,58.46,59.04,58.43,58.49,4007
2025.05.01,17:00,58.49,58.73,58.10,58.15,3382
2025.05.01,18:00,58.12,58.41,57.71,58.21,3247
2025.05.01,19:00,58.23,58.69,58.19,58.47,1805
2025.05.01,20:00,58.49,59.47,58.44,59.05,3339
2025.05.01,21:00,59.06,59.22,58.98,59.07,1099
2025.05.01,22:00,59.05,59.10,58.94,58.96,690
2025.05.02,00:00,58.95,58.95,58.71,58.82,208
2025.05.02,01:00,58.80,58.94,58.80,58.91,146
2025.05.02,02:00,58.90,59.48,58.89,59.47,964
2025.05.02,03:00,59.48,59.72,59.42,59.68,910
2025.05.02,04:00,59.67,59.85,59.60,59.77,523
2025.05.02,05:00,59.76,59.77,59.59,59.73,398
2025.05.02,06:00,59.72,59.74,59.54,59.66,503
2025.05.02,07:00,59.67,59.69,59.47,59.51,496
2025.05.02,08:00,59.50,59.70,59.28,59.33,857
2025.05.02,09:00,59.33,59.50,59.13,59.16,1630
2025.05.02,10:00,59.14,59.44,58.79,58.84,2112
2025.05.02,11:00,58.81,58.99,58.65,58.85,1874
2025.05.02,12:00,58.86,59.03,58.74,58.94,1327
2025.05.02,13:00,58.96,59.21,58.52,58.65,1655
2025.05.02,14:00,58.62,59.23,58.47,59.18,2449
2025.05.02,15:00,59.17,59.31,58.13,58.27,3588
2025.05.02,16:00,58.28,58.68,57.71,58.31,4849
2025.05.02,17:00,58.32,58.65,57.99,58.40,2901
2025.05.02,18:00,58.37,58.96,57.77,57.95,2776
2025.05.02,19:00,57.95,58.31,57.74,58.12,1922
2025.05.02,20:00,58.12,58.42,58.07,58.10,1740
2025.05.02,21:00,58.14,58.57,58.06,58.52,885
2025.05.05,00:00,56.73,56.75,55.33,56.20,3678
2025.05.05,01:00,56.23,56.54,55.83,55.90,1127
2025.05.05,02:00,55.88,56.31,55.78,56.06,1135
2025.05.05,03:00,56.03,56.37,55.89,56.13,1132
2025.05.05,04:00,56.15,56.27,55.99,56.05,737
2025.05.05,05:00,56.03,56.12,55.89,56.04,780
2025.05.05,06:00,56.05,56.08,55.88,55.94,454
2025.05.05,07:00,55.95,56.40,55.94,56.34,689
2025.05.05,08:00,56.33,56.69,56.33,56.59,1202
2025.05.05,09:00,56.58,57.09,56.47,56.87,2274
2025.05.05,10:00,56.87,57.22,56.79,57.00,2398
2025.05.05,11:00,57.01,57.51,56.88,57.50,1951
2025.05.05,12:00,57.48,57.59,57.31,57.41,1320
2025.05.05,13:00,57.40,57.68,57.30,57.32,1380
2025.05.05,14:00,57.31,57.45,56.91,57.27,1802
2025.05.05,15:00,57.25,57.63,57.19,57.46,2848
2025.05.05,16:00,57.45,57.48,56.61,56.69,3485
2025.05.05,17:00,56.71,56.87,56.44,56.84,2508
2025.05.05,18:00,56.84,57.28,56.84,57.03,2092
2025.05.05,19:00,57.03,57.26,56.94,57.20,1560
2025.05.05,20:00,57.17,57.28,57.05,57.15,1507
2025.05.05,21:00,57.14,57.18,56.96,56.99,661
2025.05.05,22:00,56.98,57.22,56.96,57.21,439
2025.05.06,00:00,57.24,57.24,57.06,57.15,298
2025.05.06,01:00,57.17,57.19,57.12,57.14,119
2025.05.06,02:00,57.13,57.33,57.00,57.31,520
2025.05.06,03:00,57.32,58.08,57.32,57.99,3151
2025.05.06,04:00,58.01,58.13,57.76,58.00,1542
2025.05.06,05:00,57.99,58.11,57.95,58.02,754
2025.05.06,06:00,58.03,58.09,57.97,58.04,314
2025.05.06,07:00,58.05,58.08,57.89,57.90,679
2025.05.06,08:00,57.91,58.28,57.89,58.25,1145
2025.05.06,09:00,58.25,58.51,58.18,58.34,1515
2025.05.06,10:00,58.39,58.60,58.13,58.56,2218
2025.05.06,11:00,58.57,58.83,58.48,58.76,1932
2025.05.06,12:00,58.73,58.84,58.22,58.25,1588
2025.05.06,13:00,58.24,58.45,58.24,58.43,1234
2025.05.06,14:00,58.44,58.73,58.34,58.64,1525
2025.05.06,15:00,58.65,59.39,58.54,59.36,3543
2025.05.06,16:00,59.35,59.70,59.19,59.30,2674
2025.05.06,17:00,59.32,59.66,59.25,59.55,2096
2025.05.06,18:00,59.56,59.81,59.05,59.08,2849
2025.05.06,19:00,59.07,59.34,59.06,59.32,1650
2025.05.06,20:00,59.34,59.44,58.96,59.01,1596
2025.05.06,21:00,59.01,59.12,58.91,59.07,575
2025.05.06,22:00,59.08,59.12,58.83,58.99,600
2025.05.07,00:00,58.97,59.69,58.95,59.45,815
2025.05.07,01:00,59.48,59.66,59.35,59.55,426
2025.05.07,02:00,59.54,59.73,59.49,59.70,1053
2025.05.07,03:00,59.71,59.74,59.41,59.52,1466
2025.05.07,04:00,59.51,59.59,59.41,59.58,937
2025.05.07,05:00,59.55,59.60,59.47,59.59,591
2025.05.07,06:00,59.56,59.73,59.55,59.72,334
2025.05.07,07:00,59.71,59.77,59.59,59.66,516
2025.05.07,08:00,59.65,59.94,59.59,59.90,998
2025.05.07,09:00,59.91,60.17,59.86,60.05,1340
2025.05.07,10:00,60.04,60.24,59.73,59.76,1643
2025.05.07,11:00,59.77,59.79,59.34,59.43,1581
2025.05.07,12:00,59.46,59.62,59.27,59.54,1380
2025.05.07,13:00,59.57,59.75,59.51,59.70,1178
2025.05.07,14:00,59.68,59.72,59.04,59.18,1860
2025.05.07,15:00,59.17,59.18,58.65,58.89,2995
2025.05.07,16:00,58.88,58.99,58.53,58.74,2919
2025.05.07,17:00,58.77,59.16,58.31,58.44,3020
2025.05.07,18:00,58.42,58.56,58.22,58.42,1640
2025.05.07,19:00,58.40,58.49,58.04,58.20,1360
2025.05.07,20:00,58.18,58.29,57.79,58.15,2261
2025.05.07,21:00,58.14,58.16,57.85,58.05,1413
2025.05.07,22:00,58.07,58.08,57.84,57.95,512
2025.05.08,00:00,57.90,57.94,57.71,57.90,197
2025.05.08,01:00,57.89,58.08,57.87,58.07,184
2025.05.08,02:00,58.05,58.18,57.97,58.14,663
2025.05.08,03:00,58.17,58.47,58.11,58.45,1362
2025.05.08,04:00,58.46,58.48,58.32,58.44,673
2025.05.08,05:00,58.43,58.61,58.43,58.56,466
2025.05.08,06:00,58.58,58.65,58.42,58.50,362
2025.05.08,07:00,58.51,58.65,58.40,58.63,699
2025.05.08,08:00,58.62,58.64,58.12,58.30,1747
2025.05.08,09:00,58.29,58.48,58.18,58.40,1312
2025.05.08,10:00,58.38,58.77,58.31,58.72,1939
2025.05.08,11:00,58.73,58.87,58.59,58.77,1379
2025.05.08,12:00,58.80,59.19,58.68,59.07,1112
2025.05.08,13:00,59.08,59.20,58.96,59.11,948
2025.05.08,14:00,59.11,59.24,58.76,58.88,1706
2025.05.08,15:00,58.86,59.56,58.79,59.51,2823
2025.05.08,16:00,59.51,59.83,59.32,59.51,3107
2025.05.08,17:00,59.54,59.99,59.42,59.95,3468
2025.05.08,18:00,59.93,59.99,59.57,59.93,1568
2025.05.08,19:00,59.92,59.93,59.78,59.88,1059
2025.05.08,20:00,59.88,60.04,59.79,59.93,1165
2025.05.08,21:00,59.93,60.03,59.86,59.98,642
2025.05.08,22:00,59.97,60.28,59.97,60.25,470
2025.05.09,00:00,60.22,60.27,60.13,60.13,290
2025.05.09,01:00,60.15,60.21,60.07,60.11,206
2025.05.09,02:00,60.12,60.16,59.93,59.96,507
2025.05.09,03:00,59.94,60.15,59.91,59.96,1021
2025.05.09,04:00,59.95,60.19,59.87,60.09,777
2025.05.09,05:00,60.11,60.19,60.02,60.07,609
2025.05.09,06:00,60.09,60.25,60.05,60.22,616
2025.05.09,07:00,60.23,60.32,60.17,60.21,564
2025.05.09,08:00,60.22,60.42,60.18,60.29,1001
2025.05.09,09:00,60.28,60.71,60.17,60.59,1384
2025.05.09,10:00,60.61,60.80,60.57,60.78,1036
2025.05.09,11:00,60.80,61.04,60.69,61.03,770
2025.05.09,12:00,61.04,61.18,60.97,61.12,909
2025.05.09,13:00,61.14,61.44,60.94,61.21,1755
2025.05.09,14:00,61.21,61.26,60.85,60.85,1575
2025.05.09,15:00,60.84,60.87,60.30,60.46,3124
2025.05.09,16:00,60.49,60.71,60.20,60.59,2553
2025.05.09,17:00,60.60,60.81,60.51,60.65,1916
2025.05.09,18:00,60.66,60.92,60.46,60.86,1243
2025.05.09,19:00,60.83,61.02,60.78,60.86,1187
2025.05.09,20:00,60.87,61.09,60.85,60.99,1151
2025.05.09,21:00,60.97,61.07,60.88,60.93,614
2025.05.12,00:00,61.39,61.49,61.15,61.33,884
2025.05.12,01:00,61.35,61.45,61.29,61.30,317
2025.05.12,02:00,61.29,61.31,61.02,61.08,676
2025.05.12,03:00,61.09,61.27,60.99,61.06,1347
2025.05.12,04:00,61.07,61.36,61.05,61.32,686
2025.05.12,05:00,61.34,61.43,61.27,61.37,375
2025.05.12,06:00,61.36,61.47,61.30,61.44,203
2025.05.12,07:00,61.45,61.87,61.39,61.86,754
2025.05.12,08:00,61.82,62.07,61.74,61.91,1153
2025.05.12,09:00,61.93,63.39,61.90,62.70,4822
2025.05.12,10:00,62.71,62.84,62.23,62.66,2885
2025.05.12,11:00,62.65,63.09,62.65,62.89,1641
2025.05.12,12:00,62.89,63.28,62.70,63.27,1218
2025.05.12,13:00,63.24,63.59,63.20,63.39,1622
2025.05.12,14:00,63.39,63.50,63.20,63.34,1566
2025.05.12,15:00,63.32,63.37,62.78,62.81,2593
2025.05.12,16:00,62.82,63.17,62.39,62.43,2757
2025.05.12,17:00,62.41,62.65,62.22,62.25,2522
2025.05.12,18:00,62.26,62.35,62.07,62.29,1291
2025.05.12,19:00,62.27,62.29,62.11,62.15,883
2025.05.12,20:00,62.14,62.16,61.74,61.95,1397
2025.05.12,21:00,61.96,61.96,61.64,61.78,476
2025.05.12,22:00,61.81,62.10,61.80,61.96,425
2025.05.13,00:00,62.01,62.04,61.88,61.88,207
2025.05.13,01:00,61.91,62.04,61.89,61.92,128
2025.05.13,02:00,61.95,61.95,61.65,61.70,394
2025.05.13,03:00,61.71,61.94,61.65,61.69,893
2025.05.13,04:00,61.70,61.77,61.67,61.71,486
2025.05.13,05:00,61.72,61.84,61.62,61.76,385
2025.05.13,06:00,61.75,61.88,61.70,61.81,212
2025.05.13,07:00,61.84,61.93,61.79,61.89,502
2025.05.13,08:00,61.90,62.10,61.69,61.95,1141
2025.05.13,09:00,61.94,62.13,61.90,61.94,1140
2025.05.13,10:00,61.95,62.39,61.71,62.29,2111
2025.05.13,11:00,62.27,62.39,62.10,62.33,1235
2025.05.13,12:00,62.34,62.54,62.31,62.46,1015
2025.05.13,13:00,62.48,62.73,62.35,62.69,858
2025.05.13,14:00,62.66,62.86,62.57,62.82,1501
2025.05.13,15:00,62.84,62.85,62.49,62.69,2036
2025.05.13,16:00,62.70,63.44,62.60,62.95,2480
2025.05.13,17:00,62.95,63.67,62.87,63.66,2047
2025.05.13,18:00,63.66,63.88,63.57,63.82,1815
2025.05.13,19:00,63.81,63.86,63.66,63.73,1043
2025.05.13,20:00,63.72,63.77,63.60,63.69,1182
2025.05.13,21:00,63.69,63.76,63.60,63.64,407
2025.05.13,22:00,63.62,63.75,63.54,63.63,493
2025.05.14,00:00,63.61,63.65,63.54,63.56,215
2025.05.14,01:00,63.57,63.67,63.56,63.63,117
2025.05.14,02:00,63.66,63.66,63.40,63.40,336
2025.05.14,03:00,63.42,63.48,63.30,63.36,738
2025.05.14,04:00,63.35,63.43,63.17,63.30,605
2025.05.14,05:00,63.29,63.36,63.18,63.28,387
2025.05.14,06:00,63.31,63.41,63.26,63.26,200
2025.05.14,07:00,63.28,63.48,63.20,63.32,559
2025.05.14,08:00,63.31,63.48,63.24,63.30,912
2025.05.14,09:00,63.35,63.63,63.29,63.47,1121
2025.05.14,10:00,63.49,63.54,63.19,63.37,1508
2025.05.14,11:00,63.39,63.50,62.78,62.90,1279
2025.05.14,12:00,62.87,63.00,62.73,62.90,917
2025.05.14,13:00,62.90,63.04,62.80,62.99,845
2025.05.14,14:00,62.99,63.07,62.81,63.00,1314
2025.05.14,15:00,62.99,63.55,62.99,63.45,2131
2025.05.14,16:00,63.44,63.55,62.95,63.40,2789
2025.05.14,17:00,63.41,63.41,62.92,63.18,2184
2025.05.14,18:00,63.15,63.51,63.14,63.40,1281
2025.05.14,19:00,63.39,63.48,63.24,63.32,1248
2025.05.14,20:00,63.33,63.34,62.91,62.92,1230
2025.05.14,21:00,62.94,63.00,62.81,62.81,421
2025.05.14,22:00,62.82,62.93,62.75,62.87,360
2025.05.15,00:00,62.82,62.90,62.08,62.11,633
2025.05.15,01:00,62.11,62.16,61.83,62.16,762
2025.05.15,02:00,62.18,62.36,62.06,62.12,860
2025.05.15,03:00,62.10,62.31,61.76,61.90,1708
2025.05.15,04:00,61.91,61.95,61.57,61.61,912
2025.05.15,05:00,61.62,61.97,61.35,61.74,1143
2025.05.15,06:00,61.76,61.79,61.60,61.69,385
2025.05.15,07:00,61.66,61.69,61.34,61.34,787
2025.05.15,08:00,61.35,61.77,60.93,61.05,2328
2025.05.15,09:00,61.03,61.25,60.73,61.20,2716
2025.05.15,10:00,61.19,61.33,60.51,60.63,2681
2025.05.15,11:00,60.63,60.81,60.44,60.50,1965
2025.05.15,12:00,60.52,61.03,60.50,61.00,1410
2025.05.15,13:00,60.98,61.17,60.77,61.14,1104
2025.05.15,14:00,61.13,61.41,60.95,61.39,1901
2025.05.15,15:00,61.37,62.00,61.11,61.78,4471
2025.05.15,16:00,61.81,61.91,61.18,61.29,3231
2025.05.15,17:00,61.27,61.71,61.10,61.60,2851
2025.05.15,18:00,61.61,61.80,61.53,61.63,1522
2025.05.15,19:00,61.63,61.77,61.49,61.69,1232
2025.05.15,20:00,61.71,61.79,61.48,61.70,1112
2025.05.15,21:00,61.68,61.84,61.67,61.78,644
2025.05.15,22:00,61.80,61.80,61.61,61.67,414
2025.05.16,00:00,61.19,61.28,61.15,61.24,182
2025.05.16,01:00,61.24,61.35,61.22,61.31,112
2025.05.16,02:00,61.34,61.36,61.08,61.10,492
2025.05.16,03:00,61.09,61.26,61.03,61.22,949
2025.05.16,04:00,61.19,61.33,61.11,61.19,609
2025.05.16,05:00,61.21,61.30,61.06,61.23,584
2025.05.16,06:00,61.24,61.84,61.20,61.45,612
2025.05.16,07:00,61.47,61.48,61.10,61.14,836
2025.05.16,08:00,61.15,61.15,60.75,60.91,1253
2025.05.16,09:00,60.91,61.22,60.90,61.18,1398
2025.05.16,10:00,61.19,61.27,60.78,60.88,2128
2025.05.16,11:00,60.85,61.25,60.79,61.08,1517
2025.05.16,12:00,61.07,61.48,60.97,61.46,1135
2025.05.16,13:00,61.45,61.49,61.21,61.28,1069
2025.05.16,14:00,61.28,61.56,61.11,61.49,1465
2025.05.16,15:00,61.48,61.61,61.29,61.39,1506
2025.05.16,16:00,61.40,61.61,61.15,61.57,1676
2025.05.16,17:00,61.55,62.06,61.53,62.00,1690
2025.05.16,18:00,62.03,62.16,61.86,61.96,1148
2025.05.16,19:00,61.93,62.09,61.81,62.06,819
2025.05.16,20:00,62.05,62.10,61.88,62.00,884
2025.05.16,21:00,61.99,62.00,61.71,61.80,349
2025.05.19,00:00,61.97,62.29,61.21,62.09,1155
2025.05.19,01:00,62.06,62.11,61.86,62.05,329
2025.05.19,02:00,62.07,62.08,61.88,61.94,562
2025.05.19,03:00,61.96,62.02,61.70,61.73,1058
2025.05.19,04:00,61.76,61.90,61.70,61.78,669
2025.05.19,05:00,61.81,61.83,61.66,61.71,599
2025.05.19,06:00,61.68,61.79,61.58,61.61,313
2025.05.19,07:00,61.62,61.68,61.57,61.61,517
2025.05.19,08:00,61.59,61.62,61.37,61.41,862
2025.05.19,09:00,61.40,61.71,61.31,61.63,1473
2025.05.19,10:00,61.62,61.69,61.38,61.53,1589
2025.05.19,11:00,61.52,61.74,61.36,61.38,1261
2025.05.19,12:00,61.37,61.40,60.97,61.09,1040
2025.05.19,13:00,61.08,61.43,61.07,61.37,845
2025.05.19,14:00,61.36,61.89,61.34,61.84,1143
2025.05.19,15:00,61.86,61.99,61.47,61.71,1990
2025.05.19,16:00,61.71,62.07,61.64,61.73,1854
2025.05.19,17:00,61.74,62.50,61.71,62.48,2065
2025.05.19,18:00,62.50,62.69,62.06,62.24,2425
2025.05.19,19:00,62.25,62.27,61.56,61.71,2056
2025.05.19,20:00,61.72,62.27,61.68,61.85,1440
2025.05.19,21:00,61.84,62.13,61.78,62.11,499
2025.05.19,22:00,62.13,62.17,62.06,62.14,261
2025.05.20,00:00,62.12,62.19,62.04,62.17,121
2025.05.20,01:00,62.15,62.23,62.14,62.18,51
2025.05.20,02:00,62.19,62.32,62.14,62.17,442
2025.05.20,03:00,62.12,62.23,62.01,62.17,803
2025.05.20,04:00,62.19,62.26,62.00,62.11,620
2025.05.20,05:00,62.10,62.19,62.05,62.16,399
2025.05.20,06:00,62.14,62.16,61.91,61.92,298
2025.05.20,07:00,61.93,62.04,61.88,61.91,396
2025.05.20,08:00,61.93,62.20,61.82,62.17,910
2025.05.20,09:00,62.18,62.20,61.57,61.63,1294
2025.05.20,10:00,61.66,62.62,61.62,62.03,2776
2025.05.20,11:00,62.04,62.19,61.82,61.98,1485
2025.05.20,12:00,61.99,62.11,61.90,61.98,1154
2025.05.20,13:00,61.99,62.11,61.73,61.82,1062
2025.05.20,14:00,61.82,62.03,61.80,61.98,1017
2025.05.20,15:00,61.99,62.28,61.52,61.65,1998
2025.05.20,16:00,61.70,61.90,61.53,61.75,1621
2025.05.20,17:00,61.75,61.86,61.47,61.66,1659
2025.05.20,18:00,61.68,62.33,61.58,62.27,1311
2025.05.20,19:00,62.29,62.42,61.97,62.04,998
2025.05.20,20:00,62.03,62.26,61.90,62.25,1021
2025.05.20,21:00,62.23,62.34,62.22,62.30,448
2025.05.20,22:00,62.29,62.35,62.13,62.23,321
2025.05.21,00:00,62.26,64.16,62.17,63.49,2226
2025.05.21,01:00,63.47,63.59,62.97,62.97,702
2025.05.21,02:00,63.00,63.09,62.82,62.92,1476
2025.05.21,03:00,62.91,63.25,62.72,63.07,1152
2025.05.21,04:00,63.05,63.23,62.88,63.00,763
2025.05.21,05:00,63.01,63.07,62.93,63.00,476
2025.05.21,06:00,62.99,63.27,62.97,63.08,502
2025.05.21,07:00,63.10,63.17,62.94,62.98,699
2025.05.21,08:00,62.99,63.00,62.65,62.79,1215
2025.05.21,09:00,62.78,62.95,62.61,62.89,1322
2025.05.21,10:00,62.89,63.03,62.77,62.82,1915
2025.05.21,11:00,62.80,63.13,62.70,62.84,1486
2025.05.21,12:00,62.81,62.91,62.48,62.53,1218
2025.05.21,13:00,62.53,62.63,62.42,62.58,1066
2025.05.21,14:00,62.56,63.02,62.56,62.81,1270
2025.05.21,15:00,62.80,62.86,62.39,62.50,1748
2025.05.21,16:00,62.51,62.57,61.91,61.91,2888
2025.05.21,17:00,61.93,62.11,61.61,61.75,2522
2025.05.21,18:00,61.74,61.96,61.29,61.93,2108
2025.05.21,19:00,61.93,62.10,61.40,61.63,2593
2025.05.21,20:00,61.61,61.64,61.41,61.49,1605
2025.05.21,21:00,61.52,61.59,61.28,61.29,842
2025.05.21,22:00,61.32,61.37,61.27,61.34,251
2025.05.22,00:00,61.31,61.33,61.17,61.26,298
2025.05.22,01:00,61.28,61.39,61.24,61.31,146
2025.05.22,02:00,61.32,61.36,61.16,61.24,562
2025.05.22,03:00,61.25,61.38,61.13,61.37,1058
2025.05.22,04:00,61.38,61.53,61.35,61.49,580
2025.05.22,05:00,61.51,61.63,61.46,61.53,415
2025.05.22,06:00,61.54,61.67,61.51,61.63,202
2025.05.22,07:00,61.65,61.73,61.61,61.73,318
2025.05.22,08:00,61.74,61.74,60.47,60.56,2586
2025.05.22,09:00,60.55,60.99,60.35,60.95,2485
2025.05.22,10:00,60.97,61.16,60.79,60.80,1856
2025.05.22,11:00,60.82,60.93,60.58,60.65,1680
2025.05.22,12:00,60.64,60.73,60.26,60.26,1726
2025.05.22,13:00,60.28,60.67,60.22,60.44,1379
2025.05.22,14:00,60.44,60.73,60.43,60.48,1484
2025.05.22,15:00,60.50,60.90,60.46,60.53,2379
2025.05.22,16:00,60.53,61.11,60.36,60.83,2502
2025.05.22,17:00,60.84,61.14,60.59,60.65,1782
2025.05.22,18:00,60.65,61.24,60.64,61.17,1193
2025.05.22,19:00,61.19,61.25,60.90,61.13,1081
2025.05.22,20:00,61.12,61.27,61.01,61.17,827
2025.05.22,21:00,61.16,61.27,60.84,60.89,478
2025.05.22,22:00,60.87,60.88,60.70,60.79,346
2025.05.23,00:00,60.78,60.90,60.72,60.76,178
2025.05.23,01:00,60.74,60.78,60.70,60.77,134
2025.05.23,02:00,60.75,60.90,60.71,60.85,424
2025.05.23,03:00,60.87,60.95,60.76,60.79,560
2025.05.23,04:00,60.81,60.84,60.63,60.69,524
2025.05.23,05:00,60.70,60.85,60.70,60.76,338
2025.05.23,06:00,60.77,60.91,60.71,60.75,265
2025.05.23,07:00,60.74,60.94,60.70,60.82,433
2025.05.23,08:00,60.81,60.88,60.62,60.66,1065
2025.05.23,09:00,60.64,60.85,60.54,60.73,1401
2025.05.23,10:00,60.72,60.88,60.64,60.72,1686
2025.05.23,11:00,60.73,61.19,60.71,61.16,1573
2025.05.23,12:00,61.16,61.32,61.06,61.30,972
2025.05.23,13:00,61.30,61.39,60.19,60.43,3001
2025.05.23,14:00,60.45,60.70,60.02,60.42,3692
2025.05.23,15:00,60.41,61.20,60.24,61.13,3843
2025.05.23,16:00,61.13,61.87,61.13,61.44,3201
2025.05.23,17:00,61.45,61.82,61.33,61.60,2498
2025.05.23,18:00,61.59,61.69,61.23,61.38,1851
2025.05.23,19:00,61.38,61.71,61.32,61.51,1456
2025.05.23,20:00,61.50,61.70,61.39,61.69,1293
2025.05.23,21:00,61.66,61.75,61.53,61.63,495
2025.05.26,00:00,61.67,62.06,61.56,61.97,900
2025.05.26,01:00,61.94,62.12,61.91,61.92,300
2025.05.26,02:00,61.91,62.01,61.72,61.73,567
2025.05.26,03:00,61.74,61.84,61.55,61.71,1020
2025.05.26,04:00,61.70,61.74,61.48,61.51,731
2025.05.26,05:00,61.52,61.75,61.49,61.68,533
2025.05.26,06:00,61.67,61.79,61.66,61.76,172
2025.05.26,07:00,61.73,61.81,61.67,61.72,571
2025.05.26,08:00,61.74,61.76,61.60,61.71,896
2025.05.26,09:00,61.70,61.84,61.52,61.79,1076
2025.05.26,10:00,61.79,62.01,61.70,61.79,1233
2025.05.26,11:00,61.82,61.91,61.50,61.58,920
2025.05.26,12:00,61.57,61.59,61.27,61.30,798
2025.05.26,13:00,61.29,61.45,61.28,61.43,660
2025.05.26,14:00,61.43,61.59,61.38,61.47,696
2025.05.26,15:00,61.47,61.53,61.24,61.26,919
2025.05.26,16:00,61.28,61.39,61.22,61.30,744
2025.05.26,17:00,61.31,61.64,61.31,61.60,929
2025.05.26,18:00,61.63,61.64,61.43,61.46,586
2025.05.26,19:00,61.46,61.57,61.43,61.53,264
2025.05.26,20:00,61.53,61.55,61.49,61.52,67
2025.05.27,00:00,61.51,61.56,61.38,61.45,177
2025.05.27,01:00,61.44,61.48,61.39,61.47,71
2025.05.27,02:00,61.46,61.70,61.33,61.67,358
2025.05.27,03:00,61.68,61.74,61.28,61.34,674
2025.05.27,04:00,61.33,61.36,61.19,61.32,512
2025.05.27,05:00,61.33,61.37,61.22,61.30,455
2025.05.27,06:00,61.32,61.36,61.21,61.22,200
2025.05.27,07:00,61.23,61.36,61.06,61.28,837
2025.05.27,08:00,61.28,61.69,61.28,61.54,1117
2025.05.27,09:00,61.54,61.54,61.17,61.21,1172
2025.05.27,10:00,61.21,61.63,61.21,61.59,1728
2025.05.27,11:00,61.59,61.88,61.56,61.63,1186
2025.05.27,12:00,61.64,61.72,61.38,61.38,929
2025.05.27,13:00,61.35,61.49,61.14,61.16,876
2025.05.27,14:00,61.15,61.56,60.96,61.29,2278
2025.05.27,15:00,61.27,61.39,60.77,61.09,2799
2025.05.27,16:00,61.12,61.16,60.43,60.50,2136
2025.05.27,17:00,60.52,60.67,60.25,60.43,1981
2025.05.27,18:00,60.42,60.85,60.42,60.73,1162
2025.05.27,19:00,60.72,60.75,60.50,60.68,821
2025.05.27,20:00,60.71,60.96,60.68,60.90,1027
2025.05.27,21:00,60.92,60.97,60.89,60.97,225
2025.05.27,22:00,60.98,61.13,60.96,61.04,271
2025.05.28,00:00,61.01,61.16,61.01,61.12,146
2025.05.28,01:00,61.13,61.24,61.08,61.22,135
2025.05.28,02:00,61.21,61.42,61.17,61.34,334
2025.05.28,03:00,61.33,61.41,61.14,61.19,672
2025.05.28,04:00,61.16,61.31,61.12,61.28,427
2025.05.28,05:00,61.29,61.32,61.08,61.14,347
2025.05.28,06:00,61.13,61.25,61.12,61.18,298
2025.05.28,07:00,61.16,61.26,61.08,61.10,445
2025.05.28,08:00,61.12,61.14,60.82,60.91,765
2025.05.28,09:00,60.94,61.38,60.94,61.34,1062
2025.05.28,10:00,61.33,61.36,60.89,61.01,1365
2025.05.28,11:00,61.01,61.42,60.94,61.30,996
2025.05.28,12:00,61.30,61.59,61.27,61.49,881
2025.05.28,13:00,61.47,61.54,61.32,61.39,740
2025.05.28,14:00,61.38,61.78,61.37,61.75,945
2025.05.28,15:00,61.75,62.06,61.69,61.78,1941
2025.05.28,16:00,61.79,61.93,61.58,61.67,1579
2025.05.28,17:00,61.67,62.52,61.62,62.31,2220
2025.05.28,18:00,62.34,62.37,61.89,62.19,1958
2025.05.28,19:00,62.20,62.26,61.82,61.96,979
2025.05.28,20:00,61.96,62.09,61.51,61.58,1076
2025.05.28,21:00,61.57,61.58,61.47,61.57,416
2025.05.28,22:00,61.55,61.90,61.52,61.87,644
2025.05.29,00:00,61.85,62.05,61.80,62.02,217
2025.05.29,01:00,62.00,62.47,61.99,62.24,625
2025.05.29,02:00,62.18,62.55,62.16,62.55,1007
2025.05.29,03:00,62.53,62.71,62.41,62.65,1412
2025.05.29,04:00,62.66,62.71,62.56,62.66,669
2025.05.29,05:00,62.67,62.70,62.55,62.63,605
2025.05.29,06:00,62.62,62.77,62.56,62.74,296
2025.05.29,07:00,62.73,62.93,62.71,62.90,485
2025.05.29,08:00,62.92,62.98,62.73,62.91,811
2025.05.29,09:00,62.92,63.06,62.78,62.99,1322
2025.05.29,10:00,62.99,63.04,62.46,62.56,1462
2025.05.29,11:00,62.54,62.77,62.51,62.74,1032
2025.05.29,12:00,62.77,62.77,61.87,61.97,1168
2025.05.29,13:00,61.97,62.22,61.97,62.01,1006
2025.05.29,14:00,62.02,62.12,61.51,61.60,1871
2025.05.29,15:00,61.60,61.76,60.94,61.00,2373
2025.05.29,16:00,60.97,61.24,60.53,61.11,2586
2025.05.29,17:00,61.14,61.23,60.88,61.07,2128
2025.05.29,18:00,61.09,61.28,60.90,60.93,1647
2025.05.29,19:00,60.95,61.06,60.81,60.84,890
2025.05.29,20:00,60.85,61.00,60.78,60.93,826
2025.05.29,21:00,60.91,60.98,60.85,60.89,515
2025.05.29,22:00,60.90,60.96,60.85,60.92,294
2025.05.30,00:00,60.94,60.95,60.82,60.85,247
2025.05.30,01:00,60.86,60.90,60.79,60.82,124
2025.05.30,02:00,60.81,60.96,60.68,60.75,439
2025.05.30,03:00,60.76,60.77,60.49,60.70,1056
2025.05.30,04:00,60.69,60.75,60.54,60.68,679
2025.05.30,05:00,60.70,60.70,60.55,60.63,465
2025.05.30,06:00,60.64,60.71,60.59,60.67,218
2025.05.30,07:00,60.69,60.81,60.68,60.76,559
2025.05.30,08:00,60.74,60.76,60.56,60.68,978
2025.05.30,09:00,60.65,61.15,60.56,61.05,1317
2025.05.30,10:00,61.06,61.30,61.00,61.28,1588
2025.05.30,11:00,61.27,61.42,61.21,61.30,921
2025.05.30,12:00,61.27,61.54,61.27,61.51,662
2025.05.30,13:00,61.50,61.71,60.73,60.96,1287
2025.05.30,14:00,60.95,61.03,59.97,60.23,4571
2025.05.30,15:00,60.24,60.94,60.15,60.26,3384
2025.05.30,16:00,60.27,60.77,60.19,60.59,2828
2025.05.30,17:00,60.58,60.86,60.10,60.21,2541
2025.05.30,18:00,60.22,60.41,59.83,60.27,2287
2025.05.30,19:00,60.23,60.79,60.22,60.55,2076
2025.05.30,20:00,60.55,60.96,60.54,60.70,1672
2025.05.30,21:00,60.72,60.89,60.59,60.82,998
2025.06.02,00:00,61.13,62.29,61.06,61.88,1800
2025.06.02,01:00,61.90,62.06,61.82,62.02,475
2025.06.02,02:00,62.00,62.22,61.94,62.19,818
2025.06.02,03:00,62.20,62.49,62.12,62.34,583
2025.06.02,04:00,62.36,62.68,62.35,62.64,673
2025.06.02,05:00,62.69,62.70,62.27,62.42,991
2025.06.02,06:00,62.43,62.61,62.38,62.45,439
2025.06.02,07:00,62.44,62.55,62.40,62.49,505
2025.06.02,08:00,62.47,62.60,62.27,62.51,1063
2025.06.02,09:00,62.48,62.66,62.25,62.42,2253
2025.06.02,10:00,62.45,62.93,62.42,62.84,2261
2025.06.02,11:00,62.83,63.09,62.61,63.09,1579
2025.06.02,12:00,63.07,63.38,62.88,63.36,1645
2025.06.02,13:00,63.37,63.42,63.20,63.33,1153
2025.06.02,14:00,63.32,63.77,63.32,63.55,1821
2025.06.02,15:00,63.56,63.87,62.62,62.63,3228
2025.06.02,16:00,62.59,62.95,62.45,62.81,2942
2025.06.02,17:00,62.82,63.01,62.43,62.86,2072
2025.06.02,18:00,62.87,63.22,62.74,63.11,1112
2025.06.02,19:00,63.13,63.13,62.73,62.93,951
2025.06.02,20:00,62.94,62.99,62.17,62.80,2467
2025.06.02,21:00,62.83,63.02,62.81,63.01,424
2025.06.02,22:00,63.00,63.18,62.98,63.00,424
2025.06.03,00:00,63.00,63.20,62.94,63.07,413
2025.06.03,01:00,63.09,63.13,63.00,63.06,189
2025.06.03,02:00,63.08,63.17,62.89,62.91,436
2025.06.03,03:00,62.92,63.24,62.85,62.99,1828
2025.06.03,04:00,63.01,63.09,62.84,62.92,730
2025.06.03,05:00,62.94,63.01,62.82,62.86,482
2025.06.03,06:00,62.84,62.89,62.74,62.77,205
2025.06.03,07:00,62.76,62.82,62.67,62.71,489
2025.06.03,08:00,62.68,62.89,62.64,62.82,894
2025.06.03,09:00,62.83,63.19,62.70,63.03,1201
2025.06.03,10:00,63.04,63.11,62.65,62.68,1714
2025.06.03,11:00,62.69,62.86,62.48,62.49,1150
2025.06.03,12:00,62.50,62.77,62.38,62.77,1096
2025.06.03,13:00,62.74,63.06,62.71,63.05,938
2025.06.03,14:00,63.07,63.45,63.04,63.13,1662
2025.06.03,15:00,63.13,63.25,62.83,63.06,2502
2025.06.03,16:00,63.07,63.80,63.07,63.71,2354
2025.06.03,17:00,63.73,63.88,63.53,63.63,1953
2025.06.03,18:00,63.62,63.66,63.40,63.61,1151
2025.06.03,19:00,63.60,63.76,63.23,63.48,1296
2025.06.03,20:00,63.48,63.60,63.33,63.48,1200
2025.06.03,21:00,63.47,63.55,63.29,63.33,387
2025.06.03,22:00,63.32,63.42,63.29,63.32,339
2025.06.04,00:00,63.30,63.43,63.30,63.34,199
2025.06.04,01:00,63.35,63.40,63.15,63.22,217
2025.06.04,02:00,63.30,63.34,63.18,63.23,417
2025.06.04,03:00,63.22,63.37,63.20,63.31,596
2025.06.04,04:00,63.32,63.33,63.15,63.19,350
2025.06.04,05:00,63.16,63.20,63.11,63.16,215
2025.06.04,06:00,63.14,63.21,63.09,63.11,205
2025.06.04,07:00,63.10,63.16,63.05,63.14,224
2025.06.04,08:00,63.15,63.32,63.13,63.19,710
2025.06.04,09:00,63.20,63.43,63.11,63.36,711
2025.06.04,10:00,63.37,63.55,63.20,63.25,1098
2025.06.04,11:00,63.22,63.71,63.04,63.66,1139
2025.06.04,12:00,63.68,63.71,63.35,63.47,781
2025.06.04,13:00,63.46,63.46,63.27,63.43,752
2025.06.04,14:00,63.42,63.49,62.85,63.01,1516
2025.06.04,15:00,63.01,63.82,62.96,63.69,2720
2025.06.04,16:00,63.67,63.95,63.21,63.26,3858
2025.06.04,17:00,63.22,63.46,62.16,62.66,4748
2025.06.04,18:00,62.64,62.83,62.48,62.62,2385
2025.06.04,19:00,62.63,62.76,62.55,62.67,1312
2025.06.04,20:00,62.64,63.06,62.59,62.91,1205
2025.06.04,21:00,62.92,62.95,62.75,62.78,428
2025.06.04,22:00,62.79,62.79,62.62,62.73,277
2025.06.05,00:00,62.77,62.77,62.59,62.65,198
2025.06.05,01:00,62.63,62.65,62.56,62.61,108
2025.06.05,02:00,62.60,62.69,62.51,62.61,225
2025.06.05,03:00,62.63,62.80,62.54,62.74,522
2025.06.05,04:00,62.75,62.78,62.60,62.66,241
2025.06.05,05:00,62.63,62.67,62.57,62.59,209
2025.06.05,06:00,62.60,62.61,62.49,62.61,122
2025.06.05,07:00,62.60,62.74,62.53,62.65,258
2025.06.05,08:00,62.66,62.89,62.63,62.85,591
2025.06.05,09:00,62.87,63.14,62.84,63.03,759
2025.06.05,10:00,63.01,63.12,62.81,63.04,1277
2025.06.05,11:00,63.06,63.10,62.81,63.00,1155
2025.06.05,12:00,62.99,63.22,62.95,63.16,763
2025.06.05,13:00,63.17,63.17,62.88,63.05,836
2025.06.05,14:00,63.04,63.66,63.03,63.65,1455
2025.06.05,15:00,63.64,63.97,63.61,63.78,2530
2025.06.05,16:00,63.76,63.90,63.53,63.73,2443
2025.06.05,17:00,63.71,63.83,63.34,63.48,2018
2025.06.05,18:00,63.49,63.53,63.21,63.27,1456
2025.06.05,19:00,63.24,63.39,63.18,63.36,864
2025.06.05,20:00,63.38,63.42,63.24,63.38,921
2025.06.05,21:00,63.36,63.44,63.26,63.34,477
2025.06.05,22:00,63.34,63.40,63.20,63.23,324
2025.06.06,00:00,63.22,63.25,63.11,63.14,136
2025.06.06,01:00,63.11,63.26,63.10,63.20,162
2025.06.06,02:00,63.23,63.30,63.14,63.29,261
2025.06.06,03:00,63.26,63.29,63.16,63.19,461
2025.06.06,04:00,63.16,63.20,63.09,63.11,340
2025.06.06,05:00,63.12,63.22,63.08,63.20,245
2025.06.06,06:00,63.19,63.21,63.13,63.17,171
2025.06.06,07:00,63.15,63.18,63.00,63.08,283
2025.06.06,08:00,63.05,63.30,62.98,63.20,573
2025.06.06,09:00,63.19,63.19,62.79,62.93,1146
2025.06.06,10:00,62.94,63.18,62.89,63.09,1275
2025.06.06,11:00,63.09,63.19,62.92,63.19,1011
2025.06.06,12:00,63.17,63.45,63.14,63.42,813
2025.06.06,13:00,63.39,63.42,63.24,63.27,586
2025.06.06,14:00,63.26,63.67,63.16,63.64,1253
2025.06.06,15:00,63.63,64.71,63.49,64.53,2965
2025.06.06,16:00,64.52,64.69,64.05,64.49,2721
2025.06.06,17:00,64.51,64.68,64.27,64.66,2032
2025.06.06,18:00,64.63,64.79,64.52,64.58,1031
2025.06.06,19:00,64.56,64.59,64.40,64.43,777
2025.06.06,20:00,64.41,64.79,64.32,64.72,900
2025.06.06,21:00,64.71,64.76,64.59,64.63,320
2025.06.09,00:00,64.70,64.83,64.52,64.62,447
2025.06.09,01:00,64.61,64.73,64.54,64.59,236
2025.06.09,02:00,64.58,64.63,64.49,64.51,312
2025.06.09,03:00,64.52,64.60,64.47,64.56,683
2025.06.09,04:00,64.57,64.61,64.50,64.54,375
2025.06.09,05:00,64.52,64.60,64.44,64.53,282
2025.06.09,06:00,64.54,64.59,64.47,64.50,212
2025.06.09,07:00,64.51,64.59,64.48,64.52,333
2025.06.09,08:00,64.53,64.55,64.37,64.38,671
2025.06.09,09:00,64.38,64.45,64.17,64.43,888
2025.06.09,10:00,64.41,64.71,64.32,64.61,1434
2025.06.09,11:00,64.63,64.76,64.53,64.69,837
2025.06.09,12:00,64.69,64.91,64.64,64.78,732
2025.06.09,13:00,64.75,65.02,64.68,64.93,701
2025.06.09,14:00,64.92,65.09,64.86,64.89,857
2025.06.09,15:00,64.90,64.90,64.32,64.49,1802
2025.06.09,16:00,64.48,65.04,64.46,65.04,1574
2025.06.09,17:00,65.03,65.26,64.89,65.01,1715
2025.06.09,18:00,65.01,65.03,64.71,64.91,1161
2025.06.09,19:00,64.92,65.02,64.77,64.91,815
2025.06.09,20:00,64.90,65.37,64.88,65.35,1028
2025.06.09,21:00,65.34,65.42,65.19,65.27,518
2025.06.09,22:00,65.28,65.41,65.27,65.35,337
2025.06.10,00:00,65.44,65.44,65.27,65.32,172
2025.06.10,01:00,65.32,65.36,65.30,65.33,91
2025.06.10,02:00,65.34,65.44,65.30,65.37,336
2025.06.10,03:00,65.40,65.59,65.34,65.58,770
2025.06.10,04:00,65.55,65.65,65.52,65.58,409
2025.06.10,05:00,65.59,65.61,65.32,65.39,264
2025.06.10,06:00,65.40,65.43,65.34,65.40,130
2025.06.10,07:00,65.41,65.48,65.26,65.37,655
2025.06.10,08:00,65.35,65.52,65.28,65.32,964
2025.06.10,09:00,65.32,65.48,65.13,65.26,1328
2025.06.10,10:00,65.26,65.50,65.18,65.47,1392
2025.06.10,11:00,65.46,65.64,65.30,65.41,1069
2025.06.10,12:00,65.40,65.66,65.37,65.60,777
2025.06.10,13:00,65.61,65.71,65.49,65.67,900
2025.06.10,14:00,65.70,65.77,65.38,65.41,1021
2025.06.10,15:00,65.42,65.93,65.33,65.90,1865
2025.06.10,16:00,65.92,66.04,65.66,65.98,1600
2025.06.10,17:00,65.97,66.26,65.67,65.78,1961
2025.06.10,18:00,65.80,65.91,65.34,65.34,1437
2025.06.10,19:00,65.33,65.43,65.08,65.20,1388
2025.06.10,20:00,65.19,65.28,64.55,64.71,1793
2025.06.10,21:00,64.71,64.94,64.64,64.91,550
2025.06.10,22:00,64.90,64.93,64.67,64.74,468
2025.06.11,00:00,64.72,64.78,64.64,64.70,171
2025.06.11,01:00,64.69,64.80,64.67,64.78,211
2025.06.11,02:00,64.77,64.79,64.59,64.72,352
2025.06.11,03:00,64.70,64.88,64.68,64.85,769
2025.06.11,04:00,64.83,64.86,64.75,64.80,431
2025.06.11,05:00,64.79,64.95,64.76,64.94,461
2025.06.11,06:00,64.93,64.95,64.87,64.91,226
2025.06.11,07:00,64.93,65.06,64.91,65.02,401
2025.06.11,08:00,65.04,65.10,64.81,64.89,718
2025.06.11,09:00,64.88,65.24,64.86,65.18,1042
2025.06.11,10:00,65.18,65.28,65.03,65.10,1526
2025.06.11,11:00,65.10,65.69,64.65,65.64,2572
2025.06.11,12:00,65.64,66.00,65.59,65.95,1809
2025.06.11,13:00,65.96,66.15,65.82,66.14,1003
2025.06.11,14:00,66.13,66.47,65.85,66.32,2424
2025.06.11,15:00,66.31,66.45,65.99,66.44,2326
2025.06.11,16:00,66.41,66.63,66.11,66.22,2223
2025.06.11,17:00,66.23,66.77,65.95,66.68,2483
2025.06.11,18:00,66.70,66.70,66.48,66.64,1256
2025.06.11,19:00,66.62,67.36,66.54,67.25,1574
2025.06.11,20:00,67.23,68.35,67.17,68.06,4600
2025.06.11,21:00,68.07,68.16,67.69,67.90,2072
2025.06.11,22:00,67.90,68.30,67.79,68.27,1146
2025.06.12,00:00,68.86,69.00,68.57,68.95,1071
2025.06.12,01:00,68.95,68.98,68.28,68.53,811
2025.06.12,02:00,68.55,68.69,68.12,68.17,1776
2025.06.12,03:00,68.13,68.28,67.70,67.82,2586
2025.06.12,04:00,67.83,67.90,67.71,67.76,892
2025.06.12,05:00,67.75,67.97,67.61,67.90,890
2025.06.12,06:00,67.89,67.97,67.85,67.92,452
2025.06.12,07:00,67.89,67.96,67.64,67.68,724
2025.06.12,08:00,67.67,67.78,67.61,67.76,1447
2025.06.12,09:00,67.73,67.80,67.25,67.39,1950
2025.06.12,10:00,67.40,67.64,67.31,67.54,2590
2025.06.12,11:00,67.55,67.59,67.01,67.14,1957
2025.06.12,12:00,67.14,67.23,66.98,67.08,1661
2025.06.12,13:00,67.06,67.15,66.70,66.84,1634
2025.06.12,14:00,66.81,67.21,66.75,67.15,1883
2025.06.12,15:00,67.15,67.55,66.87,67.48,3253
2025.06.12,16:00,67.48,67.80,67.45,67.62,2637
2025.06.12,17:00,67.65,68.44,67.47,68.38,3953
2025.06.12,18:00,68.38,68.46,67.71,68.20,3385
2025.06.12,19:00,68.18,68.41,68.10,68.36,1836
2025.06.12,20:00,68.34,68.49,67.85,68.12,2033
2025.06.12,21:00,68.12,68.19,68.06,68.18,555
2025.06.12,22:00,68.15,68.88,68.12,68.83,1062
2025.06.13,00:00,67.48,67.48,67.09,67.14,420
2025.06.13,01:00,67.12,68.05,67.09,67.89,588
2025.06.13,02:00,67.86,72.47,67.57,71.53,8114
2025.06.13,03:00,71.53,72.33,70.95,71.70,6546
2025.06.13,04:00,71.69,74.61,71.58,73.50,7704
2025.06.13,05:00,73.48,73.70,71.83,72.11,5695
2025.06.13,06:00,72.12,73.15,71.62,71.66,3747
2025.06.13,07:00,71.63,72.29,71.34,71.42,3931
2025.06.13,08:00,71.40,71.74,70.17,70.23,5920
2025.06.13,09:00,70.26,70.77,69.39,70.26,5300
2025.06.13,10:00,70.28,71.59,70.28,71.21,4357
2025.06.13,11:00,71.24,71.97,70.67,71.97,4005
2025.06.13,12:00,71.99,72.58,71.77,71.99,4943
2025.06.13,13:00,71.96,72.02,70.96,71.41,3734
2025.06.13,14:00,71.41,72.13,71.33,71.97,3653
2025.06.13,15:00,71.96,72.14,70.77,70.87,5681
2025.06.13,16:00,70.88,71.54,69.99,70.28,5785
2025.06.13,17:00,70.28,70.93,70.15,70.52,5116
2025.06.13,18:00,70.55,70.63,70.06,70.54,3592
2025.06.13,19:00,70.57,71.64,70.52,71.49,4400
2025.06.13,20:00,71.50,72.13,71.00,72.07,5476
2025.06.13,21:00,72.09,72.19,71.15,71.37,3597
2025.06.16,00:00,75.58,75.58,72.68,72.73,6202
2025.06.16,01:00,72.70,73.24,72.60,72.67,2124
2025.06.16,02:00,72.68,72.73,71.91,72.10,2037
2025.06.16,03:00,72.11,72.30,71.31,72.28,4167
2025.06.16,04:00,72.27,72.38,71.83,72.13,2022
2025.06.16,05:00,72.10,72.16,71.68,71.94,1307
2025.06.16,06:00,71.95,72.19,71.90,72.02,834
2025.06.16,07:00,72.03,72.13,71.53,71.78,1582
2025.06.16,08:00,71.80,72.10,71.37,71.96,2162
2025.06.16,09:00,71.98,72.13,70.98,71.12,2639
2025.06.16,10:00,71.10,71.30,70.75,70.78,3602
2025.06.16,11:00,70.79,70.99,70.56,70.82,2066
2025.06.16,12:00,70.80,71.17,70.29,70.30,2117
2025.06.16,13:00,70.32,70.88,70.27,70.35,2621
2025.06.16,14:00,70.36,70.66,69.69,69.99,3502
2025.06.16,15:00,69.98,70.81,68.38,68.49,5904
2025.06.16,16:00,68.52,69.18,67.83,68.56,7433
2025.06.16,17:00,68.58,69.76,68.57,69.72,5331
2025.06.16,18:00,69.71,70.23,69.38,70.21,3805
2025.06.16,19:00,70.19,70.39,69.67,69.97,3168
2025.06.16,20:00,69.96,70.39,69.65,69.74,3110
2025.06.16,21:00,69.73,69.95,69.69,69.88,1067
2025.06.16,22:00,69.90,70.06,69.73,70.05,941
2025.06.17,00:00,69.59,71.45,69.54,71.08,1974
2025.06.17,01:00,71.08,72.11,70.78,71.78,2068
2025.06.17,02:00,71.71,71.97,70.56,70.71,3422
2025.06.17,03:00,70.72,70.97,70.16,70.94,2601
2025.06.17,04:00,70.93,71.78,70.60,70.94,3854
2025.06.17,05:00,70.94,71.06,70.40,70.58,2348
2025.06.17,06:00,70.60,70.89,70.57,70.84,814
2025.06.17,07:00,70.83,71.00,70.56,70.68,1370
2025.06.17,08:00,70.64,70.69,69.66,69.91,2682
2025.06.17,09:00,69.93,71.52,69.92,71.16,3513
2025.06.17,10:00,71.13,71.43,70.68,71.19,3070
2025.06.17,11:00,71.22,71.49,70.87,71.28,2362
2025.06.17,12:00,71.30,71.65,71.12,71.50,2127
2025.06.17,13:00,71.50,71.87,71.30,71.73,2347
2025.06.17,14:00,71.72,71.90,71.14,71.41,2883
2025.06.17,15:00,71.40,72.36,70.93,72.15,5282
2025.06.17,16:00,72.17,72.55,71.78,71.96,4597
2025.06.17,17:00,71.97,72.43,71.51,72.00,5319
2025.06.17,18:00,71.99,72.75,71.76,72.29,4429
2025.06.17,19:00,72.29,72.95,72.18,72.85,3246
2025.06.17,20:00,72.84,73.69,72.72,73.54,4229
2025.06.17,21:00,73.53,73.69,73.00,73.25,2581
2025.06.17,22:00,73.25,73.89,73.11,73.73,1970
2025.06.18,00:00,73.99,74.02,73.35,73.71,1120
2025.06.18,01:00,73.72,73.89,73.48,73.63,681
2025.06.18,02:00,73.61,73.76,73.23,73.48,1530
2025.06.18,03:00,73.50,73.50,73.05,73.14,2122
2025.06.18,04:00,73.12,73.56,73.03,73.54,1307
2025.06.18,05:00,73.52,73.69,73.32,73.52,1474
2025.06.18,06:00,73.56,73.62,73.26,73.30,671
2025.06.18,07:00,73.28,73.32,72.65,73.14,1942
2025.06.18,08:00,73.16,73.33,72.60,73.15,2913
2025.06.18,09:00,73.12,73.27,72.66,72.89,2839
2025.06.18,10:00,72.90,73.18,72.31,72.37,3233
2025.06.18,11:00,72.37,72.64,72.12,72.62,3037
2025.06.18,12:00,72.60,73.57,72.58,73.34,3933
2025.06.18,13:00,73.34,73.66,73.12,73.37,2573
2025.06.18,14:00,73.36,73.74,73.28,73.47,2723
2025.06.18,15:00,73.50,74.26,73.38,74.12,5026
2025.06.18,16:00,74.11,74.20,71.33,72.00,9798
2025.06.18,17:00,71.98,72.62,71.68,72.35,4758
2025.06.18,18:00,72.32,72.84,71.85,72.83,3788
2025.06.18,19:00,72.81,73.42,72.76,73.12,3346
2025.06.18,20:00,73.08,73.73,73.00,73.57,2831
2025.06.18,21:00,73.59,73.96,72.16,73.17,3646
2025.06.18,22:00,73.17,73.52,72.94,73.09,1732
2025.06.19,00:00,73.02,73.53,72.96,73.41,777
2025.06.19,01:00,73.40,73.48,73.28,73.33,334
2025.06.19,02:00,73.34,73.43,72.83,72.87,851
2025.06.19,03:00,72.88,73.75,72.61,73.22,2277
2025.06.19,04:00,73.21,73.54,73.13,73.42,1145
2025.06.19,05:00,73.41,73.50,73.29,73.38,697
2025.06.19,06:00,73.39,73.51,73.27,73.50,558
2025.06.19,07:00,73.47,74.03,73.43,73.68,1373
2025.06.19,08:00,73.67,74.35,73.56,74.32,2288
2025.06.19,09:00,74.32,74.48,73.71,73.96,2902
2025.06.19,10:00,73.96,74.12,73.68,73.81,3336
2025.06.19,11:00,73.81,74.07,73.44,73.66,2252
2025.06.19,12:00,73.65,74.23,73.55,74.14,2366
2025.06.19,13:00,74.13,74.57,74.06,74.52,1924
2025.06.19,14:00,74.54,74.59,74.27,74.33,2247
2025.06.19,15:00,74.32,75.07,74.21,74.72,4421
2025.06.19,16:00,74.74,75.35,74.51,75.17,3964
2025.06.19,17:00,75.19,75.73,74.57,75.06,5914
2025.06.19,18:00,75.05,75.64,74.82,75.58,3342
2025.06.19,19:00,75.58,75.60,73.20,73.20,4109
2025.06.19,20:00,73.21,73.90,72.83,73.83,1404
2025.06.20,00:00,73.73,73.75,72.58,73.28,1575
2025.06.20,01:00,73.29,73.83,73.27,73.79,831
2025.06.20,02:00,73.84,74.26,73.65,74.03,1991
2025.06.20,03:00,74.01,74.19,73.44,73.51,2143
2025.06.20,04:00,73.53,73.79,73.40,73.67,1504
2025.06.20,05:00,73.65,73.77,73.57,73.68,876
2025.06.20,06:00,73.65,74.03,73.65,73.92,799
2025.06.20,07:00,73.89,74.13,73.00,73.16,1578
2025.06.20,08:00,73.18,73.80,73.16,73.71,2451
2025.06.20,09:00,73.70,73.98,73.33,73.91,2581
2025.06.20,10:00,73.90,74.27,73.87,73.91,3118
2025.06.20,11:00,73.89,74.26,73.73,73.82,2294
2025.06.20,12:00,73.82,73.98,73.50,73.93,2070
2025.06.20,13:00,73.93,74.09,72.34,73.18,3498
2025.06.20,14:00,73.17,73.53,72.89,73.31,3662
2025.06.20,15:00,73.32,73.58,72.78,73.11,4593
2025.06.20,16:00,73.09,73.77,73.06,73.67,3908
2025.06.20,17:00,73.63,73.73,73.12,73.66,3989
2025.06.20,18:00,73.65,73.75,73.09,73.50,2586
2025.06.20,19:00,73.53,74.15,73.13,74.09,3939
2025.06.20,20:00,74.09,74.09,73.40,73.86,2854
2025.06.20,21:00,73.86,74.09,73.79,73.92,1326
2025.06.23,00:00,77.94,78.31,75.20,75.29,6746
2025.06.23,01:00,75.28,75.84,75.24,75.76,2282
2025.06.23,02:00,75.75,76.12,75.59,75.88,2067
2025.06.23,03:00,75.86,76.03,74.98,75.29,3535
2025.06.23,04:00,75.27,75.52,75.05,75.23,1891
2025.06.23,05:00,75.21,75.36,74.89,75.26,1329
2025.06.23,06:00,75.29,75.38,74.85,74.85,672
2025.06.23,07:00,74.89,75.12,74.49,75.06,1831
2025.06.23,08:00,75.07,75.13,74.72,74.89,2079
2025.06.23,09:00,74.90,74.97,73.91,74.11,3277
2025.06.23,10:00,74.13,74.19,73.15,73.74,4163
2025.06.23,11:00,73.75,74.34,73.75,74.31,2418
2025.06.23,12:00,74.32,74.80,74.08,74.61,2470
2025.06.23,13:00,74.62,74.93,74.23,74.33,2161
2025.06.23,14:00,74.33,74.36,73.32,73.76,3135
2025.06.23,15:00,73.77,74.46,73.32,73.69,5833
2025.06.23,16:00,73.67,73.71,72.57,73.01,5500
2025.06.23,17:00,73.02,74.08,72.85,73.73,4597
2025.06.23,18:00,73.71,74.30,71.52,72.32,7130
2025.06.23,19:00,72.30,72.34,68.99,69.29,10928
2025.06.23,20:00,69.33,69.51,68.18,68.45,7592
2025.06.23,21:00,68.45,68.89,67.91,67.96,2871
2025.06.23,22:00,67.97,68.00,66.61,67.21,4063
2025.06.24,00:00,67.74,67.82,65.02,65.55,3995
2025.06.24,01:00,65.54,65.82,64.36,65.82,2096
2025.06.24,02:00,65.81,66.48,65.29,65.96,3836
2025.06.24,03:00,65.98,66.60,65.91,66.38,3032
2025.06.24,04:00,66.35,67.17,66.32,66.83,3495
2025.06.24,05:00,66.81,66.95,66.22,66.84,1908
2025.06.24,06:00,66.86,66.92,66.41,66.59,1115
2025.06.24,07:00,66.62,66.66,65.64,65.79,1778
2025.06.24,08:00,65.82,65.86,64.65,65.45,5037
2025.06.24,09:00,65.46,66.95,65.46,66.44,4955
2025.06.24,10:00,66.42,66.94,65.87,66.22,4683
2025.06.24,11:00,66.21,66.46,65.95,66.26,2788
2025.06.24,12:00,66.27,66.81,66.13,66.61,2708
2025.06.24,13:00,66.60,66.71,65.83,66.04,3283
2025.06.24,14:00,66.03,66.13,65.39,65.81,3632
2025.06.24,15:00,65.78,66.37,64.85,65.48,6488
2025.06.24,16:00,65.45,65.56,64.71,65.24,4682
2025.06.24,17:00,65.25,65.51,64.48,64.54,4212
2025.06.24,18:00,64.54,64.69,63.97,64.21,3056
2025.06.24,19:00,64.20,64.91,64.17,64.85,2140
2025.06.24,20:00,64.86,64.90,64.26,64.66,2957
2025.06.24,21:00,64.68,65.10,64.47,64.92,1309
2025.06.24,22:00,64.93,65.15,64.86,65.00,875
2025.06.25,00:00,65.08,65.40,65.03,65.12,631
2025.06.25,01:00,65.12,65.14,65.00,65.10,241
2025.06.25,02:00,65.11,65.20,64.98,65.03,491
2025.06.25,03:00,65.04,65.34,65.04,65.24,1271
2025.06.25,04:00,65.26,65.36,65.12,65.20,783
2025.06.25,05:00,65.18,65.37,65.15,65.21,621
2025.06.25,06:00,65.19,65.33,65.07,65.16,343
2025.06.25,07:00,65.14,65.47,65.05,65.42,825
2025.06.25,08:00,65.43,65.55,65.21,65.44,1408
2025.06.25,09:00,65.46,65.64,65.39,65.51,1728
2025.06.25,10:00,65.51,65.54,65.06,65.30,2328
2025.06.25,11:00,65.29,65.35,64.87,65.11,1860
2025.06.25,12:00,65.12,65.12,64.76,64.98,1301
2025.06.25,13:00,64.99,65.03,64.53,64.74,1634
2025.06.25,14:00,64.78,65.06,64.51,65.03,1819
2025.06.25,15:00,65.03,65.26,64.69,64.83,2587
2025.06.25,16:00,64.83,65.48,64.72,65.19,4141
2025.06.25,17:00,65.20,65.68,65.19,65.53,3116
2025.06.25,18:00,65.53,66.01,65.41,65.63,2130
2025.06.25,19:00,65.62,65.82,65.26,65.27,1785
2025.06.25,20:00,65.28,65.39,64.85,65.25,2112
2025.06.25,21:00,65.24,65.29,65.06,65.22,706
2025.06.25,22:00,65.19,65.21,64.89,64.93,426
2025.06.26,00:00,64.93,65.28,64.93,65.26,344
2025.06.26,01:00,65.23,65.28,65.00,65.04,249
2025.06.26,02:00,65.03,65.13,64.87,65.08,460
2025.06.26,03:00,65.07,65.25,65.03,65.20,1082
2025.06.26,04:00,65.21,65.36,65.16,65.25,523
2025.06.26,05:00,65.24,65.27,65.06,65.15,418
2025.06.26,06:00,65.14,65.22,65.10,65.16,218
2025.06.26,07:00,65.17,65.23,65.11,65.17,399
2025.06.26,08:00,65.15,65.55,65.10,65.51,1118
2025.06.26,09:00,65.52,65.52,64.93,65.12,1293
2025.06.26,10:00,65.13,65.18,64.78,64.84,1863
2025.06.26,11:00,64.84,65.08,64.63,64.99,1583
2025.06.26,12:00,65.01,65.34,64.97,65.23,1574
2025.06.26,13:00,65.25,65.33,65.09,65.30,1081
2025.06.26,14:00,65.29,65.43,64.90,65.02,1393
2025.06.26,15:00,65.02,65.66,64.94,65.41,2864
2025.06.26,16:00,65.42,66.18,65.33,66.14,2658
2025.06.26,17:00,66.12,66.41,65.81,65.86,2800
2025.06.26,18:00,65.85,66.12,65.72,66.03,1605
2025.06.26,19:00,66.05,66.07,65.36,65.44,2675
2025.06.26,20:00,65.45,65.49,64.96,65.26,1869
2025.06.26,21:00,65.26,65.49,65.25,65.40,702
2025.06.26,22:00,65.41,65.53,65.13,65.19,514
2025.06.27,00:00,65.28,65.52,65.24,65.40,338
2025.06.27,01:00,65.41,65.43,65.36,65.38,111
2025.06.27,02:00,65.37,65.47,65.30,65.41,355
2025.06.27,03:00,65.43,65.65,65.43,65.61,772
2025.06.27,04:00,65.60,65.71,65.56,65.61,423
2025.06.27,05:00,65.63,65.66,65.49,65.52,356
2025.06.27,06:00,65.49,65.68,65.49,65.60,189
2025.06.27,07:00,65.59,65.72,65.55,65.64,461
2025.06.27,08:00,65.65,65.75,65.50,65.56,990
2025.06.27,09:00,65.57,65.84,65.51,65.59,1313
2025.06.27,10:00,65.60,65.92,65.56,65.83,1661
2025.06.27,11:00,65.84,65.90,65.63,65.66,1242
2025.06.27,12:00,65.68,65.83,65.29,65.31,997
2025.06.27,13:00,65.34,65.81,65.30,65.77,1210
2025.06.27,14:00,65.74,65.84,65.47,65.58,1356
2025.06.27,15:00,65.59,65.98,65.59,65.84,2244
2025.06.27,16:00,65.86,66.00,65.61,65.84,2096
2025.06.27,17:00,65.86,66.09,64.77,65.22,4147
2025.06.27,18:00,65.22,65.35,64.91,65.10,2407
2025.06.27,19:00,65.10,65.51,64.99,65.49,2045
2025.06.27,20:00,65.49,65.60,65.26,65.29,1690
2025.06.27,21:00,65.30,65.31,65.03,65.09,570
2025.06.30,00:00,65.05,65.18,64.71,64.78,677
2025.06.30,01:00,64.77,64.89,64.74,64.81,247
2025.06.30,02:00,64.80,64.81,64.50,64.66,488
2025.06.30,03:00,64.64,64.85,64.61,64.83,965
2025.06.30,04:00,64.82,65.27,64.79,65.16,812
2025.06.30,05:00,65.15,65.24,65.08,65.14,309
2025.06.30,06:00,65.13,65.26,65.11,65.20,173
2025.06.30,07:00,65.19,65.44,65.18,65.41,343
2025.06.30,08:00,65.42,65.43,65.05,65.06,891
2025.06.30,09:00,65.06,65.42,64.99,65.16,1239
2025.06.30,10:00,65.17,65.81,65.15,65.49,1631
2025.06.30,11:00,65.47,65.66,65.12,65.32,1427
2025.06.30,12:00,65.34,65.48,65.21,65.26,1162
2025.06.30,13:00,65.25,65.35,65.14,65.32,1156
2025.06.30,14:00,65.32,65.51,65.27,65.37,1202
2025.06.30,15:00,65.35,65.45,65.00,65.31,2562
2025.06.30,16:00,65.30,65.44,64.77,64.81,2243
2025.06.30,17:00,64.81,65.01,64.61,64.80,2110
2025.06.30,18:00,64.81,65.09,64.75,65.06,1418
2025.06.30,19:00,65.09,65.16,64.87,64.90,947
2025.06.30,20:00,64.92,65.13,64.80,64.98,1006
2025.06.30,21:00,64.99,65.01,64.83,64.99,344
2025.06.30,22:00,64.97,65.09,64.88,64.95,384
2025.07.01,00:00,64.91,65.02,64.89,64.98,152
2025.07.01,01:00,64.95,64.98,64.87,64.88,186
2025.07.01,02:00,64.90,64.97,64.81,64.91,304
2025.07.01,03:00,64.92,64.95,64.75,64.78,579
2025.07.01,04:00,64.76,64.80,64.64,64.78,457
2025.07.01,05:00,64.78,64.81,64.68,64.75,431
2025.07.01,06:00,64.75,64.81,64.71,64.77,261
2025.07.01,07:00,64.75,64.90,64.71,64.89,509
2025.07.01,08:00,64.87,65.26,64.87,65.20,1058
2025.07.01,09:00,65.20,65.27,64.67,65.13,1350
2025.07.01,10:00,65.11,65.31,65.04,65.09,1664
2025.07.01,11:00,65.06,65.20,64.89,64.94,1212
2025.07.01,12:00,64.92,65.89,64.91,65.73,1392
2025.07.01,13:00,65.75,65.78,65.52,65.67,1297
2025.07.01,14:00,65.65,65.96,65.40,65.89,1479
2025.07.01,15:00,65.90,65.93,65.33,65.41,2092
2025.07.01,16:00,65.40,65.59,65.14,65.31,2103
2025.07.01,17:00,65.29,65.72,65.23,65.72,2597
2025.07.01,18:00,65.71,65.79,65.48,65.65,1772
2025.07.01,19:00,65.68,65.68,65.39,65.48,995
2025.07.01,20:00,65.50,65.58,65.30,65.54,1046
2025.07.01,21:00,65.55,65.70,65.49,65.69,435
2025.07.01,22:00,65.68,65.74,65.49,65.51,494
2025.07.02,00:00,65.53,65.56,65.43,65.43,163
2025.07.02,01:00,65.44,65.44,65.38,65.40,134
2025.07.02,02:00,65.40,65.55,65.34,65.34,410
2025.07.02,03:00,65.34,65.46,65.32,65.43,646
2025.07.02,04:00,65.46,65.54,65.43,65.46,430
2025.07.02,05:00,65.47,65.47,65.38,65.45,270
2025.07.02,06:00,65.44,65.50,65.41,65.47,126
2025.07.02,07:00,65.49,65.57,65.40,65.54,530
2025.07.02,08:00,65.54,65.58,65.24,65.33,638
2025.07.02,09:00,65.31,65.77,65.20,65.74,1113
2025.07.02,10:00,65.74,65.78,65.41,65.71,1706
2025.07.02,11:00,65.70,66.04,65.64,65.92,1406
2025.07.02,12:00,65.91,66.29,65.84,66.22,1100
2025.07.02,13:00,66.22,66.42,66.22,66.32,941
2025.07.02,14:00,66.32,66.32,65.98,66.12,1093
2025.07.02,15:00,66.11,66.19,65.65,65.70,1901
2025.07.02,16:00,65.69,65.81,65.33,65.71,2738
2025.07.02,17:00,65.74,66.69,65.67,66.49,2715
2025.07.02,18:00,66.48,66.88,66.29,66.86,1676
2025.07.02,19:00,66.86,67.57,66.79,67.51,1979
2025.07.02,20:00,67.53,67.54,67.14,67.27,1786
2025.07.02,21:00,67.29,67.43,67.17,67.19,469
2025.07.02,22:00,67.19,67.53,67.17,67.51,569
2025.07.03,00:00,67.44,67.47,67.27,67.27,256
2025.07.03,01:00,67.30,67.33,67.20,67.22,133
2025.07.03,02:00,67.26,67.35,67.14,67.16,455
2025.07.03,03:00,67.17,67.18,66.83,66.86,1093
2025.07.03,04:00,66.87,66.92,66.76,66.90,461
2025.07.03,05:00,66.89,67.01,66.83,66.99,416
2025.07.03,06:00,66.97,67.02,66.93,66.99,203
2025.07.03,07:00,66.98,67.01,66.86,66.89,464
2025.07.03,08:00,66.91,67.08,66.78,66.86,971
2025.07.03,09:00,66.88,66.94,66.64,66.80,1184
2025.07.03,10:00,66.81,67.05,66.66,66.94,1806
2025.07.03,11:00,66.94,67.00,66.66,66.85,1138
2025.07.03,12:00,66.88,67.36,66.88,67.31,1170
2025.07.03,13:00,67.32,67.55,67.15,67.39,1186
2025.07.03,14:00,67.39,67.49,67.08,67.41,1814
2025.07.03,15:00,67.40,67.42,66.94,67.14,1789
2025.07.03,16:00,67.12,67.47,66.53,66.92,2495
2025.07.03,17:00,66.93,67.01,66.53,66.92,2712
2025.07.03,18:00,66.95,66.96,66.71,66.82,1319
2025.07.03,19:00,66.79,67.07,66.79,66.93,1203
2025.07.03,20:00,66.93,67.11,66.82,67.07,1526
2025.07.03,21:00,67.07,67.22,67.07,67.20,347
2025.07.03,22:00,67.18,67.20,67.11,67.14,216
2025.07.04,00:00,67.08,67.17,66.97,67.16,169
2025.07.04,01:00,67.15,67.16,67.10,67.11,86
2025.07.04,02:00,67.11,67.15,66.96,67.08,353
2025.07.04,03:00,67.07,67.15,66.85,66.87,741
2025.07.04,04:00,66.84,66.89,66.76,66.78,375
2025.07.04,05:00,66.77,66.84,66.70,66.81,290
2025.07.04,06:00,66.84,66.96,66.80,66.93,175
2025.07.04,07:00,66.94,67.01,66.85,66.94,393
2025.07.04,08:00,66.97,66.97,66.66,66.73,847
2025.07.04,09:00,66.72,67.07,66.71,66.99,941
2025.07.04,10:00,67.00,67.00,66.47,66.52,1691
2025.07.04,11:00,66.55,66.59,66.02,66.27,1767
2025.07.04,12:00,66.25,66.47,66.22,66.43,974
2025.07.04,13:00,66.42,66.53,66.32,66.49,804
2025.07.04,14:00,66.47,66.62,66.34,66.39,1080
2025.07.04,15:00,66.38,66.44,66.15,66.34,1670
2025.07.04,16:00,66.35,66.52,66.22,66.42,1412
2025.07.04,17:00,66.43,66.61,66.22,66.38,1774
2025.07.04,18:00,66.38,66.50,66.26,66.47,968
2025.07.07,00:00,65.64,66.14,65.54,66.08,1390
2025.07.07,01:00,66.09,66.16,65.87,65.91,434
2025.07.07,02:00,65.89,65.90,65.51,65.89,772
2025.07.07,03:00,65.88,65.99,65.55,65.81,1202
2025.07.07,04:00,65.83,65.99,65.77,65.93,529
2025.07.07,05:00,65.90,66.12,65.87,65.99,372
2025.07.07,06:00,66.00,66.30,65.97,66.23,364
2025.07.07,07:00,66.22,66.36,66.18,66.26,570
2025.07.07,08:00,66.28,66.42,66.21,66.42,843
2025.07.07,09:00,66.40,66.61,66.27,66.55,1283
2025.07.07,10:00,66.56,67.04,66.16,66.93,2544
2025.07.07,11:00,66.96,67.17,66.74,67.13,1469
2025.07.07,12:00,67.14,67.17,66.89,66.95,1155
2025.07.07,13:00,66.96,67.09,66.84,66.94,838
2025.07.07,14:00,66.92,67.31,66.83,67.13,1278
2025.07.07,15:00,67.14,67.66,67.00,67.33,2406
2025.07.07,16:00,67.35,67.90,67.12,67.60,2669
2025.07.07,17:00,67.60,67.67,67.32,67.61,2247
2025.07.07,18:00,67.60,68.00,67.24,67.71,2344
2025.07.07,19:00,67.72,67.74,67.33,67.41,1721
2025.07.07,20:00,67.40,68.30,67.18,68.04,2579
2025.07.07,21:00,68.05,68.12,67.95,67.98,588
2025.07.07,22:00,67.97,68.11,67.89,67.91,493
2025.07.08,00:00,67.92,67.94,67.70,67.72,328
2025.07.08,01:00,67.73,67.84,67.73,67.77,260
2025.07.08,02:00,67.75,67.82,67.54,67.59,461
2025.07.08,03:00,67.59,67.64,67.38,67.58,845
2025.07.08,04:00,67.57,67.64,67.41,67.62,647
2025.07.08,05:00,67.61,67.70,67.57,67.61,369
2025.07.08,06:00,67.63,67.63,67.55,67.55,226
2025.07.08,07:00,67.56,67.78,67.47,67.70,568
2025.07.08,08:00,67.68,67.77,67.46,67.48,912
2025.07.08,09:00,67.46,67.85,67.45,67.48,1411
2025.07.08,10:00,67.46,67.61,67.32,67.40,1728
2025.07.08,11:00,67.40,67.66,67.30,67.35,1339
2025.07.08,12:00,67.35,67.80,67.35,67.76,1068
2025.07.08,13:00,67.78,67.88,67.66,67.80,937
2025.07.08,14:00,67.79,67.97,67.67,67.87,1061
2025.07.08,15:00,67.88,67.92,67.54,67.77,1800
2025.07.08,16:00,67.77,68.15,67.50,68.05,2378
2025.07.08,17:00,68.04,68.50,67.96,68.39,2122
2025.07.08,18:00,68.38,68.73,68.28,68.69,1724
2025.07.08,19:00,68.68,68.90,68.48,68.55,1383
2025.07.08,20:00,68.54,68.57,68.23,68.37,1177
2025.07.08,21:00,68.36,68.48,68.26,68.30,379
2025.07.08,22:00,68.28,68.38,68.09,68.16,555
2025.07.09,00:00,68.17,68.18,67.75,68.10,348
2025.07.09,01:00,68.11,68.14,68.02,68.03,129
2025.07.09,02:00,68.04,68.17,67.96,68.13,436
2025.07.09,03:00,68.14,68.18,68.02,68.14,915
2025.07.09,04:00,68.14,68.18,68.07,68.09,541
2025.07.09,05:00,68.11,68.26,68.09,68.22,467
2025.07.09,06:00,68.23,68.24,68.11,68.13,224
2025.07.09,07:00,68.10,68.16,68.03,68.11,475
2025.07.09,08:00,68.12,68.26,68.04,68.22,885
2025.07.09,09:00,68.23,68.68,68.22,68.62,1126
2025.07.09,10:00,68.64,68.92,68.60,68.87,1392
2025.07.09,11:00,68.89,68.89,68.51,68.61,1273
2025.07.09,12:00,68.63,68.67,68.42,68.50,1147
2025.07.09,13:00,68.49,68.59,68.36,68.51,875
2025.07.09,14:00,68.50,68.64,68.12,68.36,1397
2025.07.09,15:00,68.35,68.35,67.68,67.90,2361
2025.07.09,16:00,67.89,68.43,67.70,68.34,2866
2025.07.09,17:00,68.35,68.71,68.26,68.69,2392
2025.07.09,18:00,68.70,68.81,68.37,68.73,1280
2025.07.09,19:00,68.73,68.86,68.50,68.62,932
2025.07.09,20:00,68.64,68.64,68.25,68.28,1094
2025.07.09,21:00,68.28,68.35,68.19,68.27,465
2025.07.09,22:00,68.29,68.33,68.24,68.29,264
2025.07.10,00:00,68.30,68.30,68.16,68.19,167
2025.07.10,01:00,68.21,68.22,68.12,68.17,111
2025.07.10,02:00,68.17,68.18,68.02,68.10,299
2025.07.10,03:00,68.10,68.38,68.09,68.21,628
2025.07.10,04:00,68.20,68.35,68.19,68.28,372
2025.07.10,05:00,68.28,68.35,68.23,68.30,324
2025.07.10,06:00,68.29,68.48,68.28,68.45,243
2025.07.10,07:00,68.46,68.47,68.32,68.38,292
2025.07.10,08:00,68.37,68.56,68.26,68.36,818
2025.07.10,09:00,68.35,68.47,68.16,68.22,1245
2025.07.10,10:00,68.23,68.39,67.89,68.04,1623
2025.07.10,11:00,68.04,68.18,67.97,68.02,1223
2025.07.10,12:00,68.05,68.18,67.93,68.11,848
2025.07.10,13:00,68.12,68.63,67.42,67.61,2354
2025.07.10,14:00,67.60,67.89,67.56,67.81,1447
2025.07.10,15:00,67.82,67.87,66.63,66.88,4116
2025.07.10,16:00,66.87,67.36,66.86,67.05,2171
2025.07.10,17:00,67.05,67.18,66.59,66.68,2068
2025.07.10,18:00,66.70,67.03,66.67,66.76,1331
2025.07.10,19:00,66.75,66.83,66.52,66.60,1053
2025.07.10,20:00,66.60,66.92,66.44,66.83,1414
2025.07.10,21:00,66.82,66.93,66.79,66.89,437
2025.07.10,22:00,66.90,66.91,66.80,66.85,330
2025.07.11,00:00,66.84,66.97,66.84,66.86,181
2025.07.11,01:00,66.88,66.90,66.75,66.81,193
2025.07.11,02:00,66.82,66.92,66.63,66.67,964
2025.07.11,03:00,66.66,67.12,66.62,67.07,1079
2025.07.11,04:00,67.08,67.11,66.83,66.83,551
2025.07.11,05:00,66.83,66.94,66.75,66.86,492
2025.07.11,06:00,66.86,66.88,66.66,66.68,320
2025.07.11,07:00,66.67,66.94,66.67,66.81,572
2025.07.11,08:00,66.82,67.19,66.80,67.08,891
2025.07.11,09:00,67.07,67.11,66.77,66.81,1219
2025.07.11,10:00,66.82,67.00,66.48,66.57,1735
2025.07.11,11:00,66.55,66.86,66.51,66.73,1299
2025.07.11,12:00,66.74,67.07,66.70,66.96,1303
2025.07.11,13:00,66.95,67.53,66.90,67.48,1152
2025.07.11,14:00,67.45,67.48,67.14,67.23,1363
2025.07.11,15:00,67.23,67.91,67.15,67.66,2307
2025.07.11,16:00,67.65,68.30,67.56,68.19,2340
2025.07.11,17:00,68.19,68.57,68.16,68.50,1901
2025.07.11,18:00,68.51,68.53,68.22,68.28,1341
2025.07.14,00:00,68.66,68.89,68.44,68.46,719
2025.07.14,01:00,68.47,68.58,68.43,68.55,303
2025.07.14,02:00,68.56,68.64,68.43,68.61,543
2025.07.14,03:00,68.62,68.66,68.38,68.42,939
2025.07.14,04:00,68.45,68.56,68.40,68.56,509
2025.07.14,05:00,68.55,68.60,68.50,68.59,369
2025.07.14,06:00,68.58,68.67,68.54,68.62,197
2025.07.14,07:00,68.62,68.64,68.51,68.52,428
2025.07.14,08:00,68.54,68.71,68.48,68.61,710
2025.07.14,09:00,68.60,69.38,68.39,69.20,1782
2025.07.14,10:00,69.23,69.30,68.92,69.04,1675
2025.07.14,11:00,69.03,69.37,68.82,69.37,1193
2025.07.14,12:00,69.34,69.64,69.34,69.44,1293
2025.07.14,13:00,69.44,69.54,69.22,69.52,1012
2025.07.14,14:00,69.51,69.64,69.08,69.13,1613
2025.07.14,15:00,69.12,69.15,68.17,68.21,3314
2025.07.14,16:00,68.19,68.31,67.87,67.96,2346
2025.07.14,17:00,67.96,68.19,67.23,67.31,4256
2025.07.14,18:00,67.28,67.47,67.22,67.33,1708
2025.07.14,19:00,67.34,67.41,66.91,66.92,1507
2025.07.14,20:00,66.95,67.14,66.83,66.99,1232
2025.07.14,21:00,66.99,67.17,66.86,66.95,551
2025.07.14,22:00,66.96,66.97,66.79,66.81,349
2025.07.15,00:00,66.87,66.96,66.84,66.93,196
2025.07.15,01:00,66.93,66.98,66.90,66.93,87
2025.07.15,02:00,66.92,66.93,66.67,66.73,442
2025.07.15,03:00,66.75,66.85,66.65,66.82,1001
2025.07.15,04:00,66.79,66.83,66.62,66.65,580
2025.07.15,05:00,66.65,66.68,66.53,66.59,403
2025.07.15,06:00,66.61,66.63,66.49,66.60,204
2025.07.15,07:00,66.59,66.84,66.59,66.74,644
2025.07.15,08:00,66.76,66.87,66.38,66.49,1102
2025.07.15,09:00,66.49,66.54,66.26,66.43,1267
2025.07.15,10:00,66.44,66.63,66.29,66.59,1558
2025.07.15,11:00,66.57,67.08,66.49,66.57,1453
2025.07.15,12:00,66.59,66.72,66.43,66.67,1055
2025.07.15,13:00,66.68,67.00,66.58,66.93,1310
2025.07.15,14:00,66.94,67.12,66.76,66.79,1864
2025.07.15,15:00,66.79,67.04,66.51,66.62,2898
2025.07.15,16:00,66.63,66.83,66.34,66.64,2549
2025.07.15,17:00,66.65,67.10,66.36,66.54,3173
2025.07.15,18:00,66.52,66.69,66.21,66.23,1663
2025.07.15,19:00,66.22,66.51,66.22,66.39,1414
2025.07.15,20:00,66.38,66.70,66.35,66.62,1192
2025.07.15,21:00,66.60,66.72,66.59,66.68,382
2025.07.15,22:00,66.68,66.82,66.61,66.75,481
2025.07.16,00:00,65.47,65.65,65.45,65.58,178
2025.07.16,01:00,65.59,65.68,65.58,65.66,106
2025.07.16,02:00,65.67,65.69,65.56,65.67,286
2025.07.16,03:00,65.67,65.77,65.62,65.74,495
2025.07.16,04:00,65.74,65.76,65.53,65.56,355
2025.07.16,05:00,65.58,65.62,65.50,65.52,240
2025.07.16,06:00,65.55,65.58,65.49,65.56,108
2025.07.16,07:00,65.54,65.70,65.54,65.57,462
2025.07.16,08:00,65.57,65.76,65.51,65.63,652
2025.07.16,09:00,65.60,65.63,65.35,65.37,774
2025.07.16,10:00,65.36,65.38,65.17,65.21,1068
2025.07.16,11:00,65.22,65.29,64.95,65.09,1205
2025.07.16,12:00,65.08,65.27,64.95,65.00,1083
2025.07.16,13:00,64.99,65.04,64.62,64.62,1186
2025.07.16,14:00,64.64,64.87,64.58,64.81,1314
2025.07.16,15:00,64.81,65.02,64.54,64.65,1924
2025.07.16,16:00,64.65,64.82,64.36,64.64,2448
2025.07.16,17:00,64.66,64.94,64.50,64.81,3449
2025.07.16,18:00,64.79,65.22,64.69,65.13,1818
2025.07.16,19:00,65.16,65.47,65.02,65.44,1677
2025.07.16,20:00,65.44,65.55,65.08,65.41,1397
2025.07.16,21:00,65.42,65.51,65.25,65.44,478
2025.07.16,22:00,65.43,65.46,65.30,65.37,384
2025.07.17,00:00,65.33,65.42,65.29,65.38,141
2025.07.17,01:00,65.40,65.44,65.37,65.41,84
2025.07.17,02:00,65.43,65.70,65.38,65.58,387
2025.07.17,03:00,65.60,65.68,65.45,65.48,572
2025.07.17,04:00,65.49,65.54,65.39,65.51,252
2025.07.17,05:00,65.48,65.65,65.45,65.56,325
2025.07.17,06:00,65.55,65.55,65.41,65.44,234
2025.07.17,07:00,65.45,65.49,65.40,65.46,304
2025.07.17,08:00,65.47,65.48,65.18,65.20,608
2025.07.17,09:00,65.21,65.26,65.01,65.08,872
2025.07.17,10:00,65.08,65.43,65.01,65.20,1340
2025.07.17,11:00,65.21,65.35,64.99,65.26,1112
2025.07.17,12:00,65.23,65.53,65.23,65.40,1015
2025.07.17,13:00,65.41,65.48,65.22,65.46,1042
2025.07.17,14:00,65.44,65.74,65.34,65.38,1532
2025.07.17,15:00,65.39,65.53,65.09,65.34,2393
2025.07.17,16:00,65.33,65.67,65.12,65.67,2034
2025.07.17,17:00,65.67,65.93,65.61,65.80,2281
2025.07.17,18:00,65.81,66.15,65.74,66.09,1422
2025.07.17,19:00,66.10,66.16,65.91,65.96,1061
2025.07.17,20:00,65.97,66.33,65.94,66.31,1152
2025.07.17,21:00,66.29,66.35,66.21,66.28,286
2025.07.17,22:00,66.29,66.32,66.24,66.30,205
2025.07.18,00:00,66.31,66.32,66.23,66.24,156
2025.07.18,01:00,66.23,66.24,66.19,66.20,90
2025.07.18,02:00,66.23,66.37,66.16,66.32,355
2025.07.18,03:00,66.33,66.39,66.13,66.17,719
2025.07.18,04:00,66.20,66.25,66.12,66.18,430
2025.07.18,05:00,66.21,66.22,66.09,66.16,311
2025.07.18,06:00,66.15,66.61,66.13,66.52,549
2025.07.18,07:00,66.52,66.57,66.39,66.41,611
2025.07.18,08:00,66.42,66.98,66.34,66.82,1493
2025.07.18,09:00,66.81,66.81,66.39,66.46,1542
2025.07.18,10:00,66.48,66.74,66.33,66.73,1665
2025.07.18,11:00,66.72,67.16,66.63,67.02,1816
2025.07.18,12:00,67.03,67.10,66.68,66.71,1260
2025.07.18,13:00,66.70,67.15,66.61,67.15,1178
2025.07.18,14:00,67.14,67.53,67.03,67.06,2162
2025.07.18,15:00,67.02,67.17,66.76,66.90,2280
2025.07.18,16:00,66.96,67.26,66.90,67.13,2324
2025.07.18,17:00,67.12,67.18,65.97,66.40,4506
2025.07.18,18:00,66.40,66.41,66.01,66.05,1418
2025.07.18,19:00,66.05,66.23,65.94,65.98,899
2025.07.18,20:00,65.97,66.19,65.90,66.16,989
2025.07.18,21:00,66.16,66.22,65.97,66.03,441
2025.07.21,00:00,66.01,66.27,65.96,66.25,562
2025.07.21,01:00,66.25,66.26,66.12,66.14,211
2025.07.21,02:00,66.16,66.21,66.02,66.15,386
2025.07.21,03:00,66.16,66.29,66.08,66.13,1096
2025.07.21,04:00,66.14,66.17,66.03,66.10,547
2025.07.21,05:00,66.10,66.21,66.08,66.20,289
2025.07.21,06:00,66.17,66.21,66.11,66.13,155
2025.07.21,07:00,66.13,66.43,66.10,66.31,552
2025.07.21,08:00,66.28,66.37,65.88,65.97,1041
2025.07.21,09:00,65.96,66.18,65.87,65.97,1217
2025.07.21,10:00,65.96,66.20,65.65,65.70,1649
2025.07.21,11:00,65.73,65.90,65.57,65.89,1213
2025.07.21,12:00,65.89,66.01,65.74,65.91,908
2025.07.21,13:00,65.92,66.16,65.90,65.98,1069
2025.07.21,14:00,65.98,66.09,65.74,65.77,1115
2025.07.21,15:00,65.79,65.96,65.44,65.51,2205
2025.07.21,16:00,65.50,65.70,65.20,65.60,1856
2025.07.21,17:00,65.61,65.90,65.46,65.48,1639
2025.07.21,18:00,65.51,65.82,65.50,65.56,846
2025.07.21,19:00,65.54,66.01,65.53,65.95,957
2025.07.21,20:00,65.98,66.02,65.73,65.75,882
2025.07.21,21:00,65.74,65.82,65.71,65.74,282
2025.07.21,22:00,65.71,65.79,65.69,65.78,265
2025.07.22,00:00,65.77,65.85,65.74,65.82,169
2025.07.22,01:00,65.80,65.84,65.79,65.82,74
2025.07.22,02:00,65.80,65.83,65.66,65.66,279
2025.07.22,03:00,65.68,65.70,65.37,65.39,848
2025.07.22,04:00,65.40,65.44,65.27,65.43,541
2025.07.22,05:00,65.41,65.44,65.32,65.35,351
2025.07.22,06:00,65.37,65.37,65.17,65.26,298
2025.07.22,07:00,65.27,65.54,65.22,65.42,548
2025.07.22,08:00,65.41,65.71,65.39,65.63,856
2025.07.22,09:00,65.61,65.66,65.15,65.17,1040
2025.07.22,10:00,65.18,65.45,65.02,65.26,1649
2025.07.22,11:00,65.23,65.49,65.18,65.28,1397
2025.07.22,12:00,65.29,65.50,65.19,65.36,1170
2025.07.22,13:00,65.38,65.53,65.20,65.27,1051
2025.07.22,14:00,65.27,65.79,65.21,65.34,1253
2025.07.22,15:00,65.33,65.49,64.91,65.02,2510
2025.07.22,16:00,65.01,65.32,64.83,64.98,2156
2025.07.22,17:00,64.99,65.35,64.86,65.00,1969
2025.07.22,18:00,64.99,65.15,64.80,65.11,970
2025.07.22,19:00,65.10,65.33,64.96,65.10,1050
2025.07.22,20:00,65.09,65.54,64.96,65.54,1226
2025.07.22,21:00,65.51,65.63,65.48,65.51,404
2025.07.22,22:00,65.50,65.64,65.42,65.46,505
2025.07.23,00:00,65.42,65.59,65.42,65.49,243
2025.07.23,01:00,65.48,65.69,65.47,65.63,194
2025.07.23,02:00,65.61,65.69,65.50,65.63,503
2025.07.23,03:00,65.63,65.77,65.42,65.49,1319
2025.07.23,04:00,65.48,65.61,65.39,65.44,710
2025.07.23,05:00,65.44,65.51,65.40,65.46,444
2025.07.23,06:00,65.45,65.56,65.44,65.50,210
2025.07.23,07:00,65.49,65.64,65.44,65.48,674
2025.07.23,08:00,65.50,65.50,65.17,65.32,855
2025.07.23,09:00,65.32,65.51,65.20,65.24,921
2025.07.23,10:00,65.24,65.32,65.03,65.09,1453
2025.07.23,11:00,65.12,65.33,64.89,64.95,1153
2025.07.23,12:00,64.96,65.00,64.71,64.84,980
2025.07.23,13:00,64.86,64.93,64.73,64.82,757
2025.07.23,14:00,64.83,65.09,64.76,65.00,995
2025.07.23,15:00,65.00,65.24,64.75,64.86,1880
2025.07.23,16:00,64.86,65.12,64.71,64.87,2126
2025.07.23,17:00,64.86,65.12,64.72,65.11,1777
2025.07.23,18:00,65.08,65.30,65.00,65.10,1418
2025.07.23,19:00,65.11,65.33,65.04,65.16,916
2025.07.23,20:00,65.20,65.46,65.13,65.38,851
2025.07.23,21:00,65.36,65.51,65.36,65.45,299
2025.07.23,22:00,65.45,65.47,65.35,65.44,284
2025.07.24,00:00,65.39,65.46,65.36,65.43,195
2025.07.24,01:00,65.45,65.45,65.40,65.43,59
2025.07.24,02:00,65.43,65.55,65.41,65.42,387
2025.07.24,03:00,65.46,65.57,65.37,65.42,761
2025.07.24,04:00,65.44,65.47,65.35,65.44,469
2025.07.24,05:00,65.43,65.56,65.43,65.54,401
2025.07.24,06:00,65.52,65.61,65.49,65.58,165
2025.07.24,07:00,65.60,65.60,65.37,65.40,570
2025.07.24,08:00,65.42,66.23,65.40,65.89,1495
2025.07.24,09:00,65.89,65.90,65.64,65.72,1238
2025.07.24,10:00,65.76,66.04,65.69,65.82,1620
2025.07.24,11:00,65.83,66.31,65.80,66.16,1294
2025.07.24,12:00,66.14,66.17,65.76,65.94,914
2025.07.24,13:00,65.93,65.98,65.64,65.80,1031
2025.07.24,14:00,65.79,66.07,65.58,66.05,1239
2025.07.24,15:00,66.06,66.19,65.67,65.98,2217
2025.07.24,16:00,65.99,66.35,65.87,66.23,2043
2025.07.24,17:00,66.24,66.38,65.88,66.26,1953
2025.07.24,18:00,66.27,66.31,65.36,65.37,2204
2025.07.24,19:00,65.38,65.56,65.31,65.41,1412
2025.07.24,20:00,65.42,66.14,65.38,66.11,1126
2025.07.24,21:00,66.11,66.26,66.09,66.18,431
2025.07.24,22:00,66.16,66.20,66.01,66.14,383
2025.07.25,00:00,66.14,66.17,66.08,66.14,117
2025.07.25,01:00,66.15,66.23,66.13,66.22,101
2025.07.25,02:00,66.19,66.23,66.09,66.09,298
2025.07.25,03:00,66.12,66.41,66.03,66.34,1214
2025.07.25,04:00,66.35,66.48,66.31,66.33,634
2025.07.25,05:00,66.34,66.39,66.10,66.13,670
2025.07.25,06:00,66.14,66.24,66.12,66.13,237
2025.07.25,07:00,66.13,66.57,66.12,66.51,798
2025.07.25,08:00,66.49,66.72,66.39,66.56,849
2025.07.25,09:00,66.56,66.61,66.23,66.32,1086
2025.07.25,10:00,66.30,66.54,66.18,66.27,1315
2025.07.25,11:00,66.26,66.39,66.04,66.21,1222
2025.07.25,12:00,66.23,66.35,66.07,66.32,862
2025.07.25,13:00,66.31,66.33,66.16,66.27,595
2025.07.25,14:00,66.28,66.54,66.19,66.49,1211
2025.07.25,15:00,66.52,66.55,65.78,65.82,2223
2025.07.25,16:00,65.82,65.91,65.47,65.53,2172
2025.07.25,17:00,65.54,65.63,65.22,65.28,1745
2025.07.25,18:00,65.25,65.45,65.23,65.32,1017
2025.07.25,19:00,65.33,65.52,65.04,65.13,1082
2025.07.25,20:00,65.15,65.24,65.05,65.12,842
2025.07.25,21:00,65.15,65.21,65.00,65.04,352
2025.07.28,00:00,65.15,65.33,65.06,65.12,546
2025.07.28,01:00,65.09,65.28,65.09,65.28,239
2025.07.28,02:00,65.29,65.40,65.24,65.40,299
2025.07.28,03:00,65.37,65.56,65.31,65.35,911
2025.07.28,04:00,65.35,65.49,65.32,65.47,393
2025.07.28,05:00,65.46,65.46,65.25,65.33,436
2025.07.28,06:00,65.34,65.51,65.32,65.48,174
2025.07.28,07:00,65.48,65.62,65.41,65.48,563
2025.07.28,08:00,65.51,65.79,65.46,65.71,829
2025.07.28,09:00,65.70,65.75,65.25,65.35,1143
2025.07.28,10:00,65.35,65.78,65.29,65.74,1252
2025.07.28,11:00,65.75,65.83,65.57,65.76,1077
2025.07.28,12:00,65.77,65.94,65.70,65.84,914
2025.07.28,13:00,65.85,66.24,65.82,66.22,936
2025.07.28,14:00,66.22,66.51,66.20,66.44,1534
2025.07.28,15:00,66.43,67.04,66.27,66.82,3403
2025.07.28,16:00,66.79,66.94,66.41,66.46,1818
2025.07.28,17:00,66.48,66.55,66.21,66.40,1701
2025.07.28,18:00,66.41,66.58,66.40,66.54,754
2025.07.28,19:00,66.53,66.62,66.34,66.51,708
2025.07.28,20:00,66.54,66.93,66.39,66.89,1142
2025.07.28,21:00,66.90,67.13,66.80,67.10,451
2025.07.28,22:00,67.09,67.10,66.92,66.97,337
2025.07.29,00:00,66.98,67.08,66.95,66.98,168
2025.07.29,01:00,66.95,66.99,66.92,66.95,75
2025.07.29,02:00,66.96,66.98,66.81,66.88,322
2025.07.29,03:00,66.87,66.87,66.65,66.67,648
2025.07.29,04:00,66.67,66.82,66.63,66.80,393
2025.07.29,05:00,66.79,66.81,66.57,66.57,286
2025.07.29,06:00,66.60,66.64,66.55,66.60,122
2025.07.29,07:00,66.59,66.72,66.50,66.69,335
2025.07.29,08:00,66.70,66.79,66.60,66.63,639
2025.07.29,09:00,66.66,66.86,66.55,66.61,1109
2025.07.29,10:00,66.60,67.25,66.57,67.21,1365
2025.07.29,11:00,67.24,67.26,67.01,67.04,843
2025.07.29,12:00,67.05,67.17,66.68,66.69,1002
2025.07.29,13:00,66.70,66.86,66.59,66.82,806
2025.07.29,14:00,66.83,67.21,66.76,67.19,1044
2025.07.29,15:00,67.16,67.55,67.05,67.51,1811
2025.07.29,16:00,67.52,67.62,67.40,67.47,1626
2025.07.29,17:00,67.45,67.77,67.38,67.68,1788
2025.07.29,18:00,67.71,67.88,67.60,67.68,976
2025.07.29,19:00,67.71,69.14,67.60,68.94,3154
2025.07.29,20:00,68.98,69.73,68.72,69.43,3034
2025.07.29,21:00,69.45,69.50,69.23,69.32,805
2025.07.29,22:00,69.35,69.52,69.09,69.28,1004
2025.07.30,00:00,69.31,69.31,69.17,69.27,248
2025.07.30,01:00,69.26,69.26,69.13,69.15,175
2025.07.30,02:00,69.16,69.30,69.10,69.22,741
2025.07.30,03:00,69.23,69.24,69.01,69.23,1538
2025.07.30,04:00,69.21,69.26,69.11,69.14,626
2025.07.30,05:00,69.12,69.25,68.99,69.22,691
2025.07.30,06:00,69.22,69.33,69.21,69.26,252
2025.07.30,07:00,69.23,69.27,69.08,69.10,333
2025.07.30,08:00,69.11,69.33,68.98,69.25,908
2025.07.30,09:00,69.26,69.78,69.19,69.72,1239
2025.07.30,10:00,69.69,69.77,68.83,68.97,2098
2025.07.30,11:00,68.94,68.95,68.69,68.76,1079
2025.07.30,12:00,68.77,68.80,68.43,68.54,988
2025.07.30,13:00,68.56,68.99,68.44,68.92,1008
2025.07.30,14:00,68.96,69.64,68.92,69.56,2498
2025.07.30,15:00,69.55,69.75,69.30,69.52,2220
2025.07.30,16:00,69.54,69.66,69.26,69.60,2269
2025.07.30,17:00,69.61,70.26,69.55,70.17,2100
2025.07.30,18:00,70.20,70.33,69.99,70.22,1433
2025.07.30,19:00,70.25,70.51,70.15,70.38,1161
2025.07.30,20:00,70.35,70.37,69.84,70.19,2046
2025.07.30,21:00,70.16,70.47,70.03,70.41,956
2025.07.30,22:00,70.42,70.42,70.26,70.31,550
2025.07.31,00:00,70.29,70.31,70.16,70.23,207
2025.07.31,01:00,70.22,70.38,70.20,70.36,116
2025.07.31,02:00,70.38,70.40,70.16,70.18,577
2025.07.31,03:00,70.18,70.20,69.98,70.01,815
2025.07.31,04:00,70.02,70.04,69.89,69.98,533
2025.07.31,05:00,70.01,70.02,69.89,69.89,391
2025.07.31,06:00,69.91,69.98,69.80,69.82,346
2025.07.31,07:00,69.84,69.98,69.78,69.98,576
2025.07.31,08:00,69.97,70.12,69.78,69.88,997
2025.07.31,09:00,69.88,70.24,69.82,70.14,1158
2025.07.31,10:00,70.13,70.17,69.74,69.92,1545
2025.07.31,11:00,69.91,69.93,69.35,69.38,1254
2025.07.31,12:00,69.37,69.70,69.34,69.67,912
2025.07.31,13:00,69.68,69.79,69.38,69.67,1168
2025.07.31,14:00,69.67,69.70,69.45,69.56,1037
2025.07.31,15:00,69.59,69.68,69.19,69.43,1995
2025.07.31,16:00,69.45,69.87,69.07,69.10,1800
2025.07.31,17:00,69.07,69.16,68.54,68.70,2540
2025.07.31,18:00,68.69,69.49,68.66,69.32,1527
2025.07.31,19:00,69.30,69.38,68.91,69.05,1208
2025.07.31,20:00,69.06,69.45,68.86,69.21,1309
2025.07.31,21:00,69.19,69.21,69.02,69.18,526
2025.07.31,22:00,69.18,69.47,69.12,69.37,753
2025.08.01,00:00,69.33,69.45,69.25,69.40,258
2025.08.01,01:00,69.39,69.42,69.31,69.34,152
2025.08.01,02:00,69.37,69.38,69.18,69.18,559
2025.08.01,03:00,69.19,69.32,69.14,69.31,767
2025.08.01,04:00,69.29,69.37,69.10,69.20,747
2025.08.01,05:00,69.22,69.39,69.17,69.39,408
2025.08.01,06:00,69.38,69.53,69.35,69.41,375
2025.08.01,07:00,69.44,69.45,69.22,69.30,464
2025.08.01,08:00,69.29,69.47,69.02,69.18,946
2025.08.01,09:00,69.22,69.31,68.91,69.19,1611
2025.08.01,10:00,69.18,69.52,68.70,68.85,2095
2025.08.01,11:00,68.85,69.09,68.67,69.05,1566
2025.08.01,12:00,69.07,69.19,68.50,68.54,1306
2025.08.01,13:00,68.55,68.78,68.46,68.73,1271
2025.08.01,14:00,68.71,69.47,68.66,69.26,2634
2025.08.01,15:00,69.26,69.57,68.38,68.43,3560
2025.08.01,16:00,68.44,68.44,67.21,67.29,4721
2025.08.01,17:00,67.29,67.63,67.24,67.47,2914
2025.08.01,18:00,67.46,67.78,67.03,67.50,2232
2025.08.01,19:00,67.53,67.71,67.27,67.31,1958
2025.08.01,20:00,67.31,67.43,67.08,67.31,1288
2025.08.01,21:00,67.31,67.35,67.11,67.24,628
2025.08.04,00:00,66.85,67.09,66.61,66.85,1018
2025.08.04,01:00,66.84,66.98,66.78,66.96,410
2025.08.04,02:00,66.97,67.11,66.82,67.10,665
2025.08.04,03:00,67.12,67.19,66.83,67.17,1285
2025.08.04,04:00,67.15,67.26,67.08,67.21,752
2025.08.04,05:00,67.22,67.27,67.13,67.21,472
2025.08.04,06:00,67.19,67.29,67.08,67.17,281
2025.08.04,07:00,67.16,67.39,67.13,67.35,465
2025.08.04,08:00,67.34,67.61,67.34,67.54,728
2025.08.04,09:00,67.55,67.74,67.35,67.47,1208
2025.08.04,10:00,67.49,67.51,66.34,66.46,2026
2025.08.04,11:00,66.44,66.66,66.37,66.37,1744
2025.08.04,12:00,66.34,66.49,66.08,66.13,1359
2025.08.04,13:00,66.14,66.17,65.94,65.98,1177
2025.08.04,14:00,65.95,66.02,65.48,65.50,1856
2025.08.04,15:00,65.53,65.80,65.44,65.65,2327
2025.08.04,16:00,65.65,66.93,65.56,66.87,2905
2025.08.04,17:00,66.86,67.01,66.57,66.78,2478
2025.08.04,18:00,66.77,66.85,66.20,66.27,1441
2025.08.04,19:00,66.27,66.42,66.16,66.23,949
2025.08.04,20:00,66.22,66.42,66.02,66.13,865
2025.08.04,21:00,66.12,66.23,65.92,66.09,365
2025.08.04,22:00,66.08,66.25,66.06,66.21,341
2025.08.05,00:00,66.23,66.28,66.18,66.26,199
2025.08.05,01:00,66.25,66.31,66.23,66.27,175
2025.08.05,02:00,66.29,66.35,66.18,66.19,327
2025.08.05,03:00,66.19,66.37,66.18,66.25,952
2025.08.05,04:00,66.23,66.27,66.07,66.10,447
2025.08.05,05:00,66.10,66.18,66.00,66.17,452
2025.08.05,06:00,66.17,66.22,66.11,66.19,170
2025.08.05,07:00,66.18,66.32,65.99,66.26,543
2025.08.05,08:00,66.27,66.38,66.06,66.09,691
2025.08.05,09:00,66.09,66.25,65.75,65.95,1395
2025.08.05,10:00,65.98,66.32,65.79,65.85,1687
2025.08.05,11:00,65.88,65.96,65.37,65.41,1547
2025.08.05,12:00,65.40,65.63,65.37,65.47,1281
2025.08.05,13:00,65.47,65.73,65.45,65.64,1112
2025.08.05,14:00,65.64,65.74,65.08,65.30,2413
2025.08.05,15:00,65.28,65.67,65.19,65.49,2201
2025.08.05,16:00,65.43,65.76,65.18,65.46,2297
2025.08.05,17:00,65.47,65.58,65.24,65.32,1957
2025.08.05,18:00,65.34,65.78,65.00,65.30,2208
2025.08.05,19:00,65.29,65.59,65.11,65.32,1604
2025.08.05,20:00,65.35,65.40,65.05,65.09,1125
2025.08.05,21:00,65.11,65.20,65.07,65.14,371
2025.08.05,22:00,65.13,65.24,65.04,65.18,503
2025.08.06,00:00,65.12,65.25,65.10,65.23,208
2025.08.06,01:00,65.22,65.30,65.21,65.27,167
2025.08.06,02:00,65.24,65.35,65.24,65.31,307
2025.08.06,03:00,65.33,65.50,65.31,65.48,463
2025.08.06,04:00,65.47,65.53,65.42,65.46,296
2025.08.06,05:00,65.45,65.59,65.45,65.55,219
2025.08.06,06:00,65.54,65.62,65.52,65.56,170
2025.08.06,07:00,65.57,65.58,65.42,65.49,285
2025.08.06,08:00,65.50,65.65,65.46,65.62,600
2025.08.06,09:00,65.62,65.89,65.57,65.66,1117
2025.08.06,10:00,65.67,66.17,65.62,66.03,1457
2025.08.06,11:00,66.04,66.25,65.94,66.22,1258
2025.08.06,12:00,66.19,66.33,66.10,66.25,946
2025.08.06,13:00,66.24,66.29,66.03,66.17,934
2025.08.06,14:00,66.17,66.24,65.79,66.14,1546
2025.08.06,15:00,66.15,66.70,66.03,66.36,2139
2025.08.06,16:00,66.37,66.52,65.39,65.96,3921
2025.08.06,17:00,65.96,66.12,64.79,64.86,3021
2025.08.06,18:00,64.86,65.63,64.60,65.30,3649
2025.08.06,19:00,65.28,65.34,64.77,64.80,1910
2025.08.06,20:00,64.77,64.90,64.07,64.09,3032
2025.08.06,21:00,64.10,64.19,63.62,64.07,1784
2025.08.06,22:00,64.06,64.33,64.01,64.27,764
2025.08.07,00:00,64.35,64.43,64.24,64.31,353
2025.08.07,01:00,64.28,64.41,64.28,64.35,221
2025.08.07,02:00,64.34,64.69,64.31,64.69,473
2025.08.07,03:00,64.68,64.97,64.64,64.90,767
2025.08.07,04:00,64.91,65.06,64.84,64.97,428
2025.08.07,05:00,64.95,65.06,64.91,65.02,319
2025.08.07,06:00,65.02,65.02,64.78,64.82,319
2025.08.07,07:00,64.79,64.84,64.65,64.72,534
2025.08.07,08:00,64.73,64.85,64.67,64.75,782
2025.08.07,09:00,64.75,64.96,64.69,64.72,1289
2025.08.07,10:00,64.75,64.79,64.10,64.54,2902
2025.08.07,11:00,64.55,64.85,64.51,64.83,1502
2025.08.07,12:00,64.86,65.10,64.70,64.86,1479
2025.08.07,13:00,64.83,64.95,64.50,64.58,1310
2025.08.07,14:00,64.59,64.84,64.56,64.68,1373
2025.08.07,15:00,64.67,64.72,64.20,64.47,2223
2025.08.07,16:00,64.47,64.56,64.03,64.04,2008
2025.08.07,17:00,64.04,64.29,63.85,63.99,2026
2025.08.07,18:00,63.99,64.46,63.99,64.21,1336
2025.08.07,19:00,64.19,64.28,63.80,64.03,1209
2025.08.07,20:00,64.04,64.13,63.73,63.81,893
2025.08.07,21:00,63.80,63.83,63.68,63.71,301
2025.08.07,22:00,63.71,63.85,63.70,63.81,424
2025.08.08,00:00,63.83,63.89,63.76,63.82,226
2025.08.08,01:00,63.85,63.87,63.77,63.82,198
2025.08.08,02:00,63.80,63.86,63.77,63.85,349
2025.08.08,03:00,63.83,63.94,63.81,63.83,598
2025.08.08,04:00,63.86,63.96,63.71,63.80,526
2025.08.08,05:00,63.80,63.86,63.69,63.83,444
2025.08.08,06:00,63.81,63.84,63.72,63.73,100
2025.08.08,07:00,63.71,63.74,63.53,63.53,476
2025.08.08,08:00,63.56,63.59,63.18,63.28,1032
2025.08.08,09:00,63.29,63.95,63.25,63.89,1424
2025.08.08,10:00,63.88,64.13,63.58,64.10,1909
2025.08.08,11:00,64.08,64.25,63.87,64.23,1266
2025.08.08,12:00,64.20,64.46,64.07,64.30,1400
2025.08.08,13:00,64.28,64.35,63.96,64.07,1049
2025.08.08,14:00,64.07,64.32,63.97,64.14,1167
2025.08.08,15:00,64.13,64.56,63.81,64.41,2168
2025.08.08,16:00,64.42,64.42,62.80,63.51,4917
2025.08.08,17:00,63.53,64.33,63.45,64.21,2753
2025.08.08,18:00,64.23,64.32,64.00,64.12,1489
2025.08.08,19:00,64.13,64.46,63.80,63.98,1749
2025.08.08,20:00,63.95,64.04,63.63,63.63,1446
2025.08.08,21:00,63.64,63.76,63.57,63.61,589
2025.08.11,00:00,63.52,63.68,63.14,63.55,693
2025.08.11,01:00,63.58,63.62,63.41,63.43,245
2025.08.11,02:00,63.43,63.44,63.00,63.06,691
2025.08.11,03:00,63.08,63.50,63.08,63.46,1097
2025.08.11,04:00,63.47,63.54,63.36,63.49,561
2025.08.11,05:00,63.49,63.56,63.45,63.51,471
2025.08.11,06:00,63.50,63.54,63.35,63.38,260
2025.08.11,07:00,63.41,63.52,63.33,63.48,379
2025.08.11,08:00,63.48,63.67,63.10,63.26,1285
2025.08.11,09:00,63.25,63.42,63.08,63.13,1587
2025.08.11,10:00,63.12,63.68,63.12,63.48,1869
2025.08.11,11:00,63.47,63.88,63.42,63.81,1265
2025.08.11,12:00,63.83,63.99,63.80,63.96,846
2025.08.11,13:00,63.96,64.28,63.91,64.23,1012
2025.08.11,14:00,64.22,64.29,64.07,64.20,1129
2025.08.11,15:00,64.23,64.41,64.06,64.15,1896
2025.08.11,16:00,64.14,64.42,63.66,63.70,2374
2025.08.11,17:00,63.70,64.22,63.64,63.79,2617
2025.08.11,18:00,63.77,64.13,63.74,64.07,1341
2025.08.11,19:00,64.06,64.21,63.84,63.96,1166
2025.08.11,20:00,63.95,64.17,63.89,63.99,1102
2025.08.11,21:00,64.00,64.15,63.98,64.03,408
2025.08.11,22:00,64.04,64.09,63.95,63.98,314
2025.08.12,00:00,63.99,64.13,63.97,64.12,253
2025.08.12,01:00,64.14,64.14,64.05,64.07,112
2025.08.12,02:00,64.07,64.22,64.04,64.04,347
2025.08.12,03:00,64.06,64.07,63.87,63.99,691
2025.08.12,04:00,63.97,64.07,63.91,64.03,451
2025.08.12,05:00,64.03,64.17,64.02,64.12,351
2025.08.12,06:00,64.09,64.30,64.08,64.26,226
2025.08.12,07:00,64.26,64.29,64.16,64.18,515
2025.08.12,08:00,64.20,64.28,63.95,64.11,703
2025.08.12,09:00,64.13,64.23,64.03,64.14,1012
2025.08.12,10:00,64.12,64.20,63.73,63.84,1606
2025.08.12,11:00,63.82,64.06,63.75,64.02,1214
2025.08.12,12:00,64.01,64.33,63.76,63.96,1164
2025.08.12,13:00,63.93,63.96,63.46,63.49,1099
2025.08.12,14:00,63.48,63.63,63.30,63.42,1528
2025.08.12,15:00,63.41,63.66,63.18,63.45,2340
2025.08.12,16:00,63.46,63.65,63.43,63.56,1661
2025.08.12,17:00,63.56,63.79,63.17,63.28,1812
2025.08.12,18:00,63.25,63.37,63.04,63.17,1169
2025.08.12,19:00,63.17,63.41,63.10,63.20,1246
2025.08.12,20:00,63.21,63.27,63.04,63.19,1105
2025.08.12,21:00,63.22,63.24,63.11,63.15,410
2025.08.12,22:00,63.16,63.17,63.05,63.09,379
2025.08.13,00:00,63.04,63.14,62.81,63.08,292
2025.08.13,01:00,63.10,63.17,63.09,63.14,118
2025.08.13,02:00,63.15,63.16,63.08,63.15,330
2025.08.13,03:00,63.12,63.19,62.99,63.14,737
2025.08.13,04:00,63.13,63.14,62.92,62.95,432
2025.08.13,05:00,62.94,63.18,62.94,63.18,345
2025.08.13,06:00,63.18,63.25,63.15,63.21,229
2025.08.13,07:00,63.18,63.28,63.04,63.08,405
2025.08.13,08:00,63.07,63.32,62.83,63.18,938
2025.08.13,09:00,63.17,63.17,62.84,62.92,1080
2025.08.13,10:00,62.93,62.99,62.52,62.84,1533
2025.08.13,11:00,62.83,63.04,62.68,62.71,1077
2025.08.13,12:00,62.73,62.78,62.58,62.59,835
2025.08.13,13:00,62.58,62.87,62.58,62.80,822
2025.08.13,14:00,62.81,63.34,62.75,63.15,1352
2025.08.13,15:00,63.15,63.19,62.82,62.86,1707
2025.08.13,16:00,62.88,63.02,62.14,62.26,2575
2025.08.13,17:00,62.28,62.52,61.94,61.99,2376
2025.08.13,18:00,62.00,62.35,61.93,62.20,1601
2025.08.13,19:00,62.20,62.71,62.17,62.53,1514
2025.08.13,20:00,62.52,62.71,62.44,62.46,1281
2025.08.13,21:00,62.45,62.82,62.45,62.74,343
2025.08.13,22:00,62.74,62.76,62.66,62.74,236
2025.08.14,00:00,62.04,62.08,61.99,62.07,104
2025.08.14,01:00,62.04,62.11,62.04,62.07,55
2025.08.14,02:00,62.06,62.17,62.02,62.15,271
2025.08.14,03:00,62.12,62.17,62.01,62.13,537
2025.08.14,04:00,62.14,62.26,62.07,62.17,368
2025.08.14,05:00,62.18,62.20,62.08,62.13,281
2025.08.14,06:00,62.12,62.17,62.09,62.14,143
2025.08.14,07:00,62.16,62.30,62.06,62.18,440
2025.08.14,08:00,62.19,62.34,62.04,62.25,862
2025.08.14,09:00,62.23,62.34,62.03,62.07,1022
2025.08.14,10:00,62.06,62.29,61.97,62.08,1409
2025.08.14,11:00,62.08,62.30,62.06,62.24,1168
2025.08.14,12:00,62.25,62.29,61.83,61.90,923
2025.08.14,13:00,61.90,62.24,61.87,62.19,1035
2025.08.14,14:00,62.16,62.47,62.06,62.33,1428
2025.08.14,15:00,62.32,62.96,62.28,62.70,2338
2025.08.14,16:00,62.73,62.79,62.39,62.60,1900
2025.08.14,17:00,62.61,63.05,62.60,62.92,1827
2025.08.14,18:00,62.90,63.06,62.82,62.88,1306
2025.08.14,19:00,62.86,63.01,62.64,62.96,1291
2025.08.14,20:00,62.94,63.15,62.84,63.12,1192
2025.08.14,21:00,63.10,63.16,63.06,63.10,470
2025.08.14,22:00,63.09,63.14,63.00,63.03,392
2025.08.15,00:00,62.95,63.07,62.95,62.98,112
2025.08.15,01:00,62.98,63.04,62.95,63.04,65
2025.08.15,02:00,63.02,63.26,62.92,62.97,431
2025.08.15,03:00,62.95,63.07,62.89,63.06,623
2025.08.15,04:00,63.05,63.07,62.93,62.97,375
2025.08.15,05:00,62.98,63.02,62.87,62.94,316
2025.08.15,06:00,62.93,62.98,62.80,62.84,181
2025.08.15,07:00,62.83,63.00,62.78,62.93,410
2025.08.15,08:00,62.92,62.93,62.67,62.76,702
2025.08.15,09:00,62.70,62.76,62.53,62.59,1021
2025.08.15,10:00,62.59,62.68,62.32,62.35,1336
2025.08.15,11:00,62.34,62.71,62.33,62.67,1054
2025.08.15,12:00,62.68,62.77,62.54,62.72,788
2025.08.15,13:00,62.70,62.80,62.43,62.77,827
2025.08.15,14:00,62.76,62.79,62.45,62.47,1119
2025.08.15,15:00,62.47,62.47,62.02,62.40,2319
2025.08.15,16:00,62.39,62.67,62.16,62.52,1830
2025.08.15,17:00,62.54,62.66,62.27,62.28,1758
2025.08.15,18:00,62.31,62.41,62.13,62.36,1202
2025.08.15,19:00,62.36,62.47,62.19,62.23,967
2025.08.15,20:00,62.22,62.24,61.84,62.20,1234
2025.08.15,21:00,62.19,62.31,61.94,62.28,662
2025.08.18,00:00,62.24,62.24,61.62,61.80,808
2025.08.18,01:00,61.81,61.82,61.71,61.74,242
2025.08.18,02:00,61.72,61.98,61.69,61.97,436
2025.08.18,03:00,61.96,61.98,61.67,61.96,1312
2025.08.18,04:00,61.96,62.02,61.88,61.95,811
2025.08.18,05:00,61.94,62.08,61.85,62.03,772
2025.08.18,06:00,62.03,62.12,62.00,62.02,342
2025.08.18,07:00,62.04,62.11,61.97,62.06,637
2025.08.18,08:00,62.07,62.43,62.04,62.30,1053
2025.08.18,09:00,62.27,62.27,61.84,61.86,1160
2025.08.18,10:00,61.86,62.21,61.82,62.07,1307
2025.08.18,11:00,62.09,62.54,62.01,62.44,1041
2025.08.18,12:00,62.43,62.47,62.10,62.38,892
2025.08.18,13:00,62.37,62.42,62.14,62.30,876
2025.08.18,14:00,62.26,62.34,62.02,62.11,1148
2025.08.18,15:00,62.10,62.13,61.43,61.68,2297
2025.08.18,16:00,61.71,62.15,61.53,62.05,1856
2025.08.18,17:00,62.05,62.32,61.96,62.28,1827
2025.08.18,18:00,62.32,62.39,62.18,62.37,1158
2025.08.18,19:00,62.35,63.00,62.31,62.66,1809
2025.08.18,20:00,62.63,62.81,62.58,62.65,1253
2025.08.18,21:00,62.66,62.66,62.46,62.59,579
2025.08.18,22:00,62.59,62.68,62.55,62.57,352
2025.08.19,00:00,62.58,62.66,62.22,62.59,369
2025.08.19,01:00,62.60,62.64,62.57,62.62,99
2025.08.19,02:00,62.61,62.63,62.50,62.55,327
2025.08.19,03:00,62.52,62.54,62.35,62.37,818
2025.08.19,04:00,62.38,62.42,62.27,62.30,441
2025.08.19,05:00,62.31,62.42,62.28,62.32,316
2025.08.19,06:00,62.29,62.31,62.19,62.23,208
2025.08.19,07:00,62.20,62.28,62.10,62.22,504
2025.08.19,08:00,62.23,62.45,62.22,62.28,779
2025.08.19,09:00,62.27,62.29,62.03,62.13,1269
2025.08.19,10:00,62.13,62.30,61.94,61.94,1588
2025.08.19,11:00,61.94,62.14,61.85,62.08,1189
2025.08.19,12:00,62.09,62.15,61.82,61.87,866
2025.08.19,13:00,61.88,62.22,61.81,62.17,1072
2025.08.19,14:00,62.17,62.22,61.85,61.94,1088
2025.08.19,15:00,61.91,62.24,61.68,61.97,1461
2025.08.19,16:00,62.00,62.24,61.88,62.05,1309
2025.08.19,17:00,62.04,62.20,61.78,61.79,1328
2025.08.19,18:00,61.80,62.02,61.76,61.77,942
2025.08.19,19:00,61.76,61.85,61.63,61.72,841
2025.08.19,20:00,61.70,61.95,61.63,61.87,851
2025.08.19,21:00,61.90,62.00,61.78,61.88,296
2025.08.19,22:00,61.88,62.03,61.85,61.98,279
2025.08.20,00:00,61.92,62.10,61.91,62.10,145
2025.08.20,01:00,62.09,62.13,62.06,62.09,99
2025.08.20,02:00,62.08,62.12,62.02,62.08,216
2025.08.20,03:00,62.10,62.19,61.86,61.89,718
2025.08.20,04:00,61.86,61.94,61.82,61.90,575
2025.08.20,05:00,61.89,61.98,61.80,61.86,463
2025.08.20,06:00,61.87,62.01,61.85,61.99,201
2025.08.20,07:00,61.99,62.20,61.95,62.17,453
2025.08.20,08:00,62.18,62.37,62.17,62.29,901
2025.08.20,09:00,62.30,62.55,62.19,62.44,1023
2025.08.20,10:00,62.45,62.71,62.26,62.64,1370
2025.08.20,11:00,62.62,62.62,62.19,62.23,814
2025.08.20,12:00,62.21,62.55,62.12,62.50,934
2025.08.20,13:00,62.51,62.68,62.47,62.58,693
2025.08.20,14:00,62.61,62.63,62.33,62.51,951
2025.08.20,15:00,62.53,62.69,62.34,62.48,1613
2025.08.20,16:00,62.48,62.77,62.23,62.24,2142
2025.08.20,17:00,62.25,62.89,62.08,62.84,1911
2025.08.20,18:00,62.83,62.98,62.63,62.80,1119
2025.08.20,19:00,62.79,62.81,62.56,62.58,833
2025.08.20,20:00,62.59,62.88,62.52,62.87,922
2025.08.20,21:00,62.87,62.94,62.84,62.87,336
2025.08.20,22:00,62.87,62.95,62.78,62.85,192
2025.08.21,00:00,62.85,62.93,62.84,62.90,112
2025.08.21,01:00,62.88,62.90,62.84,62.87,53
2025.08.21,02:00,62.86,62.91,62.80,62.81,272
2025.08.21,03:00,62.83,63.18,62.76,62.99,788
2025.08.21,04:00,62.97,63.03,62.92,62.92,494
2025.08.21,05:00,62.93,63.02,62.89,63.01,377
2025.08.21,06:00,62.98,63.07,62.93,63.01,168
2025.08.21,07:00,63.04,63.12,62.96,63.10,399
2025.08.21,08:00,63.08,63.27,63.02,63.20,670
2025.08.21,09:00,63.21,63.39,63.15,63.16,995
2025.08.21,10:00,63.18,63.35,63.12,63.33,823
2025.08.21,11:00,63.34,63.39,63.14,63.36,952
2025.08.21,12:00,63.36,63.47,63.20,63.26,632
2025.08.21,13:00,63.25,63.30,62.97,63.08,838
2025.08.21,14:00,63.10,63.25,62.82,62.86,970
2025.08.21,15:00,62.87,62.92,62.50,62.58,1853
2025.08.21,16:00,62.56,63.09,62.54,62.96,1694
2025.08.21,17:00,62.96,63.33,62.84,63.22,1860
2025.08.21,18:00,63.22,63.53,63.08,63.44,1231
2025.08.21,19:00,63.44,63.59,63.34,63.52,867
2025.08.21,20:00,63.53,63.66,63.39,63.48,978
2025.08.21,21:00,63.47,63.48,63.35,63.40,311
2025.08.21,22:00,63.41,63.50,63.37,63.47,227
2025.08.22,00:00,63.45,63.49,63.40,63.48,135
2025.08.22,01:00,63.45,63.49,63.45,63.48,40
2025.08.22,02:00,63.48,63.53,63.45,63.47,233
2025.08.22,03:00,63.50,63.50,63.30,63.34,718
2025.08.22,04:00,63.32,63.44,63.31,63.38,379
2025.08.22,05:00,63.37,63.48,63.31,63.39,325
2025.08.22,06:00,63.40,63.52,63.37,63.50,182
2025.08.22,07:00,63.49,63.61,63.42,63.60,421
2025.08.22,08:00,63.60,63.70,63.54,63.63,583
2025.08.22,09:00,63.65,63.82,63.39,63.59,1042
2025.08.22,10:00,63.61,63.70,63.33,63.42,1139
2025.08.22,11:00,63.43,63.59,63.31,63.38,747
2025.08.22,12:00,63.39,63.56,63.28,63.52,597
2025.08.22,13:00,63.53,63.85,63.49,63.64,815
2025.08.22,14:00,63.66,63.74,63.53,63.66,750
2025.08.22,15:00,63.60,63.79,63.49,63.64,1117
2025.08.22,16:00,63.64,63.91,63.53,63.71,2131
2025.08.22,17:00,63.72,63.82,63.36,63.60,1814
2025.08.22,18:00,63.61,63.70,63.40,63.59,1111
2025.08.22,19:00,63.57,63.79,63.52,63.62,1055
2025.08.22,20:00,63.61,63.82,63.57,63.81,821
2025.08.22,21:00,63.78,63.84,63.75,63.79,361
2025.08.25,00:00,63.86,63.86,63.70,63.73,232
2025.08.25,01:00,63.73,63.77,63.71,63.72,71
2025.08.25,02:00,63.72,63.79,63.70,63.76,213
2025.08.25,03:00,63.77,63.79,63.51,63.59,885
2025.08.25,04:00,63.62,63.87,63.59,63.72,415
2025.08.25,05:00,63.71,63.77,63.66,63.75,327
2025.08.25,06:00,63.76,63.80,63.70,63.73,90
2025.08.25,07:00,63.71,63.83,63.62,63.81,328
2025.08.25,08:00,63.80,63.91,63.64,63.76,552
2025.08.25,09:00,63.75,63.86,63.58,63.76,687
2025.08.25,10:00,63.75,64.01,63.73,63.97,921
2025.08.25,11:00,63.95,63.98,63.78,63.95,600
2025.08.25,12:00,63.92,64.17,63.92,64.08,650
2025.08.25,13:00,64.04,64.19,64.03,64.07,564
2025.08.25,14:00,64.08,64.12,63.97,64.02,393
2025.08.25,15:00,64.04,64.70,63.95,64.52,1520
2025.08.25,16:00,64.51,64.71,64.48,64.65,852
2025.08.25,17:00,64.66,64.96,64.61,64.93,1017
2025.08.25,18:00,64.91,65.09,64.82,65.04,722
2025.08.25,19:00,65.05,65.05,64.88,64.96,665
2025.08.25,20:00,64.94,64.97,64.69,64.75,797
2025.08.25,21:00,64.72,64.79,64.62,64.76,249
2025.08.25,22:00,64.75,64.80,64.69,64.75,191
2025.08.26,00:00,64.76,64.76,64.67,64.71,107
2025.08.26,01:00,64.71,64.73,64.66,64.70,62
2025.08.26,02:00,64.68,64.71,64.35,64.40,581
2025.08.26,03:00,64.40,64.48,64.37,64.43,575
2025.08.26,04:00,64.43,64.54,64.39,64.51,425
2025.08.26,05:00,64.50,64.52,64.42,64.48,270
2025.08.26,06:00,64.46,64.51,64.42,64.45,140
2025.08.26,07:00,64.42,64.49,64.38,64.40,336
2025.08.26,08:00,64.41,64.51,64.27,64.40,682
2025.08.26,09:00,64.38,64.46,64.12,64.16,834
2025.08.26,10:00,64.15,64.31,63.98,64.03,1179
2025.08.26,11:00,64.02,64.06,63.64,63.69,903
2025.08.26,12:00,63.70,63.77,63.56,63.59,672
2025.08.26,13:00,63.60,63.78,63.55,63.62,725
2025.08.26,14:00,63.63,63.77,63.57,63.69,889
2025.08.26,15:00,63.73,63.90,63.69,63.84,1121
2025.08.26,16:00,63.84,64.24,63.80,63.87,1233
2025.08.26,17:00,63.86,63.87,63.26,63.47,2221
2025.08.26,18:00,63.47,63.51,63.25,63.33,1158
2025.08.26,19:00,63.31,63.40,63.25,63.32,747
2025.08.26,20:00,63.33,63.41,63.13,63.28,741
2025.08.26,21:00,63.27,63.37,63.21,63.30,284
2025.08.26,22:00,63.31,63.38,63.27,63.28,316
2025.08.27,00:00,63.29,63.43,63.28,63.43,148
2025.08.27,01:00,63.41,63.45,63.41,63.43,50
2025.08.27,02:00,63.42,63.44,63.31,63.31,229
2025.08.27,03:00,63.33,63.34,63.13,63.16,816
2025.08.27,04:00,63.17,63.36,63.15,63.33,567
2025.08.27,05:00,63.31,63.35,63.25,63.25,234
2025.08.27,06:00,63.26,63.30,63.21,63.25,120
2025.08.27,07:00,63.23,63.30,63.08,63.15,374
2025.08.27,08:00,63.15,63.31,63.01,63.17,941
2025.08.27,09:00,63.19,63.27,62.98,63.19,1015
2025.08.27,10:00,63.17,63.28,62.94,62.99,1235
2025.08.27,11:00,62.98,63.23,62.94,63.19,939
2025.08.27,12:00,63.20,63.23,62.99,63.12,774
2025.08.27,13:00,63.11,63.53,63.08,63.45,796
2025.08.27,14:00,63.43,63.63,63.33,63.61,822
2025.08.27,15:00,63.64,63.76,63.33,63.67,1523
2025.08.27,16:00,63.63,64.00,63.57,63.76,1665
2025.08.27,17:00,63.79,63.89,63.45,63.84,1602
2025.08.27,18:00,63.85,63.99,63.76,63.89,1109
2025.08.27,19:00,63.89,64.00,63.78,63.90,750
2025.08.27,20:00,63.90,64.22,63.90,63.94,891
2025.08.27,21:00,63.96,63.97,63.83,63.86,302
2025.08.27,22:00,63.86,63.87,63.77,63.84,250
2025.08.28,00:00,63.85,63.85,63.74,63.78,176
2025.08.28,01:00,63.75,63.80,63.74,63.80,81
2025.08.28,02:00,63.78,63.83,63.68,63.78,311
2025.08.28,03:00,63.78,63.81,63.69,63.78,564
2025.08.28,04:00,63.77,63.77,63.61,63.66,341
2025.08.28,05:00,63.64,63.71,63.60,63.61,269
2025.08.28,06:00,63.61,63.65,63.53,63.56,201
2025.08.28,07:00,63.53,63.60,63.48,63.56,396
2025.08.28,08:00,63.55,63.71,63.50,63.66,677
2025.08.28,09:00,63.68,63.99,63.51,63.77,995
2025.08.28,10:00,63.76,63.96,63.54,63.64,1259
2025.08.28,11:00,63.64,63.86,63.64,63.78,883
2025.08.28,12:00,63.75,64.00,63.74,63.89,709
2025.08.28,13:00,63.88,64.17,63.81,64.05,689
2025.08.28,14:00,64.06,64.11,63.89,64.10,749
2025.08.28,15:00,64.09,64.11,63.68,63.75,1453
2025.08.28,16:00,63.73,63.80,63.41,63.74,1571
2025.08.28,17:00,63.73,63.91,63.34,63.63,1474
2025.08.28,18:00,63.64,63.77,63.52,63.56,893
2025.08.28,19:00,63.55,64.34,63.51,64.29,1304
2025.08.28,20:00,64.30,64.68,64.20,64.25,1766
2025.08.28,21:00,64.26,64.40,64.19,64.31,438
2025.08.28,22:00,64.30,64.38,64.25,64.30,315
2025.08.29,00:00,64.23,64.30,64.15,64.20,205
2025.08.29,01:00,64.20,64.24,64.16,64.17,142
2025.08.29,02:00,64.18,64.27,64.10,64.18,263
2025.08.29,03:00,64.21,64.23,64.08,64.10,440
2025.08.29,04:00,64.08,64.13,64.01,64.07,361
2025.08.29,05:00,64.10,64.21,64.08,64.20,251
2025.08.29,06:00,64.19,64.24,64.16,64.19,151
2025.08.29,07:00,64.20,64.32,64.14,64.27,355
2025.08.29,08:00,64.25,64.40,64.10,64.23,514
2025.08.29,09:00,64.20,64.36,64.01,64.25,844
2025.08.29,10:00,64.23,64.41,64.10,64.16,1508
2025.08.29,11:00,64.16,64.31,63.98,64.24,1118
2025.08.29,12:00,64.23,64.41,64.08,64.31,761
2025.08.29,13:00,64.32,64.42,64.24,64.40,706
2025.08.29,14:00,64.39,64.55,64.31,64.49,772
2025.08.29,15:00,64.48,64.51,64.25,64.35,1429
2025.08.29,16:00,64.37,64.48,63.90,64.09,1651
2025.08.29,17:00,64.11,64.32,63.91,64.19,1346
2025.08.29,18:00,64.19,64.21,63.87,63.98,933
2025.08.29,19:00,63.97,64.15,63.90,64.02,795
2025.08.29,20:00,64.01,64.11,63.93,64.00,785
2025.08.29,21:00,63.99,64.03,63.91,63.94,368
2025.09.01,00:00,63.95,64.00,63.90,63.96,254
2025.09.01,01:00,63.93,63.96,63.89,63.95,79
2025.09.01,02:00,63.94,63.95,63.83,63.88,178
2025.09.01,03:00,63.88,63.90,63.65,63.73,600
2025.09.01,04:00,63.70,63.81,63.64,63.77,478
2025.09.01,05:00,63.75,63.81,63.72,63.73,278
2025.09.01,06:00,63.75,63.75,63.69,63.71,99
2025.09.01,07:00,63.73,63.81,63.67,63.78,278
2025.09.01,08:00,63.79,64.19,63.77,64.11,669
2025.09.01,09:00,64.14,64.41,64.04,64.28,743
2025.09.01,10:00,64.29,64.48,64.16,64.44,812
2025.09.01,11:00,64.48,64.78,64.47,64.70,888
2025.09.01,12:00,64.71,64.71,64.53,64.62,599
2025.09.01,13:00,64.62,64.71,64.60,64.69,436
2025.09.01,14:00,64.70,64.85,64.68,64.80,645
2025.09.01,15:00,64.78,64.86,64.63,64.82,839
2025.09.01,16:00,64.79,64.84,64.64,64.67,719
2025.09.01,17:00,64.65,64.87,64.57,64.71,1079
2025.09.01,18:00,64.71,64.79,64.58,64.68,588
2025.09.01,19:00,64.65,64.71,64.61,64.62,301
2025.09.01,20:00,64.61,64.67,64.59,64.59,156
2025.09.02,00:00,64.62,64.64,64.45,64.54,206
2025.09.02,01:00,64.55,64.64,64.54,64.61,86
2025.09.02,02:00,64.62,64.83,64.59,64.81,363
2025.09.02,03:00,64.82,65.08,64.80,64.98,681
2025.09.02,04:00,64.97,64.99,64.87,64.95,466
2025.09.02,05:00,64.94,64.99,64.86,64.94,401
2025.09.02,06:00,64.95,64.96,64.86,64.87,141
2025.09.02,07:00,64.86,64.98,64.84,64.95,308
2025.09.02,08:00,64.94,65.09,64.84,65.05,636
2025.09.02,09:00,65.06,65.27,65.06,65.20,900
2025.09.02,10:00,65.18,65.81,65.18,65.78,1645
2025.09.02,11:00,65.77,66.02,65.64,65.93,1098
2025.09.02,12:00,65.95,66.00,65.82,65.90,797
2025.09.02,13:00,65.88,65.94,65.69,65.73,874
2025.09.02,14:00,65.74,65.82,64.49,64.52,1752
2025.09.02,15:00,64.53,65.16,64.47,64.96,2438
2025.09.02,16:00,64.94,65.28,64.71,65.19,1934
2025.09.02,17:00,65.20,65.55,65.11,65.40,1786
2025.09.02,18:00,65.41,65.76,65.36,65.66,1181
2025.09.02,19:00,65.65,65.74,65.49,65.57,862
2025.09.02,20:00,65.58,65.68,65.48,65.56,1006
2025.09.02,21:00,65.56,65.70,65.53,65.59,341
2025.09.02,22:00,65.58,65.65,65.48,65.62,370
2025.09.03,00:00,65.61,65.61,65.46,65.56,162
2025.09.03,01:00,65.59,65.64,65.54,65.55,92
2025.09.03,02:00,65.58,65.66,65.52,65.61,236
2025.09.03,03:00,65.62,65.72,65.56,65.59,594
2025.09.03,04:00,65.58,65.63,65.49,65.51,380
2025.09.03,05:00,65.54,65.55,65.32,65.38,342
2025.09.03,06:00,65.38,65.44,65.35,65.42,161
2025.09.03,07:00,65.41,65.46,65.31,65.36,270
2025.09.03,08:00,65.34,65.48,65.31,65.38,567
2025.09.03,09:00,65.40,65.46,65.21,65.32,887
2025.09.03,10:00,65.30,65.53,65.16,65.40,1160
2025.09.03,11:00,65.39,65.40,64.30,64.40,2417
2025.09.03,12:00,64.40,64.46,64.01,64.11,1554
2025.09.03,13:00,64.12,64.44,64.10,64.24,1183
2025.09.03,14:00,64.23,64.43,64.05,64.41,1208
2025.09.03,15:00,64.41,64.70,64.14,64.23,2605
2025.09.03,16:00,64.20,64.22,63.86,63.96,1977
2025.09.03,17:00,63.95,64.78,63.78,64.68,2376
2025.09.03,18:00,64.70,64.77,63.94,63.96,1909
2025.09.03,19:00,63.99,64.07,63.70,63.82,1143
2025.09.03,20:00,63.83,64.00,63.80,63.82,857
2025.09.03,21:00,63.83,63.96,63.75,63.92,363
2025.09.03,22:00,63.92,63.95,63.72,63.77,417
2025.09.04,00:00,63.77,63.83,63.73,63.77,191
2025.09.04,01:00,63.76,63.79,63.74,63.78,74
2025.09.04,02:00,63.77,63.77,63.62,63.73,342
2025.09.04,03:00,63.72,63.72,63.53,63.59,659
2025.09.04,04:00,63.59,63.66,63.49,63.64,458
2025.09.04,05:00,63.61,63.65,63.44,63.51,450
2025.09.04,06:00,63.53,63.53,63.43,63.51,147
2025.09.04,07:00,63.52,63.56,63.39,63.42,467
2025.09.04,08:00,63.48,63.53,63.18,63.22,929
2025.09.04,09:00,63.22,63.35,63.02,63.11,1085
2025.09.04,10:00,63.12,63.71,63.07,63.34,2204
2025.09.04,11:00,63.31,63.40,63.11,63.21,945
2025.09.04,12:00,63.20,63.31,62.87,62.93,978
2025.09.04,13:00,62.93,63.46,62.88,63.35,994
2025.09.04,14:00,63.34,63.40,63.15,63.20,1044
2025.09.04,15:00,63.22,63.36,62.74,63.16,2099
2025.09.04,16:00,63.15,63.57,62.97,63.50,2225
2025.09.04,17:00,63.49,63.69,63.33,63.43,1486
2025.09.04,18:00,63.42,63.66,63.26,63.59,1348
2025.09.04,19:00,63.58,63.68,63.41,63.55,910
2025.09.04,20:00,63.54,63.63,63.36,63.40,870
2025.09.04,21:00,63.42,63.42,63.23,63.32,426
2025.09.04,22:00,63.31,63.36,63.24,63.32,266
2025.09.05,00:00,63.32,63.36,63.22,63.26,209
2025.09.05,01:00,63.25,63.34,63.25,63.30,103
2025.09.05,02:00,63.30,63.32,63.22,63.26,194
2025.09.05,03:00,63.27,63.31,63.10,63.21,586
2025.09.05,04:00,63.20,63.36,63.15,63.31,379
2025.09.05,05:00,63.31,63.37,63.29,63.32,221
2025.09.05,06:00,63.29,63.39,63.28,63.32,138
2025.09.05,07:00,63.32,63.40,63.26,63.34,272
2025.09.05,08:00,63.33,63.41,63.04,63.18,772
2025.09.05,09:00,63.19,63.26,63.02,63.14,820
2025.09.05,10:00,63.15,63.39,63.03,63.35,1233
2025.09.05,11:00,63.37,63.48,63.13,63.36,861
2025.09.05,12:00,63.35,63.36,62.77,62.87,1020
2025.09.05,13:00,62.88,63.13,62.84,62.87,811
2025.09.05,14:00,62.87,62.96,61.76,62.16,2638
2025.09.05,15:00,62.16,62.42,61.93,62.10,2897
2025.09.05,16:00,62.11,62.11,61.67,61.77,2186
2025.09.05,17:00,61.81,61.92,61.45,61.51,1890
2025.09.05,18:00,61.52,61.84,61.44,61.84,1093
2025.09.05,19:00,61.83,61.86,61.58,61.72,873
2025.09.05,20:00,61.71,62.08,61.70,62.06,912
2025.09.05,21:00,62.05,62.06,61.91,62.00,378
2025.09.08,00:00,61.99,62.36,61.83,61.96,1071
2025.09.08,01:00,61.93,62.21,61.90,62.20,483
2025.09.08,02:00,62.22,62.28,62.10,62.18,399
2025.09.08,03:00,62.19,62.68,62.10,62.60,1310
2025.09.08,04:00,62.57,62.64,62.49,62.60,563
2025.09.08,05:00,62.62,62.64,62.56,62.61,378
2025.09.08,06:00,62.59,62.64,62.54,62.56,269
2025.09.08,07:00,62.57,62.84,62.55,62.81,482
2025.09.08,08:00,62.81,63.07,62.71,62.95,996
2025.09.08,09:00,62.94,63.02,62.77,62.80,943
2025.09.08,10:00,62.78,62.98,62.72,62.90,1137
2025.09.08,11:00,62.90,63.15,62.88,63.12,911
2025.09.08,12:00,63.11,63.22,62.96,63.10,983
2025.09.08,13:00,63.13,63.31,62.92,63.20,893
2025.09.08,14:00,63.18,63.24,62.93,62.98,929
2025.09.08,15:00,62.97,63.04,62.02,62.04,2156
2025.09.08,16:00,62.05,62.41,61.92,62.23,1845
2025.09.08,17:00,62.23,62.63,62.20,62.42,1499
2025.09.08,18:00,62.41,62.52,62.16,62.22,811
2025.09.08,19:00,62.22,62.43,62.17,62.20,701
2025.09.08,20:00,62.21,62.41,62.15,62.30,872
2025.09.08,21:00,62.30,62.39,62.29,62.37,192
2025.09.08,22:00,62.36,62.46,62.35,62.44,147
2025.09.09,00:00,62.42,62.45,62.38,62.41,103
2025.09.09,01:00,62.41,62.47,62.41,62.42,82
2025.09.09,02:00,62.45,62.49,62.37,62.40,223
2025.09.09,03:00,62.43,62.54,62.35,62.48,416
2025.09.09,04:00,62.47,62.61,62.46,62.54,286
2025.09.09,05:00,62.57,62.63,62.51,62.57,232
2025.09.09,06:00,62.55,62.72,62.55,62.72,203
2025.09.09,07:00,62.72,62.72,62.61,62.63,454
2025.09.09,08:00,62.61,62.85,62.58,62.74,746
2025.09.09,09:00,62.76,62.98,62.69,62.87,808
2025.09.09,10:00,62.86,63.15,62.83,62.96,1181
2025.09.09,11:00,62.98,63.01,62.62,62.68,1124
2025.09.09,12:00,62.67,62.78,62.57,62.71,781
2025.09.09,13:00,62.72,62.86,62.66,62.80,662
2025.09.09,14:00,62.82,63.02,62.76,62.85,976
2025.09.09,15:00,62.84,63.49,62.80,63.31,3375
2025.09.09,16:00,63.31,63.44,63.02,63.36,1979
2025.09.09,17:00,63.36,63.64,62.86,62.93,2180
2025.09.09,18:00,62.90,62.95,62.67,62.76,1115
2025.09.09,19:00,62.77,62.93,62.65,62.68,831
2025.09.09,20:00,62.67,62.71,62.52,62.68,755
2025.09.09,21:00,62.70,62.76,62.63,62.67,308
2025.09.09,22:00,62.65,62.78,62.60,62.75,424
2025.09.10,00:00,62.73,63.06,62.69,63.04,268
2025.09.10,01:00,63.02,63.13,62.94,63.00,299
2025.09.10,02:00,63.02,63.07,62.91,63.07,494
2025.09.10,03:00,63.07,63.15,62.99,63.13,530
2025.09.10,04:00,63.12,63.21,63.08,63.13,337
2025.09.10,05:00,63.14,63.22,63.10,63.19,329
2025.09.10,06:00,63.20,63.28,63.17,63.27,180
2025.09.10,07:00,63.28,63.36,63.21,63.26,438
2025.09.10,08:00,63.27,63.42,63.12,63.22,942
2025.09.10,09:00,63.23,63.32,63.04,63.13,927
2025.09.10,10:00,63.14,63.34,63.03,63.24,1176
2025.09.10,11:00,63.25,63.31,62.95,63.00,877
2025.09.10,12:00,63.02,63.25,62.91,63.23,684
2025.09.10,13:00,63.23,63.32,63.17,63.20,667
2025.09.10,14:00,63.21,63.48,63.14,63.23,1109
2025.09.10,15:00,63.24,63.43,63.02,63.21,1419
2025.09.10,16:00,63.24,63.45,62.95,63.23,1924
2025.09.10,17:00,63.25,63.99,63.19,63.96,2651
2025.09.10,18:00,63.95,64.07,63.88,63.97,1111
2025.09.10,19:00,63.95,63.96,63.69,63.72,841
2025.09.10,20:00,63.76,63.82,63.61,63.77,671
2025.09.10,21:00,63.75,63.85,63.72,63.75,297
2025.09.10,22:00,63.77,63.78,63.68,63.73,181
2025.09.11,00:00,63.78,63.78,63.66,63.76,117
2025.09.11,01:00,63.76,63.77,63.73,63.73,34
2025.09.11,02:00,63.73,63.78,63.70,63.72,181
2025.09.11,03:00,63.71,63.72,63.59,63.66,360
2025.09.11,04:00,63.68,63.70,63.58,63.61,204
2025.09.11,05:00,63.63,63.65,63.53,63.55,210
2025.09.11,06:00,63.53,63.58,63.48,63.52,94
2025.09.11,07:00,63.51,63.51,63.39,63.47,287
2025.09.11,08:00,63.45,63.62,63.45,63.54,507
2025.09.11,09:00,63.56,63.60,63.46,63.54,647
2025.09.11,10:00,63.57,63.65,63.16,63.37,1231
2025.09.11,11:00,63.34,63.56,63.26,63.35,814
2025.09.11,12:00,63.34,63.37,63.07,63.11,738
2025.09.11,13:00,63.13,63.18,62.85,62.98,787
2025.09.11,14:00,62.98,63.02,62.66,62.76,1298
2025.09.11,15:00,62.74,62.76,62.27,62.73,2094
2025.09.11,16:00,62.73,62.75,62.34,62.51,1582
2025.09.11,17:00,62.53,62.64,62.30,62.47,1345
2025.09.11,18:00,62.48,62.50,62.33,62.45,641
2025.09.11,19:00,62.47,62.59,62.36,62.47,598
2025.09.11,20:00,62.44,62.49,62.23,62.25,819
2025.09.11,21:00,62.26,62.30,62.20,62.24,252
2025.09.11,22:00,62.24,62.31,62.22,62.25,257
2025.09.12,00:00,62.24,62.31,62.16,62.23,138
2025.09.12,01:00,62.22,62.23,62.16,62.17,97
2025.09.12,02:00,62.18,62.19,62.02,62.04,359
2025.09.12,03:00,62.05,62.09,61.83,61.84,522
2025.09.12,04:00,61.85,61.92,61.77,61.78,490
2025.09.12,05:00,61.79,61.85,61.74,61.83,427
2025.09.12,06:00,61.82,61.87,61.78,61.80,157
2025.09.12,07:00,61.79,61.92,61.77,61.85,281
2025.09.12,08:00,61.85,61.89,61.68,61.74,739
2025.09.12,09:00,61.73,62.15,61.67,62.06,1035
2025.09.12,10:00,62.07,62.43,62.05,62.33,1223
2025.09.12,11:00,62.32,62.82,62.31,62.55,1125
2025.09.12,12:00,62.58,63.02,62.55,62.98,961
2025.09.12,13:00,62.98,63.42,62.92,63.41,1412
2025.09.12,14:00,63.40,63.95,63.27,63.51,2875
2025.09.12,15:00,63.51,63.55,63.14,63.34,2500
2025.09.12,16:00,63.34,63.49,63.15,63.29,1210
2025.09.12,17:00,63.30,63.50,63.19,63.21,1126
2025.09.12,18:00,63.24,63.29,62.55,62.55,1105
2025.09.12,19:00,62.55,62.64,62.43,62.52,817
2025.09.12,20:00,62.51,62.72,62.48,62.52,892
2025.09.12,21:00,62.54,62.60,62.47,62.51,294
2025.09.15,00:00,63.00,63.00,62.50,62.66,560
2025.09.15,01:00,62.65,62.70,62.61,62.65,187
2025.09.15,02:00,62.66,62.85,62.64,62.82,266
2025.09.15,03:00,62.83,63.04,62.83,63.00,683
2025.09.15,04:00,63.00,63.03,62.93,63.00,480
2025.09.15,05:00,63.00,63.13,62.95,63.05,405
2025.09.15,06:00,63.06,63.07,63.00,63.01,118
2025.09.15,07:00,63.02,63.11,62.98,63.07,330
2025.09.15,08:00,63.08,63.23,62.88,62.88,633
2025.09.15,09:00,62.87,63.05,62.79,62.97,693
2025.09.15,10:00,63.00,63.05,62.88,63.00,1142
2025.09.15,11:00,62.99,63.09,62.75,62.99,802
2025.09.15,12:00,62.97,63.01,62.71,62.75,693
2025.09.15,13:00,62.76,63.04,62.71,62.92,679
2025.09.15,14:00,62.92,63.05,62.84,62.92,838
2025.09.15,15:00,62.93,63.37,62.91,63.32,1625
2025.09.15,16:00,63.34,63.64,63.31,63.42,1503
2025.09.15,17:00,63.43,63.44,63.04,63.10,1394
2025.09.15,18:00,63.09,63.30,63.02,63.19,711
2025.09.15,19:00,63.22,63.46,63.22,63.31,667
2025.09.15,20:00,63.30,63.38,63.17,63.33,630
2025.09.15,21:00,63.31,63.35,63.22,63.30,188
2025.09.15,22:00,63.30,63.34,63.23,63.28,163
2025.09.16,00:00,63.23,63.35,63.23,63.33,161
2025.09.16,01:00,63.33,63.34,63.29,63.29,44
2025.09.16,02:00,63.29,63.37,63.28,63.31,201
2025.09.16,03:00,63.32,63.51,63.31,63.41,594
2025.09.16,04:00,63.41,63.51,63.39,63.43,325
2025.09.16,05:00,63.42,63.46,63.37,63.44,213
2025.09.16,06:00,63.44,63.48,63.42,63.45,109
2025.09.16,07:00,63.44,63.47,63.31,63.43,383
2025.09.16,08:00,63.45,63.54,63.20,63.30,655
2025.09.16,09:00,63.29,63.29,62.94,63.06,977
2025.09.16,10:00,63.04,63.27,62.89,62.96,1181
2025.09.16,11:00,62.95,63.19,62.88,63.14,906
2025.09.16,12:00,63.12,63.35,63.11,63.30,708
2025.09.16,13:00,63.31,63.75,63.26,63.61,958
2025.09.16,14:00,63.64,64.20,63.60,64.11,1551
2025.09.16,15:00,64.09,64.30,63.89,64.07,1696
2025.09.16,16:00,64.05,64.33,63.79,64.30,1455
2025.09.16,17:00,64.31,64.55,64.22,64.51,1324
2025.09.16,18:00,64.50,64.57,64.42,64.52,698
2025.09.16,19:00,64.49,64.75,64.49,64.68,657
2025.09.16,20:00,64.67,64.68,64.46,64.47,789
2025.09.16,21:00,64.47,64.61,64.39,64.57,315
2025.09.16,22:00,64.54,64.60,64.51,64.53,301
2025.09.17,00:00,64.24,64.30,64.09,64.29,193
2025.09.17,01:00,64.28,64.28,64.19,64.25,80
2025.09.17,02:00,64.27,64.28,64.13,64.17,285
2025.09.17,03:00,64.17,64.18,64.05,64.10,595
2025.09.17,04:00,64.09,64.12,64.03,64.08,306
2025.09.17,05:00,64.07,64.08,63.99,64.02,273
2025.09.17,06:00,64.00,64.09,63.99,64.07,258
2025.09.17,07:00,64.04,64.09,63.95,64.02,295
2025.09.17,08:00,64.05,64.17,63.94,64.06,638
2025.09.17,09:00,64.05,64.08,63.79,63.82,724
2025.09.17,10:00,63.83,63.89,63.60,63.75,947
2025.09.17,11:00,63.73,63.89,63.66,63.70,634
2025.09.17,12:00,63.71,63.77,63.47,63.63,677
2025.09.17,13:00,63.61,63.87,63.55,63.84,717
2025.09.17,14:00,63.87,63.97,63.78,63.84,771
2025.09.17,15:00,63.85,64.09,63.83,64.04,1176
2025.09.17,16:00,64.02,64.24,63.76,64.01,1795
2025.09.17,17:00,63.98,64.09,63.63,63.95,1650
2025.09.17,18:00,63.95,64.08,63.83,63.91,959
2025.09.17,19:00,63.93,64.02,63.84,63.95,750
2025.09.17,20:00,63.97,63.98,63.33,63.41,2391
2025.09.17,21:00,63.44,63.65,63.40,63.58,1079
2025.09.17,22:00,63.60,63.72,63.56,63.62,276
2025.09.18,00:00,63.59,63.78,63.57,63.78,142
2025.09.18,01:00,63.77,63.80,63.72,63.75,82
2025.09.18,02:00,63.73,63.73,63.46,63.46,358
2025.09.18,03:00,63.46,63.49,63.23,63.34,956
2025.09.18,04:00,63.33,63.52,63.32,63.48,460
2025.09.18,05:00,63.48,63.63,63.48,63.57,372
2025.09.18,06:00,63.55,63.60,63.43,63.47,186
2025.09.18,07:00,63.44,63.47,63.34,63.38,370
2025.09.18,08:00,63.37,63.50,63.28,63.40,738
2025.09.18,09:00,63.41,63.56,63.22,63.33,888
2025.09.18,10:00,63.34,63.90,63.27,63.84,1144
2025.09.18,11:00,63.82,63.86,63.10,63.15,1117
2025.09.18,12:00,63.12,63.69,63.08,63.56,942
2025.09.18,13:00,63.58,64.09,63.58,63.99,939
2025.09.18,14:00,64.02,64.12,63.79,63.79,1014
2025.09.18,15:00,63.79,63.88,63.53,63.74,1844
2025.09.18,16:00,63.73,64.19,63.73,63.77,1434
2025.09.18,17:00,63.80,63.96,63.16,63.46,2239
2025.09.18,18:00,63.48,63.48,63.20,63.24,842
2025.09.18,19:00,63.23,63.26,63.00,63.11,894
2025.09.18,20:00,63.10,63.42,63.08,63.42,858
2025.09.18,21:00,63.41,63.43,63.31,63.36,313
2025.09.18,22:00,63.37,63.39,63.26,63.29,292
2025.09.19,00:00,63.28,63.31,63.19,63.21,222
2025.09.19,01:00,63.20,63.24,63.18,63.22,39
2025.09.19,02:00,63.22,63.30,63.16,63.24,239
2025.09.19,03:00,63.23,63.34,63.19,63.29,646
2025.09.19,04:00,63.30,63.31,63.11,63.15,597
2025.09.19,05:00,63.13,63.17,63.08,63.15,264
2025.09.19,06:00,63.15,63.15,63.00,63.05,174
2025.09.19,07:00,63.05,63.14,62.84,62.92,431
2025.09.19,08:00,62.94,63.09,62.92,63.04,618
2025.09.19,09:00,63.06,63.25,62.86,62.88,907
2025.09.19,10:00,62.89,62.98,62.68,62.71,1111
2025.09.19,11:00,62.70,62.82,62.56,62.66,1012
2025.09.19,12:00,62.67,63.06,62.51,62.87,834
2025.09.19,13:00,62.88,63.21,62.81,62.91,836
2025.09.19,14:00,62.93,63.01,62.77,62.96,1055
2025.09.19,15:00,62.98,63.00,62.59,62.76,1584
2025.09.19,16:00,62.78,63.18,62.57,62.74,1449
2025.09.19,17:00,62.74,62.76,62.20,62.47,1631
2025.09.19,18:00,62.48,62.57,62.38,62.40,867
2025.09.19,19:00,62.43,62.56,62.33,62.53,662
2025.09.19,20:00,62.50,62.56,62.33,62.40,859
2025.09.19,21:00,62.41,62.43,62.30,62.34,406
2025.09.22,00:00,62.31,62.51,62.29,62.50,406
2025.09.22,01:00,62.50,62.53,62.46,62.53,127
2025.09.22,02:00,62.52,62.61,62.48,62.59,250
2025.09.22,03:00,62.56,62.78,62.53,62.68,514
2025.09.22,04:00,62.68,62.80,62.68,62.69,413
2025.09.22,05:00,62.70,62.82,62.68,62.79,256
2025.09.22,06:00,62.77,62.80,62.74,62.79,82
2025.09.22,07:00,62.77,62.91,62.75,62.76,298
2025.09.22,08:00,62.79,62.99,62.71,62.83,627
2025.09.22,09:00,62.83,62.97,62.67,62.76,815
2025.09.22,10:00,62.77,62.80,62.44,62.47,1147
2025.09.22,11:00,62.47,62.53,62.20,62.26,825
2025.09.22,12:00,62.24,62.26,61.88,61.94,905
2025.09.22,13:00,61.93,62.06,61.83,61.87,586
2025.09.22,14:00,61.86,62.03,61.68,61.75,875
2025.09.22,15:00,61.76,61.98,61.59,61.90,1508
2025.09.22,16:00,61.91,62.17,61.83,62.14,995
2025.09.22,17:00,62.17,62.25,62.01,62.16,1185
2025.09.22,18:00,62.17,62.23,62.05,62.14,567
2025.09.22,19:00,62.12,62.42,62.12,62.27,725
2025.09.22,20:00,62.27,62.35,62.05,62.28,661
2025.09.22,21:00,62.29,62.34,62.26,62.27,170
2025.09.22,22:00,62.28,62.38,62.26,62.34,186
2025.09.23,00:00,62.35,62.36,62.25,62.25,102
2025.09.23,01:00,62.24,62.34,62.20,62.34,76
2025.09.23,02:00,62.33,62.39,62.24,62.24,148
2025.09.23,03:00,62.24,62.25,62.01,62.01,637
2025.09.23,04:00,62.01,62.05,61.90,61.93,397
2025.09.23,05:00,61.96,61.96,61.87,61.88,223
2025.09.23,06:00,61.90,61.99,61.86,61.93,138
2025.09.23,07:00,61.91,62.05,61.83,61.90,316
2025.09.23,08:00,61.87,62.13,61.84,61.98,498
2025.09.23,09:00,61.95,62.23,61.84,62.21,668
2025.09.23,10:00,62.23,62.33,61.92,62.18,931
2025.09.23,11:00,62.19,62.68,62.14,62.65,881
2025.09.23,12:00,62.65,63.03,62.61,62.95,921
2025.09.23,13:00,62.94,63.05,62.83,63.00,704
2025.09.23,14:00,63.01,63.17,62.92,63.07,771
2025.09.23,15:00,63.09,63.33,62.96,63.31,1339
2025.09.23,16:00,63.32,63.63,63.28,63.56,1712
2025.09.23,17:00,63.57,63.87,63.51,63.57,1367
2025.09.23,18:00,63.60,63.66,63.29,63.33,694
2025.09.23,19:00,63.36,63.49,63.17,63.28,761
2025.09.23,20:00,63.29,63.55,63.21,63.53,684
2025.09.23,21:00,63.52,63.77,63.52,63.67,558
2025.09.23,22:00,63.68,63.70,63.56,63.65,265
2025.09.24,00:00,63.61,63.83,63.59,63.81,221
2025.09.24,01:00,63.79,63.81,63.71,63.72,75
2025.09.24,02:00,63.73,63.73,63.61,63.72,237
2025.09.24,03:00,63.69,63.73,63.57,63.62,502
2025.09.24,04:00,63.62,63.62,63.51,63.54,238
2025.09.24,05:00,63.55,63.62,63.54,63.59,172
2025.09.24,06:00,63.62,63.62,63.50,63.50,72
2025.09.24,07:00,63.52,63.63,63.43,63.49,275
2025.09.24,08:00,63.52,63.58,63.39,63.52,550
2025.09.24,09:00,63.53,63.84,63.43,63.76,655
2025.09.24,10:00,63.77,63.81,63.23,63.39,986
2025.09.24,11:00,63.38,63.79,63.34,63.77,819
2025.09.24,12:00,63.76,64.19,63.76,64.03,928
2025.09.24,13:00,64.02,64.18,63.96,64.14,628
2025.09.24,14:00,64.15,64.45,64.12,64.24,953
2025.09.24,15:00,64.22,64.44,64.15,64.37,1084
2025.09.24,16:00,64.37,64.56,64.09,64.54,1439
2025.09.24,17:00,64.53,64.84,64.53,64.71,1591
2025.09.24,18:00,64.70,64.81,64.57,64.77,778
2025.09.24,19:00,64.78,65.04,64.78,64.90,658
2025.09.24,20:00,64.92,65.04,64.78,64.85,844
2025.09.24,21:00,64.85,64.87,64.77,64.81,358
2025.09.24,22:00,64.78,64.84,64.77,64.82,181
2025.09.25,00:00,64.78,64.79,64.69,64.73,233
2025.09.25,01:00,64.75,64.75,64.67,64.72,113
2025.09.25,02:00,64.72,64.91,64.65,64.88,336
2025.09.25,03:00,64.89,64.90,64.66,64.69,447
2025.09.25,04:00,64.68,64.79,64.64,64.75,260
2025.09.25,05:00,64.74,64.77,64.63,64.71,271
2025.09.25,06:00,64.71,64.73,64.65,64.68,108
2025.09.25,07:00,64.65,64.76,64.59,64.73,262
2025.09.25,08:00,64.75,64.89,64.67,64.81,592
2025.09.25,09:00,64.80,64.84,64.44,64.65,962
2025.09.25,10:00,64.66,64.72,64.24,64.30,1182
2025.09.25,11:00,64.30,64.65,64.25,64.59,914
2025.09.25,12:00,64.58,64.82,64.42,64.76,1022
2025.09.25,13:00,64.77,64.83,64.54,64.67,1315
2025.09.25,14:00,64.64,64.72,64.41,64.54,1403
2025.09.25,15:00,64.55,64.56,64.10,64.20,1854
2025.09.25,16:00,64.22,64.32,64.04,64.17,1320
2025.09.25,17:00,64.20,64.96,64.16,64.85,1601
2025.09.25,18:00,64.84,64.85,64.60,64.68,1158
2025.09.25,19:00,64.67,65.02,64.58,64.79,1385
2025.09.25,20:00,64.80,65.25,64.73,65.22,1075
2025.09.25,21:00,65.21,65.33,65.10,65.31,582
2025.09.25,22:00,65.30,65.32,65.16,65.20,342
2025.09.26,00:00,65.20,65.34,65.17,65.31,252
2025.09.26,01:00,65.29,65.33,65.21,65.24,160
2025.09.26,02:00,65.26,65.30,65.18,65.25,282
2025.09.26,03:00,65.24,65.39,65.15,65.30,490
2025.09.26,04:00,65.31,65.33,65.20,65.22,340
2025.09.26,05:00,65.21,65.26,65.13,65.16,251
2025.09.26,06:00,65.18,65.25,65.13,65.16,189
2025.09.26,07:00,65.16,65.27,65.13,65.19,418
2025.09.26,08:00,65.18,65.39,65.12,65.16,638
2025.09.26,09:00,65.14,65.30,65.02,65.08,1217
2025.09.26,10:00,65.08,65.17,64.96,65.14,1146
2025.09.26,11:00,65.11,65.16,64.70,64.73,958
2025.09.26,12:00,64.72,64.92,64.63,64.82,669
2025.09.26,13:00,64.83,65.12,64.80,64.84,780
2025.09.26,14:00,64.82,65.34,64.76,65.19,930
2025.09.26,15:00,65.22,65.56,65.21,65.50,1301
2025.09.26,16:00,65.50,66.37,65.50,66.33,2111
2025.09.26,17:00,66.33,66.40,66.11,66.16,1664
2025.09.26,18:00,66.15,66.20,65.75,65.84,1314
2025.09.26,19:00,65.82,65.89,65.37,65.60,1328
2025.09.26,20:00,65.63,65.78,65.42,65.53,1294
2025.09.26,21:00,65.50,65.53,65.22,65.26,575
2025.09.29,00:00,65.04,65.12,64.85,65.09,837
2025.09.29,01:00,65.10,65.17,64.97,65.11,405
2025.09.29,02:00,65.11,65.14,65.00,65.11,293
2025.09.29,03:00,65.11,65.26,65.02,65.08,830
2025.09.29,04:00,65.09,65.33,65.00,65.27,441
2025.09.29,05:00,65.27,65.32,65.17,65.22,272
2025.09.29,06:00,65.21,65.36,65.18,65.33,185
2025.09.29,07:00,65.32,65.36,65.23,65.27,340
2025.09.29,08:00,65.26,65.39,65.06,65.27,735
2025.09.29,09:00,65.29,65.29,64.87,64.95,950
2025.09.29,10:00,64.94,65.01,64.69,64.99,1394
2025.09.29,11:00,64.96,64.97,64.53,64.57,1141
2025.09.29,12:00,64.56,64.67,64.40,64.46,900
2025.09.29,13:00,64.46,64.54,64.33,64.44,857
2025.09.29,14:00,64.42,64.58,64.15,64.47,1264
2025.09.29,15:00,64.50,64.50,63.59,63.64,2283
2025.09.29,16:00,63.66,63.83,63.53,63.58,1439
2025.09.29,17:00,63.58,63.63,63.09,63.25,1694
2025.09.29,18:00,63.28,63.42,63.22,63.28,723
2025.09.29,19:00,63.28,63.29,62.99,63.04,693
2025.09.29,20:00,63.02,63.48,62.97,63.20,1014
2025.09.29,21:00,63.19,63.25,63.09,63.19,467
2025.09.29,22:00,63.19,63.24,63.08,63.19,292
2025.09.30,00:00,63.13,63.19,63.06,63.12,171
2025.09.30,01:00,63.09,63.13,63.07,63.09,85
2025.09.30,02:00,63.07,63.09,63.00,63.06,268
2025.09.30,03:00,63.03,63.20,63.00,63.18,787
2025.09.30,04:00,63.15,63.18,63.02,63.04,375
2025.09.30,05:00,63.05,63.10,62.90,63.08,411
2025.09.30,06:00,63.07,63.13,63.02,63.07,208
2025.09.30,07:00,63.07,63.22,63.01,63.17,526
2025.09.30,08:00,63.16,63.24,63.04,63.15,593
2025.09.30,09:00,63.14,63.18,62.64,62.73,1316
2025.09.30,10:00,62.74,62.98,62.42,62.95,1508
2025.09.30,11:00,62.94,63.01,62.64,62.67,1203
2025.09.30,12:00,62.67,63.11,62.60,62.92,1103
2025.09.30,13:00,62.93,63.03,62.21,62.28,1154
2025.09.30,14:00,62.26,62.47,62.01,62.35,3009
2025.09.30,15:00,62.34,62.78,62.29,62.69,2124
2025.09.30,16:00,62.70,62.75,62.20,62.22,1590
2025.09.30,17:00,62.20,63.01,62.19,62.74,2632
2025.09.30,18:00,62.72,62.96,62.67,62.71,1402
2025.09.30,19:00,62.71,62.74,62.36,62.39,843
2025.09.30,20:00,62.40,62.57,62.31,62.54,940
2025.09.30,21:00,62.55,62.61,62.47,62.49,464
2025.09.30,22:00,62.50,62.57,62.37,62.42,324
2025.10.01,00:00,62.45,62.54,62.40,62.48,294
2025.10.01,01:00,62.48,62.50,62.44,62.47,122
2025.10.01,02:00,62.47,62.58,62.18,62.18,384
2025.10.01,03:00,62.19,62.53,62.19,62.47,464
2025.10.01,04:00,62.45,62.55,62.40,62.43,301
2025.10.01,05:00,62.44,62.53,62.37,62.50,289
2025.10.01,06:00,62.49,62.60,62.47,62.59,222
2025.10.01,07:00,62.58,62.64,62.41,62.43,270
2025.10.01,08:00,62.40,62.64,62.40,62.57,663
2025.10.01,09:00,62.56,62.83,62.52,62.76,956
2025.10.01,10:00,62.73,62.89,61.99,62.19,1876
2025.10.01,11:00,62.16,62.25,61.61,61.84,1618
2025.10.01,12:00,61.83,62.38,61.83,62.20,1107
2025.10.01,13:00,62.19,62.21,61.97,62.09,901
2025.10.01,14:00,62.12,62.16,61.75,61.86,1477
2025.10.01,15:00,61.87,62.12,61.37,61.54,2210
2025.10.01,16:00,61.54,61.99,61.43,61.83,2504
2025.10.01,17:00,61.85,62.06,61.43,61.78,2316
2025.10.01,18:00,61.76,62.28,61.74,61.79,1527
2025.10.01,19:00,61.80,61.97,61.67,61.76,916
2025.10.01,20:00,61.77,61.98,61.67,61.92,915
2025.10.01,21:00,61.92,62.10,61.90,61.95,413
2025.10.01,22:00,61.95,62.00,61.71,61.79,372
2025.10.02,00:00,61.75,61.79,61.56,61.59,189
2025.10.02,01:00,61.57,61.93,61.57,61.82,326
2025.10.02,02:00,61.84,62.49,61.79,61.92,939
2025.10.02,03:00,61.93,62.11,61.87,62.06,576
2025.10.02,04:00,62.07,62.27,62.04,62.16,439
2025.10.02,05:00,62.15,62.19,61.99,62.10,264
2025.10.02,06:00,62.13,62.14,62.01,62.02,267
2025.10.02,07:00,62.05,62.23,62.03,62.07,447
2025.10.02,08:00,62.06,62.07,61.78,61.85,736
2025.10.02,09:00,61.86,62.02,61.68,61.88,1052
2025.10.02,10:00,61.85,62.06,61.72,61.86,1709
2025.10.02,11:00,61.85,61.88,61.20,61.36,1609
2025.10.02,12:00,61.37,61.72,61.31,61.50,1335
2025.10.02,13:00,61.51,61.59,61.29,61.50,1026
2025.10.02,14:00,61.47,61.54,61.33,61.43,1180
2025.10.02,15:00,61.42,61.65,61.04,61.47,2146
2025.10.02,16:00,61.49,61.82,60.93,60.98,2454
2025.10.02,17:00,61.00,61.11,60.65,60.79,1653
2025.10.02,18:00,60.79,60.86,60.39,60.59,1205
2025.10.02,19:00,60.60,60.66,60.39,60.40,701
2025.10.02,20:00,60.41,60.60,60.37,60.51,779
2025.10.02,21:00,60.51,60.64,60.51,60.60,281
2025.10.02,22:00,60.60,60.77,60.58,60.69,442
2025.10.03,00:00,60.69,60.76,60.64,60.67,228
2025.10.03,01:00,60.65,60.72,60.61,60.70,135
2025.10.03,02:00,60.71,60.71,60.57,60.63,358
2025.10.03,03:00,60.61,60.80,60.61,60.71,373
2025.10.03,04:00,60.70,60.73,60.63,60.68,240
2025.10.03,05:00,60.69,60.86,60.68,60.81,359
2025.10.03,06:00,60.80,60.88,60.76,60.85,123
2025.10.03,07:00,60.84,61.00,60.83,60.97,370
2025.10.03,08:00,60.97,61.20,60.94,61.11,747
2025.10.03,09:00,61.08,61.23,60.92,60.96,1024
2025.10.03,10:00,60.94,61.37,60.88,61.36,1459
2025.10.03,11:00,61.34,61.38,60.71,60.81,1332
2025.10.03,12:00,60.82,60.97,60.69,60.73,1012
2025.10.03,13:00,60.72,60.95,60.61,60.67,1026
2025.10.03,14:00,60.61,60.87,60.53,60.83,1127
2025.10.03,15:00,60.83,61.01,60.64,60.90,1746
2025.10.03,16:00,60.89,61.24,60.72,61.00,1905
2025.10.03,17:00,61.02,61.26,60.88,61.02,1919
2025.10.03,18:00,61.02,61.20,60.98,61.14,1076
2025.10.03,19:00,61.12,61.19,61.00,61.14,806
2025.10.03,20:00,61.15,61.17,60.67,60.78,828
2025.10.03,21:00,60.79,60.86,60.71,60.73,373
2025.10.06,00:00,61.17,61.81,61.00,61.41,1535
2025.10.06,01:00,61.42,61.61,61.37,61.59,644
2025.10.06,02:00,61.59,61.82,61.50,61.78,699
2025.10.06,03:00,61.75,61.79,61.65,61.79,278
2025.10.06,04:00,61.78,61.81,61.71,61.76,213
2025.10.06,05:00,61.75,61.81,61.72,61.80,170
2025.10.06,06:00,61.78,61.91,61.75,61.86,245
2025.10.06,07:00,61.85,61.86,61.55,61.71,482
2025.10.06,08:00,61.70,61.73,61.44,61.72,875
2025.10.06,09:00,61.69,62.03,61.53,61.57,1377
2025.10.06,10:00,61.56,61.98,61.48,61.89,1615
2025.10.06,11:00,61.89,62.06,61.78,61.98,990
2025.10.06,12:00,62.01,62.10,61.68,61.72,812
2025.10.06,13:00,61.69,61.76,61.01,61.25,1226
2025.10.06,14:00,61.24,61.64,61.23,61.37,1131
2025.10.06,15:00,61.38,61.90,61.22,61.88,1906
2025.10.06,16:00,61.89,61.90,61.23,61.28,1894
2025.10.06,17:00,61.29,61.84,61.16,61.71,1864
2025.10.06,18:00,61.71,61.97,61.60,61.63,1055
2025.10.06,19:00,61.64,61.80,61.47,61.71,776
2025.10.06,20:00,61.72,61.84,61.56,61.67,636
2025.10.06,21:00,61.68,61.80,61.64,61.75,269
2025.10.06,22:00,61.73,61.82,61.61,61.72,212
2025.10.07,00:00,61.73,61.82,61.66,61.69,119
2025.10.07,01:00,61.66,61.73,61.63,61.67,66
2025.10.07,02:00,61.66,61.72,61.63,61.69,195
2025.10.07,03:00,61.67,61.82,61.67,61.75,186
2025.10.07,04:00,61.73,61.91,61.73,61.88,235
2025.10.07,05:00,61.89,61.93,61.83,61.89,129
2025.10.07,06:00,61.86,61.87,61.67,61.69,176
2025.10.07,07:00,61.71,61.95,61.67,61.90,329
2025.10.07,08:00,61.90,62.03,61.76,61.82,554
2025.10.07,09:00,61.81,61.88,61.48,61.64,1029
2025.10.07,10:00,61.63,61.89,61.46,61.47,1278
2025.10.07,11:00,61.49,61.57,61.25,61.53,1130
2025.10.07,12:00,61.51,61.71,61.44,61.58,653
2025.10.07,13:00,61.57,61.82,61.55,61.70,848
2025.10.07,14:00,61.72,61.79,61.30,61.32,1111
2025.10.07,15:00,61.31,61.87,60.71,61.66,2911
2025.10.07,16:00,61.68,61.71,61.17,61.60,2089
2025.10.07,17:00,61.59,61.79,61.40,61.53,1733
2025.10.07,18:00,61.54,61.61,61.35,61.43,1290
2025.10.07,19:00,61.46,61.71,61.38,61.52,859
2025.10.07,20:00,61.52,61.98,61.50,61.97,888
2025.10.07,21:00,61.97,62.09,61.92,62.07,315
2025.10.07,22:00,62.08,62.10,61.98,62.03,302
2025.10.08,00:00,62.04,62.19,62.04,62.16,159
2025.10.08,01:00,62.15,62.16,62.10,62.12,95
2025.10.08,02:00,62.14,62.20,62.05,62.17,252
2025.10.08,03:00,62.17,62.25,62.13,62.19,187
2025.10.08,04:00,62.22,62.33,62.19,62.28,172
2025.10.08,05:00,62.25,62.35,62.21,62.24,390
2025.10.08,06:00,62.22,62.27,62.16,62.20,182
2025.10.08,07:00,62.22,62.30,62.18,62.25,244
2025.10.08,08:00,62.27,62.42,62.22,62.37,618
2025.10.08,09:00,62.37,62.44,62.21,62.32,902
2025.10.08,10:00,62.33,62.37,62.10,62.27,1296
2025.10.08,11:00,62.25,62.64,62.21,62.49,1084
2025.10.08,12:00,62.50,62.60,62.27,62.44,927
2025.10.08,13:00,62.40,62.71,62.40,62.65,564
2025.10.08,14:00,62.66,62.80,62.56,62.59,967
2025.10.08,15:00,62.55,62.67,62.08,62.21,1603
2025.10.08,16:00,62.22,62.56,62.10,62.54,1739
2025.10.08,17:00,62.52,62.91,62.52,62.83,1520
2025.10.08,18:00,62.81,62.91,62.41,62.60,986
2025.10.08,19:00,62.63,62.79,62.57,62.71,607
2025.10.08,20:00,62.70,62.75,62.36,62.36,813
2025.10.08,21:00,62.38,62.44,62.35,62.38,309
2025.10.08,22:00,62.36,62.43,62.25,62.29,182
2025.10.09,00:00,62.30,62.33,62.02,62.16,274
2025.10.09,01:00,62.17,62.18,61.91,62.05,419
2025.10.09,02:00,62.04,62.08,61.83,61.94,445
2025.10.09,03:00,61.94,62.16,61.79,62.07,1505
2025.10.09,04:00,62.07,62.16,61.95,62.02,783
2025.10.09,05:00,62.02,62.17,62.02,62.10,440
2025.10.09,06:00,62.12,62.20,62.11,62.15,191
2025.10.09,07:00,62.16,62.63,62.16,62.60,958
2025.10.09,08:00,62.61,62.63,62.41,62.61,897
2025.10.09,09:00,62.60,62.76,62.53,62.73,782
2025.10.09,10:00,62.69,62.82,62.48,62.69,1247
2025.10.09,11:00,62.71,62.86,62.32,62.37,1240
2025.10.09,12:00,62.37,62.40,62.04,62.14,1043
2025.10.09,13:00,62.15,62.46,62.13,62.25,901
2025.10.09,14:00,62.24,62.63,62.15,62.55,1116
2025.10.09,15:00,62.57,62.84,62.23,62.27,1778
2025.10.09,16:00,62.26,62.57,62.06,62.27,2068
2025.10.09,17:00,62.26,62.46,61.88,61.90,1892
2025.10.09,18:00,61.90,62.07,61.37,61.42,1384
2025.10.09,19:00,61.42,61.54,61.23,61.44,1048
2025.10.09,20:00,61.43,61.55,61.30,61.34,985
2025.10.09,21:00,61.35,61.51,61.23,61.43,449
2025.10.09,22:00,61.45,61.55,61.40,61.50,215
2025.10.10,00:00,61.49,61.52,61.43,61.50,228
2025.10.10,01:00,61.53,61.63,61.51,61.58,178
2025.10.10,02:00,61.57,61.65,61.50,61.65,324
2025.10.10,03:00,61.64,61.67,61.43,61.57,538
2025.10.10,04:00,61.57,61.63,61.44,61.52,384
2025.10.10,05:00,61.49,61.52,61.36,61.36,417
2025.10.10,06:00,61.37,61.38,61.21,61.21,147
2025.10.10,07:00,61.23,61.39,61.21,61.37,381
2025.10.10,08:00,61.37,61.42,61.11,61.14,977
2025.10.10,09:00,61.14,61.34,61.01,61.24,1124
2025.10.10,10:00,61.24,61.48,61.10,61.25,1314
2025.10.10,11:00,61.24,61.30,60.96,61.14,1168
2025.10.10,12:00,61.12,61.16,60.66,60.67,979
2025.10.10,13:00,60.69,60.90,60.60,60.65,805
2025.10.10,14:00,60.64,60.67,60.14,60.27,1541
2025.10.10,15:00,60.24,60.34,59.55,60.17,3557
2025.10.10,16:00,60.19,60.51,59.79,60.09,2650
2025.10.10,17:00,60.11,60.13,58.89,58.91,4619
2025.10.10,18:00,58.91,59.13,58.68,58.89,2889
2025.10.10,19:00,58.91,59.10,58.85,58.94,1654
2025.10.10,20:00,58.92,58.96,58.68,58.76,1478
2025.10.10,21:00,58.76,58.95,58.75,58.83,851
2025.10.13,00:00,59.10,59.81,58.97,59.31,2210
2025.10.13,01:00,59.31,59.63,59.20,59.59,650
2025.10.13,02:00,59.59,59.81,59.37,59.69,902
2025.10.13,03:00,59.70,59.97,59.58,59.90,1615
2025.10.13,04:00,59.88,60.00,59.79,59.81,728
2025.10.13,05:00,59.80,59.91,59.66,59.69,615
2025.10.13,06:00,59.72,59.79,59.62,59.63,261
2025.10.13,07:00,59.62,59.82,59.60,59.78,656
2025.10.13,08:00,59.76,59.86,59.67,59.83,1144
2025.10.13,09:00,59.81,59.92,59.57,59.75,1294
2025.10.13,10:00,59.75,60.03,59.63,60.00,1723
2025.10.13,11:00,60.01,60.16,59.85,60.09,1039
2025.10.13,12:00,60.08,60.15,59.84,59.96,1087
2025.10.13,13:00,59.94,60.11,59.66,59.76,1292
2025.10.13,14:00,59.76,59.82,59.31,59.36,1555
2025.10.13,15:00,59.39,59.79,59.19,59.76,2479
2025.10.13,16:00,59.77,60.08,59.68,59.95,2120
2025.10.13,17:00,59.95,60.01,59.40,59.48,1789
2025.10.13,18:00,59.44,59.70,59.44,59.66,1169
2025.10.13,19:00,59.67,59.81,59.60,59.72,729
2025.10.13,20:00,59.72,59.73,59.41,59.44,1054
2025.10.13,21:00,59.44,59.72,59.44,59.66,256
2025.10.13,22:00,59.66,59.72,59.48,59.54,367
2025.10.14,00:00,59.55,59.66,59.53,59.66,144
2025.10.14,01:00,59.66,59.66,59.61,59.64,65
2025.10.14,02:00,59.64,59.79,59.62,59.77,267
2025.10.14,03:00,59.75,59.81,59.65,59.70,728
2025.10.14,04:00,59.68,59.75,59.60,59.61,707
2025.10.14,05:00,59.62,59.72,59.57,59.69,451
2025.10.14,06:00,59.70,59.71,59.42,59.49,454
2025.10.14,07:00,59.50,59.50,59.09,59.15,1136
2025.10.14,08:00,59.12,59.39,59.01,59.05,1180
2025.10.14,09:00,59.04,59.07,58.38,58.65,2004
2025.10.14,10:00,58.63,58.68,58.06,58.29,2365
2025.10.14,11:00,58.26,58.41,57.98,58.31,1704
2025.10.14,12:00,58.33,58.42,57.66,57.75,1676
2025.10.14,13:00,57.77,58.33,57.77,58.26,1484
2025.10.14,14:00,58.29,58.37,57.96,58.06,1520
2025.10.14,15:00,58.08,58.71,58.04,58.37,3178
2025.10.14,16:00,58.36,58.53,58.10,58.27,2304
2025.10.14,17:00,58.28,58.61,58.00,58.52,2615
2025.10.14,18:00,58.49,58.85,58.47,58.68,1462
2025.10.14,19:00,58.69,58.97,58.68,58.79,1091
2025.10.14,20:00,58.80,58.87,58.60,58.80,1009
2025.10.14,21:00,58.83,58.85,58.35,58.44,947
2025.10.14,22:00,58.41,58.70,58.41,58.57,398
2025.10.15,00:00,58.20,58.37,58.17,58.26,219
2025.10.15,01:00,58.27,58.32,58.21,58.21,136
2025.10.15,02:00,58.23,58.24,58.13,58.22,363
2025.10.15,03:00,58.21,58.26,58.10,58.21,689
2025.10.15,04:00,58.22,58.31,58.02,58.02,681
2025.10.15,05:00,58.05,58.24,57.93,58.07,640
2025.10.15,06:00,58.07,58.14,58.02,58.08,361
2025.10.15,07:00,58.08,58.22,58.08,58.17,671
2025.10.15,08:00,58.15,58.41,58.13,58.33,918
2025.10.15,09:00,58.33,58.33,58.03,58.23,976
2025.10.15,10:00,58.24,58.44,58.08,58.19,1347
2025.10.15,11:00,58.22,58.38,58.08,58.25,1146
2025.10.15,12:00,58.24,58.37,58.12,58.27,885
2025.10.15,13:00,58.24,58.43,58.14,58.35,891
2025.10.15,14:00,58.38,58.91,58.31,58.84,1518
2025.10.15,15:00,58.81,58.84,58.33,58.40,2302
2025.10.15,16:00,58.41,58.49,58.16,58.20,1757
2025.10.15,17:00,58.18,58.25,57.84,57.95,2163
2025.10.15,18:00,57.95,58.09,57.76,58.08,1420
2025.10.15,19:00,58.07,58.13,57.79,57.91,1463
2025.10.15,20:00,57.91,58.13,57.75,58.11,1132
2025.10.15,21:00,58.10,58.20,57.98,58.02,412
2025.10.15,22:00,58.02,58.35,58.00,58.30,833
2025.10.16,00:00,58.25,58.38,58.18,58.19,210
2025.10.16,01:00,58.20,58.23,58.07,58.20,212
2025.10.16,02:00,58.20,58.52,58.19,58.32,523
2025.10.16,03:00,58.33,58.39,58.19,58.24,692
2025.10.16,04:00,58.23,58.30,58.17,58.24,481
2025.10.16,05:00,58.23,58.38,58.19,58.37,590
2025.10.16,06:00,58.37,58.40,58.31,58.35,255
2025.10.16,07:00,58.33,58.39,58.15,58.29,588
2025.10.16,08:00,58.27,58.44,58.23,58.34,700
2025.10.16,09:00,58.35,58.61,58.20,58.53,1278
2025.10.16,10:00,58.54,58.57,58.12,58.20,1643
2025.10.16,11:00,58.21,58.32,57.99,58.02,1184
2025.10.16,12:00,58.01,58.22,57.98,58.16,1055
2025.10.16,13:00,58.17,58.46,58.15,58.16,909
2025.10.16,14:00,58.17,58.23,58.05,58.07,1021
2025.10.16,15:00,58.06,58.20,57.79,57.94,1890
2025.10.16,16:00,57.97,57.98,57.74,57.87,1739
2025.10.16,17:00,57.90,58.16,57.24,57.62,2668
2025.10.16,18:00,57.64,57.97,57.02,57.31,3595
2025.10.16,19:00,57.30,57.43,56.88,56.92,2894
2025.10.16,20:00,56.93,57.22,56.76,57.11,1991
2025.10.16,21:00,57.11,57.13,56.92,57.04,719
2025.10.16,22:00,57.05,57.08,56.85,56.93,474
2025.10.17,00:00,56.99,57.08,56.97,57.01,210
2025.10.17,01:00,57.02,57.02,56.89,56.90,179
2025.10.17,02:00,56.90,56.98,56.83,56.97,515
2025.10.17,03:00,56.96,56.97,56.61,56.62,1018
2025.10.17,04:00,56.61,56.87,56.50,56.82,774
2025.10.17,05:00,56.80,56.90,56.70,56.82,710
2025.10.17,06:00,56.81,57.00,56.77,56.78,750
2025.10.17,07:00,56.80,56.88,56.74,56.79,685
2025.10.17,08:00,56.76,56.94,56.54,56.58,1029
2025.10.17,09:00,56.53,56.79,56.42,56.66,2001
2025.10.17,10:00,56.65,56.74,56.24,56.31,1755
2025.10.17,11:00,56.32,56.53,56.12,56.33,1593
2025.10.17,12:00,56.36,56.82,56.26,56.65,1394
2025.10.17,13:00,56.64,57.07,56.60,57.02,2144
2025.10.17,14:00,57.03,57.28,56.93,57.14,1949
2025.10.17,15:00,57.13,57.18,56.68,56.89,3235
2025.10.17,16:00,56.90,57.11,56.80,57.00,2725
2025.10.17,17:00,57.01,57.23,56.76,57.06,2487
2025.10.17,18:00,57.06,57.20,56.75,56.83,1207
2025.10.17,19:00,56.82,57.17,56.74,57.01,1349
2025.10.17,20:00,56.98,57.31,56.98,57.13,1482
2025.10.17,21:00,57.16,57.25,57.06,57.10,444
2025.10.20,00:00,57.31,57.43,57.07,57.12,773
2025.10.20,01:00,57.12,57.21,56.92,56.93,294
2025.10.20,02:00,56.94,57.01,56.87,56.96,428
2025.10.20,03:00,56.95,57.06,56.73,56.89,875
2025.10.20,04:00,56.88,57.03,56.86,56.91,410
2025.10.20,05:00,56.94,57.01,56.88,56.94,334
2025.10.20,06:00,56.94,56.99,56.88,56.97,213
2025.10.20,07:00,56.97,56.98,56.78,56.81,257
2025.10.20,08:00,56.81,56.83,56.54,56.60,675
2025.10.20,09:00,56.59,56.89,56.57,56.63,869
2025.10.20,10:00,56.64,56.97,56.62,56.92,1216
2025.10.20,11:00,56.92,57.06,56.79,56.84,781
2025.10.20,12:00,56.82,57.04,56.66,56.74,705
2025.10.20,13:00,56.73,56.78,56.52,56.72,690
2025.10.20,14:00,56.70,56.82,56.50,56.55,952
2025.10.20,15:00,56.57,56.75,55.95,56.53,2610
2025.10.20,16:00,56.56,56.75,56.35,56.55,1386
2025.10.20,17:00,56.54,56.88,56.33,56.47,1787
2025.10.20,18:00,56.48,56.66,56.46,56.59,1050
2025.10.20,19:00,56.60,56.98,56.52,56.88,1060
2025.10.20,20:00,56.90,57.06,56.81,56.89,839
2025.10.20,21:00,56.91,57.02,56.79,56.98,353
2025.10.20,22:00,57.00,57.02,56.83,56.93,313
2025.10.21,00:00,56.90,56.98,56.88,56.93,129
2025.10.21,01:00,56.94,56.97,56.88,56.97,77
2025.10.21,02:00,56.94,57.01,56.84,56.94,183
2025.10.21,03:00,56.94,56.98,56.58,56.80,508
2025.10.21,04:00,56.78,56.90,56.74,56.79,354
2025.10.21,05:00,56.79,56.85,56.76,56.84,175
2025.10.21,06:00,56.83,56.90,56.78,56.85,182
2025.10.21,07:00,56.84,57.11,56.83,56.99,443
2025.10.21,08:00,57.02,57.19,56.84,56.87,703
2025.10.21,09:00,56.87,56.87,56.65,56.72,822
2025.10.21,10:00,56.70,57.27,56.70,57.15,1283
2025.10.21,11:00,57.17,57.37,56.94,57.34,1018
2025.10.21,12:00,57.33,57.61,57.31,57.49,999
2025.10.21,13:00,57.49,57.66,57.30,57.36,778
2025.10.21,14:00,57.37,57.75,57.33,57.43,911
2025.10.21,15:00,57.45,57.45,56.39,56.40,2451
2025.10.21,16:00,56.40,57.01,56.32,56.81,2149
2025.10.21,17:00,56.82,57.43,56.73,57.32,1992
2025.10.21,18:00,57.32,58.04,57.16,57.17,1873
2025.10.21,19:00,57.19,57.51,56.95,57.22,1146
2025.10.21,20:00,57.19,57.34,57.11,57.31,910
2025.10.21,21:00,57.28,57.42,57.27,57.38,391
2025.10.21,22:00,57.40,57.60,57.38,57.56,370
2025.10.22,00:00,57.51,57.62,57.51,57.55,151
2025.10.22,01:00,57.55,57.62,57.50,57.51,96
2025.10.22,02:00,57.53,57.56,57.38,57.41,364
2025.10.22,03:00,57.40,57.48,57.31,57.40,748
2025.10.22,04:00,57.42,57.75,57.40,57.68,514
2025.10.22,05:00,57.69,58.37,57.69,58.15,1917
2025.10.22,06:00,58.16,58.26,58.12,58.18,392
2025.10.22,07:00,58.19,58.34,58.16,58.22,960
2025.10.22,08:00,58.22,58.48,58.17,58.28,1111
2025.10.22,09:00,58.27,58.33,58.02,58.14,1267
2025.10.22,10:00,58.13,58.41,58.08,58.23,1518
2025.10.22,11:00,58.24,58.32,58.03,58.13,1081
2025.10.22,12:00,58.12,58.38,57.90,58.29,1073
2025.10.22,13:00,58.26,58.52,58.15,58.29,973
2025.10.22,14:00,58.30,58.58,58.16,58.19,1161
2025.10.22,15:00,58.17,58.79,58.13,58.72,1970
2025.10.22,16:00,58.71,58.78,58.41,58.58,1927
2025.10.22,17:00,58.55,58.89,58.28,58.72,2146
2025.10.22,18:00,58.72,58.83,58.25,58.67,2342
2025.10.22,19:00,58.64,58.73,58.36,58.42,1305
2025.10.22,20:00,58.43,58.62,58.36,58.55,1034
2025.10.22,21:00,58.58,59.82,58.54,59.40,2942
2025.10.22,22:00,59.37,59.65,58.87,59.36,2582
2025.10.23,00:00,59.94,59.96,59.64,59.76,814
2025.10.23,01:00,59.78,60.13,59.76,60.06,770
2025.10.23,02:00,60.06,60.25,59.88,59.95,1064
2025.10.23,03:00,59.94,59.98,59.70,59.78,1440
2025.10.23,04:00,59.80,60.13,59.73,60.07,1003
2025.10.23,05:00,60.04,60.34,59.95,60.23,1547
2025.10.23,06:00,60.23,60.58,60.20,60.43,935
2025.10.23,07:00,60.44,60.89,60.41,60.87,1838
2025.10.23,08:00,60.88,60.88,60.36,60.42,1948
2025.10.23,09:00,60.45,60.68,60.36,60.42,2000
2025.10.23,10:00,60.44,61.34,60.37,61.32,2400
2025.10.23,11:00,61.33,61.79,61.29,61.76,1913
2025.10.23,12:00,61.75,61.87,61.44,61.60,1918
2025.10.23,13:00,61.59,62.07,61.30,61.58,2248
2025.10.23,14:00,61.57,61.73,61.09,61.70,2539
2025.10.23,15:00,61.73,62.11,61.09,61.65,4736
2025.10.23,16:00,61.64,61.67,61.27,61.43,2392
2025.10.23,17:00,61.44,62.03,61.21,62.02,2774
2025.10.23,18:00,62.01,62.18,61.69,62.01,1804
2025.10.23,19:00,61.99,62.09,61.46,61.68,1827
2025.10.23,20:00,61.68,61.85,61.54,61.70,1469
2025.10.23,21:00,61.71,61.79,61.53,61.61,589
2025.10.23,22:00,61.62,61.77,61.56,61.74,516
2025.10.24,00:00,61.73,61.77,61.57,61.71,170
2025.10.24,01:00,61.71,61.72,61.55,61.64,114
2025.10.24,02:00,61.64,61.71,61.47,61.60,566
2025.10.24,03:00,61.59,61.59,61.24,61.24,995
2025.10.24,04:00,61.27,61.44,61.21,61.38,742
2025.10.24,05:00,61.39,61.54,61.31,61.42,607
2025.10.24,06:00,61.39,61.59,61.38,61.51,311
2025.10.24,07:00,61.52,61.58,61.45,61.49,447
2025.10.24,08:00,61.49,61.66,61.36,61.43,814
2025.10.24,09:00,61.42,61.99,61.34,61.97,1129
2025.10.24,10:00,61.96,62.09,61.63,61.68,1738
2025.10.24,11:00,61.65,61.81,61.59,61.65,1182
2025.10.24,12:00,61.64,61.92,61.63,61.88,988
2025.10.24,13:00,61.91,62.45,61.85,62.44,1298
2025.10.24,14:00,62.44,62.59,61.69,61.77,1958
2025.10.24,15:00,61.78,62.15,61.75,62.08,2223
2025.10.24,16:00,62.07,62.37,61.90,62.16,1941
2025.10.24,17:00,62.19,62.40,62.09,62.24,1521
2025.10.24,18:00,62.26,62.29,61.88,61.91,1147
2025.10.24,19:00,61.88,61.93,61.48,61.53,1394
2025.10.24,20:00,61.54,61.69,61.40,61.56,1258
2025.10.24,21:00,61.55,61.58,61.39,61.48,545
2025.10.26,23:00,61.82,62.16,61.78,62.02,1092
2025.10.27,00:00,62.01,62.04,61.83,61.90,372
2025.10.27,01:00,61.91,62.01,61.73,61.73,506
2025.10.27,02:00,61.76,61.77,61.51,61.54,1284
2025.10.27,03:00,61.55,61.75,61.52,61.72,556
2025.10.27,04:00,61.71,61.73,61.48,61.50,365
2025.10.27,05:00,61.49,61.76,61.47,61.76,260
2025.10.27,06:00,61.73,61.88,61.68,61.85,462
2025.10.27,07:00,61.84,61.94,61.69,61.71,720
2025.10.27,08:00,61.73,61.79,61.35,61.60,1003
2025.10.27,09:00,61.62,61.63,60.68,60.68,2211
2025.10.27,10:00,60.71,61.02,60.65,60.79,1707
2025.10.27,11:00,60.80,61.17,60.74,60.90,1465
2025.10.27,12:00,60.87,61.49,60.87,61.43,1333
2025.10.27,13:00,61.42,61.57,61.19,61.53,1248
2025.10.27,14:00,61.55,61.88,61.32,61.79,2071
2025.10.27,15:00,61.81,61.98,61.46,61.90,1863
2025.10.27,16:00,61.89,62.02,61.55,61.65,1734
2025.10.27,17:00,61.63,61.74,61.43,61.57,1880
2025.10.27,18:00,61.59,61.70,61.32,61.45,1355
2025.10.27,19:00,61.44,61.51,61.11,61.40,1135
2025.10.27,20:00,61.39,61.48,61.29,61.39,312
2025.10.27,21:00,61.40,61.62,61.34,61.55,339
2025.10.27,23:00,61.51,61.51,61.32,61.32,117
2025.10.28,00:00,61.33,61.34,61.24,61.24,168
2025.10.28,01:00,61.26,61.27,61.08,61.10,341
2025.10.28,02:00,61.11,61.37,61.09,61.33,823
2025.10.28,03:00,61.33,61.38,61.16,61.26,502
2025.10.28,04:00,61.27,61.33,61.23,61.25,363
2025.10.28,05:00,61.22,61.27,61.11,61.15,214
2025.10.28,06:00,61.14,61.27,61.06,61.20,518
2025.10.28,07:00,61.20,61.28,61.04,61.07,911
2025.10.28,08:00,61.08,61.31,60.47,60.52,1514
2025.10.28,09:00,60.53,60.56,59.91,60.23,2883
2025.10.28,10:00,60.20,60.38,60.06,60.35,1866
2025.10.28,11:00,60.34,60.65,60.26,60.41,1420
2025.10.28,12:00,60.42,60.67,60.30,60.47,1219
2025.10.28,13:00,60.47,60.64,60.05,60.24,1350
2025.10.28,14:00,60.25,60.74,60.25,60.56,2351
2025.10.28,15:00,60.54,60.69,59.94,59.99,2162
2025.10.28,16:00,59.99,60.16,59.74,59.89,2075
2025.10.28,17:00,59.88,60.25,59.82,60.06,2405
2025.10.28,18:00,60.05,60.29,60.03,60.21,1105
2025.10.28,19:00,60.23,60.26,59.90,59.97,1330
2025.10.28,20:00,59.99,60.05,59.86,59.95,596
2025.10.28,21:00,59.92,60.23,59.86,60.18,634
2025.10.28,23:00,60.16,60.25,60.10,60.11,153
2025.10.29,00:00,60.13,60.26,60.12,60.20,100
2025.10.29,01:00,60.22,60.30,60.15,60.16,246
2025.10.29,02:00,60.16,60.40,60.16,60.33,598
2025.10.29,03:00,60.31,60.34,59.93,60.01,654
2025.10.29,04:00,60.04,60.16,59.99,60.12,335
2025.10.29,05:00,60.12,60.13,59.99,59.99,155
2025.10.29,06:00,59.97,60.19,59.96,60.11,399
2025.10.29,07:00,60.11,60.36,60.09,60.34,755
2025.10.29,08:00,60.33,60.51,60.21,60.26,920
2025.10.29,09:00,60.25,60.28,59.68,59.72,2037
2025.10.29,10:00,59.73,60.36,59.70,60.17,1517
2025.10.29,11:00,60.16,60.40,60.07,60.37,1084
2025.10.29,12:00,60.34,60.51,60.26,60.38,912
2025.10.29,13:00,60.37,60.37,60.01,60.15,1156
2025.10.29,14:00,60.16,60.48,60.03,60.33,1700
2025.10.29,15:00,60.34,60.90,60.34,60.87,2150
2025.10.29,16:00,60.87,60.98,60.74,60.86,1440
2025.10.29,17:00,60.83,61.01,60.56,60.62,1713
2025.10.29,18:00,60.63,60.70,60.48,60.64,1055
2025.10.29,19:00,60.63,60.69,60.29,60.46,2188
2025.10.29,20:00,60.45,60.56,60.26,60.31,1128
2025.10.29,21:00,60.31,60.42,60.29,60.36,491
2025.10.29,23:00,60.39,60.40,60.15,60.16,229
2025.10.30,00:00,60.16,60.23,60.10,60.21,201
2025.10.30,01:00,60.23,60.43,60.21,60.38,482
2025.10.30,02:00,60.35,60.39,60.18,60.24,974
2025.10.30,03:00,60.25,60.27,60.05,60.08,666
2025.10.30,04:00,60.07,60.38,60.07,60.37,570
2025.10.30,05:00,60.34,60.41,59.97,60.16,1164
2025.10.30,06:00,60.14,60.25,60.07,60.15,752
2025.10.30,07:00,60.15,60.29,60.01,60.09,969
2025.10.30,08:00,60.07,60.22,59.82,59.90,1083
2025.10.30,09:00,59.88,60.22,59.87,60.12,1409
2025.10.30,10:00,60.12,60.24,59.94,60.08,1157
2025.10.30,11:00,60.07,60.28,59.95,60.06,1027
2025.10.30,12:00,60.06,60.22,59.95,60.12,847
2025.10.30,13:00,60.11,60.18,59.80,59.96,1371
2025.10.30,14:00,59.94,60.09,59.62,59.85,2175
2025.10.30,15:00,59.85,60.54,59.80,60.42,2632
2025.10.30,16:00,60.39,60.70,60.36,60.44,1697
2025.10.30,17:00,60.42,60.71,60.42,60.67,1304
2025.10.30,18:00,60.68,60.78,60.54,60.64,858
2025.10.30,19:00,60.65,60.67,60.36,60.45,969
2025.10.30,20:00,60.44,60.48,60.20,60.21,539
2025.10.30,21:00,60.24,60.32,60.19,60.29,364
2025.10.30,23:00,60.27,60.29,60.18,60.24,145
2025.10.31,00:00,60.22,60.29,60.20,60.27,107
2025.10.31,01:00,60.27,60.28,60.16,60.25,252
2025.10.31,02:00,60.25,60.38,60.21,60.26,575
2025.10.31,03:00,60.27,60.31,60.12,60.22,362
2025.10.31,04:00,60.23,60.24,60.08,60.10,266
2025.10.31,05:00,60.09,60.17,60.08,60.13,146
2025.10.31,06:00,60.14,60.17,60.03,60.09,256
2025.10.31,07:00,60.07,60.25,60.04,60.21,674
2025.10.31,08:00,60.24,60.46,60.20,60.41,794
2025.10.31,09:00,60.44,60.52,60.14,60.16,1368
2025.10.31,10:00,60.15,60.34,60.00,60.07,1212
2025.10.31,11:00,60.10,60.41,59.97,60.36,1060
2025.10.31,12:00,60.37,60.44,60.26,60.33,821
2025.10.31,13:00,60.34,60.89,60.30,60.82,2134
2025.10.31,14:00,60.80,61.37,60.80,61.18,2845
2025.10.31,15:00,61.19,61.21,60.50,60.92,2040
2025.10.31,16:00,60.91,61.11,60.45,60.63,2314
2025.10.31,17:00,60.65,60.82,60.46,60.76,2085
2025.10.31,18:00,60.75,60.99,60.74,60.86,1119
2025.10.31,19:00,60.89,61.03,60.78,60.84,826
2025.10.31,20:00,60.82,60.93,60.78,60.86,448
2025.10.31,21:00,60.85,60.92,60.75,60.88,393
2025.11.03,00:00,61.40,61.43,61.16,61.39,832
2025.11.03,01:00,61.38,61.40,61.21,61.24,450
2025.11.03,02:00,61.27,61.44,61.11,61.14,899
2025.11.03,03:00,61.16,61.35,61.14,61.22,316
2025.11.03,04:00,61.21,61.25,61.11,61.24,256
2025.11.03,05:00,61.25,61.25,61.08,61.11,193
2025.11.03,06:00,61.10,61.44,61.10,61.41,484
2025.11.03,07:00,61.40,61.49,61.31,61.40,667
2025.11.03,08:00,61.44,61.45,61.18,61.27,849
2025.11.03,09:00,61.26,61.32,60.82,60.85,1386
2025.11.03,10:00,60.84,60.98,60.67,60.97,956
2025.11.03,11:00,60.94,61.21,60.74,61.19,1005
2025.11.03,12:00,61.17,61.19,60.56,60.81,970
2025.11.03,13:00,60.81,60.99,60.77,60.86,830
2025.11.03,14:00,60.86,61.03,60.76,60.84,1254
2025.11.03,15:00,60.82,61.16,60.58,60.85,2148
2025.11.03,16:00,60.79,61.01,60.49,60.97,2118
2025.11.03,17:00,60.96,61.47,60.94,61.28,1872
2025.11.03,18:00,61.27,61.35,61.12,61.25,822
2025.11.03,19:00,61.24,61.30,60.93,60.94,721
2025.11.03,20:00,60.97,61.11,60.72,60.97,810
2025.11.03,21:00,60.98,61.07,60.91,61.07,333
2025.11.03,22:00,61.04,61.06,60.92,61.00,208
2025.11.04,00:00,60.97,61.01,60.89,60.99,100
2025.11.04,01:00,60.98,60.99,60.86,60.87,104
2025.11.04,02:00,60.90,60.96,60.83,60.93,448
2025.11.04,03:00,60.90,60.93,60.76,60.78,276
2025.11.04,04:00,60.76,60.95,60.76,60.92,385
2025.11.04,05:00,60.91,60.92,60.82,60.86,160
2025.11.04,06:00,60.83,60.89,60.79,60.84,434
2025.11.04,07:00,60.84,60.88,60.74,60.76,622
2025.11.04,08:00,60.75,60.85,60.54,60.58,773
2025.11.04,09:00,60.59,60.61,60.03,60.17,1598
2025.11.04,10:00,60.19,60.31,60.06,60.11,1055
2025.11.04,11:00,60.10,60.23,59.92,60.11,1003
2025.11.04,12:00,60.08,60.19,59.99,60.16,634
2025.11.04,13:00,60.16,60.32,60.08,60.24,869
2025.11.04,14:00,60.23,60.28,59.97,59.97,1212
2025.11.04,15:00,59.99,60.63,59.99,60.52,2361
2025.11.04,16:00,60.52,60.76,60.41,60.75,1645
2025.11.04,17:00,60.74,60.83,60.56,60.69,1575
2025.11.04,18:00,60.72,60.87,60.55,60.76,1116
2025.11.04,19:00,60.75,60.85,60.48,60.62,1217
2025.11.04,20:00,60.63,60.71,60.46,60.52,1068
2025.11.04,21:00,60.50,60.54,60.32,60.35,401
2025.11.04,22:00,60.37,60.45,60.30,60.44,360
2025.11.05,00:00,60.42,60.42,60.24,60.27,177
2025.11.05,01:00,60.25,60.33,60.18,60.24,254
2025.11.05,02:00,60.25,60.30,59.99,60.09,817
2025.11.05,03:00,60.09,60.25,60.08,60.20,479
2025.11.05,04:00,60.21,60.50,60.18,60.46,425
2025.11.05,05:00,60.45,60.56,60.41,60.47,232
2025.11.05,06:00,60.47,60.65,60.46,60.62,413
2025.11.05,07:00,60.62,60.69,60.51,60.56,556
2025.11.05,08:00,60.54,60.59,60.39,60.55,867
2025.11.05,09:00,60.58,60.71,60.36,60.62,1280
2025.11.05,10:00,60.63,60.99,60.58,60.84,1221
2025.11.05,11:00,60.85,61.07,60.83,60.89,1041
2025.11.05,12:00,60.86,61.02,60.48,60.50,878
2025.11.05,13:00,60.50,60.50,60.14,60.34,1154
2025.11.05,14:00,60.32,60.37,60.09,60.22,1144
2025.11.05,15:00,60.19,60.23,60.00,60.13,1548
2025.11.05,16:00,60.11,60.72,60.04,60.68,2364
2025.11.05,17:00,60.71,60.84,59.76,59.77,3057
2025.11.05,18:00,59.78,59.87,59.59,59.73,1555
2025.11.05,19:00,59.75,59.84,59.64,59.80,878
2025.11.05,20:00,59.79,59.81,59.50,59.55,1221
2025.11.05,21:00,59.57,59.65,59.56,59.57,330
2025.11.05,22:00,59.59,59.67,59.56,59.62,261
2025.11.06,00:00,59.66,59.71,59.56,59.56,240
2025.11.06,01:00,59.59,59.65,59.56,59.64,180
2025.11.06,02:00,59.62,59.71,59.53,59.60,564
2025.11.06,03:00,59.61,59.75,59.55,59.74,398
2025.11.06,04:00,59.74,59.80,59.67,59.80,248
2025.11.06,05:00,59.76,59.86,59.74,59.77,188
2025.11.06,06:00,59.76,59.87,59.76,59.84,308
2025.11.06,07:00,59.83,59.93,59.74,59.93,537
2025.11.06,08:00,59.93,59.98,59.74,59.75,836
2025.11.06,09:00,59.75,60.32,59.44,60.29,1867
2025.11.06,10:00,60.31,60.50,60.03,60.09,1469
2025.11.06,11:00,60.10,60.18,59.89,60.12,1449
2025.11.06,12:00,60.13,60.18,59.85,59.90,1061
2025.11.06,13:00,59.92,60.14,59.91,60.08,1142
2025.11.06,14:00,60.10,60.15,59.69,59.76,1622
2025.11.06,15:00,59.74,59.84,59.11,59.14,3132
2025.11.06,16:00,59.13,59.20,58.81,59.09,2930
2025.11.06,17:00,59.10,59.39,58.91,58.98,2536
2025.11.06,18:00,58.99,59.30,58.92,59.25,1488
2025.11.06,19:00,59.24,59.42,59.03,59.30,1203
2025.11.06,20:00,59.30,59.48,59.24,59.43,1156
2025.11.06,21:00,59.42,59.67,59.42,59.46,602
2025.11.06,22:00,59.46,59.55,59.45,59.53,278
2025.11.07,00:00,59.63,59.79,59.61,59.66,271
2025.11.07,01:00,59.63,59.68,59.61,59.64,166
2025.11.07,02:00,59.62,59.75,59.57,59.65,778
2025.11.07,03:00,59.66,59.80,59.60,59.76,556
2025.11.07,04:00,59.73,59.77,59.59,59.65,393
2025.11.07,05:00,59.67,59.82,59.58,59.74,378
2025.11.07,06:00,59.73,59.84,59.68,59.83,444
2025.11.07,07:00,59.83,60.15,59.80,60.14,985
2025.11.07,08:00,60.13,60.18,59.97,60.08,998
2025.11.07,09:00,60.07,60.19,59.85,60.11,1314
2025.11.07,10:00,60.11,60.33,59.99,60.28,999
2025.11.07,11:00,60.28,60.44,60.09,60.16,1140
2025.11.07,12:00,60.15,60.15,59.86,59.97,1282
2025.11.07,13:00,59.95,60.08,59.87,59.95,1052
2025.11.07,14:00,59.93,60.02,59.77,59.85,1387
2025.11.07,15:00,59.82,60.10,59.57,59.90,2959
2025.11.07,16:00,59.91,59.93,59.49,59.55,3066
2025.11.07,17:00,59.53,59.80,59.51,59.75,2272
2025.11.07,18:00,59.73,59.91,59.29,59.48,1814
2025.11.07,19:00,59.51,59.84,59.49,59.75,1160
2025.11.07,20:00,59.74,59.84,59.66,59.83,1084
2025.11.07,21:00,59.81,59.84,59.63,59.78,537
2025.11.10,00:00,59.86,59.95,59.73,59.89,387
2025.11.10,01:00,59.86,59.98,59.74,59.97,259
2025.11.10,02:00,59.96,60.24,59.95,60.07,858
2025.11.10,03:00,60.06,60.17,60.00,60.16,548
2025.11.10,04:00,60.16,60.26,60.14,60.18,469
2025.11.10,05:00,60.18,60.26,60.17,60.20,257
2025.11.10,06:00,60.23,60.36,60.21,60.30,340
2025.11.10,07:00,60.33,60.35,60.23,60.28,473
2025.11.10,08:00,60.31,60.37,60.12,60.22,801
2025.11.10,09:00,60.22,60.46,59.99,60.07,1808
2025.11.10,10:00,60.06,60.47,60.02,60.34,1223
2025.11.10,11:00,60.34,60.38,59.80,59.82,1441
2025.11.10,12:00,59.80,60.00,59.75,59.84,962
2025.11.10,13:00,59.86,60.08,59.86,60.02,777
2025.11.10,14:00,60.02,60.09,59.93,59.97,1011
2025.11.10,15:00,59.93,60.21,59.55,59.59,1976
2025.11.10,16:00,59.60,59.87,59.51,59.55,1800
2025.11.10,17:00,59.51,59.63,59.38,59.54,1768
2025.11.10,18:00,59.54,59.98,59.53,59.97,1029
2025.11.10,19:00,59.99,60.03,59.88,59.97,811
2025.11.10,20:00,59.95,60.19,59.95,60.07,960
2025.11.10,21:00,60.08,60.17,60.06,60.11,379
2025.11.10,22:00,60.12,60.15,59.97,60.05,245
2025.11.11,00:00,60.03,60.05,59.94,59.95,119
2025.11.11,01:00,59.97,60.04,59.95,59.97,109
2025.11.11,02:00,59.98,60.01,59.86,59.88,367
2025.11.11,03:00,59.89,59.98,59.84,59.94,233
2025.11.11,04:00,59.95,60.11,59.93,59.98,221
2025.11.11,05:00,59.95,60.02,59.90,59.97,92
2025.11.11,06:00,59.98,59.99,59.77,59.79,255
2025.11.11,07:00,59.80,59.90,59.73,59.85,473
2025.11.11,08:00,59.86,59.88,59.64,59.72,706
2025.11.11,09:00,59.71,60.03,59.68,60.01,1169
2025.11.11,10:00,60.00,60.47,59.98,60.37,1137
2025.11.11,11:00,60.37,60.50,60.17,60.34,688
2025.11.11,12:00,60.33,60.57,60.23,60.56,703
2025.11.11,13:00,60.55,60.56,60.39,60.44,782
2025.11.11,14:00,60.41,60.80,60.34,60.75,1318
2025.11.11,15:00,60.77,61.03,60.56,60.99,1708
2025.11.11,16:00,60.99,61.01,60.77,60.98,1501
2025.11.11,17:00,60.94,61.27,60.91,61.09,1814
2025.11.11,18:00,61.07,61.19,60.87,60.96,1080
2025.11.11,19:00,60.95,61.08,60.90,60.99,850
2025.11.11,20:00,60.98,61.13,60.92,61.02,804
2025.11.11,21:00,60.99,61.04,60.88,60.91,419
2025.11.11,22:00,60.93,61.05,60.89,61.03,216
2025.11.12,00:00,61.05,61.05,60.95,61.01,70
2025.11.12,01:00,61.01,61.03,60.92,60.95,153
2025.11.12,02:00,60.95,60.98,60.83,60.89,546
2025.11.12,03:00,60.92,60.95,60.83,60.85,323
2025.11.12,04:00,60.85,60.89,60.76,60.77,206
2025.11.12,05:00,60.78,60.88,60.78,60.80,137
2025.11.12,06:00,60.81,60.84,60.73,60.80,189
2025.11.12,07:00,60.77,60.87,60.75,60.78,302
2025.11.12,08:00,60.75,60.84,60.68,60.70,628
2025.11.12,09:00,60.70,60.78,60.55,60.56,1110
2025.11.12,10:00,60.58,60.65,60.38,60.40,914
2025.11.12,11:00,60.39,60.62,60.34,60.62,942
2025.11.12,12:00,60.61,60.67,60.30,60.33,814
2025.11.12,13:00,60.34,60.45,60.30,60.40,806
2025.11.12,14:00,60.39,60.40,59.99,60.04,1378
2025.11.12,15:00,60.04,60.05,59.06,59.11,2270
2025.11.12,16:00,59.10,59.36,58.89,58.89,1763
2025.11.12,17:00,58.90,58.98,58.40,58.54,2170
2025.11.12,18:00,58.56,58.73,58.48,58.56,1336
2025.11.12,19:00,58.57,58.61,58.29,58.37,763
2025.11.12,20:00,58.33,58.51,58.31,58.36,909
2025.11.12,21:00,58.33,58.47,58.29,58.43,438
2025.11.12,22:00,58.42,58.49,58.32,58.46,437
2025.11.13,00:00,58.45,58.46,58.17,58.20,276
2025.11.13,01:00,58.19,58.33,58.19,58.26,298
2025.11.13,02:00,58.27,58.35,58.10,58.28,1200
2025.11.13,03:00,58.27,58.47,58.26,58.37,487
2025.11.13,04:00,58.34,58.49,58.32,58.47,299
2025.11.13,05:00,58.46,58.49,58.34,58.41,218
2025.11.13,06:00,58.40,58.44,58.30,58.37,256
2025.11.13,07:00,58.38,58.51,58.33,58.46,649
2025.11.13,08:00,58.45,58.54,58.34,58.38,674
2025.11.13,09:00,58.39,58.43,58.18,58.30,1340
2025.11.13,10:00,58.28,58.37,58.12,58.33,1051
2025.11.13,11:00,58.36,58.84,58.36,58.75,1170
2025.11.13,12:00,58.75,58.88,58.71,58.85,723
2025.11.13,13:00,58.85,59.00,58.79,58.93,792
2025.11.13,14:00,58.90,59.21,58.85,59.09,1312
2025.11.13,15:00,59.10,59.12,58.87,58.98,1620
2025.11.13,16:00,58.97,59.11,58.74,58.80,1680
2025.11.13,17:00,58.81,59.05,58.77,59.02,1958
2025.11.13,18:00,58.99,59.00,58.74,58.84,1618
2025.11.13,19:00,58.82,58.88,58.52,58.63,1180
2025.11.13,20:00,58.63,58.83,58.51,58.73,1255
2025.11.13,21:00,58.72,58.75,58.54,58.59,667
2025.11.13,22:00,58.58,58.70,58.57,58.60,297
2025.11.14,00:00,58.67,58.95,58.64,58.90,312
2025.11.14,01:00,58.91,59.16,58.89,59.03,416
2025.11.14,02:00,59.00,60.46,58.99,60.07,2167
2025.11.14,03:00,60.08,60.17,59.60,59.80,1527
2025.11.14,04:00,59.80,59.88,59.40,59.51,861
2025.11.14,05:00,59.52,59.57,59.43,59.46,457
2025.11.14,06:00,59.47,59.64,59.44,59.49,653
2025.11.14,07:00,59.49,59.62,59.29,59.41,817
2025.11.14,08:00,59.39,59.56,59.29,59.50,1168
2025.11.14,09:00,59.51,59.57,59.15,59.24,1959
2025.11.14,10:00,59.22,59.87,59.21,59.71,1736
2025.11.14,11:00,59.70,60.22,59.68,60.22,1676
2025.11.14,12:00,60.22,60.22,59.24,59.43,2044
2025.11.14,13:00,59.46,59.66,59.37,59.40,1750
2025.11.14,14:00,59.40,59.75,59.33,59.61,2003
2025.11.14,15:00,59.60,59.91,59.52,59.88,2799
2025.11.14,16:00,59.88,60.16,59.78,60.10,2371
2025.11.14,17:00,60.11,60.24,59.96,60.03,1826
2025.11.14,18:00,60.01,60.14,59.87,60.03,1401
2025.11.14,19:00,60.03,60.12,59.90,59.92,1227
2025.11.14,20:00,59.93,60.01,59.78,59.91,1357
2025.11.14,21:00,59.93,59.93,59.74,59.74,504
2025.11.17,00:00,59.67,59.69,59.31,59.43,825
2025.11.17,01:00,59.41,59.46,59.22,59.45,465
2025.11.17,02:00,59.42,59.45,59.25,59.33,705
2025.11.17,03:00,59.33,59.38,59.20,59.33,518
2025.11.17,04:00,59.35,59.42,59.30,59.36,389
2025.11.17,05:00,59.37,59.42,59.27,59.27,148
2025.11.17,06:00,59.30,59.38,59.25,59.33,365
2025.11.17,07:00,59.34,59.39,59.19,59.27,419
2025.11.17,08:00,59.28,59.53,59.20,59.48,840
2025.11.17,09:00,59.48,59.65,59.35,59.42,1263
2025.11.17,10:00,59.41,59.65,59.37,59.58,1333
2025.11.17,11:00,59.59,60.04,59.56,59.95,1301
2025.11.17,12:00,59.92,59.99,59.81,59.99,945
2025.11.17,13:00,59.97,60.03,59.76,59.95,795
2025.11.17,14:00,59.96,60.29,59.93,60.14,1423
2025.11.17,15:00,60.16,60.16,59.83,59.92,1745
2025.11.17,16:00,59.90,60.02,59.74,59.79,1779
2025.11.17,17:00,59.81,60.08,59.74,59.98,1641
2025.11.17,18:00,59.98,60.08,59.85,59.90,1029
2025.11.17,19:00,59.90,60.04,59.86,59.90,868
2025.11.17,20:00,59.89,59.97,59.65,59.67,988
2025.11.17,21:00,59.66,59.79,59.66,59.70,534
2025.11.17,22:00,59.70,59.72,59.62,59.66,257
2025.11.18,00:00,59.68,59.72,59.63,59.71,130
2025.11.18,01:00,59.70,59.80,59.57,59.62,234
2025.11.18,02:00,59.64,59.67,59.45,59.49,712
2025.11.18,03:00,59.46,59.60,59.46,59.54,389
2025.11.18,04:00,59.54,59.58,59.47,59.51,302
2025.11.18,05:00,59.48,59.50,59.35,59.42,372
2025.11.18,06:00,59.41,59.48,59.38,59.42,328
2025.11.18,07:00,59.42,59.44,59.26,59.32,644
2025.11.18,08:00,59.33,59.48,59.26,59.32,1039
2025.11.18,09:00,59.32,59.69,59.24,59.58,1466
2025.11.18,10:00,59.59,59.72,59.35,59.53,1082
2025.11.18,11:00,59.55,59.91,59.55,59.85,965
2025.11.18,12:00,59.87,59.98,59.77,59.95,857
2025.11.18,13:00,59.94,59.96,59.76,59.88,1090
2025.11.18,14:00,59.90,60.09,59.76,59.78,1223
2025.11.18,15:00,59.76,59.80,59.40,59.48,2354
2025.11.18,16:00,59.47,59.83,59.33,59.79,2975
2025.11.18,17:00,59.81,60.06,59.73,59.95,2392
2025.11.18,18:00,59.94,60.30,59.76,60.29,1937
2025.11.18,19:00,60.29,60.83,60.28,60.63,2242
2025.11.18,20:00,60.60,60.81,60.55,60.71,1065
2025.11.18,21:00,60.72,60.83,60.63,60.67,864
2025.11.18,22:00,60.68,60.68,60.46,60.58,517
2025.11.19,00:00,60.49,60.68,60.49,60.62,206
2025.11.19,01:00,60.60,60.62,60.46,60.48,316
2025.11.19,02:00,60.52,60.52,60.28,60.38,871
2025.11.19,03:00,60.39,60.55,60.36,60.52,426
2025.11.19,04:00,60.49,60.59,60.38,60.42,506
2025.11.19,05:00,60.42,60.51,60.39,60.46,221
2025.11.19,06:00,60.47,60.60,60.46,60.52,396
2025.11.19,07:00,60.52,60.54,60.34,60.40,769
2025.11.19,08:00,60.40,60.49,60.25,60.28,921
2025.11.19,09:00,60.28,60.32,59.98,60.13,1503
2025.11.19,10:00,60.14,60.48,60.06,60.33,1287
2025.11.19,11:00,60.32,60.34,60.08,60.16,1122
2025.11.19,12:00,60.15,60.16,59.42,59.49,1524
2025.11.19,13:00,59.46,59.53,59.03,59.07,1803
2025.11.19,14:00,59.04,59.13,58.66,59.12,2354
2025.11.19,15:00,59.14,59.17,58.64,58.86,1807
2025.11.19,16:00,58.88,59.24,58.83,59.01,1946
2025.11.19,17:00,59.02,59.34,58.95,59.06,2181
2025.11.19,18:00,59.07,59.24,58.89,59.13,1421
2025.11.19,19:00,59.11,59.32,59.02,59.22,1007
2025.11.19,20:00,59.23,59.34,59.17,59.28,1145
2025.11.19,21:00,59.26,59.31,59.17,59.29,546
2025.11.19,22:00,59.28,59.42,59.27,59.42,263
2025.11.20,00:00,59.35,59.51,59.31,59.48,165
2025.11.20,01:00,59.48,59.62,59.40,59.48,329
2025.11.20,02:00,59.48,59.49,59.37,59.47,728
2025.11.20,03:00,59.46,59.55,59.32,59.33,551
2025.11.20,04:00,59.35,59.47,59.33,59.39,472
2025.11.20,05:00,59.39,59.48,59.33,59.44,234
2025.11.20,06:00,59.41,59.52,59.36,59.39,281
2025.11.20,07:00,59.39,59.43,59.32,59.38,615
2025.11.20,08:00,59.35,59.62,59.24,59.35,1007
2025.11.20,09:00,59.37,59.70,59.36,59.61,1324
2025.11.20,10:00,59.64,59.76,59.54,59.68,1336
2025.11.20,11:00,59.68,59.95,59.65,59.82,1113
2025.11.20,12:00,59.81,59.86,59.64,59.75,823
2025.11.20,13:00,59.73,59.95,59.73,59.87,660
2025.11.20,14:00,59.86,59.94,59.54,59.61,1403
2025.11.20,15:00,59.61,59.85,59.51,59.71,1826
2025.11.20,16:00,59.72,60.09,59.61,59.90,1542
2025.11.20,17:00,59.89,59.92,58.89,58.92,3766
2025.11.20,18:00,58.93,59.08,58.56,59.06,3326
2025.11.20,19:00,59.04,59.24,58.85,58.90,2039
2025.11.20,20:00,58.93,59.06,58.76,58.98,1372
2025.11.20,21:00,58.98,59.00,58.61,58.71,997
2025.11.20,22:00,58.71,58.77,58.67,58.74,351
2025.11.21,00:00,58.71,58.74,58.45,58.47,309
2025.11.21,01:00,58.45,58.59,58.45,58.55,241
2025.11.21,02:00,58.55,58.64,58.31,58.33,915
2025.11.21,03:00,58.32,58.35,58.17,58.22,598
2025.11.21,04:00,58.25,58.26,58.11,58.12,614
2025.11.21,05:00,58.12,58.15,57.99,58.05,300
2025.11.21,06:00,58.02,58.34,58.02,58.26,641
2025.11.21,07:00,58.26,58.40,58.20,58.22,710
2025.11.21,08:00,58.21,58.22,57.77,57.77,1413
2025.11.21,09:00,57.79,58.21,57.73,58.13,2095
2025.11.21,10:00,58.15,58.29,57.71,57.72,1586
2025.11.21,11:00,57.71,57.72,57.40,57.44,1772
2025.11.21,12:00,57.45,57.95,57.45,57.86,1228
2025.11.21,13:00,57.86,58.58,57.67,58.47,2692
2025.11.21,14:00,58.46,58.56,58.21,58.29,1652
2025.11.21,15:00,58.27,58.27,57.36,57.45,2751
2025.11.21,16:00,57.46,57.94,57.38,57.58,3846
2025.11.21,17:00,57.60,57.88,57.42,57.81,2965
2025.11.21,18:00,57.84,58.00,57.70,57.80,1496
2025.11.21,19:00,57.83,57.97,57.68,57.83,1383
2025.11.21,20:00,57.82,58.17,57.81,57.84,1170
2025.11.21,21:00,57.87,58.05,57.83,57.92,900
2025.11.24,00:00,58.02,58.08,57.61,57.75,966
2025.11.24,01:00,57.73,57.84,57.71,57.81,228
2025.11.24,02:00,57.84,58.03,57.80,57.96,769
2025.11.24,03:00,57.96,58.01,57.88,57.92,469
2025.11.24,04:00,57.93,58.05,57.90,58.03,244
2025.11.24,05:00,58.06,58.11,58.00,58.02,248
2025.11.24,06:00,58.02,58.10,57.99,58.06,333
2025.11.24,07:00,58.08,58.24,58.06,58.20,580
2025.11.24,08:00,58.18,58.25,57.78,57.81,899
2025.11.24,09:00,57.83,57.85,57.68,57.75,1363
2025.11.24,10:00,57.72,57.80,57.40,57.46,1371
2025.11.24,11:00,57.46,57.79,57.44,57.69,1297
2025.11.24,12:00,57.68,57.99,57.67,57.91,990
2025.11.24,13:00,57.94,58.21,57.84,58.16,960
2025.11.24,14:00,58.15,58.22,57.99,58.17,1105
2025.11.24,15:00,58.15,58.17,57.58,58.06,2487
2025.11.24,16:00,58.06,58.19,57.89,58.16,1923
2025.11.24,17:00,58.16,58.53,58.14,58.48,1515
2025.11.24,18:00,58.47,58.59,58.39,58.53,901
2025.11.24,19:00,58.55,58.89,58.51,58.84,717
2025.11.24,20:00,58.82,58.94,58.74,58.77,762
2025.11.24,21:00,58.78,59.05,58.78,58.95,489
2025.11.24,22:00,58.95,58.98,58.87,58.87,360
2025.11.25,00:00,58.88,58.95,58.84,58.88,182
2025.11.25,01:00,58.86,58.88,58.80,58.85,229
2025.11.25,02:00,58.85,58.87,58.67,58.71,721
2025.11.25,03:00,58.73,58.81,58.67,58.72,322
2025.11.25,04:00,58.72,58.76,58.57,58.57,267
2025.11.25,05:00,58.60,58.61,58.51,58.61,176
2025.11.25,06:00,58.60,58.67,58.53,58.59,396
2025.11.25,07:00,58.57,58.62,58.42,58.50,704
2025.11.25,08:00,58.53,58.59,58.44,58.58,673
2025.11.25,09:00,58.58,58.67,58.28,58.33,1217
2025.11.25,10:00,58.33,58.66,58.28,58.62,1233
2025.11.25,11:00,58.62,58.76,58.56,58.62,1184
2025.11.25,12:00,58.63,58.78,58.41,58.57,725
2025.11.25,13:00,58.58,58.65,57.32,57.68,2738
2025.11.25,14:00,57.66,58.18,57.57,57.71,2777
2025.11.25,15:00,57.70,57.76,57.20,57.32,2396
2025.11.25,16:00,57.30,57.49,57.08,57.21,2425
2025.11.25,17:00,57.20,57.65,57.18,57.59,2012
2025.11.25,18:00,57.61,57.89,57.58,57.72,1211
2025.11.25,19:00,57.68,57.97,57.68,57.79,927
2025.11.25,20:00,57.78,58.01,57.64,57.80,1053
2025.11.25,21:00,57.82,58.13,57.80,57.94,529
2025.11.25,22:00,57.91,58.12,57.88,58.11,375
2025.11.26,00:00,57.99,58.08,57.99,58.06,114
2025.11.26,01:00,58.07,58.12,57.96,58.09,119
2025.11.26,02:00,58.06,58.13,57.98,58.05,641
2025.11.26,03:00,58.07,58.23,57.98,58.15,457
2025.11.26,04:00,58.14,58.19,58.09,58.17,266
2025.11.26,05:00,58.16,58.20,58.13,58.13,121
2025.11.26,06:00,58.14,58.20,58.09,58.15,356
2025.11.26,07:00,58.14,58.21,58.05,58.09,692
2025.11.26,08:00,58.08,58.29,57.81,57.87,789
2025.11.26,09:00,57.87,58.04,57.65,57.97,1521
2025.11.26,10:00,57.94,58.07,57.83,57.92,1338
2025.11.26,11:00,57.92,57.97,57.64,57.92,1160
2025.11.26,12:00,57.91,58.19,57.83,57.89,972
2025.11.26,13:00,57.90,58.01,57.70,57.76,994
2025.11.26,14:00,57.77,58.02,57.75,57.97,1002
2025.11.26,15:00,57.96,58.03,57.73,57.88,1497
2025.11.26,16:00,57.87,58.07,57.84,57.98,1529
2025.11.26,17:00,57.98,58.35,57.82,58.31,1601
2025.11.26,18:00,58.34,58.42,58.00,58.01,1124
2025.11.26,19:00,58.03,58.31,57.92,58.31,868
2025.11.26,20:00,58.30,58.68,58.28,58.59,1062
2025.11.26,21:00,58.59,58.71,58.54,58.54,437
2025.11.26,22:00,58.56,58.63,58.51,58.56,222
2025.11.27,00:00,58.59,58.59,58.42,58.47,121
2025.11.27,01:00,58.44,58.51,58.43,58.49,59
2025.11.27,02:00,58.52,58.52,58.27,58.32,544
2025.11.27,03:00,58.31,58.44,58.31,58.35,287
2025.11.27,04:00,58.34,58.40,58.25,58.31,288
2025.11.27,05:00,58.32,58.35,58.27,58.30,114
2025.11.27,06:00,58.30,58.37,58.29,58.34,237
2025.11.27,07:00,58.34,58.44,58.30,58.40,386
2025.11.27,08:00,58.40,58.65,58.40,58.60,630
2025.11.27,09:00,58.59,58.77,58.54,58.69,1195
2025.11.27,10:00,58.72,58.77,58.60,58.77,850
2025.11.27,11:00,58.76,58.85,58.63,58.82,849
2025.11.27,12:00,58.83,58.95,58.75,58.82,588
2025.11.27,13:00,58.81,58.95,58.78,58.85,514
2025.11.27,14:00,58.83,58.93,58.50,58.67,1127
2025.11.27,15:00,58.69,58.96,58.64,58.78,806
2025.11.27,16:00,58.78,58.90,58.75,58.88,401
2025.11.27,17:00,58.87,58.99,58.76,58.84,829
2025.11.27,18:00,58.85,59.07,58.78,59.05,654
2025.11.27,19:00,59.05,59.14,59.01,59.06,355
2025.11.27,20:00,59.07,59.15,59.06,59.10,104
2025.11.28,00:00,59.07,59.07,58.91,58.97,144
2025.11.28,01:00,58.98,59.01,58.90,58.99,118
2025.11.28,02:00,58.96,59.05,58.87,58.95,355
2025.11.28,03:00,58.94,59.05,58.93,59.03,236
2025.11.28,04:00,59.00,59.00,59.00,59.00,1
2025.11.28,13:00,58.98,58.98,58.98,58.98,1
2025.11.28,14:00,58.73,58.96,58.73,58.80,318
2025.11.28,15:00,58.81,59.24,58.74,59.22,839
2025.11.28,16:00,59.23,59.30,59.05,59.13,760
2025.11.28,17:00,59.14,59.62,59.06,59.52,1122
2025.11.28,18:00,59.53,59.56,59.19,59.43,1169
2025.11.28,19:00,59.41,59.55,58.99,59.00,862
2025.11.28,20:00,59.02,59.07,58.25,58.46,1521
2025.12.01,00:00,58.96,59.60,58.80,59.37,1195
2025.12.01,01:00,59.39,59.43,59.04,59.15,654
2025.12.01,02:00,59.13,59.35,59.05,59.32,967
2025.12.01,03:00,59.32,59.47,59.28,59.46,436
2025.12.01,04:00,59.44,59.57,59.41,59.52,395
2025.12.01,05:00,59.51,59.63,59.50,59.60,187
2025.12.01,06:00,59.57,59.79,59.56,59.77,419
2025.12.01,07:00,59.77,59.96,59.60,59.63,658
2025.12.01,08:00,59.61,59.80,59.56,59.62,659
2025.12.01,09:00,59.64,59.88,59.52,59.74,1292
2025.12.01,10:00,59.73,59.84,59.59,59.74,1129
2025.12.01,11:00,59.71,59.77,59.37,59.45,933
2025.12.01,12:00,59.42,59.45,59.08,59.31,909
2025.12.01,13:00,59.29,59.33,59.05,59.13,849
2025.12.01,14:00,59.11,59.19,58.82,58.94,1194
2025.12.01,15:00,58.93,59.55,58.87,59.43,1861
2025.12.01,16:00,59.44,59.62,59.31,59.44,1479
2025.12.01,17:00,59.41,59.42,59.10,59.15,1547
2025.12.01,18:00,59.17,59.42,59.14,59.20,842
2025.12.01,19:00,59.22,59.48,59.17,59.35,692
2025.12.01,20:00,59.36,59.44,59.24,59.38,863
2025.12.01,21:00,59.41,59.56,59.38,59.41,377
2025.12.01,22:00,59.41,59.55,59.41,59.51,271
2025.12.02,00:00,59.51,59.65,59.46,59.56,208
2025.12.02,01:00,59.58,59.61,59.51,59.51,99
2025.12.02,02:00,59.51,59.52,59.33,59.33,454
2025.12.02,03:00,59.32,59.42,59.31,59.38,214
2025.12.02,04:00,59.37,59.40,59.30,59.39,151
2025.12.02,05:00,59.37,59.44,59.34,59.38,195
2025.12.02,06:00,59.36,59.43,59.34,59.39,281
2025.12.02,07:00,59.37,59.48,59.34,59.42,485
2025.12.02,08:00,59.43,59.53,59.24,59.24,762
2025.12.02,09:00,59.26,59.50,59.12,59.16,1262
2025.12.02,10:00,59.20,59.38,59.06,59.18,1027
2025.12.02,11:00,59.20,59.42,59.13,59.32,881
2025.12.02,12:00,59.31,59.38,59.05,59.10,862
2025.12.02,13:00,59.07,59.22,59.06,59.17,646
2025.12.02,14:00,59.18,59.26,58.83,58.90,1216
2025.12.02,15:00,58.88,59.10,58.27,58.48,2125
2025.12.02,16:00,58.47,59.36,58.44,59.20,2940
2025.12.02,17:00,59.21,59.30,58.76,58.82,1986
2025.12.02,18:00,58.80,59.02,58.80,58.91,998
2025.12.02,19:00,58.89,59.14,58.81,58.99,993
2025.12.02,20:00,58.98,59.01,58.47,58.62,1275
2025.12.02,21:00,58.61,58.67,58.55,58.64,495
2025.12.02,22:00,58.64,58.75,58.47,58.59,440
2025.12.03,00:00,58.64,58.69,58.57,58.64,176
2025.12.03,01:00,58.62,58.67,58.57,58.59,138
2025.12.03,02:00,58.58,58.72,58.51,58.51,525
2025.12.03,03:00,58.52,58.57,58.35,58.53,365
2025.12.03,04:00,58.54,58.68,58.53,58.64,293
2025.12.03,05:00,58.63,58.71,58.61,58.67,113
2025.12.03,06:00,58.69,58.74,58.63,58.65,363
2025.12.03,07:00,58.63,58.85,58.60,58.81,568
2025.12.03,08:00,58.81,58.97,58.79,58.90,475
2025.12.03,09:00,58.92,59.11,58.86,59.05,1047
2025.12.03,10:00,59.05,59.48,59.03,59.46,1165
2025.12.03,11:00,59.45,59.60,59.36,59.50,928
2025.12.03,12:00,59.48,59.51,59.38,59.41,551
2025.12.03,13:00,59.43,59.45,59.29,59.39,695
2025.12.03,14:00,59.40,59.48,59.03,59.34,1304
2025.12.03,15:00,59.33,59.35,58.96,59.20,1847
2025.12.03,16:00,59.17,59.53,59.08,59.49,1653
2025.12.03,17:00,59.51,59.63,58.85,58.93,1756
2025.12.03,18:00,58.94,59.45,58.91,59.24,1042
2025.12.03,19:00,59.22,59.33,59.04,59.07,718
2025.12.03,20:00,59.09,59.11,58.81,58.96,799
2025.12.03,21:00,58.94,59.11,58.93,59.07,264
2025.12.03,22:00,59.08,59.12,59.06,59.09,143
2025.12.04,00:00,59.08,59.08,58.96,58.99,115
2025.12.04,01:00,58.98,59.06,58.96,59.03,113
2025.12.04,02:00,59.03,59.18,59.00,59.08,370
2025.12.04,03:00,59.10,59.26,59.02,59.25,304
2025.12.04,04:00,59.22,59.28,59.18,59.24,212
2025.12.04,05:00,59.23,59.28,59.20,59.25,104
2025.12.04,06:00,59.28,59.35,59.16,59.21,322
2025.12.04,07:00,59.19,59.42,59.19,59.37,460
2025.12.04,08:00,59.39,59.39,59.28,59.31,470
2025.12.04,09:00,59.34,59.41,59.08,59.36,1006
2025.12.04,10:00,59.34,59.39,59.07,59.19,822
2025.12.04,11:00,59.21,59.33,59.10,59.30,710
2025.12.04,12:00,59.31,59.39,59.16,59.21,741
2025.12.04,13:00,59.23,59.36,59.18,59.31,622
2025.12.04,14:00,59.30,59.48,59.29,59.36,879
2025.12.04,15:00,59.35,59.35,58.79,58.86,1936
2025.12.04,16:00,58.87,59.63,58.83,59.43,1797
2025.12.04,17:00,59.43,60.02,59.39,59.84,1696
2025.12.04,18:00,59.86,59.92,59.68,59.78,1053
2025.12.04,19:00,59.75,59.95,59.75,59.84,560
2025.12.04,20:00,59.84,59.88,59.59,59.70,924
2025.12.04,21:00,59.69,59.75,59.62,59.67,407
2025.12.04,22:00,59.67,59.79,59.66,59.70,237
2025.12.05,00:00,59.69,59.71,59.61,59.69,156
2025.12.05,01:00,59.68,59.69,59.62,59.64,126
2025.12.05,02:00,59.64,59.70,59.56,59.58,450
2025.12.05,03:00,59.57,59.62,59.43,59.45,302
2025.12.05,04:00,59.45,59.52,59.39,59.49,314
2025.12.05,05:00,59.48,59.52,59.42,59.45,61
2025.12.05,06:00,59.43,59.58,59.43,59.57,219
2025.12.05,07:00,59.56,59.60,59.47,59.57,366
2025.12.05,08:00,59.57,59.63,59.44,59.54,627
2025.12.05,09:00,59.53,59.72,59.46,59.60,895
2025.12.05,10:00,59.60,59.78,59.47,59.67,783
2025.12.05,11:00,59.66,59.69,59.44,59.57,731
2025.12.05,12:00,59.56,59.63,59.45,59.54,657
2025.12.05,13:00,59.55,59.59,59.41,59.57,581
2025.12.05,14:00,59.57,59.75,59.46,59.59,882
2025.12.05,15:00,59.58,60.08,59.47,59.98,1511
2025.12.05,16:00,59.99,60.49,59.95,60.27,1676
2025.12.05,17:00,60.27,60.35,59.86,59.92,1552
2025.12.05,18:00,59.89,60.33,59.88,60.24,823
2025.12.05,19:00,60.25,60.28,60.04,60.04,606
2025.12.05,20:00,60.03,60.11,59.98,60.09,720
2025.12.05,21:00,60.08,60.16,60.02,60.07,364
2025.12.08,00:00,60.13,60.28,60.04,60.20,361
2025.12.08,01:00,60.20,60.21,60.03,60.03,196
2025.12.08,02:00,60.04,60.14,59.95,60.05,631
2025.12.08,03:00,60.08,60.17,60.01,60.14,344
2025.12.08,04:00,60.15,60.22,60.11,60.17,288
2025.12.08,05:00,60.16,60.22,60.14,60.20,69
2025.12.08,06:00,60.17,60.25,60.07,60.20,297
2025.12.08,07:00,60.19,60.24,60.14,60.19,385
2025.12.08,08:00,60.20,60.26,60.12,60.20,410
2025.12.08,09:00,60.20,60.30,59.88,59.89,866
2025.12.08,10:00,59.93,59.94,59.48,59.61,934
2025.12.08,11:00,59.60,59.63,59.43,59.49,631
2025.12.08,12:00,59.49,59.58,59.35,59.45,710
2025.12.08,13:00,59.46,59.46,59.16,59.23,659
2025.12.08,14:00,59.22,59.62,59.17,59.44,1304
2025.12.08,15:00,59.47,59.52,59.08,59.32,1582
2025.12.08,16:00,59.30,59.46,59.13,59.31,1294
2025.12.08,17:00,59.30,59.30,59.02,59.28,1414
2025.12.08,18:00,59.25,59.26,58.99,59.06,704
2025.12.08,19:00,59.05,59.10,58.66,58.76,794
2025.12.08,20:00,58.77,58.90,58.69,58.79,721
2025.12.08,21:00,58.81,58.86,58.75,58.84,368
2025.12.08,22:00,58.85,58.87,58.77,58.85,229
2025.12.09,00:00,58.86,58.86,58.80,58.85,145
2025.12.09,01:00,58.82,58.89,58.80,58.85,160
2025.12.09,02:00,58.87,58.88,58.72,58.75,492
2025.12.09,03:00,58.76,58.82,58.70,58.72,346
2025.12.09,04:00,58.71,58.75,58.67,58.73,243
2025.12.09,05:00,58.72,58.76,58.62,58.67,96
2025.12.09,06:00,58.68,58.69,58.56,58.68,259
2025.12.09,07:00,58.65,58.73,58.56,58.69,507
2025.12.09,08:00,58.70,58.86,58.66,58.78,490
2025.12.09,09:00,58.79,58.88,58.65,58.68,989
2025.12.09,10:00,58.67,58.79,58.61,58.76,788
2025.12.09,11:00,58.77,59.11,58.77,59.01,903
2025.12.09,12:00,58.98,59.12,58.91,59.11,573
2025.12.09,13:00,59.09,59.16,58.95,58.99,586
2025.12.09,14:00,59.00,59.03,58.64,58.79,893
2025.12.09,15:00,58.81,58.86,58.48,58.50,1233
2025.12.09,16:00,58.49,58.61,58.13,58.26,1637
2025.12.09,17:00,58.23,58.38,58.10,58.21,1253
2025.12.09,18:00,58.22,58.26,58.14,58.14,684
2025.12.09,19:00,58.16,58.31,58.12,58.18,542
2025.12.09,20:00,58.16,58.43,58.13,58.37,644
2025.12.09,21:00,58.39,58.40,58.29,58.30,293
2025.12.09,22:00,58.33,58.40,58.28,58.39,234
2025.12.10,00:00,58.36,58.41,58.30,58.33,118
2025.12.10,01:00,58.33,58.41,58.31,58.35,79
2025.12.10,02:00,58.35,58.42,58.30,58.39,345
2025.12.10,03:00,58.39,58.43,58.31,58.33,232
2025.12.10,04:00,58.32,58.35,58.25,58.34,213
2025.12.10,05:00,58.35,58.36,58.27,58.31,97
2025.12.10,06:00,58.32,58.39,58.27,58.36,275
2025.12.10,07:00,58.37,58.46,58.32,58.39,416
2025.12.10,08:00,58.38,58.43,58.23,58.30,536
2025.12.10,09:00,58.29,58.41,58.15,58.25,1081
2025.12.10,10:00,58.25,58.47,58.07,58.25,1035
2025.12.10,11:00,58.24,58.61,58.23,58.57,1014
2025.12.10,12:00,58.57,58.63,58.49,58.55,667
2025.12.10,13:00,58.52,58.66,58.47,58.51,711
2025.12.10,14:00,58.49,58.50,58.23,58.28,1047
2025.12.10,15:00,58.30,58.30,57.75,57.89,1830
2025.12.10,16:00,57.87,57.96,57.69,57.75,1608
2025.12.10,17:00,57.72,58.13,57.65,58.11,1353
2025.12.10,18:00,58.09,58.18,58.00,58.08,847
2025.12.10,19:00,58.09,58.55,58.04,58.34,1359
2025.12.10,20:00,58.36,58.78,58.28,58.74,1983
2025.12.10,21:00,58.76,59.03,58.73,58.91,1041
2025.12.10,22:00,58.90,58.99,58.89,58.94,255
2025.12.11,00:00,58.88,58.94,58.71,58.74,205
2025.12.11,01:00,58.71,58.83,58.71,58.76,113
2025.12.11,02:00,58.77,58.92,58.71,58.80,601
2025.12.11,03:00,58.81,58.85,58.66,58.68,334
2025.12.11,04:00,58.69,58.70,58.39,58.44,468
2025.12.11,05:00,58.42,58.48,58.36,58.38,161
2025.12.11,06:00,58.41,58.43,58.24,58.25,234
2025.12.11,07:00,58.28,58.28,58.07,58.12,482
2025.12.11,08:00,58.11,58.17,57.96,58.03,622
2025.12.11,09:00,58.06,58.08,57.62,57.74,1360
2025.12.11,10:00,57.72,57.80,57.62,57.68,1061
2025.12.11,11:00,57.67,57.71,57.49,57.54,1005
2025.12.11,12:00,57.55,57.76,57.50,57.70,852
2025.12.11,13:00,57.72,57.86,57.69,57.75,960
2025.12.11,14:00,57.74,57.84,57.54,57.58,1135
2025.12.11,15:00,57.59,57.59,57.16,57.32,2048
2025.12.11,16:00,57.30,57.50,57.23,57.39,1527
2025.12.11,17:00,57.42,57.48,56.98,57.22,2318
2025.12.11,18:00,57.21,57.41,57.20,57.29,870
2025.12.11,19:00,57.30,57.51,57.22,57.42,878
2025.12.11,20:00,57.39,57.83,57.38,57.76,851
2025.12.11,21:00,57.77,57.80,57.64,57.77,366
2025.12.11,22:00,57.79,57.92,57.78,57.89,280
2025.12.12,00:00,57.91,58.07,57.85,57.86,256
2025.12.12,01:00,57.87,57.96,57.86,57.88,147
2025.12.12,02:00,57.90,58.00,57.86,57.94,583
2025.12.12,03:00,57.95,58.05,57.95,57.99,429
2025.12.12,04:00,57.98,58.17,57.95,57.99,699
2025.12.12,05:00,57.98,58.03,57.94,58.00,104
2025.12.12,06:00,57.99,58.14,57.99,58.08,256
2025.12.12,07:00,58.09,58.10,57.88,57.92,439
2025.12.12,08:00,57.89,57.99,57.82,57.93,514
2025.12.12,09:00,57.94,58.12,57.83,58.08,1246
2025.12.12,10:00,58.10,58.13,57.55,57.57,1153
2025.12.12,11:00,57.59,57.62,57.37,57.55,1029
2025.12.12,12:00,57.55,57.58,57.33,57.49,780
2025.12.12,13:00,57.48,57.66,57.43,57.56,867
2025.12.12,14:00,57.57,57.68,57.42,57.58,1288
2025.12.12,15:00,57.61,57.61,57.29,57.56,1726
2025.12.12,16:00,57.55,57.58,57.12,57.18,2134
2025.12.12,17:00,57.17,57.71,57.14,57.63,2429
2025.12.12,18:00,57.64,57.72,57.54,57.64,1178
2025.12.12,19:00,57.61,57.67,57.46,57.48,857
2025.12.12,20:00,57.48,57.61,57.38,57.40,731
2025.12.12,21:00,57.39,57.49,57.31,57.43,524
2025.12.15,00:00,57.48,57.64,57.35,57.56,434
2025.12.15,01:00,57.59,57.69,57.53,57.67,250
2025.12.15,02:00,57.64,57.71,57.59,57.64,554
2025.12.15,03:00,57.67,57.79,57.64,57.69,274
2025.12.15,04:00,57.67,57.75,57.67,57.70,162
2025.12.15,05:00,57.71,57.75,57.69,57.72,100
2025.12.15,06:00,57.71,57.74,57.65,57.66,207
2025.12.15,07:00,57.67,57.78,57.63,57.68,433
2025.12.15,08:00,57.70,57.77,57.60,57.62,495
2025.12.15,09:00,57.61,57.68,57.45,57.56,1143
2025.12.15,10:00,57.55,57.72,57.41,57.55,872
2025.12.15,11:00,57.53,57.60,57.25,57.28,1079
2025.12.15,12:00,57.31,57.41,57.03,57.14,916
2025.12.15,13:00,57.13,57.19,57.06,57.18,746
2025.12.15,14:00,57.18,57.39,56.94,57.04,1316
2025.12.15,15:00,57.04,57.18,56.81,56.90,1755
2025.12.15,16:00,56.91,57.03,56.69,56.78,1871
2025.12.15,17:00,56.80,56.81,56.38,56.57,2098
2025.12.15,18:00,56.58,56.71,56.48,56.63,1090
2025.12.15,19:00,56.62,56.62,56.38,56.51,802
2025.12.15,20:00,56.50,56.87,56.49,56.71,1172
2025.12.15,21:00,56.70,56.73,56.59,56.63,386
2025.12.15,22:00,56.64,56.70,56.54,56.67,380
2025.12.16,00:00,56.65,56.69,56.55,56.63,148
2025.12.16,01:00,56.62,56.68,56.60,56.66,84
2025.12.16,02:00,56.66,56.66,56.46,56.48,933
2025.12.16,03:00,56.48,56.58,56.41,56.47,451
2025.12.16,04:00,56.47,56.51,56.44,56.48,277
2025.12.16,05:00,56.45,56.53,56.43,56.47,181
2025.12.16,06:00,56.46,56.51,56.30,56.34,578
2025.12.16,07:00,56.32,56.54,56.32,56.54,523
2025.12.16,08:00,56.53,56.53,56.34,56.37,660
2025.12.16,09:00,56.37,56.43,55.92,56.11,1579
2025.12.16,10:00,56.13,56.16,55.80,55.81,1208
2025.12.16,11:00,55.82,55.90,55.66,55.83,1152
2025.12.16,12:00,55.83,55.94,55.75,55.87,796
2025.12.16,13:00,55.85,55.98,55.82,55.88,926
2025.12.16,14:00,55.87,55.95,55.56,55.66,1552
2025.12.16,15:00,55.67,55.67,55.26,55.29,2130
2025.12.16,16:00,55.26,55.34,54.96,55.21,2018
2025.12.16,17:00,55.21,55.54,55.12,55.50,2000
2025.12.16,18:00,55.53,55.65,55.34,55.35,1240
2025.12.16,19:00,55.35,55.61,55.31,55.39,972
2025.12.16,20:00,55.40,55.42,55.19,55.24,1018
2025.12.16,21:00,55.24,55.29,55.14,55.17,410
2025.12.16,22:00,55.17,55.19,55.05,55.19,380
2025.12.17,00:00,55.07,55.43,55.07,55.43,460
2025.12.17,01:00,55.40,55.99,55.39,55.58,1073
2025.12.17,02:00,55.56,55.70,55.47,55.56,1253
2025.12.17,03:00,55.57,55.87,55.55,55.72,635
2025.12.17,04:00,55.72,55.85,55.67,55.80,589
2025.12.17,05:00,55.81,55.90,55.76,55.87,304
2025.12.17,06:00,55.89,56.06,55.87,55.94,760
2025.12.17,07:00,55.95,56.05,55.79,55.91,637
2025.12.17,08:00,55.90,56.07,55.84,55.87,785
2025.12.17,09:00,55.84,56.15,55.72,56.14,1208
2025.12.17,10:00,56.14,56.49,56.01,56.37,2335
2025.12.17,11:00,56.36,56.55,56.34,56.41,1203
2025.12.17,12:00,56.44,56.47,56.22,56.25,705
2025.12.17,13:00,56.24,56.37,56.04,56.09,874
2025.12.17,14:00,56.08,56.24,56.01,56.20,1075
2025.12.17,15:00,56.21,56.21,55.57,55.84,1934
2025.12.17,16:00,55.83,56.18,55.73,55.87,2148
2025.12.17,17:00,55.89,56.17,55.84,56.04,1855
2025.12.17,18:00,56.03,56.09,55.87,55.96,1000
2025.12.17,19:00,55.97,56.08,55.84,55.87,719
2025.12.17,20:00,55.85,55.98,55.74,55.97,1067
2025.12.17,21:00,55.94,56.62,55.94,56.52,955
2025.12.17,22:00,56.53,56.81,56.51,56.74,924
2025.12.18,00:00,56.76,56.84,56.71,56.71,287
2025.12.18,01:00,56.70,56.79,56.64,56.69,269
2025.12.18,02:00,56.70,56.79,56.64,56.70,607
2025.12.18,03:00,56.69,56.74,55.89,56.21,1489
2025.12.18,04:00,56.22,56.28,56.15,56.20,472
2025.12.18,05:00,56.21,56.25,56.10,56.16,329
2025.12.18,06:00,56.16,56.30,56.12,56.28,335
2025.12.18,07:00,56.30,56.39,56.27,56.39,420
2025.12.18,08:00,56.38,56.43,56.25,56.26,559
2025.12.18,09:00,56.29,56.35,56.08,56.10,1222
2025.12.18,10:00,56.11,56.22,55.87,56.00,1006
2025.12.18,11:00,55.97,56.08,55.78,55.79,739
2025.12.18,12:00,55.82,55.98,55.71,55.77,639
2025.12.18,13:00,55.74,56.00,55.72,55.92,745
2025.12.18,14:00,55.89,56.22,55.89,56.03,1039
2025.12.18,15:00,56.03,56.40,55.89,56.38,1579
2025.12.18,16:00,56.39,56.43,56.12,56.24,1306
2025.12.18,17:00,56.20,56.51,56.12,56.23,1198
2025.12.18,18:00,56.25,56.43,56.14,56.19,1115
2025.12.18,19:00,56.18,56.26,56.04,56.11,744
2025.12.18,20:00,56.10,56.14,55.78,55.82,951
2025.12.18,21:00,55.81,55.93,55.80,55.89,460
2025.12.18,22:00,55.88,55.98,55.85,55.88,271
2025.12.19,00:00,55.88,55.97,55.83,55.85,147
2025.12.19,01:00,55.86,55.88,55.78,55.88,142
2025.12.19,02:00,55.85,55.94,55.73,55.81,564
2025.12.19,03:00,55.79,55.89,55.77,55.83,255
2025.12.19,04:00,55.84,55.91,55.76,55.85,346
2025.12.19,05:00,55.82,55.98,55.82,55.89,207
2025.12.19,06:00,55.89,55.90,55.78,55.79,220
2025.12.19,07:00,55.81,55.92,55.76,55.89,408
2025.12.19,08:00,55.88,55.95,55.63,55.64,551
2025.12.19,09:00,55.64,55.98,55.64,55.86,1224
2025.12.19,10:00,55.85,55.94,55.63,55.80,1096
2025.12.19,11:00,55.81,56.09,55.59,55.99,1208
2025.12.19,12:00,56.00,56.24,55.98,56.21,941
2025.12.19,13:00,56.22,56.36,56.08,56.30,666
2025.12.19,14:00,56.29,56.55,56.24,56.46,942
2025.12.19,15:00,56.46,56.53,56.17,56.42,1315
2025.12.19,16:00,56.43,56.50,56.07,56.16,1292
2025.12.19,17:00,56.16,56.54,56.14,56.42,1099
2025.12.19,18:00,56.43,56.50,56.32,56.47,567
2025.12.19,19:00,56.46,56.71,56.41,56.65,877
2025.12.19,20:00,56.64,56.64,56.39,56.50,815
2025.12.19,21:00,56.49,56.66,56.43,56.53,323
