2025.05.28,09:30,61.27,61.30,61.17,61.27,234
2025.05.28,09:45,61.28,61.38,61.25,61.34,207
2025.05.28,10:00,61.33,61.36,61.17,61.24,347
2025.05.28,10:15,61.25,61.28,60.93,60.98,475
2025.05.28,10:30,60.98,61.01,60.89,60.93,272
2025.05.28,10:45,60.95,61.03,60.89,61.01,271
2025.05.28,11:00,61.01,61.16,60.94,61.16,287
2025.05.28,11:15,61.14,61.27,61.13,61.21,184
2025.05.28,11:30,61.25,61.39,61.15,61.38,266
2025.05.28,11:45,61.36,61.42,61.29,61.30,259
2025.05.28,12:00,61.30,61.42,61.27,61.38,209
2025.05.28,12:15,61.41,61.46,61.37,61.44,231
2025.05.28,12:30,61.43,61.53,61.40,61.47,216
2025.05.28,12:45,61.44,61.59,61.41,61.49,225
2025.05.28,13:00,61.47,61.49,61.42,61.43,170
2025.05.28,13:15,61.46,61.47,61.32,61.36,176
2025.05.28,13:30,61.37,61.51,61.32,61.47,227
2025.05.28,13:45,61.46,61.54,61.39,61.39,167
2025.05.28,14:00,61.38,61.57,61.37,61.56,228
2025.05.28,14:15,61.56,61.64,61.45,61.58,270
2025.05.28,14:30,61.58,61.67,61.53,61.65,206
2025.05.28,14:45,61.64,61.78,61.64,61.75,241
2025.05.28,15:00,61.75,61.96,61.70,61.80,600
2025.05.28,15:15,61.81,61.98,61.74,61.95,325
2025.05.28,15:30,61.94,62.06,61.81,61.86,530
2025.05.28,15:45,61.86,61.89,61.69,61.78,486
2025.05.28,16:00,61.79,61.91,61.76,61.88,428
2025.05.28,16:15,61.87,61.93,61.69,61.76,384
2025.05.28,16:30,61.76,61.82,61.58,61.73,366
2025.05.28,16:45,61.76,61.77,61.61,61.67,401
2025.05.28,17:00,61.67,61.90,61.62,61.85,370
2025.05.28,17:15,61.83,61.96,61.74,61.89,468
2025.05.28,17:30,61.90,62.52,61.86,62.43,718
2025.05.28,17:45,62.45,62.45,62.18,62.31,664
2025.05.28,18:00,62.34,62.37,61.89,62.18,701
2025.05.28,18:15,62.15,62.25,62.05,62.16,442
2025.05.28,18:30,62.16,62.28,62.00,62.17,565
2025.05.28,18:45,62.18,62.23,62.10,62.19,250
2025.05.28,19:00,62.20,62.26,62.04,62.06,249
2025.05.28,19:15,62.07,62.08,61.96,61.98,263
2025.05.28,19:30,61.97,62.01,61.87,61.94,164
2025.05.28,19:45,61.93,61.98,61.82,61.96,303
2025.05.28,20:00,61.96,62.09,61.94,62.09,237
2025.05.28,20:15,62.06,62.07,61.75,61.83,372
2025.05.28,20:30,61.82,61.84,61.67,61.74,228
2025.05.28,20:45,61.73,61.76,61.51,61.58,239
2025.05.28,21:00,61.57,61.58,61.47,61.50,165
2025.05.28,21:15,61.51,61.58,61.48,61.52,101
2025.05.28,21:30,61.52,61.52,61.47,61.50,45
2025.05.28,21:45,61.50,61.58,61.48,61.57,105
2025.05.28,22:00,61.55,61.63,61.52,61.55,80
2025.05.28,22:15,61.55,61.80,61.55,61.72,330
2025.05.28,22:30,61.73,61.87,61.71,61.86,154
2025.05.28,22:45,61.86,61.90,61.84,61.87,80
2025.05.29,00:00,61.85,61.88,61.80,61.85,65
2025.05.29,00:15,61.86,61.88,61.82,61.86,31
2025.05.29,00:30,61.87,61.93,61.86,61.90,25
2025.05.29,00:45,61.91,62.05,61.91,62.02,96
2025.05.29,01:00,62.00,62.09,61.99,62.08,84
2025.05.29,01:15,62.07,62.37,62.07,62.37,211
2025.05.29,01:30,62.35,62.47,62.31,62.34,170
2025.05.29,01:45,62.37,62.39,62.21,62.24,160
2025.05.29,02:00,62.18,62.35,62.16,62.27,386
2025.05.29,02:15,62.26,62.39,62.23,62.35,274
2025.05.29,02:30,62.34,62.37,62.27,62.37,178
2025.05.29,02:45,62.36,62.55,62.32,62.55,169
2025.05.29,03:00,62.53,62.71,62.53,62.62,512
2025.05.29,03:15,62.61,62.65,62.41,62.49,338
2025.05.29,03:30,62.50,62.62,62.41,62.56,356
2025.05.29,03:45,62.53,62.65,62.51,62.65,206
2025.05.29,04:00,62.66,62.68,62.58,62.60,198
2025.05.29,04:15,62.63,62.68,62.59,62.61,111
2025.05.29,04:30,62.64,62.69,62.56,62.66,176
2025.05.29,04:45,62.67,62.71,62.62,62.66,184
2025.05.29,05:00,62.67,62.70,62.55,62.67,160
2025.05.29,05:15,62.68,62.69,62.60,62.64,169
2025.05.29,05:30,62.66,62.68,62.58,62.67,190
2025.05.29,05:45,62.66,62.68,62.60,62.63,86
2025.05.29,06:00,62.62,62.66,62.56,62.63,78
2025.05.29,06:15,62.62,62.65,62.58,62.64,44
2025.05.29,06:30,62.63,62.75,62.60,62.72,98
2025.05.29,06:45,62.74,62.77,62.68,62.74,76
2025.05.29,07:00,62.73,62.80,62.71,62.79,98
2025.05.29,07:15,62.78,62.86,62.75,62.84,134
2025.05.29,07:30,62.85,62.90,62.83,62.87,132
2025.05.29,07:45,62.89,62.93,62.86,62.90,121
2025.05.29,08:00,62.92,62.92,62.80,62.82,174
2025.05.29,08:15,62.81,62.88,62.73,62.88,205
2025.05.29,08:30,62.85,62.98,62.85,62.97,218
2025.05.29,08:45,62.94,62.97,62.88,62.91,214
2025.05.29,09:00,62.92,63.02,62.78,62.83,358
2025.05.29,09:15,62.82,62.90,62.78,62.82,341
2025.05.29,09:30,62.83,63.00,62.83,62.95,290
2025.05.29,09:45,62.95,63.06,62.92,62.99,333
2025.05.29,10:00,62.99,63.04,62.81,62.82,423
2025.05.29,10:15,62.84,62.87,62.55,62.55,404
2025.05.29,10:30,62.54,62.67,62.46,62.51,414
2025.05.29,10:45,62.53,62.58,62.50,62.56,221
2025.05.29,11:00,62.54,62.65,62.51,62.63,298
2025.05.29,11:15,62.61,62.68,62.51,62.63,264
2025.05.29,11:30,62.60,62.74,62.53,62.72,245
2025.05.29,11:45,62.73,62.77,62.69,62.74,225
2025.05.29,12:00,62.77,62.77,62.63,62.66,204
2025.05.29,12:15,62.67,62.67,62.45,62.47,247
2025.05.29,12:30,62.48,62.50,62.03,62.03,320
2025.05.29,12:45,62.06,62.12,61.87,61.97,397
2025.05.29,13:00,61.97,62.14,61.97,62.12,298
2025.05.29,13:15,62.13,62.20,62.09,62.14,209
2025.05.29,13:30,62.13,62.22,62.04,62.19,277
2025.05.29,13:45,62.16,62.20,61.99,62.01,222
2025.05.29,14:00,62.02,62.12,61.96,62.05,385
2025.05.29,14:15,62.07,62.11,61.77,61.88,439
2025.05.29,14:30,61.85,61.96,61.57,61.57,519
2025.05.29,14:45,61.59,61.71,61.51,61.60,528
2025.05.29,15:00,61.60,61.76,61.41,61.43,719
2025.05.29,15:15,61.46,61.49,61.22,61.30,500
2025.05.29,15:30,61.27,61.28,61.09,61.09,577
2025.05.29,15:45,61.12,61.25,60.94,61.00,577
2025.05.29,16:00,60.97,61.03,60.63,60.76,708
2025.05.29,16:15,60.77,60.78,60.53,60.73,624
2025.05.29,16:30,60.73,60.89,60.72,60.80,650
2025.05.29,16:45,60.81,61.24,60.76,61.11,604
2025.05.29,17:00,61.14,61.23,60.90,60.97,543
2025.05.29,17:15,60.95,61.11,60.88,61.03,595
2025.05.29,17:30,61.05,61.14,60.93,60.96,562
2025.05.29,17:45,60.95,61.16,60.93,61.07,428
2025.05.29,18:00,61.09,61.28,61.05,61.12,683
2025.05.29,18:15,61.10,61.26,61.04,61.11,415
2025.05.29,18:30,61.08,61.15,60.91,60.95,287
2025.05.29,18:45,60.96,61.02,60.90,60.93,262
2025.05.29,19:00,60.95,61.06,60.83,60.88,250
2025.05.29,19:15,60.88,60.94,60.86,60.87,185
2025.05.29,19:30,60.88,60.95,60.85,60.86,229
2025.05.29,19:45,60.87,60.92,60.81,60.84,226
2025.05.29,20:00,60.85,60.90,60.79,60.86,234
2025.05.29,20:15,60.85,60.96,60.78,60.96,394
2025.05.29,20:30,60.94,61.00,60.93,60.93,115
2025.05.29,20:45,60.94,60.98,60.89,60.93,83
2025.05.29,21:00,60.91,60.96,60.85,60.89,200
2025.05.29,21:15,60.92,60.96,60.87,60.94,102
2025.05.29,21:30,60.92,60.98,60.92,60.95,88
2025.05.29,21:45,60.94,60.97,60.87,60.89,125
2025.05.29,22:00,60.90,60.92,60.86,60.88,100
2025.05.29,22:15,60.90,60.92,60.88,60.91,35
2025.05.29,22:30,60.89,60.96,60.89,60.93,51
2025.05.29,22:45,60.92,60.92,60.85,60.92,108
2025.05.30,00:00,60.94,60.94,60.82,60.94,123
2025.05.30,00:15,60.91,60.95,60.90,60.92,25
2025.05.30,00:30,60.91,60.95,60.86,60.91,50
2025.05.30,00:45,60.90,60.90,60.83,60.85,49
2025.05.30,01:00,60.86,60.90,60.83,60.85,37
2025.05.30,01:15,60.84,60.86,60.81,60.83,35
2025.05.30,01:30,60.85,60.86,60.80,60.80,26
2025.05.30,01:45,60.82,60.84,60.79,60.82,26
2025.05.30,02:00,60.81,60.96,60.81,60.88,177
2025.05.30,02:15,60.87,60.91,60.84,60.90,112
2025.05.30,02:30,60.87,60.89,60.77,60.77,81
2025.05.30,02:45,60.79,60.79,60.68,60.75,69
2025.05.30,03:00,60.76,60.77,60.49,60.58,445
2025.05.30,03:15,60.60,60.68,60.57,60.62,233
2025.05.30,03:30,60.59,60.71,60.55,60.67,207
2025.05.30,03:45,60.69,60.77,60.64,60.70,171
2025.05.30,04:00,60.69,60.74,60.56,60.61,190
2025.05.30,04:15,60.59,60.69,60.59,60.63,84
2025.05.30,04:30,60.62,60.68,60.54,60.65,190
2025.05.30,04:45,60.68,60.75,60.58,60.68,215
2025.05.30,05:00,60.70,60.70,60.59,60.63,157
2025.05.30,05:15,60.64,60.65,60.58,60.58,168
2025.05.30,05:30,60.60,60.65,60.57,60.59,90
2025.05.30,05:45,60.58,60.65,60.55,60.63,50
2025.05.30,06:00,60.64,60.68,60.60,60.65,38
2025.05.30,06:15,60.62,60.66,60.59,60.63,52
2025.05.30,06:30,60.61,60.66,60.60,60.61,64
2025.05.30,06:45,60.60,60.71,60.59,60.67,64
2025.05.30,07:00,60.69,60.78,60.68,60.72,111
2025.05.30,07:15,60.75,60.76,60.68,60.73,91
2025.05.30,07:30,60.72,60.81,60.70,60.78,190
2025.05.30,07:45,60.79,60.80,60.71,60.76,167
2025.05.30,08:00,60.74,60.76,60.56,60.66,268
2025.05.30,08:15,60.69,60.74,60.61,60.66,192
2025.05.30,08:30,60.66,60.76,60.64,60.71,268
2025.05.30,08:45,60.71,60.72,60.63,60.68,250
2025.05.30,09:00,60.65,60.76,60.56,60.74,371
2025.05.30,09:15,60.73,60.91,60.71,60.90,295
2025.05.30,09:30,60.89,61.14,60.88,61.06,384
2025.05.30,09:45,61.06,61.15,61.02,61.05,267
2025.05.30,10:00,61.06,61.16,61.00,61.13,386
2025.05.30,10:15,61.13,61.22,61.06,61.18,546
2025.05.30,10:30,61.20,61.29,61.07,61.09,370
2025.05.30,10:45,61.11,61.30,61.07,61.28,286
2025.05.30,11:00,61.27,61.41,61.24,61.36,306
2025.05.30,11:15,61.37,61.42,61.30,61.37,228
2025.05.30,11:30,61.35,61.37,61.27,61.28,197
2025.05.30,11:45,61.27,61.33,61.21,61.30,190
2025.05.30,12:00,61.27,61.37,61.27,61.35,162
2025.05.30,12:15,61.36,61.44,61.35,61.42,180
2025.05.30,12:30,61.41,61.44,61.38,61.42,96
2025.05.30,12:45,61.43,61.54,61.38,61.51,224
2025.05.30,13:00,61.50,61.64,61.48,61.60,167
2025.05.30,13:15,61.60,61.70,61.57,61.70,176
2025.05.30,13:30,61.69,61.71,61.53,61.57,209
2025.05.30,13:45,61.60,61.62,60.73,60.96,735
2025.05.30,14:00,60.95,61.03,60.12,60.22,1805
2025.05.30,14:15,60.24,60.61,60.19,60.42,1044
2025.05.30,14:30,60.40,60.53,60.06,60.09,835
2025.05.30,14:45,60.13,60.40,59.97,60.23,887
2025.05.30,15:00,60.24,60.94,60.19,60.74,1093
2025.05.30,15:15,60.73,60.88,60.62,60.79,736
2025.05.30,15:30,60.76,60.79,60.32,60.41,884
2025.05.30,15:45,60.40,60.49,60.15,60.26,671
2025.05.30,16:00,60.27,60.68,60.19,60.28,884
2025.05.30,16:15,60.27,60.64,60.23,60.61,650
2025.05.30,16:30,60.64,60.75,60.44,60.71,646
2025.05.30,16:45,60.69,60.77,60.50,60.59,648
2025.05.30,17:00,60.58,60.86,60.51,60.51,695
2025.05.30,17:15,60.54,60.62,60.28,60.28,667
2025.05.30,17:30,60.27,60.38,60.16,60.18,644
2025.05.30,17:45,60.17,60.33,60.10,60.21,535
2025.05.30,18:00,60.22,60.41,60.22,60.32,395
2025.05.30,18:15,60.33,60.35,59.83,59.94,516
2025.05.30,18:30,59.97,60.28,59.87,60.12,921
2025.05.30,18:45,60.11,60.30,60.08,60.27,455
2025.05.30,19:00,60.23,60.58,60.22,60.50,714
2025.05.30,19:15,60.51,60.64,60.47,60.54,358
2025.05.30,19:30,60.55,60.79,60.49,60.69,493
2025.05.30,19:45,60.66,60.71,60.47,60.55,511
2025.05.30,20:00,60.55,60.74,60.54,60.72,465
2025.05.30,20:15,60.70,60.96,60.69,60.73,648
2025.05.30,20:30,60.72,60.78,60.59,60.73,295
2025.05.30,20:45,60.73,60.77,60.68,60.70,264
2025.05.30,21:00,60.72,60.75,60.67,60.70,138
2025.05.30,21:15,60.71,60.76,60.59,60.75,238
2025.05.30,21:30,60.76,60.89,60.71,60.88,304
2025.05.30,21:45,60.85,60.89,60.73,60.82,318
2025.06.02,00:00,61.13,62.29,61.06,62.00,1008
2025.06.02,00:15,61.99,62.03,61.86,61.97,355
2025.06.02,00:30,61.96,62.11,61.79,61.95,301
2025.06.02,00:45,61.98,62.03,61.88,61.88,136
2025.06.02,01:00,61.90,62.06,61.82,61.96,186
2025.06.02,01:15,61.97,62.01,61.84,61.95,121
2025.06.02,01:30,61.97,62.03,61.93,61.97,83
2025.06.02,01:45,61.98,62.03,61.90,62.02,85
2025.06.02,02:00,62.00,62.16,61.94,62.05,256
2025.06.02,02:15,62.07,62.10,61.95,62.10,194
2025.06.02,02:30,62.08,62.21,62.06,62.06,199
2025.06.02,02:45,62.07,62.22,62.07,62.19,169
2025.06.02,03:00,62.20,62.22,62.12,62.20,177
2025.06.02,03:15,62.19,62.24,62.16,62.22,84
2025.06.02,03:30,62.24,62.49,62.23,62.34,199
2025.06.02,03:45,62.32,62.38,62.30,62.34,123
2025.06.02,04:00,62.36,62.52,62.35,62.42,188
2025.06.02,04:15,62.43,62.62,62.43,62.48,204
2025.06.02,04:30,62.49,62.61,62.48,62.59,123
2025.06.02,04:45,62.60,62.68,62.58,62.64,158
2025.06.02,05:00,62.69,62.70,62.35,62.56,281
2025.06.02,05:15,62.54,62.56,62.42,62.44,215
2025.06.02,05:30,62.45,62.45,62.28,62.32,352
2025.06.02,05:45,62.31,62.43,62.27,62.42,143
2025.06.02,06:00,62.43,62.48,62.38,62.47,95
2025.06.02,06:15,62.46,62.56,62.44,62.52,131
2025.06.02,06:30,62.51,62.61,62.48,62.55,104
2025.06.02,06:45,62.56,62.57,62.43,62.45,109
2025.06.02,07:00,62.44,62.55,62.43,62.51,78
2025.06.02,07:15,62.50,62.53,62.40,62.46,161
2025.06.02,07:30,62.47,62.52,62.42,62.48,150
2025.06.02,07:45,62.46,62.52,62.45,62.49,116
2025.06.02,08:00,62.47,62.48,62.27,62.32,293
2025.06.02,08:15,62.30,62.48,62.28,62.46,249
2025.06.02,08:30,62.48,62.60,62.45,62.56,232
2025.06.02,08:45,62.58,62.60,62.47,62.51,289
2025.06.02,09:00,62.48,62.59,62.32,62.34,580
2025.06.02,09:15,62.35,62.66,62.35,62.39,567
2025.06.02,09:30,62.38,62.45,62.25,62.31,576
2025.06.02,09:45,62.30,62.53,62.29,62.42,530
2025.06.02,10:00,62.45,62.90,62.42,62.86,690
2025.06.02,10:15,62.87,62.89,62.69,62.69,580
2025.06.02,10:30,62.68,62.82,62.62,62.74,541
2025.06.02,10:45,62.72,62.93,62.72,62.84,450
2025.06.02,11:00,62.83,62.88,62.61,62.67,526
2025.06.02,11:15,62.67,62.98,62.65,62.83,427
2025.06.02,11:30,62.82,62.95,62.81,62.90,371
2025.06.02,11:45,62.90,63.09,62.87,63.09,255
2025.06.02,12:00,63.07,63.11,62.90,62.93,358
2025.06.02,12:15,62.93,62.96,62.88,62.95,291
2025.06.02,12:30,62.96,63.25,62.91,63.18,535
2025.06.02,12:45,63.21,63.38,63.17,63.36,461
2025.06.02,13:00,63.37,63.40,63.23,63.27,385
2025.06.02,13:15,63.27,63.32,63.20,63.26,224
2025.06.02,13:30,63.27,63.39,63.26,63.39,236
2025.06.02,13:45,63.39,63.42,63.25,63.33,308
2025.06.02,14:00,63.32,63.48,63.32,63.37,302
2025.06.02,14:15,63.35,63.67,63.33,63.66,429
2025.06.02,14:30,63.67,63.77,63.52,63.57,542
2025.06.02,14:45,63.60,63.61,63.34,63.55,548
2025.06.02,15:00,63.56,63.72,63.51,63.71,469
2025.06.02,15:15,63.71,63.87,63.41,63.41,680
2025.06.02,15:30,63.39,63.46,62.79,62.82,1173
2025.06.02,15:45,62.79,62.89,62.62,62.63,906
2025.06.02,16:00,62.59,62.66,62.45,62.59,914
2025.06.02,16:15,62.58,62.81,62.53,62.79,697
2025.06.02,16:30,62.77,62.82,62.47,62.78,734
2025.06.02,16:45,62.77,62.95,62.77,62.81,597
2025.06.02,17:00,62.82,63.01,62.79,62.86,628
2025.06.02,17:15,62.85,62.89,62.51,62.64,573
2025.06.02,17:30,62.63,62.71,62.43,62.69,484
2025.06.02,17:45,62.71,62.93,62.69,62.86,387
2025.06.02,18:00,62.87,62.93,62.74,62.90,314
2025.06.02,18:15,62.92,63.06,62.84,63.06,206
2025.06.02,18:30,63.04,63.22,63.04,63.09,392
2025.06.02,18:45,63.11,63.19,63.07,63.11,200
2025.06.02,19:00,63.13,63.13,62.91,62.93,246
2025.06.02,19:15,62.90,62.96,62.86,62.92,192
2025.06.02,19:30,62.93,62.95,62.73,62.77,241
2025.06.02,19:45,62.73,62.95,62.73,62.93,272
2025.06.02,20:00,62.94,62.99,62.17,62.31,1223
2025.06.02,20:15,62.33,62.56,62.23,62.55,723
2025.06.02,20:30,62.54,62.77,62.51,62.70,318
2025.06.02,20:45,62.71,62.87,62.69,62.80,203
2025.06.02,21:00,62.83,62.90,62.81,62.84,118
2025.06.02,21:15,62.85,62.90,62.83,62.86,118
2025.06.02,21:30,62.84,62.90,62.83,62.89,79
2025.06.02,21:45,62.88,63.02,62.84,63.01,109
2025.06.02,22:00,63.00,63.16,62.99,63.11,158
2025.06.02,22:15,63.14,63.16,63.09,63.12,110
2025.06.02,22:30,63.15,63.18,63.07,63.12,62
2025.06.02,22:45,63.13,63.15,62.98,63.00,94
2025.06.03,00:00,63.00,63.20,62.94,63.04,278
2025.06.03,00:15,63.06,63.11,63.00,63.00,60
2025.06.03,00:30,63.02,63.08,63.01,63.08,31
2025.06.03,00:45,63.05,63.11,63.01,63.07,44
2025.06.03,01:00,63.09,63.13,63.02,63.06,58
2025.06.03,01:15,63.04,63.09,63.02,63.05,39
2025.06.03,01:30,63.04,63.07,63.00,63.04,38
2025.06.03,01:45,63.03,63.09,63.01,63.06,54
2025.06.03,02:00,63.08,63.17,63.01,63.01,144
2025.06.03,02:15,63.02,63.05,62.92,62.94,100
2025.06.03,02:30,62.97,63.03,62.94,63.00,96
2025.06.03,02:45,62.99,63.01,62.89,62.91,96
2025.06.03,03:00,62.92,63.24,62.85,63.09,958
2025.06.03,03:15,63.12,63.20,63.08,63.12,330
2025.06.03,03:30,63.10,63.15,62.98,63.03,262
2025.06.03,03:45,63.00,63.08,62.95,62.99,278
2025.06.03,04:00,63.01,63.09,62.89,62.95,220
2025.06.03,04:15,62.94,62.96,62.87,62.88,89
2025.06.03,04:30,62.89,62.97,62.84,62.95,237
2025.06.03,04:45,62.97,63.00,62.91,62.92,184
2025.06.03,05:00,62.94,63.01,62.93,62.96,199
2025.06.03,05:15,62.94,62.97,62.87,62.93,140
2025.06.03,05:30,62.95,62.97,62.87,62.89,78
2025.06.03,05:45,62.90,62.91,62.82,62.86,65
2025.06.03,06:00,62.84,62.89,62.78,62.79,63
2025.06.03,06:15,62.78,62.83,62.77,62.82,59
2025.06.03,06:30,62.79,62.80,62.74,62.77,31
2025.06.03,06:45,62.74,62.81,62.74,62.77,52
2025.06.03,07:00,62.76,62.82,62.73,62.75,64
2025.06.03,07:15,62.76,62.79,62.74,62.75,53
2025.06.03,07:30,62.74,62.80,62.67,62.79,233
2025.06.03,07:45,62.80,62.82,62.68,62.71,139
2025.06.03,08:00,62.68,62.74,62.66,62.66,213
2025.06.03,08:15,62.67,62.73,62.66,62.70,180
2025.06.03,08:30,62.69,62.76,62.64,62.75,249
2025.06.03,08:45,62.77,62.89,62.75,62.82,252
2025.06.03,09:00,62.83,62.85,62.70,62.77,283
2025.06.03,09:15,62.77,62.98,62.77,62.95,241
2025.06.03,09:30,62.95,63.19,62.95,63.11,411
2025.06.03,09:45,63.13,63.16,62.97,63.03,266
2025.06.03,10:00,63.04,63.10,62.90,62.93,360
2025.06.03,10:15,62.90,63.11,62.83,62.83,480
2025.06.03,10:30,62.81,62.95,62.72,62.79,468
2025.06.03,10:45,62.78,62.88,62.65,62.68,406
2025.06.03,11:00,62.69,62.76,62.59,62.61,333
2025.06.03,11:15,62.61,62.86,62.58,62.76,268
2025.06.03,11:30,62.76,62.79,62.67,62.72,281
2025.06.03,11:45,62.73,62.73,62.48,62.49,268
2025.06.03,12:00,62.50,62.54,62.38,62.46,356
2025.06.03,12:15,62.45,62.54,62.42,62.53,232
2025.06.03,12:30,62.52,62.68,62.49,62.65,280
2025.06.03,12:45,62.64,62.77,62.63,62.77,228
2025.06.03,13:00,62.74,62.84,62.71,62.79,299
2025.06.03,13:15,62.80,62.80,62.71,62.77,181
2025.06.03,13:30,62.79,62.87,62.76,62.83,202
2025.06.03,13:45,62.82,63.06,62.81,63.05,256
2025.06.03,14:00,63.07,63.40,63.04,63.23,566
2025.06.03,14:15,63.23,63.33,63.18,63.33,322
2025.06.03,14:30,63.33,63.44,63.31,63.40,303
2025.06.03,14:45,63.39,63.45,63.12,63.13,471
2025.06.03,15:00,63.13,63.25,63.01,63.08,682
2025.06.03,15:15,63.07,63.11,62.91,63.10,544
2025.06.03,15:30,63.08,63.11,62.83,62.89,747
2025.06.03,15:45,62.90,63.13,62.90,63.06,529
2025.06.03,16:00,63.07,63.43,63.07,63.41,681
2025.06.03,16:15,63.41,63.62,63.32,63.59,622
2025.06.03,16:30,63.59,63.66,63.51,63.64,517
2025.06.03,16:45,63.67,63.80,63.63,63.71,534
2025.06.03,17:00,63.73,63.88,63.71,63.85,434
2025.06.03,17:15,63.82,63.88,63.65,63.79,573
2025.06.03,17:30,63.81,63.81,63.57,63.76,517
2025.06.03,17:45,63.75,63.79,63.53,63.63,429
2025.06.03,18:00,63.62,63.66,63.47,63.55,312
2025.06.03,18:15,63.52,63.64,63.49,63.55,321
2025.06.03,18:30,63.56,63.59,63.40,63.55,292
2025.06.03,18:45,63.56,63.63,63.54,63.61,226
2025.06.03,19:00,63.60,63.68,63.53,63.63,210
2025.06.03,19:15,63.62,63.74,63.55,63.72,237
2025.06.03,19:30,63.71,63.76,63.65,63.71,240
2025.06.03,19:45,63.72,63.76,63.23,63.48,609
2025.06.03,20:00,63.48,63.60,63.38,63.41,492
2025.06.03,20:15,63.43,63.44,63.36,63.38,315
2025.06.03,20:30,63.39,63.44,63.33,63.43,218
2025.06.03,20:45,63.44,63.51,63.40,63.48,175
2025.06.03,21:00,63.47,63.55,63.44,63.45,122
2025.06.03,21:15,63.48,63.49,63.43,63.43,89
2025.06.03,21:30,63.45,63.46,63.39,63.42,81
2025.06.03,21:45,63.42,63.42,63.29,63.33,95
2025.06.03,22:00,63.32,63.35,63.29,63.35,51
2025.06.03,22:15,63.35,63.37,63.32,63.35,60
2025.06.03,22:30,63.33,63.41,63.29,63.41,134
2025.06.03,22:45,63.38,63.42,63.31,63.32,94
2025.06.04,00:00,63.30,63.39,63.30,63.36,88
2025.06.04,00:15,63.34,63.42,63.34,63.39,51
2025.06.04,00:30,63.42,63.43,63.37,63.37,24
2025.06.04,00:45,63.36,63.37,63.32,63.34,36
2025.06.04,01:00,63.35,63.38,63.33,63.38,32
2025.06.04,01:15,63.37,63.40,63.34,63.40,23
2025.06.04,01:30,63.38,63.38,63.34,63.35,13
2025.06.04,01:45,63.33,63.36,63.15,63.22,149
2025.06.04,02:00,63.30,63.34,63.18,63.22,174
2025.06.04,02:15,63.20,63.28,63.20,63.28,94
2025.06.04,02:30,63.27,63.33,63.25,63.27,71
2025.06.04,02:45,63.24,63.30,63.22,63.23,78
2025.06.04,03:00,63.22,63.32,63.20,63.30,198
2025.06.04,03:15,63.33,63.35,63.26,63.32,87
2025.06.04,03:30,63.31,63.35,63.22,63.31,154
2025.06.04,03:45,63.33,63.37,63.28,63.31,157
2025.06.04,04:00,63.32,63.33,63.21,63.22,131
2025.06.04,04:15,63.23,63.24,63.17,63.18,64
2025.06.04,04:30,63.20,63.22,63.16,63.20,69
2025.06.04,04:45,63.19,63.22,63.15,63.19,86
2025.06.04,05:00,63.16,63.18,63.11,63.12,77
2025.06.04,05:15,63.13,63.18,63.13,63.14,62
2025.06.04,05:30,63.15,63.20,63.15,63.16,56
2025.06.04,05:45,63.19,63.19,63.14,63.16,20
2025.06.04,06:00,63.14,63.20,63.14,63.18,69
2025.06.04,06:15,63.21,63.21,63.13,63.19,59
2025.06.04,06:30,63.21,63.21,63.09,63.12,47
2025.06.04,06:45,63.10,63.13,63.09,63.11,30
2025.06.04,07:00,63.10,63.15,63.08,63.12,39
2025.06.04,07:15,63.15,63.15,63.07,63.10,31
2025.06.04,07:30,63.08,63.13,63.05,63.08,94
2025.06.04,07:45,63.11,63.16,63.08,63.14,60
2025.06.04,08:00,63.15,63.32,63.14,63.21,225
2025.06.04,08:15,63.20,63.28,63.15,63.19,222
2025.06.04,08:30,63.20,63.26,63.17,63.20,146
2025.06.04,08:45,63.19,63.22,63.13,63.19,117
2025.06.04,09:00,63.20,63.21,63.11,63.18,182
2025.06.04,09:15,63.15,63.39,63.14,63.38,174
2025.06.04,09:30,63.37,63.43,63.29,63.36,215
2025.06.04,09:45,63.39,63.40,63.32,63.36,140
2025.06.04,10:00,63.37,63.51,63.33,63.47,248
2025.06.04,10:15,63.47,63.55,63.42,63.42,263
2025.06.04,10:30,63.44,63.47,63.32,63.42,303
2025.06.04,10:45,63.38,63.41,63.20,63.25,284
2025.06.04,11:00,63.22,63.24,63.04,63.13,264
2025.06.04,11:15,63.10,63.25,63.10,63.22,235
2025.06.04,11:30,63.21,63.53,63.19,63.47,329
2025.06.04,11:45,63.47,63.71,63.47,63.66,311
2025.06.04,12:00,63.68,63.71,63.56,63.57,214
2025.06.04,12:15,63.58,63.59,63.35,63.36,180
2025.06.04,12:30,63.38,63.44,63.35,63.40,198
2025.06.04,12:45,63.39,63.49,63.35,63.47,189
2025.06.04,13:00,63.46,63.46,63.27,63.32,257
2025.06.04,13:15,63.32,63.40,63.31,63.35,158
2025.06.04,13:30,63.36,63.43,63.31,63.33,171
2025.06.04,13:45,63.34,63.44,63.31,63.43,166
2025.06.04,14:00,63.42,63.49,63.37,63.44,202
2025.06.04,14:15,63.46,63.46,63.15,63.18,421
2025.06.04,14:30,63.16,63.17,62.85,62.91,510
2025.06.04,14:45,62.92,63.14,62.87,63.01,383
2025.06.04,15:00,63.01,63.58,62.96,63.44,715
2025.06.04,15:15,63.44,63.57,63.42,63.46,441
2025.06.04,15:30,63.41,63.57,63.09,63.50,858
2025.06.04,15:45,63.52,63.82,63.49,63.69,706
2025.06.04,16:00,63.67,63.95,63.51,63.74,959
2025.06.04,16:15,63.76,63.94,63.71,63.77,663
2025.06.04,16:30,63.80,63.80,63.26,63.34,1355
2025.06.04,16:45,63.35,63.51,63.21,63.26,881
2025.06.04,17:00,63.22,63.46,63.12,63.31,741
2025.06.04,17:15,63.31,63.45,62.16,62.57,2042
2025.06.04,17:30,62.59,62.92,62.50,62.82,1169
2025.06.04,17:45,62.82,62.97,62.61,62.66,796
2025.06.04,18:00,62.64,62.76,62.48,62.55,679
2025.06.04,18:15,62.54,62.71,62.50,62.53,639
2025.06.04,18:30,62.55,62.83,62.54,62.76,647
2025.06.04,18:45,62.74,62.79,62.60,62.62,420
2025.06.04,19:00,62.63,62.69,62.57,62.68,282
2025.06.04,19:15,62.65,62.76,62.65,62.68,313
2025.06.04,19:30,62.69,62.73,62.55,62.67,382
2025.06.04,19:45,62.65,62.74,62.60,62.67,335
2025.06.04,20:00,62.64,62.80,62.59,62.74,385
2025.06.04,20:15,62.77,62.86,62.69,62.85,394
2025.06.04,20:30,62.83,63.06,62.83,62.98,274
2025.06.04,20:45,62.97,63.01,62.91,62.91,152
2025.06.04,21:00,62.92,62.95,62.87,62.91,153
2025.06.04,21:15,62.91,62.91,62.83,62.85,102
2025.06.04,21:30,62.88,62.88,62.78,62.78,80
2025.06.04,21:45,62.80,62.81,62.75,62.78,93
2025.06.04,22:00,62.79,62.79,62.70,62.73,71
2025.06.04,22:15,62.72,62.76,62.62,62.69,51
2025.06.04,22:30,62.69,62.76,62.68,62.71,69
2025.06.04,22:45,62.73,62.77,62.70,62.73,86
2025.06.05,00:00,62.77,62.77,62.66,62.70,84
2025.06.05,00:15,62.68,62.71,62.63,62.67,43
2025.06.05,00:30,62.66,62.69,62.59,62.62,45
2025.06.05,00:45,62.60,62.67,62.59,62.65,26
2025.06.05,01:00,62.63,62.65,62.61,62.62,27
2025.06.05,01:15,62.63,62.64,62.60,62.62,19
2025.06.05,01:30,62.61,62.61,62.56,62.59,36
2025.06.05,01:45,62.61,62.63,62.59,62.61,26
2025.06.05,02:00,62.60,62.69,62.60,62.65,78
2025.06.05,02:15,62.62,62.67,62.61,62.61,51
2025.06.05,02:30,62.59,62.64,62.51,62.56,66
2025.06.05,02:45,62.54,62.61,62.53,62.61,30
2025.06.05,03:00,62.63,62.73,62.54,62.69,181
2025.06.05,03:15,62.71,62.76,62.68,62.74,119
2025.06.05,03:30,62.73,62.80,62.72,62.77,153
2025.06.05,03:45,62.80,62.80,62.72,62.74,69
2025.06.05,04:00,62.75,62.78,62.72,62.74,75
2025.06.05,04:15,62.73,62.73,62.68,62.68,39
2025.06.05,04:30,62.69,62.72,62.60,62.64,76
2025.06.05,04:45,62.66,62.67,62.63,62.66,51
2025.06.05,05:00,62.63,62.66,62.59,62.60,82
2025.06.05,05:15,62.63,62.66,62.60,62.64,58
2025.06.05,05:30,62.65,62.67,62.63,62.64,47
2025.06.05,05:45,62.62,62.64,62.57,62.59,22
2025.06.05,06:00,62.60,62.60,62.49,62.56,46
2025.06.05,06:15,62.57,62.60,62.53,62.53,29
2025.06.05,06:30,62.55,62.57,62.52,62.56,25
2025.06.05,06:45,62.55,62.61,62.53,62.61,22
2025.06.05,07:00,62.60,62.60,62.53,62.57,45
2025.06.05,07:15,62.58,62.65,62.55,62.64,39
2025.06.05,07:30,62.62,62.72,62.58,62.72,91
2025.06.05,07:45,62.71,62.74,62.63,62.65,83
2025.06.05,08:00,62.66,62.72,62.63,62.70,153
2025.06.05,08:15,62.68,62.79,62.68,62.72,137
2025.06.05,08:30,62.73,62.75,62.67,62.68,147
2025.06.05,08:45,62.68,62.89,62.67,62.85,154
2025.06.05,09:00,62.87,63.06,62.84,63.03,241
2025.06.05,09:15,63.02,63.14,62.98,63.08,210
2025.06.05,09:30,63.10,63.11,62.99,63.01,162
2025.06.05,09:45,62.99,63.07,62.99,63.03,146
2025.06.05,10:00,63.01,63.01,62.85,62.85,338
2025.06.05,10:15,62.88,62.93,62.81,62.88,406
2025.06.05,10:30,62.89,63.06,62.88,63.03,342
2025.06.05,10:45,63.04,63.12,63.01,63.04,191
2025.06.05,11:00,63.06,63.06,62.83,62.86,392
2025.06.05,11:15,62.84,62.96,62.81,62.90,262
2025.06.05,11:30,62.89,63.09,62.87,62.99,285
2025.06.05,11:45,62.99,63.10,62.95,63.00,216
2025.06.05,12:00,62.99,63.14,62.95,63.09,254
2025.06.05,12:15,63.08,63.13,63.05,63.10,115
2025.06.05,12:30,63.10,63.20,63.08,63.20,245
2025.06.05,12:45,63.17,63.22,63.15,63.16,149
2025.06.05,13:00,63.17,63.17,62.89,62.96,322
2025.06.05,13:15,62.95,63.02,62.88,62.89,161
2025.06.05,13:30,62.90,63.01,62.89,62.90,146
2025.06.05,13:45,62.92,63.08,62.90,63.05,207
2025.06.05,14:00,63.04,63.21,63.03,63.10,232
2025.06.05,14:15,63.12,63.16,63.06,63.15,116
2025.06.05,14:30,63.15,63.16,63.04,63.16,283
2025.06.05,14:45,63.17,63.66,63.13,63.65,824
2025.06.05,15:00,63.64,63.82,63.64,63.77,767
2025.06.05,15:15,63.77,63.83,63.63,63.80,447
2025.06.05,15:30,63.80,63.97,63.76,63.83,653
2025.06.05,15:45,63.85,63.85,63.61,63.78,663
2025.06.05,16:00,63.76,63.83,63.63,63.69,579
2025.06.05,16:15,63.66,63.74,63.53,63.61,434
2025.06.05,16:30,63.60,63.89,63.53,63.73,722
2025.06.05,16:45,63.72,63.90,63.56,63.73,708
2025.06.05,17:00,63.71,63.83,63.50,63.56,591
2025.06.05,17:15,63.55,63.62,63.39,63.56,634
2025.06.05,17:30,63.57,63.61,63.46,63.51,455
2025.06.05,17:45,63.51,63.51,63.34,63.48,338
2025.06.05,18:00,63.49,63.49,63.34,63.40,308
2025.06.05,18:15,63.39,63.53,63.34,63.49,474
2025.06.05,18:30,63.47,63.53,63.37,63.39,253
2025.06.05,18:45,63.40,63.42,63.21,63.27,421
2025.06.05,19:00,63.24,63.31,63.18,63.23,297
2025.06.05,19:15,63.22,63.37,63.21,63.27,184
2025.06.05,19:30,63.28,63.31,63.23,63.30,172
2025.06.05,19:45,63.29,63.39,63.23,63.36,211
2025.06.05,20:00,63.38,63.42,63.31,63.33,245
2025.06.05,20:15,63.34,63.37,63.24,63.36,441
2025.06.05,20:30,63.35,63.39,63.30,63.37,175
2025.06.05,20:45,63.39,63.42,63.36,63.38,60
2025.06.05,21:00,63.36,63.44,63.35,63.38,80
2025.06.05,21:15,63.38,63.41,63.26,63.33,178
2025.06.05,21:30,63.34,63.39,63.30,63.33,105
2025.06.05,21:45,63.33,63.36,63.29,63.34,114
2025.06.05,22:00,63.34,63.40,63.32,63.36,78
2025.06.05,22:15,63.34,63.36,63.20,63.27,107
2025.06.05,22:30,63.27,63.29,63.22,63.23,67
2025.06.05,22:45,63.24,63.26,63.21,63.23,72
2025.06.06,00:00,63.22,63.25,63.15,63.19,87
2025.06.06,00:15,63.20,63.20,63.15,63.19,15
2025.06.06,00:30,63.20,63.20,63.17,63.17,10
2025.06.06,00:45,63.19,63.20,63.11,63.14,24
2025.06.06,01:00,63.11,63.26,63.10,63.22,83
2025.06.06,01:15,63.19,63.22,63.19,63.20,20
2025.06.06,01:30,63.21,63.22,63.17,63.21,28
2025.06.06,01:45,63.18,63.23,63.18,63.20,31
2025.06.06,02:00,63.23,63.27,63.19,63.24,92
2025.06.06,02:15,63.27,63.27,63.14,63.19,56
2025.06.06,02:30,63.20,63.21,63.16,63.19,44
2025.06.06,02:45,63.18,63.30,63.14,63.29,69
2025.06.06,03:00,63.26,63.29,63.22,63.24,150
2025.06.06,03:15,63.27,63.29,63.16,63.22,113
2025.06.06,03:30,63.20,63.24,63.16,63.24,135
2025.06.06,03:45,63.23,63.24,63.16,63.19,63
2025.06.06,04:00,63.16,63.20,63.09,63.19,109
2025.06.06,04:15,63.18,63.19,63.12,63.13,59
2025.06.06,04:30,63.12,63.16,63.11,63.13,111
2025.06.06,04:45,63.15,63.18,63.09,63.11,61
2025.06.06,05:00,63.12,63.13,63.08,63.12,74
2025.06.06,05:15,63.10,63.14,63.08,63.09,39
2025.06.06,05:30,63.11,63.21,63.09,63.20,78
2025.06.06,05:45,63.21,63.22,63.15,63.20,54
2025.06.06,06:00,63.19,63.20,63.15,63.20,57
2025.06.06,06:15,63.17,63.21,63.16,63.20,60
2025.06.06,06:30,63.19,63.19,63.13,63.14,32
2025.06.06,06:45,63.13,63.18,63.13,63.17,22
2025.06.06,07:00,63.15,63.18,63.13,63.13,54
2025.06.06,07:15,63.16,63.16,63.09,63.11,36
2025.06.06,07:30,63.10,63.10,63.00,63.07,124
2025.06.06,07:45,63.08,63.09,63.03,63.08,69
2025.06.06,08:00,63.05,63.08,62.98,63.07,169
2025.06.06,08:15,63.07,63.22,63.06,63.21,135
2025.06.06,08:30,63.22,63.28,63.18,63.23,108
2025.06.06,08:45,63.24,63.30,63.16,63.20,161
2025.06.06,09:00,63.19,63.19,62.94,63.08,356
2025.06.06,09:15,63.09,63.13,62.83,62.87,265
2025.06.06,09:30,62.87,62.93,62.79,62.93,252
2025.06.06,09:45,62.92,63.07,62.84,62.93,273
2025.06.06,10:00,62.94,63.11,62.89,63.08,379
2025.06.06,10:15,63.08,63.11,62.99,63.06,353
2025.06.06,10:30,63.05,63.18,62.99,63.17,336
2025.06.06,10:45,63.15,63.15,63.04,63.09,207
2025.06.06,11:00,63.09,63.12,62.93,62.99,304
2025.06.06,11:15,63.01,63.12,62.95,63.02,263
2025.06.06,11:30,62.99,63.02,62.92,62.97,240
2025.06.06,11:45,62.98,63.19,62.96,63.19,204
2025.06.06,12:00,63.17,63.24,63.14,63.22,199
2025.06.06,12:15,63.23,63.36,63.19,63.33,206
2025.06.06,12:30,63.34,63.45,63.29,63.40,255
2025.06.06,12:45,63.38,63.42,63.30,63.42,153
2025.06.06,13:00,63.39,63.42,63.30,63.31,202
2025.06.06,13:15,63.30,63.35,63.24,63.29,149
2025.06.06,13:30,63.28,63.34,63.26,63.29,129
2025.06.06,13:45,63.28,63.32,63.25,63.27,106
2025.06.06,14:00,63.26,63.32,63.16,63.29,190
2025.06.06,14:15,63.29,63.35,63.25,63.27,195
2025.06.06,14:30,63.28,63.55,63.26,63.48,528
2025.06.06,14:45,63.50,63.67,63.48,63.64,340
2025.06.06,15:00,63.63,63.68,63.49,63.61,427
2025.06.06,15:15,63.60,63.76,63.59,63.74,314
2025.06.06,15:30,63.73,64.71,63.73,64.52,1306
2025.06.06,15:45,64.52,64.61,64.30,64.53,918
2025.06.06,16:00,64.52,64.57,64.26,64.37,893
2025.06.06,16:15,64.35,64.39,64.05,64.35,730
2025.06.06,16:30,64.35,64.69,64.30,64.65,631
2025.06.06,16:45,64.66,64.66,64.48,64.49,467
2025.06.06,17:00,64.51,64.54,64.33,64.51,446
2025.06.06,17:15,64.50,64.55,64.27,64.39,656
2025.06.06,17:30,64.39,64.65,64.37,64.55,555
2025.06.06,17:45,64.55,64.68,64.49,64.66,375
2025.06.06,18:00,64.63,64.70,64.55,64.62,258
2025.06.06,18:15,64.61,64.65,64.52,64.61,250
2025.06.06,18:30,64.60,64.79,64.60,64.70,318
2025.06.06,18:45,64.70,64.75,64.53,64.58,205
2025.06.06,19:00,64.56,64.59,64.44,64.52,187
2025.06.06,19:15,64.52,64.55,64.47,64.50,167
2025.06.06,19:30,64.49,64.54,64.46,64.51,192
2025.06.06,19:45,64.52,64.52,64.40,64.43,231
2025.06.06,20:00,64.41,64.47,64.32,64.44,223
2025.06.06,20:15,64.46,64.59,64.39,64.58,363
2025.06.06,20:30,64.57,64.75,64.52,64.70,198
2025.06.06,20:45,64.73,64.79,64.69,64.72,116
2025.06.06,21:00,64.71,64.76,64.70,64.74,82
2025.06.06,21:15,64.72,64.75,64.70,64.73,71
2025.06.06,21:30,64.73,64.73,64.62,64.64,89
2025.06.06,21:45,64.64,64.65,64.59,64.63,78
2025.06.09,00:00,64.70,64.83,64.67,64.73,180
2025.06.09,00:15,64.72,64.74,64.60,64.67,97
2025.06.09,00:30,64.66,64.72,64.52,64.54,119
2025.06.09,00:45,64.56,64.65,64.55,64.62,51
2025.06.09,01:00,64.61,64.64,64.54,64.58,64
2025.06.09,01:15,64.60,64.61,64.56,64.60,39
2025.06.09,01:30,64.58,64.68,64.57,64.64,49
2025.06.09,01:45,64.65,64.73,64.59,64.59,84
2025.06.09,02:00,64.58,64.63,64.50,64.50,155
2025.06.09,02:15,64.52,64.53,64.49,64.52,51
2025.06.09,02:30,64.53,64.57,64.50,64.53,60
2025.06.09,02:45,64.52,64.54,64.49,64.51,46
2025.06.09,03:00,64.52,64.57,64.47,64.53,227
2025.06.09,03:15,64.54,64.60,64.51,64.57,139
2025.06.09,03:30,64.56,64.58,64.47,64.53,185
2025.06.09,03:45,64.50,64.57,64.50,64.56,132
2025.06.09,04:00,64.57,64.60,64.52,64.59,116
2025.06.09,04:15,64.57,64.59,64.51,64.55,71
2025.06.09,04:30,64.56,64.61,64.51,64.54,84
2025.06.09,04:45,64.53,64.59,64.50,64.54,104
2025.06.09,05:00,64.52,64.56,64.48,64.55,81
2025.06.09,05:15,64.54,64.56,64.44,64.47,97
2025.06.09,05:30,64.46,64.60,64.45,64.58,55
2025.06.09,05:45,64.59,64.59,64.51,64.53,49
2025.06.09,06:00,64.54,64.59,64.51,64.55,62
2025.06.09,06:15,64.52,64.56,64.49,64.53,58
2025.06.09,06:30,64.51,64.53,64.47,64.49,37
2025.06.09,06:45,64.51,64.56,64.49,64.50,55
2025.06.09,07:00,64.51,64.54,64.48,64.52,64
2025.06.09,07:15,64.51,64.56,64.50,64.52,48
2025.06.09,07:30,64.51,64.59,64.48,64.55,140
2025.06.09,07:45,64.56,64.56,64.48,64.52,81
2025.06.09,08:00,64.53,64.55,64.42,64.46,162
2025.06.09,08:15,64.48,64.49,64.40,64.45,208
2025.06.09,08:30,64.44,64.48,64.40,64.41,128
2025.06.09,08:45,64.41,64.50,64.37,64.38,173
2025.06.09,09:00,64.38,64.44,64.27,64.28,206
2025.06.09,09:15,64.27,64.29,64.21,64.25,221
2025.06.09,09:30,64.24,64.34,64.17,64.34,181
2025.06.09,09:45,64.33,64.45,64.27,64.43,280
2025.06.09,10:00,64.41,64.47,64.36,64.43,327
2025.06.09,10:15,64.42,64.47,64.32,64.32,353
2025.06.09,10:30,64.32,64.71,64.32,64.68,449
2025.06.09,10:45,64.68,64.70,64.46,64.61,305
2025.06.09,11:00,64.63,64.71,64.60,64.63,249
2025.06.09,11:15,64.66,64.69,64.57,64.64,163
2025.06.09,11:30,64.65,64.69,64.53,64.56,208
2025.06.09,11:45,64.57,64.76,64.54,64.69,217
2025.06.09,12:00,64.69,64.82,64.64,64.76,227
2025.06.09,12:15,64.77,64.91,64.76,64.87,231
2025.06.09,12:30,64.85,64.86,64.75,64.78,162
2025.06.09,12:45,64.78,64.80,64.73,64.78,112
2025.06.09,13:00,64.75,64.81,64.71,64.71,154
2025.06.09,13:15,64.72,64.88,64.68,64.86,148
2025.06.09,13:30,64.88,64.91,64.80,64.88,191
2025.06.09,13:45,64.87,65.02,64.85,64.93,208
2025.06.09,14:00,64.92,65.01,64.86,64.99,178
2025.06.09,14:15,64.96,65.09,64.92,65.01,214
2025.06.09,14:30,65.04,65.09,64.97,65.06,176
2025.06.09,14:45,65.07,65.07,64.87,64.89,289
2025.06.09,15:00,64.90,64.90,64.57,64.67,614
2025.06.09,15:15,64.65,64.72,64.61,64.67,263
2025.06.09,15:30,64.66,64.69,64.32,64.40,504
2025.06.09,15:45,64.38,64.50,64.36,64.49,421
2025.06.09,16:00,64.48,64.76,64.46,64.73,455
2025.06.09,16:15,64.74,64.88,64.70,64.87,384
2025.06.09,16:30,64.86,64.97,64.79,64.89,359
2025.06.09,16:45,64.92,65.04,64.76,65.04,376
2025.06.09,17:00,65.03,65.16,65.03,65.10,413
2025.06.09,17:15,65.11,65.26,64.92,65.03,559
2025.06.09,17:30,65.04,65.17,64.91,64.91,458
2025.06.09,17:45,64.94,65.06,64.89,65.01,285
2025.06.09,18:00,65.01,65.03,64.71,64.79,393
2025.06.09,18:15,64.81,64.83,64.71,64.80,285
2025.06.09,18:30,64.81,64.89,64.73,64.77,242
2025.06.09,18:45,64.80,64.92,64.76,64.91,241
2025.06.09,19:00,64.92,64.94,64.77,64.83,193
2025.06.09,19:15,64.84,64.89,64.78,64.85,155
2025.06.09,19:30,64.84,65.02,64.80,65.02,274
2025.06.09,19:45,65.00,65.02,64.89,64.91,193
2025.06.09,20:00,64.90,65.02,64.88,64.97,195
2025.06.09,20:15,64.97,65.29,64.97,65.28,453
2025.06.09,20:30,65.26,65.37,65.26,65.31,226
2025.06.09,20:45,65.34,65.36,65.27,65.35,154
2025.06.09,21:00,65.34,65.42,65.33,65.34,145
2025.06.09,21:15,65.35,65.37,65.29,65.29,103
2025.06.09,21:30,65.28,65.31,65.19,65.26,148
2025.06.09,21:45,65.27,65.31,65.21,65.27,122
2025.06.09,22:00,65.28,65.36,65.27,65.32,112
2025.06.09,22:15,65.31,65.36,65.28,65.35,88
2025.06.09,22:30,65.37,65.41,65.33,65.36,48
2025.06.09,22:45,65.36,65.39,65.33,65.35,89
2025.06.10,00:00,65.44,65.44,65.28,65.29,81
2025.06.10,00:15,65.32,65.34,65.28,65.30,35
2025.06.10,00:30,65.33,65.35,65.27,65.32,39
2025.06.10,00:45,65.33,65.36,65.29,65.32,17
2025.06.10,01:00,65.32,65.36,65.30,65.32,26
2025.06.10,01:15,65.35,65.36,65.31,65.35,22
2025.06.10,01:30,65.33,65.35,65.31,65.32,13
2025.06.10,01:45,65.33,65.36,65.30,65.33,30
2025.06.10,02:00,65.34,65.41,65.30,65.36,147
2025.06.10,02:15,65.34,65.41,65.34,65.40,51
2025.06.10,02:30,65.38,65.44,65.37,65.42,65
2025.06.10,02:45,65.41,65.44,65.36,65.37,73
2025.06.10,03:00,65.40,65.50,65.34,65.45,227
2025.06.10,03:15,65.42,65.51,65.39,65.46,177
2025.06.10,03:30,65.48,65.49,65.37,65.47,180
2025.06.10,03:45,65.48,65.59,65.44,65.58,186
2025.06.10,04:00,65.55,65.65,65.53,65.60,158
2025.06.10,04:15,65.59,65.61,65.53,65.56,75
2025.06.10,04:30,65.57,65.63,65.54,65.56,103
2025.06.10,04:45,65.58,65.58,65.52,65.58,73
2025.06.10,05:00,65.59,65.61,65.55,65.57,48
2025.06.10,05:15,65.56,65.59,65.52,65.54,74
2025.06.10,05:30,65.57,65.57,65.32,65.44,92
2025.06.10,05:45,65.43,65.47,65.37,65.39,50
2025.06.10,06:00,65.40,65.43,65.36,65.39,46
2025.06.10,06:15,65.42,65.42,65.35,65.38,48
2025.06.10,06:30,65.39,65.39,65.34,65.39,12
2025.06.10,06:45,65.36,65.42,65.36,65.40,24
2025.06.10,07:00,65.41,65.48,65.36,65.43,73
2025.06.10,07:15,65.44,65.44,65.26,65.29,140
2025.06.10,07:30,65.31,65.45,65.27,65.44,301
2025.06.10,07:45,65.41,65.44,65.34,65.37,141
2025.06.10,08:00,65.35,65.49,65.32,65.38,284
2025.06.10,08:15,65.39,65.52,65.38,65.45,223
2025.06.10,08:30,65.46,65.48,65.38,65.40,177
2025.06.10,08:45,65.42,65.47,65.28,65.32,280
2025.06.10,09:00,65.32,65.48,65.32,65.40,362
2025.06.10,09:15,65.40,65.40,65.22,65.26,337
2025.06.10,09:30,65.29,65.34,65.17,65.17,306
2025.06.10,09:45,65.16,65.38,65.13,65.26,323
2025.06.10,10:00,65.26,65.38,65.18,65.30,380
2025.06.10,10:15,65.30,65.46,65.27,65.42,411
2025.06.10,10:30,65.41,65.50,65.34,65.37,341
2025.06.10,10:45,65.37,65.47,65.31,65.47,260
2025.06.10,11:00,65.46,65.52,65.38,65.50,271
2025.06.10,11:15,65.51,65.62,65.50,65.53,255
2025.06.10,11:30,65.52,65.64,65.46,65.49,221
2025.06.10,11:45,65.48,65.51,65.30,65.41,322
2025.06.10,12:00,65.40,65.56,65.37,65.54,204
2025.06.10,12:15,65.55,65.58,65.46,65.47,155
2025.06.10,12:30,65.49,65.62,65.45,65.60,180
2025.06.10,12:45,65.59,65.66,65.58,65.60,238
2025.06.10,13:00,65.61,65.68,65.52,65.59,263
2025.06.10,13:15,65.59,65.65,65.49,65.59,249
2025.06.10,13:30,65.56,65.69,65.56,65.64,177
2025.06.10,13:45,65.61,65.71,65.56,65.67,211
2025.06.10,14:00,65.70,65.73,65.60,65.61,240
2025.06.10,14:15,65.60,65.73,65.58,65.70,175
2025.06.10,14:30,65.70,65.77,65.57,65.67,239
2025.06.10,14:45,65.66,65.68,65.38,65.41,367
2025.06.10,15:00,65.42,65.65,65.40,65.45,450
2025.06.10,15:15,65.44,65.48,65.33,65.36,363
2025.06.10,15:30,65.39,65.69,65.37,65.64,529
2025.06.10,15:45,65.67,65.93,65.64,65.90,523
2025.06.10,16:00,65.92,65.97,65.83,65.91,506
2025.06.10,16:15,65.90,66.00,65.66,65.97,456
2025.06.10,16:30,65.99,66.04,65.93,66.00,324
2025.06.10,16:45,66.01,66.04,65.87,65.98,314
2025.06.10,17:00,65.97,66.13,65.97,66.04,336
2025.06.10,17:15,66.03,66.21,66.02,66.21,359
2025.06.10,17:30,66.21,66.26,66.01,66.06,730
2025.06.10,17:45,66.06,66.06,65.67,65.78,536
2025.06.10,18:00,65.80,65.82,65.71,65.76,453
2025.06.10,18:15,65.76,65.85,65.74,65.84,266
2025.06.10,18:30,65.85,65.91,65.65,65.67,260
2025.06.10,18:45,65.68,65.68,65.34,65.34,458
2025.06.10,19:00,65.33,65.43,65.21,65.35,412
2025.06.10,19:15,65.37,65.37,65.20,65.27,349
2025.06.10,19:30,65.27,65.29,65.08,65.16,309
2025.06.10,19:45,65.16,65.25,65.10,65.20,318
2025.06.10,20:00,65.19,65.28,65.11,65.15,410
2025.06.10,20:15,65.15,65.18,64.92,64.96,530
2025.06.10,20:30,64.97,64.97,64.55,64.71,520
2025.06.10,20:45,64.68,64.72,64.56,64.71,333
2025.06.10,21:00,64.71,64.78,64.67,64.70,180
2025.06.10,21:15,64.70,64.72,64.64,64.69,118
2025.06.10,21:30,64.68,64.76,64.67,64.73,94
2025.06.10,21:45,64.72,64.94,64.71,64.91,158
2025.06.10,22:00,64.90,64.90,64.81,64.85,103
2025.06.10,22:15,64.84,64.93,64.84,64.91,80
2025.06.10,22:30,64.89,64.91,64.73,64.73,153
2025.06.10,22:45,64.73,64.75,64.67,64.74,132
2025.06.11,00:00,64.72,64.78,64.64,64.71,58
2025.06.11,00:15,64.72,64.73,64.67,64.67,38
2025.06.11,00:30,64.70,64.71,64.66,64.71,40
2025.06.11,00:45,64.69,64.73,64.66,64.70,35
2025.06.11,01:00,64.69,64.76,64.67,64.74,65
2025.06.11,01:15,64.76,64.80,64.74,64.77,78
2025.06.11,01:30,64.75,64.78,64.72,64.76,34
2025.06.11,01:45,64.77,64.79,64.72,64.78,34
2025.06.11,02:00,64.77,64.79,64.61,64.64,136
2025.06.11,02:15,64.62,64.68,64.59,64.61,96
2025.06.11,02:30,64.60,64.71,64.60,64.66,72
2025.06.11,02:45,64.65,64.73,64.65,64.72,48
2025.06.11,03:00,64.70,64.87,64.70,64.81,309
2025.06.11,03:15,64.78,64.84,64.68,64.74,198
2025.06.11,03:30,64.73,64.86,64.69,64.85,158
2025.06.11,03:45,64.84,64.88,64.82,64.85,104
2025.06.11,04:00,64.83,64.86,64.79,64.83,114
2025.06.11,04:15,64.80,64.83,64.75,64.75,60
2025.06.11,04:30,64.78,64.85,64.75,64.82,135
2025.06.11,04:45,64.83,64.85,64.76,64.80,122
2025.06.11,05:00,64.79,64.88,64.76,64.82,152
2025.06.11,05:15,64.81,64.90,64.78,64.87,126
2025.06.11,05:30,64.88,64.95,64.86,64.93,147
2025.06.11,05:45,64.94,64.95,64.89,64.94,36
2025.06.11,06:00,64.93,64.94,64.87,64.91,71
2025.06.11,06:15,64.94,64.95,64.89,64.91,60
2025.06.11,06:30,64.93,64.95,64.89,64.94,53
2025.06.11,06:45,64.92,64.95,64.91,64.91,42
2025.06.11,07:00,64.93,65.02,64.91,64.96,53
2025.06.11,07:15,64.97,65.00,64.95,65.00,66
2025.06.11,07:30,65.01,65.04,64.98,65.02,150
2025.06.11,07:45,65.05,65.06,64.98,65.02,132
2025.06.11,08:00,65.04,65.06,64.99,65.03,126
2025.06.11,08:15,65.04,65.10,64.91,64.94,208
2025.06.11,08:30,64.93,64.96,64.81,64.87,239
2025.06.11,08:45,64.87,64.91,64.83,64.89,145
2025.06.11,09:00,64.88,65.18,64.86,65.13,309
2025.06.11,09:15,65.15,65.20,65.03,65.20,247
2025.06.11,09:30,65.16,65.20,65.03,65.10,260
2025.06.11,09:45,65.11,65.24,65.09,65.18,226
2025.06.11,10:00,65.18,65.19,65.06,65.14,408
2025.06.11,10:15,65.15,65.27,65.03,65.27,445
2025.06.11,10:30,65.28,65.28,65.03,65.19,412
2025.06.11,10:45,65.17,65.25,65.10,65.10,261
2025.06.11,11:00,65.10,65.12,64.66,64.72,994
2025.06.11,11:15,64.71,65.05,64.65,65.00,506
2025.06.11,11:30,65.01,65.03,64.90,65.00,329
2025.06.11,11:45,65.02,65.69,65.00,65.64,743
2025.06.11,12:00,65.64,65.94,65.59,65.88,786
2025.06.11,12:15,65.87,65.94,65.71,65.90,432
2025.06.11,12:30,65.92,66.00,65.88,65.94,294
2025.06.11,12:45,65.91,65.97,65.88,65.95,297
2025.06.11,13:00,65.96,65.96,65.82,65.91,284
2025.06.11,13:15,65.88,65.96,65.83,65.92,222
2025.06.11,13:30,65.90,65.95,65.84,65.86,251
2025.06.11,13:45,65.87,66.15,65.87,66.14,246
2025.06.11,14:00,66.13,66.22,65.85,66.00,711
2025.06.11,14:15,65.99,66.17,65.93,66.07,417
2025.06.11,14:30,66.07,66.29,65.98,66.15,660
2025.06.11,14:45,66.18,66.47,66.12,66.32,636
2025.06.11,15:00,66.31,66.42,66.14,66.30,759
2025.06.11,15:15,66.32,66.33,66.11,66.20,442
2025.06.11,15:30,66.17,66.30,65.99,66.25,629
2025.06.11,15:45,66.27,66.45,66.23,66.44,496
2025.06.11,16:00,66.41,66.50,66.35,66.48,494
2025.06.11,16:15,66.47,66.63,66.36,66.44,443
2025.06.11,16:30,66.43,66.59,66.35,66.48,642
2025.06.11,16:45,66.47,66.53,66.11,66.22,644
2025.06.11,17:00,66.23,66.32,65.95,66.10,777
2025.06.11,17:15,66.08,66.52,66.00,66.49,693
2025.06.11,17:30,66.53,66.74,66.35,66.64,653
2025.06.11,17:45,66.64,66.77,66.62,66.68,360
2025.06.11,18:00,66.70,66.70,66.59,66.66,420
2025.06.11,18:15,66.66,66.67,66.48,66.60,349
2025.06.11,18:30,66.60,66.66,66.51,66.64,280
2025.06.11,18:45,66.63,66.66,66.57,66.64,207
2025.06.11,19:00,66.62,66.67,66.54,66.59,233
2025.06.11,19:15,66.59,66.92,66.56,66.91,418
2025.06.11,19:30,66.88,67.05,66.86,67.03,331
2025.06.11,19:45,67.03,67.36,66.98,67.25,592
2025.06.11,20:00,67.23,67.65,67.17,67.49,924
2025.06.11,20:15,67.50,68.35,67.40,68.19,1494
2025.06.11,20:30,68.20,68.30,67.70,68.03,1395
2025.06.11,20:45,68.04,68.15,67.88,68.06,787
2025.06.11,21:00,68.07,68.16,67.93,68.10,609
2025.06.11,21:15,68.09,68.12,67.75,68.08,595
2025.06.11,21:30,68.11,68.11,67.69,67.80,515
2025.06.11,21:45,67.78,67.91,67.78,67.90,353
2025.06.11,22:00,67.90,67.94,67.79,67.85,269
2025.06.11,22:15,67.88,67.99,67.84,67.91,198
2025.06.11,22:30,67.92,68.06,67.91,68.01,358
2025.06.11,22:45,68.00,68.30,68.00,68.27,321
2025.06.12,00:00,68.86,68.92,68.57,68.69,507
2025.06.12,00:15,68.71,68.87,68.65,68.71,161
2025.06.12,00:30,68.68,68.75,68.58,68.71,119
2025.06.12,00:45,68.72,69.00,68.70,68.95,284
2025.06.12,01:00,68.95,68.98,68.71,68.71,192
2025.06.12,01:15,68.72,68.81,68.71,68.78,111
2025.06.12,01:30,68.77,68.85,68.28,68.59,338
2025.06.12,01:45,68.57,68.66,68.46,68.53,170
2025.06.12,02:00,68.55,68.69,68.27,68.67,637
2025.06.12,02:15,68.64,68.66,68.28,68.32,472
2025.06.12,02:30,68.28,68.40,68.18,68.28,344
2025.06.12,02:45,68.27,68.30,68.12,68.17,323
2025.06.12,03:00,68.13,68.28,67.85,67.89,1063
2025.06.12,03:15,67.90,67.96,67.76,67.88,660
2025.06.12,03:30,67.87,67.97,67.79,67.85,489
2025.06.12,03:45,67.83,67.96,67.70,67.82,374
2025.06.12,04:00,67.83,67.89,67.74,67.78,250
2025.06.12,04:15,67.80,67.90,67.76,67.87,198
2025.06.12,04:30,67.86,67.88,67.74,67.77,239
2025.06.12,04:45,67.75,67.83,67.71,67.76,205
2025.06.12,05:00,67.75,67.80,67.61,67.69,297
2025.06.12,05:15,67.71,67.86,67.69,67.82,154
2025.06.12,05:30,67.83,67.97,67.78,67.85,257
2025.06.12,05:45,67.87,67.94,67.78,67.90,182
2025.06.12,06:00,67.89,67.94,67.86,67.86,136
2025.06.12,06:15,67.88,67.97,67.85,67.91,100
2025.06.12,06:30,67.90,67.94,67.87,67.93,101
2025.06.12,06:45,67.92,67.95,67.85,67.92,115
2025.06.12,07:00,67.89,67.94,67.86,67.91,128
2025.06.12,07:15,67.92,67.96,67.86,67.87,108
2025.06.12,07:30,67.86,67.89,67.72,67.74,240
2025.06.12,07:45,67.75,67.78,67.64,67.68,248
2025.06.12,08:00,67.67,67.78,67.63,67.74,360
2025.06.12,08:15,67.77,67.77,67.61,67.70,383
2025.06.12,08:30,67.73,67.75,67.63,67.68,305
2025.06.12,08:45,67.69,67.78,67.65,67.76,399
2025.06.12,09:00,67.73,67.80,67.54,67.59,574
2025.06.12,09:15,67.58,67.64,67.47,67.56,408
2025.06.12,09:30,67.54,67.58,67.30,67.30,496
2025.06.12,09:45,67.33,67.45,67.25,67.39,472
2025.06.12,10:00,67.40,67.55,67.37,67.50,570
2025.06.12,10:15,67.50,67.64,67.31,67.33,645
2025.06.12,10:30,67.32,67.64,67.32,67.42,828
2025.06.12,10:45,67.44,67.63,67.31,67.54,547
2025.06.12,11:00,67.55,67.59,67.35,67.40,457
2025.06.12,11:15,67.38,67.48,67.30,67.30,369
2025.06.12,11:30,67.30,67.33,67.01,67.14,651
2025.06.12,11:45,67.15,67.29,67.12,67.14,480
2025.06.12,12:00,67.14,67.23,67.01,67.18,443
2025.06.12,12:15,67.18,67.20,67.01,67.04,468
2025.06.12,12:30,67.05,67.16,66.98,67.14,372
2025.06.12,12:45,67.13,67.22,67.04,67.08,378
2025.06.12,13:00,67.06,67.15,66.86,66.87,417
2025.06.12,13:15,66.86,67.00,66.76,66.89,406
2025.06.12,13:30,66.87,66.92,66.70,66.88,483
2025.06.12,13:45,66.90,66.93,66.79,66.84,328
2025.06.12,14:00,66.81,67.02,66.75,66.99,474
2025.06.12,14:15,66.97,67.20,66.93,67.05,506
2025.06.12,14:30,67.05,67.12,66.90,67.12,466
2025.06.12,14:45,67.12,67.21,67.03,67.15,437
2025.06.12,15:00,67.15,67.24,66.95,67.08,854
2025.06.12,15:15,67.07,67.18,66.87,67.11,640
2025.06.12,15:30,67.09,67.35,66.89,67.31,942
2025.06.12,15:45,67.33,67.55,67.27,67.48,817
2025.06.12,16:00,67.48,67.70,67.45,67.51,793
2025.06.12,16:15,67.49,67.69,67.45,67.59,618
2025.06.12,16:30,67.59,67.80,67.52,67.67,586
2025.06.12,16:45,67.69,67.73,67.50,67.62,640
2025.06.12,17:00,67.65,67.68,67.47,67.65,484
2025.06.12,17:15,67.64,68.34,67.58,68.00,1855
2025.06.12,17:30,67.99,68.36,67.89,68.32,931
2025.06.12,17:45,68.31,68.44,68.19,68.38,683
2025.06.12,18:00,68.38,68.41,67.98,68.10,767
2025.06.12,18:15,68.08,68.18,67.73,68.09,704
2025.06.12,18:30,68.07,68.46,67.71,68.01,1148
2025.06.12,18:45,68.00,68.27,67.81,68.20,766
2025.06.12,19:00,68.18,68.28,68.10,68.17,548
2025.06.12,19:15,68.16,68.40,68.12,68.36,455
2025.06.12,19:30,68.39,68.40,68.13,68.23,373
2025.06.12,19:45,68.22,68.41,68.22,68.36,460
2025.06.12,20:00,68.34,68.48,68.29,68.46,558
2025.06.12,20:15,68.48,68.49,67.85,68.02,944
2025.06.12,20:30,68.02,68.04,67.86,68.02,303
2025.06.12,20:45,68.00,68.19,67.99,68.12,228
2025.06.12,21:00,68.12,68.17,68.09,68.11,150
2025.06.12,21:15,68.09,68.14,68.06,68.10,126
2025.06.12,21:30,68.11,68.16,68.08,68.11,105
2025.06.12,21:45,68.10,68.19,68.07,68.18,174
2025.06.12,22:00,68.15,68.36,68.12,68.32,252
2025.06.12,22:15,68.35,68.52,68.28,68.47,194
2025.06.12,22:30,68.49,68.72,68.47,68.67,349
2025.06.12,22:45,68.67,68.88,68.67,68.83,267
2025.06.13,00:00,67.48,67.48,67.10,67.16,234
2025.06.13,00:15,67.14,67.26,67.11,67.15,96
2025.06.13,00:30,67.16,67.17,67.09,67.14,58
2025.06.13,00:45,67.13,67.15,67.10,67.14,32
2025.06.13,01:00,67.12,67.17,67.09,67.17,29
2025.06.13,01:15,67.13,67.15,67.10,67.13,32
2025.06.13,01:30,67.16,67.45,67.13,67.33,126
2025.06.13,01:45,67.35,68.05,67.21,67.89,401
2025.06.13,02:00,67.86,70.51,67.57,69.38,2530
2025.06.13,02:15,69.36,70.66,68.91,70.46,1908
2025.06.13,02:30,70.47,70.51,69.99,70.31,1439
2025.06.13,02:45,70.30,72.47,70.28,71.53,2237
2025.06.13,03:00,71.53,72.33,70.95,72.12,2449
2025.06.13,03:15,72.14,72.15,71.38,71.44,1698
2025.06.13,03:30,71.46,71.81,71.07,71.78,1421
2025.06.13,03:45,71.79,71.87,71.54,71.70,978
2025.06.13,04:00,71.69,72.10,71.58,72.10,730
2025.06.13,04:15,72.09,73.35,72.06,73.33,1634
2025.06.13,04:30,73.31,74.61,73.17,74.16,3206
2025.06.13,04:45,74.13,74.34,73.04,73.50,2134
2025.06.13,05:00,73.48,73.70,72.23,72.29,1794
2025.06.13,05:15,72.31,72.64,71.83,72.50,1316
2025.06.13,05:30,72.53,72.55,71.97,72.55,1273
2025.06.13,05:45,72.52,72.69,71.83,72.11,1312
2025.06.13,06:00,72.12,72.92,72.01,72.85,1240
2025.06.13,06:15,72.87,73.15,72.53,72.63,912
2025.06.13,06:30,72.60,72.66,72.40,72.51,666
2025.06.13,06:45,72.50,72.50,71.62,71.66,929
2025.06.13,07:00,71.63,72.29,71.59,72.02,1022
2025.06.13,07:15,72.01,72.13,71.62,71.79,783
2025.06.13,07:30,71.82,71.90,71.54,71.63,1020
2025.06.13,07:45,71.66,71.71,71.34,71.42,1106
2025.06.13,08:00,71.40,71.65,71.06,71.17,1651
2025.06.13,08:15,71.20,71.74,71.15,71.61,1387
2025.06.13,08:30,71.62,71.62,70.77,70.91,1180
2025.06.13,08:45,70.91,70.95,70.17,70.23,1702
2025.06.13,09:00,70.26,70.37,69.39,69.95,1808
2025.06.13,09:15,69.94,70.32,69.67,70.07,1315
2025.06.13,09:30,70.06,70.32,69.90,70.20,897
2025.06.13,09:45,70.22,70.77,70.09,70.26,1280
2025.06.13,10:00,70.28,70.77,70.28,70.58,903
2025.06.13,10:15,70.58,70.90,70.49,70.56,1141
2025.06.13,10:30,70.54,71.59,70.53,71.52,1418
2025.06.13,10:45,71.52,71.57,71.12,71.21,895
2025.06.13,11:00,71.24,71.39,70.90,71.22,1041
2025.06.13,11:15,71.24,71.29,70.67,70.72,1005
2025.06.13,11:30,70.74,71.47,70.72,71.30,944
2025.06.13,11:45,71.31,71.97,71.10,71.97,1015
2025.06.13,12:00,71.99,72.51,71.90,72.19,1704
2025.06.13,12:15,72.20,72.58,72.19,72.35,1325
2025.06.13,12:30,72.36,72.42,71.95,72.04,1064
2025.06.13,12:45,72.05,72.24,71.77,71.99,850
2025.06.13,13:00,71.96,72.02,71.76,71.82,794
2025.06.13,13:15,71.79,71.98,71.65,71.71,851
2025.06.13,13:30,71.69,71.76,71.15,71.18,1139
2025.06.13,13:45,71.19,71.44,70.96,71.41,950
2025.06.13,14:00,71.41,71.73,71.33,71.52,919
2025.06.13,14:15,71.51,71.94,71.50,71.56,866
2025.06.13,14:30,71.56,72.00,71.56,71.88,955
2025.06.13,14:45,71.89,72.13,71.79,71.97,913
2025.06.13,15:00,71.96,72.14,71.56,71.58,1601
2025.06.13,15:15,71.58,71.62,71.32,71.56,1161
2025.06.13,15:30,71.57,71.66,71.15,71.41,1489
2025.06.13,15:45,71.39,71.46,70.77,70.87,1430
2025.06.13,16:00,70.88,71.26,70.76,71.15,1411
2025.06.13,16:15,71.14,71.52,71.09,71.48,1428
2025.06.13,16:30,71.47,71.54,70.89,71.03,1275
2025.06.13,16:45,71.04,71.08,69.99,70.28,1671
2025.06.13,17:00,70.28,70.64,70.15,70.57,1658
2025.06.13,17:15,70.59,70.93,70.53,70.58,1301
2025.06.13,17:30,70.57,70.70,70.35,70.57,1091
2025.06.13,17:45,70.59,70.75,70.43,70.52,1066
2025.06.13,18:00,70.55,70.62,70.11,70.16,1195
2025.06.13,18:15,70.17,70.39,70.06,70.28,927
2025.06.13,18:30,70.30,70.63,70.28,70.58,812
2025.06.13,18:45,70.58,70.62,70.41,70.54,658
2025.06.13,19:00,70.57,71.09,70.52,70.79,969
2025.06.13,19:15,70.80,71.13,70.72,70.98,1112
2025.06.13,19:30,70.99,71.48,70.94,71.47,1019
2025.06.13,19:45,71.46,71.64,71.23,71.49,1300
2025.06.13,20:00,71.50,71.76,71.18,71.29,1765
2025.06.13,20:15,71.31,71.62,71.00,71.42,1543
2025.06.13,20:30,71.44,71.83,71.35,71.82,1113
2025.06.13,20:45,71.82,72.13,71.67,72.07,1055
2025.06.13,21:00,72.09,72.19,71.71,71.89,827
2025.06.13,21:15,71.90,72.06,71.70,71.94,819
2025.06.13,21:30,71.92,72.06,71.53,71.59,863
2025.06.13,21:45,71.60,71.61,71.15,71.37,1088
2025.06.16,00:00,75.58,75.58,73.19,73.37,2915
2025.06.16,00:15,73.35,73.52,73.11,73.21,1298
2025.06.16,00:30,73.23,73.31,72.68,72.71,1127
2025.06.16,00:45,72.73,73.06,72.69,72.73,862
2025.06.16,01:00,72.70,73.08,72.62,73.05,602
2025.06.16,01:15,73.03,73.24,72.99,73.09,569
2025.06.16,01:30,73.10,73.14,72.60,72.73,608
2025.06.16,01:45,72.73,72.84,72.64,72.67,345
2025.06.16,02:00,72.68,72.73,72.35,72.42,673
2025.06.16,02:15,72.39,72.49,72.12,72.18,476
2025.06.16,02:30,72.19,72.22,71.91,72.12,459
2025.06.16,02:45,72.11,72.40,72.08,72.10,429
2025.06.16,03:00,72.11,72.11,71.31,71.71,1750
2025.06.16,03:15,71.72,72.05,71.47,71.91,986
2025.06.16,03:30,71.93,72.18,71.80,72.11,751
2025.06.16,03:45,72.12,72.30,72.00,72.28,680
2025.06.16,04:00,72.27,72.38,72.08,72.13,688
2025.06.16,04:15,72.14,72.23,71.83,72.12,478
2025.06.16,04:30,72.11,72.21,71.96,72.13,412
2025.06.16,04:45,72.12,72.23,72.05,72.13,444
2025.06.16,05:00,72.10,72.16,71.94,72.03,323
2025.06.16,05:15,72.02,72.02,71.84,71.89,315
2025.06.16,05:30,71.88,71.98,71.68,71.87,446
2025.06.16,05:45,71.86,71.97,71.86,71.94,223
2025.06.16,06:00,71.95,72.06,71.90,72.03,153
2025.06.16,06:15,72.05,72.19,72.02,72.15,227
2025.06.16,06:30,72.17,72.18,71.97,72.00,246
2025.06.16,06:45,72.01,72.18,71.95,72.02,208
2025.06.16,07:00,72.03,72.13,71.96,72.04,271
2025.06.16,07:15,72.03,72.06,71.89,71.96,229
2025.06.16,07:30,71.97,71.99,71.53,71.77,658
2025.06.16,07:45,71.76,71.93,71.70,71.78,424
2025.06.16,08:00,71.80,71.91,71.60,71.76,528
2025.06.16,08:15,71.78,71.89,71.65,71.72,484
2025.06.16,08:30,71.71,71.81,71.37,71.63,520
2025.06.16,08:45,71.62,72.10,71.53,71.96,630
2025.06.16,09:00,71.98,72.13,71.66,72.02,713
2025.06.16,09:15,72.01,72.02,71.75,71.89,510
2025.06.16,09:30,71.88,71.88,71.39,71.43,607
2025.06.16,09:45,71.43,71.53,70.98,71.12,809
2025.06.16,10:00,71.10,71.30,70.75,71.22,1005
2025.06.16,10:15,71.21,71.23,70.76,70.88,1113
2025.06.16,10:30,70.86,71.21,70.84,71.16,738
2025.06.16,10:45,71.14,71.17,70.76,70.78,746
2025.06.16,11:00,70.79,70.82,70.56,70.74,657
2025.06.16,11:15,70.71,70.92,70.69,70.84,467
2025.06.16,11:30,70.82,70.99,70.71,70.75,533
2025.06.16,11:45,70.73,70.93,70.71,70.82,409
2025.06.16,12:00,70.80,71.15,70.76,71.12,616
2025.06.16,12:15,71.12,71.17,70.82,70.87,386
2025.06.16,12:30,70.86,71.00,70.84,70.90,369
2025.06.16,12:45,70.90,70.93,70.29,70.30,746
2025.06.16,13:00,70.32,70.70,70.30,70.67,589
2025.06.16,13:15,70.64,70.88,70.57,70.57,667
2025.06.16,13:30,70.57,70.59,70.29,70.55,741
2025.06.16,13:45,70.55,70.56,70.27,70.35,624
2025.06.16,14:00,70.36,70.66,70.31,70.52,764
2025.06.16,14:15,70.55,70.60,70.38,70.43,609
2025.06.16,14:30,70.43,70.44,69.69,70.06,1268
2025.06.16,14:45,70.03,70.07,69.81,69.99,861
2025.06.16,15:00,69.98,70.55,69.98,70.47,1345
2025.06.16,15:15,70.47,70.49,69.99,70.29,1149
2025.06.16,15:30,70.31,70.70,70.22,70.47,1216
2025.06.16,15:45,70.48,70.81,68.38,68.49,2194
2025.06.16,16:00,68.52,69.18,68.04,69.02,2433
2025.06.16,16:15,69.02,69.09,68.30,68.33,1737
2025.06.16,16:30,68.32,68.69,67.83,68.63,1938
2025.06.16,16:45,68.62,68.86,68.43,68.56,1325
2025.06.16,17:00,68.58,68.93,68.57,68.82,1179
2025.06.16,17:15,68.81,69.10,68.58,68.95,1223
2025.06.16,17:30,68.95,69.46,68.74,69.40,1402
2025.06.16,17:45,69.39,69.76,69.27,69.72,1527
2025.06.16,18:00,69.71,69.72,69.38,69.58,894
2025.06.16,18:15,69.57,69.97,69.49,69.85,1087
2025.06.16,18:30,69.86,70.09,69.72,70.01,1052
2025.06.16,18:45,69.98,70.23,69.91,70.21,772
2025.06.16,19:00,70.19,70.39,70.06,70.22,809
2025.06.16,19:15,70.24,70.25,69.67,70.06,881
2025.06.16,19:30,70.08,70.26,70.02,70.18,772
2025.06.16,19:45,70.20,70.26,69.84,69.97,706
2025.06.16,20:00,69.96,70.29,69.86,70.26,886
2025.06.16,20:15,70.27,70.39,70.17,70.31,1113
2025.06.16,20:30,70.30,70.35,70.01,70.05,589
2025.06.16,20:45,70.05,70.05,69.65,69.74,522
2025.06.16,21:00,69.73,69.88,69.69,69.79,250
2025.06.16,21:15,69.79,69.82,69.71,69.76,233
2025.06.16,21:30,69.77,69.94,69.76,69.86,238
2025.06.16,21:45,69.89,69.95,69.78,69.88,346
2025.06.16,22:00,69.90,69.92,69.73,69.83,224
2025.06.16,22:15,69.82,69.95,69.76,69.95,180
2025.06.16,22:30,69.94,70.03,69.93,70.00,264
2025.06.16,22:45,69.98,70.06,69.93,70.05,273
2025.06.17,00:00,69.59,69.71,69.55,69.57,266
2025.06.17,00:15,69.60,69.61,69.54,69.61,58
2025.06.17,00:30,69.59,70.72,69.59,70.63,597
2025.06.17,00:45,70.60,71.45,70.53,71.08,1053
2025.06.17,01:00,71.08,71.39,70.85,71.28,502
2025.06.17,01:15,71.31,71.44,70.78,71.41,439
2025.06.17,01:30,71.41,71.53,71.00,71.24,452
2025.06.17,01:45,71.25,72.11,71.15,71.78,675
2025.06.17,02:00,71.71,71.97,71.10,71.46,1244
2025.06.17,02:15,71.43,71.76,71.16,71.58,902
2025.06.17,02:30,71.55,71.65,71.35,71.41,495
2025.06.17,02:45,71.40,71.42,70.56,70.71,781
2025.06.17,03:00,70.72,70.76,70.16,70.45,1054
2025.06.17,03:15,70.48,70.71,70.42,70.53,502
2025.06.17,03:30,70.54,70.72,70.48,70.65,444
2025.06.17,03:45,70.66,70.97,70.36,70.94,601
2025.06.17,04:00,70.93,71.33,70.66,71.26,902
2025.06.17,04:15,71.25,71.78,71.14,71.62,936
2025.06.17,04:30,71.62,71.68,71.22,71.54,872
2025.06.17,04:45,71.51,71.61,70.60,70.94,1144
2025.06.17,05:00,70.94,71.06,70.50,70.54,938
2025.06.17,05:15,70.57,70.67,70.40,70.59,850
2025.06.17,05:30,70.62,70.65,70.47,70.62,341
2025.06.17,05:45,70.63,70.63,70.48,70.58,219
2025.06.17,06:00,70.60,70.70,70.57,70.62,176
2025.06.17,06:15,70.60,70.77,70.60,70.69,169
2025.06.17,06:30,70.68,70.76,70.58,70.66,228
2025.06.17,06:45,70.67,70.89,70.61,70.84,241
2025.06.17,07:00,70.83,70.89,70.72,70.79,206
2025.06.17,07:15,70.76,70.93,70.74,70.89,281
2025.06.17,07:30,70.86,71.00,70.77,70.84,375
2025.06.17,07:45,70.85,70.91,70.56,70.68,508
2025.06.17,08:00,70.64,70.69,70.40,70.50,601
2025.06.17,08:15,70.49,70.55,70.32,70.44,468
2025.06.17,08:30,70.46,70.49,69.66,69.95,1014
2025.06.17,08:45,69.96,70.12,69.80,69.91,599
2025.06.17,09:00,69.93,70.45,69.92,70.42,845
2025.06.17,09:15,70.45,70.91,70.38,70.77,878
2025.06.17,09:30,70.78,71.49,70.75,71.48,968
2025.06.17,09:45,71.48,71.52,70.97,71.16,822
2025.06.17,10:00,71.13,71.43,71.09,71.28,744
2025.06.17,10:15,71.29,71.35,70.97,71.09,830
2025.06.17,10:30,71.07,71.35,70.96,71.18,691
2025.06.17,10:45,71.18,71.32,70.68,71.19,805
2025.06.17,11:00,71.22,71.36,70.87,71.25,720
2025.06.17,11:15,71.28,71.42,71.06,71.18,663
2025.06.17,11:30,71.16,71.48,71.08,71.37,508
2025.06.17,11:45,71.40,71.49,71.23,71.28,471
2025.06.17,12:00,71.30,71.39,71.12,71.37,487
2025.06.17,12:15,71.40,71.48,71.28,71.38,474
2025.06.17,12:30,71.40,71.65,71.35,71.49,578
2025.06.17,12:45,71.46,71.63,71.37,71.50,588
2025.06.17,13:00,71.50,71.67,71.30,71.51,625
2025.06.17,13:15,71.52,71.85,71.49,71.82,578
2025.06.17,13:30,71.81,71.87,71.49,71.64,631
2025.06.17,13:45,71.65,71.82,71.53,71.73,513
2025.06.17,14:00,71.72,71.90,71.62,71.87,573
2025.06.17,14:15,71.84,71.89,71.58,71.69,568
2025.06.17,14:30,71.71,71.71,71.14,71.20,1007
2025.06.17,14:45,71.18,71.48,71.14,71.41,735
2025.06.17,15:00,71.40,71.75,70.93,71.62,1516
2025.06.17,15:15,71.64,71.70,71.47,71.59,870
2025.06.17,15:30,71.58,71.98,71.24,71.84,1435
2025.06.17,15:45,71.85,72.36,71.81,72.15,1461
2025.06.17,16:00,72.17,72.19,71.78,71.92,1345
2025.06.17,16:15,71.93,72.30,71.86,72.26,1157
2025.06.17,16:30,72.25,72.54,72.11,72.47,882
2025.06.17,16:45,72.48,72.55,71.96,71.96,1213
2025.06.17,17:00,71.97,72.37,71.75,72.15,1287
2025.06.17,17:15,72.15,72.43,72.10,72.32,1149
2025.06.17,17:30,72.33,72.38,71.51,71.71,1648
2025.06.17,17:45,71.68,72.20,71.62,72.00,1235
2025.06.17,18:00,71.99,72.33,71.76,71.98,1201
2025.06.17,18:15,72.01,72.31,71.96,72.17,1021
2025.06.17,18:30,72.19,72.75,71.95,72.18,777
2025.06.17,18:45,72.23,72.56,71.90,72.29,1430
2025.06.17,19:00,72.29,72.54,72.18,72.40,829
2025.06.17,19:15,72.43,72.65,72.33,72.52,741
2025.06.17,19:30,72.49,72.82,72.47,72.79,756
2025.06.17,19:45,72.79,72.95,72.61,72.85,920
2025.06.17,20:00,72.84,73.06,72.72,73.06,924
2025.06.17,20:15,73.09,73.52,73.03,73.25,1667
2025.06.17,20:30,73.26,73.45,73.20,73.37,829
2025.06.17,20:45,73.36,73.69,73.34,73.54,809
2025.06.17,21:00,73.53,73.67,73.37,73.57,580
2025.06.17,21:15,73.56,73.60,73.16,73.26,642
2025.06.17,21:30,73.24,73.35,73.04,73.15,570
2025.06.17,21:45,73.16,73.69,73.00,73.25,789
2025.06.17,22:00,73.25,73.56,73.21,73.41,569
2025.06.17,22:15,73.39,73.41,73.11,73.20,331
2025.06.17,22:30,73.17,73.46,73.15,73.36,428
2025.06.17,22:45,73.38,73.89,73.36,73.73,642
2025.06.18,00:00,73.99,73.99,73.35,73.71,502
2025.06.18,00:15,73.72,73.82,73.60,73.80,213
2025.06.18,00:30,73.79,74.02,73.69,73.73,241
2025.06.18,00:45,73.75,73.77,73.64,73.71,164
2025.06.18,01:00,73.72,73.89,73.67,73.85,209
2025.06.18,01:15,73.87,73.87,73.68,73.75,127
2025.06.18,01:30,73.76,73.76,73.65,73.67,115
2025.06.18,01:45,73.68,73.69,73.48,73.63,230
2025.06.18,02:00,73.61,73.76,73.29,73.40,592
2025.06.18,02:15,73.42,73.44,73.23,73.41,349
2025.06.18,02:30,73.40,73.47,73.28,73.46,245
2025.06.18,02:45,73.44,73.62,73.43,73.48,344
2025.06.18,03:00,73.50,73.50,73.07,73.12,836
2025.06.18,03:15,73.10,73.25,73.05,73.14,466
2025.06.18,03:30,73.17,73.34,73.14,73.16,471
2025.06.18,03:45,73.17,73.28,73.13,73.14,349
2025.06.18,04:00,73.12,73.25,73.03,73.22,376
2025.06.18,04:15,73.19,73.27,73.09,73.09,188
2025.06.18,04:30,73.10,73.23,73.09,73.21,298
2025.06.18,04:45,73.19,73.56,73.13,73.54,445
2025.06.18,05:00,73.52,73.61,73.32,73.60,546
2025.06.18,05:15,73.59,73.69,73.44,73.55,573
2025.06.18,05:30,73.58,73.59,73.47,73.49,197
2025.06.18,05:45,73.51,73.58,73.41,73.52,158
2025.06.18,06:00,73.56,73.59,73.46,73.49,132
2025.06.18,06:15,73.46,73.50,73.40,73.50,152
2025.06.18,06:30,73.51,73.62,73.42,73.42,191
2025.06.18,06:45,73.43,73.46,73.26,73.30,196
2025.06.18,07:00,73.28,73.32,73.03,73.09,296
2025.06.18,07:15,73.10,73.10,72.65,72.89,456
2025.06.18,07:30,72.88,73.19,72.78,73.08,712
2025.06.18,07:45,73.11,73.25,73.04,73.14,478
2025.06.18,08:00,73.16,73.33,72.60,72.72,926
2025.06.18,08:15,72.71,72.93,72.66,72.67,602
2025.06.18,08:30,72.67,73.04,72.65,73.02,580
2025.06.18,08:45,73.04,73.22,72.99,73.15,805
2025.06.18,09:00,73.12,73.27,72.85,72.87,586
2025.06.18,09:15,72.88,73.01,72.85,72.96,471
2025.06.18,09:30,72.94,73.08,72.69,72.73,699
2025.06.18,09:45,72.72,73.16,72.66,72.89,1083
2025.06.18,10:00,72.90,72.98,72.69,72.86,654
2025.06.18,10:15,72.84,73.18,72.82,72.92,984
2025.06.18,10:30,72.91,73.11,72.76,72.78,643
2025.06.18,10:45,72.79,72.91,72.31,72.37,952
2025.06.18,11:00,72.37,72.44,72.15,72.31,1018
2025.06.18,11:15,72.28,72.43,72.13,72.30,694
2025.06.18,11:30,72.27,72.52,72.25,72.45,712
2025.06.18,11:45,72.47,72.64,72.12,72.62,613
2025.06.18,12:00,72.60,73.20,72.58,73.05,1064
2025.06.18,12:15,73.05,73.18,72.86,73.00,784
2025.06.18,12:30,72.99,73.57,72.91,73.27,1159
2025.06.18,12:45,73.26,73.46,72.91,73.34,926
2025.06.18,13:00,73.34,73.52,73.21,73.22,654
2025.06.18,13:15,73.23,73.56,73.16,73.51,594
2025.06.18,13:30,73.52,73.66,73.26,73.31,655
2025.06.18,13:45,73.30,73.37,73.12,73.37,670
2025.06.18,14:00,73.36,73.59,73.28,73.42,728
2025.06.18,14:15,73.43,73.57,73.34,73.49,619
2025.06.18,14:30,73.47,73.74,73.32,73.62,700
2025.06.18,14:45,73.61,73.68,73.42,73.47,676
2025.06.18,15:00,73.50,73.67,73.38,73.62,1147
2025.06.18,15:15,73.60,73.96,73.41,73.92,959
2025.06.18,15:30,73.93,74.26,73.50,73.86,1840
2025.06.18,15:45,73.83,74.20,73.83,74.12,1080
2025.06.18,16:00,74.11,74.20,72.33,72.43,3071
2025.06.18,16:15,72.48,72.50,71.43,72.11,2558
2025.06.18,16:30,72.12,72.50,71.33,71.90,2681
2025.06.18,16:45,71.92,72.29,71.75,72.00,1488
2025.06.18,17:00,71.98,72.23,71.86,71.86,1184
2025.06.18,17:15,71.89,72.09,71.68,72.00,1342
2025.06.18,17:30,72.01,72.41,71.90,72.12,1113
2025.06.18,17:45,72.13,72.62,72.04,72.35,1119
2025.06.18,18:00,72.32,72.56,71.85,72.31,1367
2025.06.18,18:15,72.32,72.60,72.24,72.59,857
2025.06.18,18:30,72.57,72.70,72.34,72.49,833
2025.06.18,18:45,72.49,72.84,72.47,72.83,731
2025.06.18,19:00,72.81,73.18,72.76,73.09,927
2025.06.18,19:15,73.11,73.42,72.98,73.24,976
2025.06.18,19:30,73.25,73.27,73.04,73.11,762
2025.06.18,19:45,73.12,73.15,72.92,73.12,681
2025.06.18,20:00,73.08,73.37,73.00,73.25,790
2025.06.18,20:15,73.28,73.61,73.14,73.55,979
2025.06.18,20:30,73.53,73.73,73.45,73.58,692
2025.06.18,20:45,73.57,73.65,73.46,73.57,370
2025.06.18,21:00,73.59,73.96,72.16,72.66,880
2025.06.18,21:15,72.65,73.29,72.48,72.99,1593
2025.06.18,21:30,73.02,73.29,72.77,73.23,682
2025.06.18,21:45,73.21,73.28,73.10,73.17,491
2025.06.18,22:00,73.17,73.43,73.08,73.30,514
2025.06.18,22:15,73.29,73.36,73.14,73.32,391
2025.06.18,22:30,73.31,73.52,73.13,73.18,438
2025.06.18,22:45,73.17,73.17,72.94,73.09,389
2025.06.19,00:00,73.02,73.18,72.96,73.15,261
2025.06.19,00:15,73.16,73.25,73.14,73.24,115
2025.06.19,00:30,73.22,73.53,73.21,73.41,230
2025.06.19,00:45,73.40,73.48,73.30,73.41,171
2025.06.19,01:00,73.40,73.48,73.37,73.44,92
2025.06.19,01:15,73.47,73.47,73.36,73.36,63
2025.06.19,01:30,73.35,73.40,73.28,73.40,97
2025.06.19,01:45,73.39,73.39,73.32,73.33,82
2025.06.19,02:00,73.34,73.43,73.13,73.15,331
2025.06.19,02:15,73.17,73.21,73.03,73.14,212
2025.06.19,02:30,73.15,73.18,73.08,73.11,126
2025.06.19,02:45,73.14,73.14,72.83,72.87,182
2025.06.19,03:00,72.88,73.75,72.61,73.22,1071
2025.06.19,03:15,73.23,73.41,72.97,73.25,602
2025.06.19,03:30,73.24,73.39,73.22,73.34,316
2025.06.19,03:45,73.33,73.43,73.20,73.22,288
2025.06.19,04:00,73.21,73.36,73.14,73.31,337
2025.06.19,04:15,73.29,73.33,73.13,73.23,239
2025.06.19,04:30,73.27,73.54,73.22,73.44,342
2025.06.19,04:45,73.45,73.48,73.35,73.42,227
2025.06.19,05:00,73.41,73.50,73.38,73.46,262
2025.06.19,05:15,73.47,73.49,73.29,73.36,210
2025.06.19,05:30,73.34,73.47,73.34,73.44,101
2025.06.19,05:45,73.42,73.45,73.37,73.38,124
2025.06.19,06:00,73.39,73.41,73.27,73.38,145
2025.06.19,06:15,73.39,73.42,73.28,73.31,133
2025.06.19,06:30,73.40,73.43,73.32,73.41,164
2025.06.19,06:45,73.40,73.51,73.38,73.50,116
2025.06.19,07:00,73.47,73.54,73.43,73.54,135
2025.06.19,07:15,73.53,73.82,73.51,73.70,215
2025.06.19,07:30,73.71,74.03,73.64,73.72,692
2025.06.19,07:45,73.69,73.71,73.57,73.68,331
2025.06.19,08:00,73.67,73.76,73.59,73.73,411
2025.06.19,08:15,73.74,73.92,73.56,73.92,579
2025.06.19,08:30,73.89,73.94,73.71,73.79,465
2025.06.19,08:45,73.80,74.35,73.76,74.32,833
2025.06.19,09:00,74.32,74.48,74.12,74.26,748
2025.06.19,09:15,74.29,74.32,74.03,74.17,718
2025.06.19,09:30,74.16,74.33,74.09,74.14,577
2025.06.19,09:45,74.16,74.26,73.71,73.96,859
2025.06.19,10:00,73.96,74.08,73.81,74.06,677
2025.06.19,10:15,74.07,74.12,73.79,73.94,1129
2025.06.19,10:30,73.94,74.09,73.87,73.92,832
2025.06.19,10:45,73.91,73.92,73.68,73.81,698
2025.06.19,11:00,73.81,73.95,73.76,73.88,461
2025.06.19,11:15,73.89,74.07,73.85,73.94,511
2025.06.19,11:30,73.97,73.99,73.44,73.56,701
2025.06.19,11:45,73.55,73.81,73.52,73.66,579
2025.06.19,12:00,73.65,73.88,73.55,73.82,490
2025.06.19,12:15,73.81,73.97,73.64,73.86,723
2025.06.19,12:30,73.86,74.23,73.84,74.21,613
2025.06.19,12:45,74.18,74.23,74.09,74.14,540
2025.06.19,13:00,74.13,74.40,74.06,74.35,520
2025.06.19,13:15,74.33,74.41,74.21,74.37,480
2025.06.19,13:30,74.37,74.53,74.35,74.39,459
2025.06.19,13:45,74.42,74.57,74.35,74.52,465
2025.06.19,14:00,74.54,74.59,74.32,74.33,663
2025.06.19,14:15,74.33,74.50,74.28,74.38,520
2025.06.19,14:30,74.38,74.53,74.27,74.49,516
2025.06.19,14:45,74.52,74.53,74.27,74.33,548
2025.06.19,15:00,74.32,74.50,74.21,74.49,1075
2025.06.19,15:15,74.47,74.51,74.24,74.28,796
2025.06.19,15:30,74.30,74.95,74.29,74.68,1218
2025.06.19,15:45,74.68,75.07,74.67,74.72,1332
2025.06.19,16:00,74.74,74.79,74.51,74.78,1065
2025.06.19,16:15,74.75,75.04,74.73,75.00,931
2025.06.19,16:30,75.03,75.31,74.95,75.24,976
2025.06.19,16:45,75.23,75.35,75.05,75.17,992
2025.06.19,17:00,75.19,75.70,75.04,75.46,1349
2025.06.19,17:15,75.42,75.73,75.30,75.49,1374
2025.06.19,17:30,75.52,75.65,74.93,75.01,1382
2025.06.19,17:45,75.02,75.43,74.57,75.06,1809
2025.06.19,18:00,75.05,75.22,74.88,75.12,877
2025.06.19,18:15,75.14,75.17,74.82,74.92,727
2025.06.19,18:30,74.89,75.27,74.84,75.20,764
2025.06.19,18:45,75.22,75.64,75.20,75.58,974
2025.06.19,19:00,75.58,75.60,75.11,75.21,995
2025.06.19,19:15,75.23,75.51,75.22,75.47,721
2025.06.19,19:30,75.47,75.48,73.74,73.99,1454
2025.06.19,19:45,74.02,74.02,73.20,73.20,939
2025.06.19,20:00,73.21,73.84,72.83,73.78,968
2025.06.19,20:15,73.76,73.90,73.55,73.83,436
2025.06.20,00:00,73.73,73.75,72.58,72.94,890
2025.06.20,00:15,72.93,73.15,72.92,72.96,181
2025.06.20,00:30,72.93,73.42,72.93,73.30,293
2025.06.20,00:45,73.31,73.37,73.24,73.28,211
2025.06.20,01:00,73.29,73.66,73.27,73.63,226
2025.06.20,01:15,73.65,73.65,73.49,73.51,176
2025.06.20,01:30,73.50,73.56,73.34,73.42,135
2025.06.20,01:45,73.43,73.83,73.39,73.79,294
2025.06.20,02:00,73.84,74.26,73.65,73.95,1029
2025.06.20,02:15,73.92,73.95,73.73,73.86,379
2025.06.20,02:30,73.87,74.01,73.78,73.80,311
2025.06.20,02:45,73.82,74.04,73.77,74.03,272
2025.06.20,03:00,74.01,74.19,73.97,74.06,622
2025.06.20,03:15,74.04,74.14,73.94,73.98,335
2025.06.20,03:30,73.99,74.03,73.86,73.92,409
2025.06.20,03:45,73.91,73.92,73.44,73.51,777
2025.06.20,04:00,73.53,73.74,73.40,73.64,592
2025.06.20,04:15,73.63,73.75,73.61,73.68,137
2025.06.20,04:30,73.66,73.73,73.52,73.71,476
2025.06.20,04:45,73.73,73.79,73.59,73.67,299
2025.06.20,05:00,73.65,73.77,73.57,73.72,303
2025.06.20,05:15,73.69,73.74,73.62,73.69,248
2025.06.20,05:30,73.72,73.72,73.60,73.63,160
2025.06.20,05:45,73.62,73.72,73.58,73.68,165
2025.06.20,06:00,73.65,73.84,73.65,73.83,205
2025.06.20,06:15,73.85,74.03,73.79,73.97,326
2025.06.20,06:30,73.95,73.98,73.84,73.90,126
2025.06.20,06:45,73.87,73.96,73.83,73.92,142
2025.06.20,07:00,73.89,73.99,73.88,73.95,153
2025.06.20,07:15,73.98,74.05,73.92,73.92,180
2025.06.20,07:30,73.94,74.13,73.59,73.62,462
2025.06.20,07:45,73.61,73.66,73.00,73.16,783
2025.06.20,08:00,73.18,73.56,73.16,73.49,751
2025.06.20,08:15,73.46,73.55,73.35,73.40,519
2025.06.20,08:30,73.43,73.61,73.36,73.52,504
2025.06.20,08:45,73.51,73.80,73.40,73.71,677
2025.06.20,09:00,73.70,73.73,73.33,73.59,718
2025.06.20,09:15,73.60,73.63,73.43,73.58,480
2025.06.20,09:30,73.58,73.89,73.57,73.84,631
2025.06.20,09:45,73.85,73.98,73.63,73.91,752
2025.06.20,10:00,73.90,74.09,73.87,74.00,717
2025.06.20,10:15,73.98,74.19,73.98,74.07,906
2025.06.20,10:30,74.10,74.27,73.91,74.08,809
2025.06.20,10:45,74.09,74.26,73.88,73.91,686
2025.06.20,11:00,73.89,74.03,73.73,73.81,674
2025.06.20,11:15,73.84,73.98,73.76,73.95,456
2025.06.20,11:30,73.95,74.19,73.86,74.12,614
2025.06.20,11:45,74.16,74.26,73.80,73.82,550
2025.06.20,12:00,73.82,73.82,73.66,73.67,622
2025.06.20,12:15,73.68,73.97,73.67,73.78,379
2025.06.20,12:30,73.79,73.98,73.72,73.87,436
2025.06.20,12:45,73.86,73.94,73.50,73.93,633
2025.06.20,13:00,73.93,74.09,73.91,74.02,495
2025.06.20,13:15,74.00,74.07,73.81,73.85,342
2025.06.20,13:30,73.84,73.88,73.32,73.32,477
2025.06.20,13:45,73.33,73.33,72.34,73.18,2184
2025.06.20,14:00,73.17,73.37,73.09,73.16,1081
2025.06.20,14:15,73.16,73.53,73.10,73.37,811
2025.06.20,14:30,73.37,73.47,73.11,73.25,868
2025.06.20,14:45,73.22,73.46,72.89,73.31,902
2025.06.20,15:00,73.32,73.58,73.11,73.50,1337
2025.06.20,15:15,73.50,73.58,73.01,73.14,968
2025.06.20,15:30,73.13,73.21,72.78,72.97,1249
2025.06.20,15:45,72.95,73.27,72.95,73.11,1039
2025.06.20,16:00,73.09,73.73,73.06,73.56,1068
2025.06.20,16:15,73.57,73.67,73.26,73.31,1025
2025.06.20,16:30,73.30,73.55,73.22,73.54,930
2025.06.20,16:45,73.54,73.77,73.51,73.67,885
2025.06.20,17:00,73.63,73.73,73.25,73.53,1212
2025.06.20,17:15,73.52,73.61,73.17,73.32,1130
2025.06.20,17:30,73.35,73.43,73.12,73.26,881
2025.06.20,17:45,73.27,73.71,73.23,73.66,766
2025.06.20,18:00,73.65,73.74,73.40,73.55,658
2025.06.20,18:15,73.55,73.63,73.47,73.54,514
2025.06.20,18:30,73.53,73.56,73.29,73.37,655
2025.06.20,18:45,73.36,73.75,73.09,73.50,759
2025.06.20,19:00,73.53,73.83,73.19,73.45,1031
2025.06.20,19:15,73.46,73.62,73.13,73.58,1097
2025.06.20,19:30,73.57,73.90,73.53,73.88,818
2025.06.20,19:45,73.89,74.15,73.86,74.09,993
2025.06.20,20:00,74.09,74.09,73.40,73.49,978
2025.06.20,20:15,73.51,73.90,73.49,73.82,1049
2025.06.20,20:30,73.81,73.93,73.58,73.74,428
2025.06.20,20:45,73.74,73.90,73.72,73.86,399
2025.06.20,21:00,73.86,73.95,73.83,73.92,302
2025.06.20,21:15,73.91,73.95,73.79,73.86,265
2025.06.20,21:30,73.87,74.09,73.84,74.06,411
2025.06.20,21:45,74.06,74.09,73.88,73.92,348
2025.06.23,00:00,77.94,78.31,76.03,76.34,3120
2025.06.23,00:15,76.33,76.48,75.81,75.88,1624
2025.06.23,00:30,75.85,75.93,75.62,75.65,989
2025.06.23,00:45,75.64,75.71,75.20,75.29,1013
2025.06.23,01:00,75.28,75.79,75.24,75.78,770
2025.06.23,01:15,75.75,75.78,75.52,75.66,433
2025.06.23,01:30,75.65,75.82,75.61,75.71,454
2025.06.23,01:45,75.74,75.84,75.35,75.76,625
2025.06.23,02:00,75.75,76.12,75.59,75.84,807
2025.06.23,02:15,75.85,76.01,75.80,75.95,439
2025.06.23,02:30,75.96,76.06,75.80,75.85,461
2025.06.23,02:45,75.83,75.97,75.74,75.88,360
2025.06.23,03:00,75.86,76.03,75.53,75.74,1248
2025.06.23,03:15,75.75,75.94,75.70,75.75,660
2025.06.23,03:30,75.74,75.80,75.39,75.49,781
2025.06.23,03:45,75.46,75.50,74.98,75.29,846
2025.06.23,04:00,75.27,75.47,75.19,75.39,650
2025.06.23,04:15,75.37,75.52,75.23,75.27,261
2025.06.23,04:30,75.26,75.28,75.08,75.15,569
2025.06.23,04:45,75.17,75.27,75.05,75.23,411
2025.06.23,05:00,75.21,75.27,74.90,75.00,389
2025.06.23,05:15,74.99,75.11,74.89,74.95,444
2025.06.23,05:30,74.96,75.25,74.94,75.16,284
2025.06.23,05:45,75.18,75.36,75.17,75.26,212
2025.06.23,06:00,75.29,75.38,75.26,75.34,131
2025.06.23,06:15,75.36,75.36,75.17,75.21,187
2025.06.23,06:30,75.22,75.24,75.00,75.09,191
2025.06.23,06:45,75.10,75.11,74.85,74.85,163
2025.06.23,07:00,74.89,75.00,74.60,74.72,374
2025.06.23,07:15,74.69,74.73,74.57,74.67,315
2025.06.23,07:30,74.66,74.94,74.49,74.83,694
2025.06.23,07:45,74.84,75.12,74.82,75.06,448
2025.06.23,08:00,75.07,75.13,74.92,75.07,615
2025.06.23,08:15,75.06,75.10,74.94,75.01,409
2025.06.23,08:30,74.98,75.09,74.72,74.85,538
2025.06.23,08:45,74.83,74.95,74.80,74.89,517
2025.06.23,09:00,74.90,74.97,74.20,74.23,931
2025.06.23,09:15,74.23,74.44,73.91,74.34,1014
2025.06.23,09:30,74.36,74.54,74.26,74.43,618
2025.06.23,09:45,74.42,74.44,74.03,74.11,714
2025.06.23,10:00,74.13,74.19,73.24,73.47,1274
2025.06.23,10:15,73.43,73.63,73.15,73.45,1378
2025.06.23,10:30,73.47,73.68,73.26,73.40,959
2025.06.23,10:45,73.37,73.79,73.37,73.74,552
2025.06.23,11:00,73.75,74.01,73.75,73.89,641
2025.06.23,11:15,73.90,74.21,73.87,74.12,566
2025.06.23,11:30,74.10,74.21,73.77,73.92,629
2025.06.23,11:45,73.93,74.34,73.92,74.31,582
2025.06.23,12:00,74.32,74.80,74.26,74.28,965
2025.06.23,12:15,74.27,74.30,74.08,74.25,504
2025.06.23,12:30,74.27,74.49,74.20,74.49,448
2025.06.23,12:45,74.46,74.77,74.46,74.61,553
2025.06.23,13:00,74.62,74.84,74.55,74.81,472
2025.06.23,13:15,74.78,74.93,74.56,74.61,662
2025.06.23,13:30,74.64,74.64,74.34,74.42,487
2025.06.23,13:45,74.42,74.54,74.23,74.33,540
2025.06.23,14:00,74.33,74.36,74.18,74.18,524
2025.06.23,14:15,74.19,74.29,73.71,73.77,732
2025.06.23,14:30,73.78,73.78,73.32,73.38,1101
2025.06.23,14:45,73.39,73.76,73.36,73.76,778
2025.06.23,15:00,73.77,74.46,73.77,74.22,1553
2025.06.23,15:15,74.20,74.43,73.79,74.04,1082
2025.06.23,15:30,74.03,74.30,73.32,73.66,1690
2025.06.23,15:45,73.68,73.83,73.36,73.69,1508
2025.06.23,16:00,73.67,73.71,72.57,73.03,1802
2025.06.23,16:15,73.04,73.41,72.72,73.01,1517
2025.06.23,16:30,73.02,73.19,72.82,73.15,1153
2025.06.23,16:45,73.16,73.24,72.85,73.01,1028
2025.06.23,17:00,73.02,73.19,72.85,72.93,943
2025.06.23,17:15,72.92,73.24,72.90,73.08,1024
2025.06.23,17:30,73.09,73.57,72.98,73.56,1117
2025.06.23,17:45,73.58,74.08,73.56,73.73,1513
2025.06.23,18:00,73.71,73.82,73.48,73.72,1052
2025.06.23,18:15,73.69,74.18,73.64,74.12,980
2025.06.23,18:30,74.13,74.30,71.52,71.98,2647
2025.06.23,18:45,71.96,72.48,71.73,72.32,2451
2025.06.23,19:00,72.30,72.34,70.57,71.06,3141
2025.06.23,19:15,71.07,71.22,69.61,69.92,2830
2025.06.23,19:30,69.93,70.43,69.47,69.50,2517
2025.06.23,19:45,69.51,69.72,68.99,69.29,2440
2025.06.23,20:00,69.33,69.51,68.80,69.20,2060
2025.06.23,20:15,69.28,69.49,68.22,68.63,2661
2025.06.23,20:30,68.62,68.69,68.18,68.40,1741
2025.06.23,20:45,68.43,68.79,68.25,68.45,1130
2025.06.23,21:00,68.45,68.77,68.44,68.75,724
2025.06.23,21:15,68.75,68.83,68.62,68.75,599
2025.06.23,21:30,68.76,68.86,68.72,68.83,390
2025.06.23,21:45,68.84,68.89,67.91,67.96,1158
2025.06.23,22:00,67.97,68.00,67.31,67.45,1503
2025.06.23,22:15,67.46,67.49,67.13,67.25,1040
2025.06.23,22:30,67.24,67.53,67.14,67.32,627
2025.06.23,22:45,67.32,67.45,66.61,67.21,893
2025.06.24,00:00,67.74,67.82,65.02,65.28,1929
2025.06.24,00:15,65.29,65.89,65.15,65.86,960
2025.06.24,00:30,65.87,66.02,65.44,65.53,679
2025.06.24,00:45,65.52,65.83,65.48,65.55,427
2025.06.24,01:00,65.54,65.64,65.02,65.02,421
2025.06.24,01:15,65.04,65.04,64.36,64.80,830
2025.06.24,01:30,64.83,65.23,64.77,65.10,350
2025.06.24,01:45,65.13,65.82,65.09,65.82,495
2025.06.24,02:00,65.81,66.42,65.29,66.03,1465
2025.06.24,02:15,66.02,66.33,65.89,66.19,749
2025.06.24,02:30,66.20,66.23,65.83,65.90,580
2025.06.24,02:45,65.92,66.48,65.50,65.96,1042
2025.06.24,03:00,65.98,66.47,65.91,66.35,1181
2025.06.24,03:15,66.34,66.60,66.11,66.44,636
2025.06.24,03:30,66.45,66.53,66.05,66.16,639
2025.06.24,03:45,66.13,66.41,66.09,66.38,576
2025.06.24,04:00,66.35,66.91,66.35,66.85,880
2025.06.24,04:15,66.84,66.93,66.37,66.41,604
2025.06.24,04:30,66.43,67.02,66.32,67.00,1118
2025.06.24,04:45,66.99,67.17,66.76,66.83,893
2025.06.24,05:00,66.81,66.95,66.66,66.69,628
2025.06.24,05:15,66.70,66.74,66.22,66.39,523
2025.06.24,05:30,66.41,66.75,66.40,66.71,365
2025.06.24,05:45,66.74,66.87,66.63,66.84,392
2025.06.24,06:00,66.86,66.92,66.66,66.71,300
2025.06.24,06:15,66.70,66.84,66.60,66.69,280
2025.06.24,06:30,66.66,66.73,66.41,66.47,313
2025.06.24,06:45,66.48,66.61,66.44,66.59,222
2025.06.24,07:00,66.62,66.66,66.44,66.51,245
2025.06.24,07:15,66.53,66.56,66.23,66.23,339
2025.06.24,07:30,66.24,66.27,65.91,65.94,588
2025.06.24,07:45,65.94,65.97,65.64,65.79,606
2025.06.24,08:00,65.82,65.86,65.49,65.66,1084
2025.06.24,08:15,65.65,65.75,64.76,64.87,1215
2025.06.24,08:30,64.89,65.16,64.65,64.76,1263
2025.06.24,08:45,64.77,65.77,64.71,65.45,1475
2025.06.24,09:00,65.46,66.03,65.46,65.96,1413
2025.06.24,09:15,65.94,66.25,65.73,66.24,982
2025.06.24,09:30,66.25,66.52,66.11,66.42,1255
2025.06.24,09:45,66.41,66.95,66.28,66.44,1305
2025.06.24,10:00,66.42,66.94,66.23,66.64,1172
2025.06.24,10:15,66.64,66.78,65.96,66.04,1526
2025.06.24,10:30,66.00,66.36,65.87,66.02,1241
2025.06.24,10:45,66.02,66.34,65.97,66.22,744
2025.06.24,11:00,66.21,66.44,65.95,66.34,867
2025.06.24,11:15,66.35,66.38,66.08,66.10,670
2025.06.24,11:30,66.13,66.46,66.13,66.37,615
2025.06.24,11:45,66.35,66.45,66.11,66.26,636
2025.06.24,12:00,66.27,66.76,66.13,66.54,892
2025.06.24,12:15,66.60,66.69,66.43,66.69,535
2025.06.24,12:30,66.70,66.81,66.40,66.48,686
2025.06.24,12:45,66.46,66.62,66.19,66.61,595
2025.06.24,13:00,66.60,66.67,66.39,66.40,463
2025.06.24,13:15,66.41,66.71,65.96,66.24,892
2025.06.24,13:30,66.23,66.34,65.91,65.95,1032
2025.06.24,13:45,65.97,66.16,65.83,66.04,896
2025.06.24,14:00,66.03,66.13,65.60,65.66,926
2025.06.24,14:15,65.68,65.94,65.47,65.93,926
2025.06.24,14:30,65.92,65.97,65.39,65.71,909
2025.06.24,14:45,65.69,65.98,65.60,65.81,871
2025.06.24,15:00,65.78,66.37,65.77,66.15,1377
2025.06.24,15:15,66.16,66.21,64.85,65.24,2302
2025.06.24,15:30,65.23,65.68,65.04,65.41,1687
2025.06.24,15:45,65.40,65.62,65.24,65.48,1122
2025.06.24,16:00,65.45,65.45,65.12,65.16,1140
2025.06.24,16:15,65.17,65.49,64.71,64.77,1386
2025.06.24,16:30,64.78,65.45,64.72,65.41,1096
2025.06.24,16:45,65.42,65.56,65.14,65.24,1060
2025.06.24,17:00,65.25,65.51,65.12,65.43,927
2025.06.24,17:15,65.40,65.40,65.05,65.29,1161
2025.06.24,17:30,65.29,65.41,64.99,65.05,910
2025.06.24,17:45,65.08,65.11,64.48,64.54,1214
2025.06.24,18:00,64.54,64.69,64.36,64.50,911
2025.06.24,18:15,64.49,64.65,64.44,64.58,573
2025.06.24,18:30,64.57,64.60,64.23,64.30,688
2025.06.24,18:45,64.29,64.32,63.97,64.21,884
2025.06.24,19:00,64.20,64.56,64.17,64.49,603
2025.06.24,19:15,64.47,64.67,64.44,64.64,466
2025.06.24,19:30,64.62,64.91,64.62,64.75,583
2025.06.24,19:45,64.75,64.91,64.64,64.85,488
2025.06.24,20:00,64.86,64.90,64.41,64.49,926
2025.06.24,20:15,64.50,64.64,64.30,64.44,1104
2025.06.24,20:30,64.45,64.55,64.26,64.39,405
2025.06.24,20:45,64.40,64.71,64.38,64.66,522
2025.06.24,21:00,64.68,64.70,64.47,64.61,345
2025.06.24,21:15,64.60,64.80,64.59,64.77,254
2025.06.24,21:30,64.76,65.10,64.73,64.91,402
2025.06.24,21:45,64.89,65.03,64.79,64.92,308
2025.06.24,22:00,64.93,65.05,64.86,65.03,220
2025.06.24,22:15,65.02,65.07,64.94,64.97,166
2025.06.24,22:30,64.97,65.08,64.95,65.08,217
2025.06.24,22:45,65.05,65.15,64.98,65.00,272
2025.06.25,00:00,65.08,65.40,65.03,65.15,370
2025.06.25,00:15,65.18,65.21,65.04,65.11,109
2025.06.25,00:30,65.12,65.23,65.04,65.20,90
2025.06.25,00:45,65.19,65.22,65.10,65.12,62
2025.06.25,01:00,65.12,65.13,65.04,65.10,66
2025.06.25,01:15,65.12,65.12,65.00,65.05,55
2025.06.25,01:30,65.04,65.08,65.02,65.06,39
2025.06.25,01:45,65.05,65.14,65.05,65.10,81
2025.06.25,02:00,65.11,65.13,64.98,65.07,213
2025.06.25,02:15,65.06,65.16,65.02,65.04,109
2025.06.25,02:30,65.06,65.19,65.03,65.15,84
2025.06.25,02:45,65.16,65.20,65.02,65.03,85
2025.06.25,03:00,65.04,65.24,65.04,65.22,522
2025.06.25,03:15,65.24,65.33,65.16,65.29,281
2025.06.25,03:30,65.28,65.34,65.16,65.21,275
2025.06.25,03:45,65.19,65.29,65.19,65.24,193
2025.06.25,04:00,65.26,65.29,65.18,65.24,226
2025.06.25,04:15,65.25,65.33,65.23,65.30,110
2025.06.25,04:30,65.27,65.36,65.12,65.19,242
2025.06.25,04:45,65.21,65.26,65.12,65.20,205
2025.06.25,05:00,65.18,65.37,65.15,65.34,230
2025.06.25,05:15,65.37,65.37,65.23,65.26,200
2025.06.25,05:30,65.23,65.27,65.19,65.23,90
2025.06.25,05:45,65.20,65.26,65.15,65.21,101
2025.06.25,06:00,65.19,65.31,65.19,65.31,95
2025.06.25,06:15,65.30,65.33,65.25,65.26,84
2025.06.25,06:30,65.27,65.29,65.17,65.21,82
2025.06.25,06:45,65.20,65.22,65.07,65.16,82
2025.06.25,07:00,65.14,65.26,65.05,65.11,115
2025.06.25,07:15,65.09,65.47,65.09,65.42,150
2025.06.25,07:30,65.41,65.45,65.33,65.39,245
2025.06.25,07:45,65.37,65.46,65.31,65.42,315
2025.06.25,08:00,65.43,65.48,65.28,65.32,389
2025.06.25,08:15,65.29,65.36,65.21,65.33,296
2025.06.25,08:30,65.31,65.50,65.22,65.40,337
2025.06.25,08:45,65.42,65.55,65.39,65.44,386
2025.06.25,09:00,65.46,65.58,65.39,65.48,519
2025.06.25,09:15,65.50,65.61,65.46,65.51,434
2025.06.25,09:30,65.48,65.64,65.44,65.56,388
2025.06.25,09:45,65.53,65.62,65.44,65.51,387
2025.06.25,10:00,65.51,65.54,65.28,65.33,476
2025.06.25,10:15,65.32,65.39,65.06,65.36,801
2025.06.25,10:30,65.32,65.39,65.16,65.32,597
2025.06.25,10:45,65.32,65.46,65.22,65.30,454
2025.06.25,11:00,65.29,65.35,64.92,64.96,531
2025.06.25,11:15,64.97,65.07,64.87,64.90,417
2025.06.25,11:30,64.87,65.19,64.87,65.16,485
2025.06.25,11:45,65.17,65.24,65.09,65.11,427
2025.06.25,12:00,65.12,65.12,64.92,65.02,356
2025.06.25,12:15,65.01,65.02,64.76,64.80,321
2025.06.25,12:30,64.81,65.06,64.76,64.95,369
2025.06.25,12:45,64.93,65.08,64.91,64.98,255
2025.06.25,13:00,64.99,65.03,64.83,64.86,317
2025.06.25,13:15,64.87,64.95,64.66,64.76,400
2025.06.25,13:30,64.78,64.96,64.53,64.94,582
2025.06.25,13:45,64.93,64.96,64.73,64.74,335
2025.06.25,14:00,64.78,64.84,64.59,64.64,359
2025.06.25,14:15,64.63,64.83,64.51,64.80,539
2025.06.25,14:30,64.81,64.89,64.74,64.84,418
2025.06.25,14:45,64.82,65.06,64.81,65.03,503
2025.06.25,15:00,65.03,65.10,64.89,65.00,821
2025.06.25,15:15,64.99,65.12,64.76,64.83,469
2025.06.25,15:30,64.84,65.07,64.69,65.07,591
2025.06.25,15:45,65.04,65.26,64.82,64.83,706
2025.06.25,16:00,64.83,64.94,64.72,64.82,593
2025.06.25,16:15,64.82,65.35,64.81,65.10,1449
2025.06.25,16:30,65.08,65.48,64.95,65.14,1265
2025.06.25,16:45,65.12,65.29,64.98,65.19,834
2025.06.25,17:00,65.20,65.52,65.19,65.43,965
2025.06.25,17:15,65.41,65.54,65.24,65.48,851
2025.06.25,17:30,65.47,65.55,65.27,65.40,677
2025.06.25,17:45,65.40,65.68,65.40,65.53,623
2025.06.25,18:00,65.53,65.64,65.41,65.55,495
2025.06.25,18:15,65.58,65.99,65.55,65.94,621
2025.06.25,18:30,65.93,66.01,65.71,65.73,562
2025.06.25,18:45,65.72,65.75,65.56,65.63,452
2025.06.25,19:00,65.62,65.78,65.50,65.75,460
2025.06.25,19:15,65.72,65.82,65.54,65.64,409
2025.06.25,19:30,65.61,65.69,65.28,65.31,543
2025.06.25,19:45,65.30,65.48,65.26,65.27,373
2025.06.25,20:00,65.28,65.39,65.22,65.33,424
2025.06.25,20:15,65.32,65.38,64.85,64.87,1103
2025.06.25,20:30,64.89,65.13,64.87,65.11,368
2025.06.25,20:45,65.09,65.27,65.06,65.25,217
2025.06.25,21:00,65.24,65.27,65.06,65.08,233
2025.06.25,21:15,65.10,65.28,65.07,65.28,189
2025.06.25,21:30,65.28,65.29,65.19,65.20,138
2025.06.25,21:45,65.21,65.24,65.15,65.22,146
2025.06.25,22:00,65.19,65.21,65.14,65.18,68
2025.06.25,22:15,65.19,65.20,65.07,65.09,79
2025.06.25,22:30,65.06,65.13,65.04,65.07,98
2025.06.25,22:45,65.04,65.06,64.89,64.93,181
2025.06.26,00:00,64.93,65.24,64.93,65.23,168
2025.06.26,00:15,65.21,65.24,65.14,65.20,65
2025.06.26,00:30,65.20,65.20,65.10,65.12,36
2025.06.26,00:45,65.11,65.28,65.09,65.26,75
2025.06.26,01:00,65.23,65.28,65.20,65.23,52
2025.06.26,01:15,65.20,65.23,65.16,65.19,45
2025.06.26,01:30,65.20,65.20,65.10,65.10,32
2025.06.26,01:45,65.11,65.11,65.00,65.04,120
2025.06.26,02:00,65.03,65.06,64.87,65.02,230
2025.06.26,02:15,65.03,65.12,65.00,65.12,82
2025.06.26,02:30,65.09,65.13,65.01,65.04,64
2025.06.26,02:45,65.01,65.10,65.01,65.08,84
2025.06.26,03:00,65.07,65.25,65.03,65.22,360
2025.06.26,03:15,65.21,65.24,65.06,65.10,286
2025.06.26,03:30,65.07,65.19,65.07,65.17,206
2025.06.26,03:45,65.14,65.25,65.08,65.20,230
2025.06.26,04:00,65.21,65.23,65.16,65.23,146
2025.06.26,04:15,65.23,65.26,65.20,65.25,55
2025.06.26,04:30,65.26,65.36,65.25,65.32,121
2025.06.26,04:45,65.33,65.33,65.18,65.25,201
2025.06.26,05:00,65.24,65.27,65.14,65.19,150
2025.06.26,05:15,65.17,65.21,65.08,65.08,107
2025.06.26,05:30,65.10,65.21,65.06,65.20,99
2025.06.26,05:45,65.18,65.20,65.12,65.15,62
2025.06.26,06:00,65.14,65.16,65.10,65.13,49
2025.06.26,06:15,65.10,65.18,65.10,65.18,49
2025.06.26,06:30,65.19,65.22,65.15,65.18,67
2025.06.26,06:45,65.20,65.21,65.16,65.16,53
2025.06.26,07:00,65.17,65.20,65.15,65.19,42
2025.06.26,07:15,65.20,65.22,65.15,65.16,59
2025.06.26,07:30,65.18,65.23,65.11,65.14,148
2025.06.26,07:45,65.16,65.21,65.11,65.17,150
2025.06.26,08:00,65.15,65.28,65.10,65.25,310
2025.06.26,08:15,65.27,65.45,65.25,65.42,334
2025.06.26,08:30,65.42,65.51,65.40,65.44,239
2025.06.26,08:45,65.43,65.55,65.38,65.51,235
2025.06.26,09:00,65.52,65.52,65.23,65.24,309
2025.06.26,09:15,65.25,65.27,65.07,65.13,356
2025.06.26,09:30,65.12,65.12,64.93,64.98,338
2025.06.26,09:45,65.00,65.15,64.99,65.12,290
2025.06.26,10:00,65.13,65.18,64.96,64.98,396
2025.06.26,10:15,64.97,65.04,64.78,65.02,593
2025.06.26,10:30,64.99,65.09,64.87,64.95,474
2025.06.26,10:45,64.97,64.99,64.79,64.84,400
2025.06.26,11:00,64.84,64.87,64.67,64.68,431
2025.06.26,11:15,64.67,64.88,64.63,64.81,335
2025.06.26,11:30,64.80,65.07,64.78,65.05,391
2025.06.26,11:45,65.02,65.08,64.86,64.99,426
2025.06.26,12:00,65.01,65.17,65.01,65.12,464
2025.06.26,12:15,65.10,65.17,65.00,65.07,317
2025.06.26,12:30,65.06,65.25,64.97,65.22,416
2025.06.26,12:45,65.24,65.34,65.20,65.23,377
2025.06.26,13:00,65.25,65.29,65.16,65.17,271
2025.06.26,13:15,65.16,65.26,65.15,65.21,276
2025.06.26,13:30,65.23,65.26,65.11,65.12,259
2025.06.26,13:45,65.12,65.33,65.09,65.30,275
2025.06.26,14:00,65.29,65.43,65.26,65.26,341
2025.06.26,14:15,65.29,65.34,65.18,65.26,194
2025.06.26,14:30,65.30,65.35,64.90,64.94,515
2025.06.26,14:45,64.95,65.10,64.92,65.02,343
2025.06.26,15:00,65.02,65.63,64.94,65.47,842
2025.06.26,15:15,65.49,65.64,65.42,65.47,585
2025.06.26,15:30,65.43,65.66,65.35,65.65,755
2025.06.26,15:45,65.64,65.64,65.29,65.41,682
2025.06.26,16:00,65.42,65.73,65.33,65.69,606
2025.06.26,16:15,65.68,66.01,65.67,65.90,677
2025.06.26,16:30,65.87,66.18,65.81,65.97,711
2025.06.26,16:45,65.98,66.16,65.92,66.14,664
2025.06.26,17:00,66.12,66.35,66.06,66.18,766
2025.06.26,17:15,66.17,66.41,66.13,66.28,762
2025.06.26,17:30,66.30,66.35,66.15,66.21,559
2025.06.26,17:45,66.20,66.24,65.81,65.86,713
2025.06.26,18:00,65.85,65.96,65.72,65.77,479
2025.06.26,18:15,65.79,65.92,65.76,65.83,367
2025.06.26,18:30,65.83,65.86,65.74,65.84,325
2025.06.26,18:45,65.83,66.12,65.79,66.03,434
2025.06.26,19:00,66.05,66.07,65.36,65.51,1009
2025.06.26,19:15,65.54,65.74,65.42,65.56,741
2025.06.26,19:30,65.54,65.72,65.46,65.51,459
2025.06.26,19:45,65.52,65.65,65.39,65.44,466
2025.06.26,20:00,65.45,65.49,64.96,64.99,812
2025.06.26,20:15,65.00,65.26,64.98,65.22,715
2025.06.26,20:30,65.23,65.33,65.18,65.20,216
2025.06.26,20:45,65.20,65.31,65.18,65.26,126
2025.06.26,21:00,65.26,65.49,65.25,65.48,233
2025.06.26,21:15,65.47,65.49,65.30,65.41,143
2025.06.26,21:30,65.38,65.44,65.35,65.42,116
2025.06.26,21:45,65.37,65.48,65.32,65.40,210
2025.06.26,22:00,65.41,65.53,65.40,65.44,149
2025.06.26,22:15,65.44,65.48,65.30,65.33,139
2025.06.26,22:30,65.30,65.35,65.22,65.22,81
2025.06.26,22:45,65.25,65.25,65.13,65.19,145
2025.06.27,00:00,65.28,65.52,65.24,65.40,117
2025.06.27,00:15,65.39,65.44,65.37,65.40,72
2025.06.27,00:30,65.42,65.42,65.32,65.36,61
2025.06.27,00:45,65.35,65.43,65.29,65.40,88
2025.06.27,01:00,65.41,65.43,65.38,65.38,41
2025.06.27,01:15,65.40,65.40,65.37,65.39,18
2025.06.27,01:30,65.38,65.41,65.37,65.41,15
2025.06.27,01:45,65.38,65.40,65.36,65.38,37
2025.06.27,02:00,65.37,65.43,65.30,65.37,138
2025.06.27,02:15,65.38,65.47,65.34,65.37,99
2025.06.27,02:30,65.40,65.42,65.37,65.42,65
2025.06.27,02:45,65.40,65.44,65.37,65.41,53
2025.06.27,03:00,65.43,65.59,65.43,65.56,280
2025.06.27,03:15,65.59,65.59,65.47,65.50,134
2025.06.27,03:30,65.51,65.60,65.49,65.55,166
2025.06.27,03:45,65.53,65.65,65.51,65.61,192
2025.06.27,04:00,65.60,65.69,65.60,65.64,144
2025.06.27,04:15,65.66,65.67,65.61,65.64,60
2025.06.27,04:30,65.65,65.67,65.56,65.59,120
2025.06.27,04:45,65.58,65.71,65.58,65.61,99
2025.06.27,05:00,65.63,65.66,65.54,65.56,112
2025.06.27,05:15,65.55,65.58,65.49,65.51,162
2025.06.27,05:30,65.53,65.59,65.50,65.57,51
2025.06.27,05:45,65.58,65.58,65.50,65.52,31
2025.06.27,06:00,65.49,65.62,65.49,65.60,58
2025.06.27,06:15,65.61,65.68,65.61,65.61,47
2025.06.27,06:30,65.64,65.64,65.59,65.60,45
2025.06.27,06:45,65.62,65.65,65.57,65.60,39
2025.06.27,07:00,65.59,65.71,65.55,65.66,95
2025.06.27,07:15,65.67,65.72,65.61,65.70,89
2025.06.27,07:30,65.68,65.71,65.62,65.62,164
2025.06.27,07:45,65.65,65.67,65.57,65.64,113
2025.06.27,08:00,65.65,65.75,65.59,65.73,240
2025.06.27,08:15,65.70,65.73,65.53,65.57,222
2025.06.27,08:30,65.57,65.62,65.50,65.55,237
2025.06.27,08:45,65.52,65.61,65.51,65.56,291
2025.06.27,09:00,65.57,65.84,65.52,65.74,354
2025.06.27,09:15,65.74,65.83,65.67,65.73,295
2025.06.27,09:30,65.75,65.77,65.54,65.63,316
2025.06.27,09:45,65.60,65.66,65.51,65.59,348
2025.06.27,10:00,65.60,65.72,65.56,65.67,482
2025.06.27,10:15,65.68,65.81,65.64,65.75,513
2025.06.27,10:30,65.72,65.92,65.70,65.90,383
2025.06.27,10:45,65.89,65.90,65.70,65.83,283
2025.06.27,11:00,65.84,65.90,65.72,65.72,332
2025.06.27,11:15,65.75,65.84,65.71,65.82,244
2025.06.27,11:30,65.83,65.86,65.66,65.69,363
2025.06.27,11:45,65.72,65.74,65.63,65.66,303
2025.06.27,12:00,65.68,65.83,65.65,65.80,231
2025.06.27,12:15,65.81,65.81,65.64,65.70,225
2025.06.27,12:30,65.70,65.74,65.67,65.69,194
2025.06.27,12:45,65.72,65.72,65.29,65.31,347
2025.06.27,13:00,65.34,65.49,65.30,65.47,302
2025.06.27,13:15,65.46,65.58,65.43,65.57,235
2025.06.27,13:30,65.57,65.71,65.45,65.71,359
2025.06.27,13:45,65.70,65.81,65.68,65.77,314
2025.06.27,14:00,65.74,65.83,65.70,65.81,315
2025.06.27,14:15,65.82,65.84,65.60,65.67,311
2025.06.27,14:30,65.66,65.67,65.49,65.49,407
2025.06.27,14:45,65.51,65.62,65.47,65.58,323
2025.06.27,15:00,65.59,65.85,65.59,65.76,640
2025.06.27,15:15,65.79,65.95,65.71,65.78,499
2025.06.27,15:30,65.79,65.98,65.71,65.76,544
2025.06.27,15:45,65.76,65.95,65.62,65.84,561
2025.06.27,16:00,65.86,65.92,65.61,65.78,702
2025.06.27,16:15,65.79,65.96,65.73,65.89,514
2025.06.27,16:30,65.91,66.00,65.82,65.86,501
2025.06.27,16:45,65.87,65.98,65.77,65.84,379
2025.06.27,17:00,65.86,66.03,65.74,65.97,471
2025.06.27,17:15,66.00,66.09,65.82,65.92,667
2025.06.27,17:30,65.89,65.94,64.77,65.05,1989
2025.06.27,17:45,65.08,65.34,65.06,65.22,1020
2025.06.27,18:00,65.22,65.35,65.03,65.04,831
2025.06.27,18:15,65.05,65.15,64.98,65.10,560
2025.06.27,18:30,65.08,65.19,64.91,65.14,636
2025.06.27,18:45,65.15,65.18,65.01,65.10,380
2025.06.27,19:00,65.10,65.37,64.99,65.20,651
2025.06.27,19:15,65.21,65.41,65.11,65.34,440
2025.06.27,19:30,65.33,65.47,65.22,65.30,427
2025.06.27,19:45,65.29,65.51,65.22,65.49,527
2025.06.27,20:00,65.49,65.54,65.37,65.45,514
2025.06.27,20:15,65.48,65.60,65.44,65.46,718
2025.06.27,20:30,65.43,65.46,65.26,65.31,288
2025.06.27,20:45,65.32,65.38,65.27,65.29,170
2025.06.27,21:00,65.30,65.31,65.14,65.16,163
2025.06.27,21:15,65.17,65.19,65.12,65.17,129
2025.06.27,21:30,65.15,65.19,65.03,65.06,128
2025.06.27,21:45,65.05,65.15,65.03,65.09,150
2025.06.30,00:00,65.05,65.18,64.87,64.97,348
2025.06.30,00:15,64.95,65.04,64.91,64.96,105
2025.06.30,00:30,64.97,64.98,64.76,64.77,139
2025.06.30,00:45,64.78,64.83,64.71,64.78,85
2025.06.30,01:00,64.77,64.85,64.76,64.81,52
2025.06.30,01:15,64.80,64.89,64.79,64.81,65
2025.06.30,01:30,64.82,64.85,64.76,64.79,49
2025.06.30,01:45,64.78,64.85,64.74,64.81,81
2025.06.30,02:00,64.80,64.81,64.63,64.67,184
2025.06.30,02:15,64.70,64.72,64.53,64.57,106
2025.06.30,02:30,64.55,64.67,64.50,64.63,99
2025.06.30,02:45,64.65,64.66,64.58,64.66,99
2025.06.30,03:00,64.64,64.76,64.61,64.75,390
2025.06.30,03:15,64.74,64.80,64.68,64.69,205
2025.06.30,03:30,64.71,64.81,64.69,64.77,190
2025.06.30,03:45,64.78,64.85,64.70,64.83,180
2025.06.30,04:00,64.82,65.12,64.79,65.09,300
2025.06.30,04:15,65.10,65.12,65.04,65.10,72
2025.06.30,04:30,65.13,65.27,65.09,65.16,227
2025.06.30,04:45,65.15,65.25,65.09,65.16,213
2025.06.30,05:00,65.15,65.19,65.11,65.14,106
2025.06.30,05:15,65.16,65.23,65.08,65.23,96
2025.06.30,05:30,65.20,65.23,65.16,65.21,65
2025.06.30,05:45,65.22,65.24,65.13,65.14,42
2025.06.30,06:00,65.13,65.20,65.11,65.20,39
2025.06.30,06:15,65.18,65.21,65.16,65.20,26
2025.06.30,06:30,65.17,65.23,65.15,65.22,52
2025.06.30,06:45,65.21,65.26,65.17,65.20,56
2025.06.30,07:00,65.19,65.24,65.18,65.23,35
2025.06.30,07:15,65.22,65.31,65.18,65.27,58
2025.06.30,07:30,65.28,65.39,65.26,65.36,170
2025.06.30,07:45,65.38,65.44,65.34,65.41,80
2025.06.30,08:00,65.42,65.43,65.24,65.24,236
2025.06.30,08:15,65.26,65.28,65.14,65.24,175
2025.06.30,08:30,65.25,65.28,65.18,65.25,199
2025.06.30,08:45,65.22,65.25,65.05,65.06,281
2025.06.30,09:00,65.06,65.30,64.99,65.28,353
2025.06.30,09:15,65.26,65.29,65.10,65.23,258
2025.06.30,09:30,65.22,65.42,65.21,65.36,325
2025.06.30,09:45,65.38,65.40,65.14,65.16,303
2025.06.30,10:00,65.17,65.50,65.15,65.45,376
2025.06.30,10:15,65.46,65.71,65.46,65.71,490
2025.06.30,10:30,65.70,65.81,65.53,65.59,447
2025.06.30,10:45,65.60,65.62,65.46,65.49,318
2025.06.30,11:00,65.47,65.53,65.31,65.49,436
2025.06.30,11:15,65.52,65.66,65.32,65.32,343
2025.06.30,11:30,65.32,65.37,65.12,65.32,384
2025.06.30,11:45,65.31,65.40,65.22,65.32,264
2025.06.30,12:00,65.34,65.43,65.23,65.34,253
2025.06.30,12:15,65.35,65.46,65.22,65.29,312
2025.06.30,12:30,65.30,65.48,65.27,65.33,276
2025.06.30,12:45,65.32,65.34,65.21,65.26,321
2025.06.30,13:00,65.25,65.32,65.21,65.25,204
2025.06.30,13:15,65.24,65.35,65.14,65.18,422
2025.06.30,13:30,65.18,65.29,65.16,65.29,261
2025.06.30,13:45,65.27,65.35,65.18,65.32,269
2025.06.30,14:00,65.32,65.43,65.29,65.37,283
2025.06.30,14:15,65.38,65.44,65.29,65.30,236
2025.06.30,14:30,65.32,65.51,65.27,65.41,332
2025.06.30,14:45,65.44,65.45,65.33,65.37,351
2025.06.30,15:00,65.35,65.37,65.04,65.05,827
2025.06.30,15:15,65.05,65.37,65.00,65.33,577
2025.06.30,15:30,65.31,65.34,65.13,65.21,572
2025.06.30,15:45,65.21,65.45,65.14,65.31,586
2025.06.30,16:00,65.30,65.44,65.08,65.14,626
2025.06.30,16:15,65.13,65.18,65.08,65.11,474
2025.06.30,16:30,65.10,65.10,64.81,64.87,622
2025.06.30,16:45,64.86,64.93,64.77,64.81,521
2025.06.30,17:00,64.81,65.01,64.65,64.72,524
2025.06.30,17:15,64.71,64.96,64.69,64.89,576
2025.06.30,17:30,64.90,64.93,64.61,64.70,577
2025.06.30,17:45,64.69,64.88,64.66,64.80,433
2025.06.30,18:00,64.81,65.07,64.75,65.01,428
2025.06.30,18:15,65.00,65.08,64.93,65.02,359
2025.06.30,18:30,65.02,65.07,64.88,64.94,345
2025.06.30,18:45,64.92,65.09,64.90,65.06,286
2025.06.30,19:00,65.09,65.16,64.93,64.99,255
2025.06.30,19:15,64.97,65.08,64.97,65.03,166
2025.06.30,19:30,64.99,65.07,64.93,65.02,228
2025.06.30,19:45,64.99,65.05,64.87,64.90,298
2025.06.30,20:00,64.92,64.96,64.80,64.90,331
2025.06.30,20:15,64.92,65.13,64.91,65.07,476
2025.06.30,20:30,65.08,65.13,65.02,65.10,117
2025.06.30,20:45,65.09,65.10,64.96,64.98,82
2025.06.30,21:00,64.99,64.99,64.86,64.86,116
2025.06.30,21:15,64.85,64.94,64.83,64.94,78
2025.06.30,21:30,64.94,64.97,64.90,64.95,62
2025.06.30,21:45,64.97,65.01,64.91,64.99,88
2025.06.30,22:00,64.97,65.09,64.97,65.06,116
2025.06.30,22:15,65.08,65.08,64.96,64.97,70
2025.06.30,22:30,64.96,64.99,64.91,64.99,58
2025.06.30,22:45,64.98,64.99,64.88,64.95,140
2025.07.01,00:00,64.91,64.98,64.89,64.98,48
2025.07.01,00:15,64.96,65.01,64.93,64.95,35
2025.07.01,00:30,64.95,65.02,64.95,64.96,26
2025.07.01,00:45,64.97,65.02,64.95,64.98,43
2025.07.01,01:00,64.95,64.98,64.94,64.95,57
2025.07.01,01:15,64.97,64.97,64.87,64.87,31
2025.07.01,01:30,64.90,64.96,64.87,64.87,63
2025.07.01,01:45,64.87,64.91,64.87,64.88,35
2025.07.01,02:00,64.90,64.97,64.83,64.87,113
2025.07.01,02:15,64.86,64.90,64.81,64.88,83
2025.07.01,02:30,64.87,64.94,64.85,64.92,39
2025.07.01,02:45,64.92,64.97,64.87,64.91,69
2025.07.01,03:00,64.92,64.95,64.80,64.88,226
2025.07.01,03:15,64.87,64.91,64.83,64.86,109
2025.07.01,03:30,64.87,64.88,64.80,64.84,120
2025.07.01,03:45,64.83,64.89,64.75,64.78,124
2025.07.01,04:00,64.76,64.80,64.64,64.70,183
2025.07.01,04:15,64.72,64.77,64.70,64.73,73
2025.07.01,04:30,64.74,64.76,64.68,64.75,85
2025.07.01,04:45,64.74,64.79,64.72,64.78,116
2025.07.01,05:00,64.78,64.81,64.72,64.74,102
2025.07.01,05:15,64.73,64.81,64.72,64.76,77
2025.07.01,05:30,64.77,64.80,64.68,64.71,173
2025.07.01,05:45,64.74,64.76,64.69,64.75,79
2025.07.01,06:00,64.75,64.77,64.72,64.73,68
2025.07.01,06:15,64.71,64.80,64.71,64.78,77
2025.07.01,06:30,64.77,64.79,64.75,64.77,36
2025.07.01,06:45,64.77,64.81,64.75,64.77,80
2025.07.01,07:00,64.75,64.78,64.71,64.75,81
2025.07.01,07:15,64.77,64.81,64.71,64.77,98
2025.07.01,07:30,64.77,64.85,64.71,64.81,181
2025.07.01,07:45,64.80,64.90,64.79,64.89,149
2025.07.01,08:00,64.87,65.18,64.87,65.12,273
2025.07.01,08:15,65.12,65.17,65.06,65.17,255
2025.07.01,08:30,65.16,65.24,65.14,65.23,266
2025.07.01,08:45,65.22,65.26,65.12,65.20,264
2025.07.01,09:00,65.20,65.27,65.07,65.13,317
2025.07.01,09:15,65.11,65.24,65.09,65.14,243
2025.07.01,09:30,65.17,65.17,64.74,64.75,384
2025.07.01,09:45,64.74,65.14,64.67,65.13,406
2025.07.01,10:00,65.11,65.31,65.08,65.22,478
2025.07.01,10:15,65.22,65.29,65.15,65.15,536
2025.07.01,10:30,65.14,65.24,65.11,65.22,352
2025.07.01,10:45,65.20,65.28,65.04,65.09,298
2025.07.01,11:00,65.06,65.20,64.97,65.18,372
2025.07.01,11:15,65.15,65.19,65.09,65.12,273
2025.07.01,11:30,65.12,65.12,64.93,64.99,331
2025.07.01,11:45,64.98,65.00,64.89,64.94,236
2025.07.01,12:00,64.92,65.11,64.91,65.08,223
2025.07.01,12:15,65.11,65.33,65.07,65.30,331
2025.07.01,12:30,65.31,65.64,65.29,65.57,382
2025.07.01,12:45,65.57,65.89,65.57,65.73,456
2025.07.01,13:00,65.75,65.78,65.52,65.66,396
2025.07.01,13:15,65.65,65.67,65.53,65.62,346
2025.07.01,13:30,65.60,65.73,65.59,65.68,287
2025.07.01,13:45,65.67,65.73,65.61,65.67,268
2025.07.01,14:00,65.65,65.68,65.40,65.58,367
2025.07.01,14:15,65.56,65.74,65.55,65.69,287
2025.07.01,14:30,65.66,65.77,65.59,65.70,306
2025.07.01,14:45,65.71,65.96,65.59,65.89,519
2025.07.01,15:00,65.90,65.93,65.48,65.55,707
2025.07.01,15:15,65.56,65.57,65.35,65.44,406
2025.07.01,15:30,65.43,65.51,65.33,65.40,534
2025.07.01,15:45,65.42,65.61,65.34,65.41,445
2025.07.01,16:00,65.40,65.56,65.24,65.28,568
2025.07.01,16:15,65.25,65.51,65.23,65.46,478
2025.07.01,16:30,65.48,65.59,65.16,65.23,501
2025.07.01,16:45,65.21,65.35,65.14,65.31,556
2025.07.01,17:00,65.29,65.54,65.23,65.32,694
2025.07.01,17:15,65.31,65.45,65.23,65.30,699
2025.07.01,17:30,65.32,65.57,65.30,65.52,651
2025.07.01,17:45,65.53,65.72,65.47,65.72,553
2025.07.01,18:00,65.71,65.74,65.48,65.55,547
2025.07.01,18:15,65.57,65.73,65.52,65.63,358
2025.07.01,18:30,65.64,65.79,65.50,65.64,441
2025.07.01,18:45,65.65,65.70,65.51,65.65,426
2025.07.01,19:00,65.68,65.68,65.48,65.52,232
2025.07.01,19:15,65.52,65.65,65.45,65.59,254
2025.07.01,19:30,65.58,65.58,65.40,65.41,281
2025.07.01,19:45,65.40,65.49,65.39,65.48,228
2025.07.01,20:00,65.50,65.52,65.30,65.36,331
2025.07.01,20:15,65.34,65.46,65.31,65.43,416
2025.07.01,20:30,65.44,65.52,65.35,65.41,175
2025.07.01,20:45,65.38,65.58,65.36,65.54,124
2025.07.01,21:00,65.55,65.56,65.49,65.52,132
2025.07.01,21:15,65.54,65.68,65.53,65.66,164
2025.07.01,21:30,65.64,65.69,65.62,65.65,78
2025.07.01,21:45,65.68,65.70,65.64,65.69,61
2025.07.01,22:00,65.68,65.73,65.67,65.72,69
2025.07.01,22:15,65.70,65.74,65.68,65.70,62
2025.07.01,22:30,65.68,65.70,65.49,65.55,212
2025.07.01,22:45,65.52,65.59,65.50,65.51,151
2025.07.02,00:00,65.53,65.56,65.46,65.49,56
2025.07.02,00:15,65.52,65.52,65.43,65.48,36
2025.07.02,00:30,65.49,65.55,65.49,65.53,38
2025.07.02,00:45,65.49,65.49,65.43,65.43,33
2025.07.02,01:00,65.44,65.44,65.38,65.39,43
2025.07.02,01:15,65.39,65.44,65.39,65.42,23
2025.07.02,01:30,65.42,65.42,65.39,65.41,22
2025.07.02,01:45,65.39,65.43,65.38,65.40,46
2025.07.02,02:00,65.40,65.53,65.38,65.49,178
2025.07.02,02:15,65.47,65.55,65.45,65.51,75
2025.07.02,02:30,65.49,65.51,65.44,65.46,75
2025.07.02,02:45,65.45,65.48,65.34,65.34,82
2025.07.02,03:00,65.34,65.44,65.33,65.39,244
2025.07.02,03:15,65.38,65.42,65.35,65.38,157
2025.07.02,03:30,65.38,65.46,65.32,65.43,172
2025.07.02,03:45,65.42,65.45,65.39,65.43,73
2025.07.02,04:00,65.46,65.54,65.43,65.49,97
2025.07.02,04:15,65.48,65.53,65.45,65.46,96
2025.07.02,04:30,65.46,65.54,65.43,65.52,119
2025.07.02,04:45,65.51,65.53,65.45,65.46,118
2025.07.02,05:00,65.47,65.47,65.39,65.42,106
2025.07.02,05:15,65.41,65.47,65.38,65.46,109
2025.07.02,05:30,65.44,65.46,65.42,65.42,16
2025.07.02,05:45,65.42,65.46,65.39,65.45,39
2025.07.02,06:00,65.44,65.47,65.41,65.44,33
2025.07.02,06:15,65.43,65.47,65.43,65.44,32
2025.07.02,06:30,65.45,65.49,65.43,65.49,30
2025.07.02,06:45,65.49,65.50,65.46,65.47,31
2025.07.02,07:00,65.49,65.50,65.45,65.49,49
2025.07.02,07:15,65.49,65.52,65.40,65.40,72
2025.07.02,07:30,65.41,65.55,65.41,65.54,211
2025.07.02,07:45,65.51,65.57,65.49,65.54,198
2025.07.02,08:00,65.54,65.58,65.42,65.43,152
2025.07.02,08:15,65.45,65.46,65.24,65.30,170
2025.07.02,08:30,65.29,65.37,65.24,65.34,176
2025.07.02,08:45,65.36,65.36,65.28,65.33,140
2025.07.02,09:00,65.31,65.35,65.20,65.27,311
2025.07.02,09:15,65.27,65.43,65.24,65.36,215
2025.07.02,09:30,65.37,65.47,65.36,65.43,250
2025.07.02,09:45,65.44,65.77,65.42,65.74,337
2025.07.02,10:00,65.74,65.76,65.57,65.71,344
2025.07.02,10:15,65.70,65.71,65.58,65.60,442
2025.07.02,10:30,65.62,65.63,65.41,65.48,438
2025.07.02,10:45,65.48,65.78,65.45,65.71,482
2025.07.02,11:00,65.70,65.87,65.64,65.82,403
2025.07.02,11:15,65.85,65.96,65.79,65.89,347
2025.07.02,11:30,65.88,66.04,65.88,65.99,329
2025.07.02,11:45,66.00,66.04,65.91,65.92,327
2025.07.02,12:00,65.91,65.96,65.84,65.91,267
2025.07.02,12:15,65.89,66.29,65.89,66.27,372
2025.07.02,12:30,66.26,66.29,66.15,66.16,230
2025.07.02,12:45,66.19,66.26,66.14,66.22,231
2025.07.02,13:00,66.22,66.35,66.22,66.33,247
2025.07.02,13:15,66.32,66.38,66.27,66.35,222
2025.07.02,13:30,66.35,66.42,66.34,66.40,245
2025.07.02,13:45,66.38,66.41,66.24,66.32,227
2025.07.02,14:00,66.32,66.32,66.13,66.20,216
2025.07.02,14:15,66.20,66.22,66.10,66.17,333
2025.07.02,14:30,66.17,66.22,66.05,66.08,308
2025.07.02,14:45,66.10,66.13,65.98,66.12,236
2025.07.02,15:00,66.11,66.16,65.96,66.05,490
2025.07.02,15:15,66.02,66.19,66.02,66.04,427
2025.07.02,15:30,66.05,66.10,65.91,65.96,479
2025.07.02,15:45,65.94,66.01,65.65,65.70,505
2025.07.02,16:00,65.69,65.71,65.43,65.56,552
2025.07.02,16:15,65.55,65.71,65.49,65.58,474
2025.07.02,16:30,65.37,65.81,65.33,65.70,1046
2025.07.02,16:45,65.69,65.77,65.49,65.71,666
2025.07.02,17:00,65.74,65.98,65.67,65.90,658
2025.07.02,17:15,65.87,66.00,65.81,65.90,639
2025.07.02,17:30,65.90,66.04,65.72,66.01,545
2025.07.02,17:45,65.99,66.69,65.98,66.49,873
2025.07.02,18:00,66.48,66.58,66.38,66.53,478
2025.07.02,18:15,66.54,66.54,66.29,66.46,447
2025.07.02,18:30,66.44,66.64,66.44,66.55,314
2025.07.02,18:45,66.55,66.88,66.54,66.86,437
2025.07.02,19:00,66.86,67.07,66.79,66.90,529
2025.07.02,19:15,66.93,67.03,66.85,67.02,335
2025.07.02,19:30,67.00,67.10,66.91,67.06,416
2025.07.02,19:45,67.05,67.57,67.05,67.51,699
2025.07.02,20:00,67.53,67.54,67.20,67.39,522
2025.07.02,20:15,67.41,67.53,67.33,67.46,685
2025.07.02,20:30,67.46,67.52,67.14,67.14,417
2025.07.02,20:45,67.17,67.31,67.14,67.27,162
2025.07.02,21:00,67.29,67.43,67.28,67.30,161
2025.07.02,21:15,67.33,67.37,67.27,67.28,104
2025.07.02,21:30,67.29,67.30,67.19,67.23,103
2025.07.02,21:45,67.22,67.23,67.17,67.19,101
2025.07.02,22:00,67.19,67.27,67.17,67.26,153
2025.07.02,22:15,67.24,67.38,67.24,67.35,97
2025.07.02,22:30,67.37,67.49,67.35,67.40,142
2025.07.02,22:45,67.39,67.53,67.38,67.51,177
2025.07.03,00:00,67.44,67.47,67.35,67.36,105
2025.07.03,00:15,67.39,67.39,67.34,67.37,56
2025.07.03,00:30,67.35,67.39,67.34,67.39,46
2025.07.03,00:45,67.38,67.39,67.27,67.27,49
2025.07.03,01:00,67.30,67.33,67.26,67.27,40
2025.07.03,01:15,67.29,67.29,67.22,67.23,35
2025.07.03,01:30,67.25,67.26,67.21,67.22,25
2025.07.03,01:45,67.23,67.25,67.20,67.22,33
2025.07.03,02:00,67.26,67.35,67.18,67.23,232
2025.07.03,02:15,67.23,67.25,67.15,67.16,85
2025.07.03,02:30,67.17,67.21,67.15,67.21,50
2025.07.03,02:45,67.20,67.23,67.14,67.16,88
2025.07.03,03:00,67.17,67.18,67.07,67.07,451
2025.07.03,03:15,67.08,67.10,66.95,66.96,237
2025.07.03,03:30,66.96,67.02,66.93,66.95,208
2025.07.03,03:45,66.94,66.94,66.83,66.86,197
2025.07.03,04:00,66.87,66.89,66.81,66.83,152
2025.07.03,04:15,66.86,66.88,66.83,66.83,65
2025.07.03,04:30,66.84,66.86,66.76,66.76,127
2025.07.03,04:45,66.78,66.92,66.76,66.90,117
2025.07.03,05:00,66.89,66.95,66.87,66.94,135
2025.07.03,05:15,66.91,66.94,66.83,66.89,132
2025.07.03,05:30,66.90,67.00,66.90,67.00,76
2025.07.03,05:45,66.98,67.01,66.94,66.99,73
2025.07.03,06:00,66.97,67.02,66.94,67.00,66
2025.07.03,06:15,67.00,67.01,66.93,66.98,66
2025.07.03,06:30,66.96,67.02,66.95,66.95,44
2025.07.03,06:45,66.94,66.99,66.93,66.99,27
2025.07.03,07:00,66.98,66.99,66.88,66.88,61
2025.07.03,07:15,66.89,66.92,66.86,66.88,59
2025.07.03,07:30,66.91,66.96,66.87,66.93,144
2025.07.03,07:45,66.92,67.01,66.86,66.89,200
2025.07.03,08:00,66.91,66.99,66.84,66.88,204
2025.07.03,08:15,66.90,67.07,66.85,67.03,232
2025.07.03,08:30,67.02,67.08,66.94,66.96,248
2025.07.03,08:45,66.98,66.99,66.78,66.86,287
2025.07.03,09:00,66.88,66.94,66.74,66.78,335
2025.07.03,09:15,66.78,66.86,66.70,66.74,332
2025.07.03,09:30,66.72,66.81,66.64,66.81,304
2025.07.03,09:45,66.78,66.86,66.72,66.80,213
2025.07.03,10:00,66.81,66.86,66.73,66.76,317
2025.07.03,10:15,66.74,66.83,66.66,66.83,588
2025.07.03,10:30,66.83,66.99,66.68,66.90,597
2025.07.03,10:45,66.90,67.05,66.87,66.94,304
2025.07.03,11:00,66.94,67.00,66.87,66.90,302
2025.07.03,11:15,66.88,66.92,66.78,66.90,285
2025.07.03,11:30,66.87,66.90,66.77,66.85,254
2025.07.03,11:45,66.86,66.88,66.66,66.85,297
2025.07.03,12:00,66.88,67.30,66.88,67.26,443
2025.07.03,12:15,67.29,67.29,67.17,67.21,278
2025.07.03,12:30,67.21,67.34,67.18,67.25,189
2025.07.03,12:45,67.27,67.36,67.18,67.31,260
2025.07.03,13:00,67.32,67.34,67.15,67.25,311
2025.07.03,13:15,67.26,67.36,67.23,67.36,237
2025.07.03,13:30,67.35,67.41,67.27,67.37,307
2025.07.03,13:45,67.38,67.55,67.30,67.39,331
2025.07.03,14:00,67.39,67.41,67.08,67.25,342
2025.07.03,14:15,67.26,67.38,67.17,67.31,342
2025.07.03,14:30,67.32,67.49,67.32,67.48,685
2025.07.03,14:45,67.46,67.49,67.29,67.41,445
2025.07.03,15:00,67.40,67.42,67.19,67.22,596
2025.07.03,15:15,67.25,67.26,67.00,67.04,420
2025.07.03,15:30,67.03,67.26,67.00,67.05,441
2025.07.03,15:45,67.06,67.23,66.94,67.14,332
2025.07.03,16:00,67.12,67.27,67.07,67.21,431
2025.07.03,16:15,67.21,67.47,67.15,67.23,526
2025.07.03,16:30,67.21,67.24,66.53,66.82,999
2025.07.03,16:45,66.83,66.97,66.73,66.92,539
2025.07.03,17:00,66.93,66.96,66.60,66.63,754
2025.07.03,17:15,66.66,66.79,66.57,66.71,748
2025.07.03,17:30,66.70,66.96,66.53,66.58,718
2025.07.03,17:45,66.58,67.01,66.58,66.92,492
2025.07.03,18:00,66.95,66.96,66.78,66.78,365
2025.07.03,18:15,66.80,66.91,66.75,66.79,327
2025.07.03,18:30,66.78,66.84,66.71,66.77,360
2025.07.03,18:45,66.75,66.87,66.72,66.82,267
2025.07.03,19:00,66.79,67.07,66.79,67.01,505
2025.07.03,19:15,66.98,67.00,66.87,66.94,208
2025.07.03,19:30,66.92,66.98,66.88,66.93,206
2025.07.03,19:45,66.94,67.00,66.87,66.93,284
2025.07.03,20:00,66.93,67.03,66.82,67.02,551
2025.07.03,20:15,67.05,67.06,66.91,66.92,659
2025.07.03,20:30,66.90,67.08,66.86,67.08,222
2025.07.03,20:45,67.06,67.11,67.06,67.07,94
2025.07.03,21:00,67.07,67.19,67.07,67.17,143
2025.07.03,21:15,67.19,67.22,67.15,67.20,77
2025.07.03,21:30,67.20,67.22,67.13,67.14,77
2025.07.03,21:45,67.15,67.20,67.12,67.20,50
2025.07.03,22:00,67.18,67.20,67.14,67.14,70
2025.07.03,22:15,67.15,67.16,67.11,67.12,39
2025.07.03,22:30,67.14,67.18,67.12,67.14,44
2025.07.03,22:45,67.16,67.20,67.12,67.14,63
2025.07.04,00:00,67.08,67.14,66.97,67.14,95
2025.07.04,00:15,67.11,67.17,67.08,67.15,35
2025.07.04,00:30,67.16,67.16,67.11,67.15,16
2025.07.04,00:45,67.13,67.16,67.13,67.16,23
2025.07.04,01:00,67.15,67.16,67.13,67.16,14
2025.07.04,01:15,67.14,67.15,67.12,67.13,33
2025.07.04,01:30,67.13,67.13,67.10,67.10,14
2025.07.04,01:45,67.10,67.14,67.10,67.11,25
2025.07.04,02:00,67.11,67.15,66.96,67.02,146
2025.07.04,02:15,67.00,67.03,66.99,67.03,51
2025.07.04,02:30,67.01,67.05,66.98,67.01,72
2025.07.04,02:45,67.03,67.09,67.00,67.08,84
2025.07.04,03:00,67.07,67.15,66.98,67.03,301
2025.07.04,03:15,67.03,67.08,66.96,66.99,156
2025.07.04,03:30,66.97,67.06,66.94,66.98,161
2025.07.04,03:45,66.97,66.99,66.85,66.87,123
2025.07.04,04:00,66.84,66.88,66.82,66.86,100
2025.07.04,04:15,66.85,66.89,66.83,66.85,40
2025.07.04,04:30,66.86,66.87,66.79,66.83,123
2025.07.04,04:45,66.84,66.85,66.76,66.78,112
2025.07.04,05:00,66.77,66.80,66.70,66.77,120
2025.07.04,05:15,66.77,66.82,66.75,66.82,100
2025.07.04,05:30,66.82,66.83,66.78,66.82,46
2025.07.04,05:45,66.82,66.84,66.80,66.81,24
2025.07.04,06:00,66.84,66.84,66.80,66.84,53
2025.07.04,06:15,66.83,66.88,66.81,66.84,43
2025.07.04,06:30,66.87,66.87,66.84,66.85,25
2025.07.04,06:45,66.85,66.96,66.83,66.93,54
2025.07.04,07:00,66.94,67.00,66.92,66.96,56
2025.07.04,07:15,66.98,67.01,66.96,66.99,53
2025.07.04,07:30,66.97,67.01,66.85,66.86,207
2025.07.04,07:45,66.86,66.97,66.86,66.94,77
2025.07.04,08:00,66.97,66.97,66.80,66.84,194
2025.07.04,08:15,66.83,66.89,66.66,66.74,192
2025.07.04,08:30,66.73,66.81,66.70,66.73,226
2025.07.04,08:45,66.75,66.81,66.67,66.73,235
2025.07.04,09:00,66.72,66.86,66.72,66.81,245
2025.07.04,09:15,66.79,66.88,66.71,66.87,237
2025.07.04,09:30,66.88,67.07,66.84,67.00,228
2025.07.04,09:45,66.99,67.07,66.96,66.99,231
2025.07.04,10:00,67.00,67.00,66.78,66.83,420
2025.07.04,10:15,66.82,66.85,66.59,66.66,574
2025.07.04,10:30,66.66,66.69,66.53,66.69,400
2025.07.04,10:45,66.67,66.70,66.47,66.52,297
2025.07.04,11:00,66.55,66.59,66.37,66.43,388
2025.07.04,11:15,66.44,66.49,66.02,66.16,645
2025.07.04,11:30,66.13,66.34,66.10,66.34,432
2025.07.04,11:45,66.34,66.35,66.21,66.27,302
2025.07.04,12:00,66.25,66.38,66.22,66.30,277
2025.07.04,12:15,66.32,66.37,66.26,66.37,222
2025.07.04,12:30,66.40,66.44,66.33,66.37,264
2025.07.04,12:45,66.37,66.47,66.36,66.43,211
2025.07.04,13:00,66.42,66.46,66.33,66.35,199
2025.07.04,13:15,66.34,66.45,66.32,66.40,184
2025.07.04,13:30,66.38,66.50,66.34,66.46,248
2025.07.04,13:45,66.43,66.53,66.42,66.49,173
2025.07.04,14:00,66.47,66.52,66.40,66.51,233
2025.07.04,14:15,66.50,66.60,66.46,66.60,293
2025.07.04,14:30,66.58,66.62,66.48,66.50,279
2025.07.04,14:45,66.51,66.57,66.34,66.39,275
2025.07.04,15:00,66.38,66.44,66.30,66.39,399
2025.07.04,15:15,66.37,66.44,66.15,66.31,481
2025.07.04,15:30,66.30,66.40,66.21,66.36,412
2025.07.04,15:45,66.36,66.37,66.18,66.34,378
2025.07.04,16:00,66.35,66.52,66.24,66.28,446
2025.07.04,16:15,66.25,66.32,66.22,66.24,284
2025.07.04,16:30,66.24,66.45,66.23,66.41,407
2025.07.04,16:45,66.42,66.46,66.37,66.42,275
2025.07.04,17:00,66.43,66.59,66.41,66.55,458
2025.07.04,17:15,66.56,66.61,66.47,66.51,517
2025.07.04,17:30,66.50,66.58,66.28,66.33,492
2025.07.04,17:45,66.32,66.39,66.22,66.38,307
2025.07.04,18:00,66.38,66.44,66.26,66.32,326
2025.07.04,18:15,66.31,66.43,66.31,66.34,205
2025.07.04,18:30,66.37,66.47,66.37,66.40,163
2025.07.04,18:45,66.42,66.50,66.34,66.47,274
2025.07.07,00:00,65.64,66.00,65.54,65.90,776
2025.07.07,00:15,65.90,65.95,65.73,65.86,288
2025.07.07,00:30,65.90,66.00,65.86,65.94,177
2025.07.07,00:45,65.94,66.14,65.92,66.08,149
2025.07.07,01:00,66.09,66.14,65.98,66.11,168
2025.07.07,01:15,66.12,66.16,66.03,66.03,104
2025.07.07,01:30,66.06,66.06,65.91,65.99,96
2025.07.07,01:45,65.99,66.00,65.87,65.91,66
2025.07.07,02:00,65.89,65.90,65.64,65.74,262
2025.07.07,02:15,65.73,65.74,65.55,65.59,204
2025.07.07,02:30,65.60,65.71,65.51,65.66,153
2025.07.07,02:45,65.65,65.89,65.65,65.89,153
2025.07.07,03:00,65.88,65.91,65.55,65.90,599
2025.07.07,03:15,65.88,65.99,65.86,65.91,311
2025.07.07,03:30,65.95,65.97,65.76,65.76,195
2025.07.07,03:45,65.79,65.86,65.76,65.81,97
2025.07.07,04:00,65.83,65.87,65.77,65.83,134
2025.07.07,04:15,65.83,65.86,65.77,65.82,84
2025.07.07,04:30,65.83,65.94,65.82,65.93,167
2025.07.07,04:45,65.94,65.99,65.88,65.93,144
2025.07.07,05:00,65.90,65.96,65.87,65.91,100
2025.07.07,05:15,65.94,66.07,65.88,66.04,102
2025.07.07,05:30,66.05,66.12,66.05,66.09,89
2025.07.07,05:45,66.09,66.11,65.97,65.99,81
2025.07.07,06:00,66.00,66.05,65.97,65.97,109
2025.07.07,06:15,65.97,66.04,65.97,65.98,51
2025.07.07,06:30,65.98,66.18,65.98,66.18,135
2025.07.07,06:45,66.19,66.30,66.16,66.23,69
2025.07.07,07:00,66.22,66.29,66.18,66.27,125
2025.07.07,07:15,66.27,66.36,66.25,66.30,151
2025.07.07,07:30,66.29,66.33,66.21,66.26,172
2025.07.07,07:45,66.25,66.28,66.23,66.26,122
2025.07.07,08:00,66.28,66.37,66.26,66.29,197
2025.07.07,08:15,66.29,66.33,66.23,66.33,194
2025.07.07,08:30,66.31,66.39,66.21,66.29,208
2025.07.07,08:45,66.29,66.42,66.25,66.42,244
2025.07.07,09:00,66.40,66.50,66.27,66.39,394
2025.07.07,09:15,66.39,66.56,66.33,66.51,326
2025.07.07,09:30,66.51,66.61,66.51,66.55,283
2025.07.07,09:45,66.56,66.58,66.44,66.55,280
2025.07.07,10:00,66.56,66.68,66.40,66.43,659
2025.07.07,10:15,66.44,66.49,66.16,66.47,665
2025.07.07,10:30,66.47,66.81,66.37,66.78,600
2025.07.07,10:45,66.79,67.04,66.79,66.93,620
2025.07.07,11:00,66.96,66.98,66.80,66.90,417
2025.07.07,11:15,66.89,66.90,66.76,66.84,297
2025.07.07,11:30,66.82,66.88,66.76,66.81,327
2025.07.07,11:45,66.80,67.17,66.74,67.13,428
2025.07.07,12:00,67.14,67.17,67.00,67.03,325
2025.07.07,12:15,67.04,67.17,67.01,67.11,272
2025.07.07,12:30,67.12,67.16,66.99,66.99,324
2025.07.07,12:45,67.00,67.07,66.89,66.95,234
2025.07.07,13:00,66.96,67.09,66.89,66.96,268
2025.07.07,13:15,66.96,67.00,66.84,66.87,195
2025.07.07,13:30,66.90,66.98,66.88,66.92,176
2025.07.07,13:45,66.91,66.99,66.87,66.94,199
2025.07.07,14:00,66.92,66.96,66.83,66.87,289
2025.07.07,14:15,66.90,67.12,66.88,66.97,294
2025.07.07,14:30,67.00,67.26,66.96,67.25,353
2025.07.07,14:45,67.26,67.31,67.09,67.13,342
2025.07.07,15:00,67.14,67.30,67.00,67.30,687
2025.07.07,15:15,67.29,67.66,67.28,67.41,645
2025.07.07,15:30,67.40,67.46,67.29,67.40,580
2025.07.07,15:45,67.39,67.42,67.23,67.33,494
2025.07.07,16:00,67.35,67.45,67.12,67.30,711
2025.07.07,16:15,67.31,67.67,67.31,67.58,680
2025.07.07,16:30,67.58,67.90,67.50,67.85,759
2025.07.07,16:45,67.85,67.87,67.55,67.60,519
2025.07.07,17:00,67.60,67.61,67.40,67.49,657
2025.07.07,17:15,67.46,67.58,67.32,67.46,708
2025.07.07,17:30,67.46,67.63,67.39,67.52,485
2025.07.07,17:45,67.53,67.67,67.46,67.61,397
2025.07.07,18:00,67.60,67.72,67.50,67.67,331
2025.07.07,18:15,67.67,67.72,67.24,67.42,624
2025.07.07,18:30,67.44,68.00,67.44,67.83,804
2025.07.07,18:45,67.83,67.92,67.69,67.71,585
2025.07.07,19:00,67.72,67.74,67.39,67.43,484
2025.07.07,19:15,67.45,67.52,67.41,67.48,385
2025.07.07,19:30,67.45,67.67,67.40,67.45,511
2025.07.07,19:45,67.48,67.51,67.33,67.41,341
2025.07.07,20:00,67.40,67.49,67.19,67.24,754
2025.07.07,20:15,67.25,68.03,67.18,67.95,912
2025.07.07,20:30,67.95,68.30,67.93,68.24,576
2025.07.07,20:45,68.28,68.30,68.03,68.04,337
2025.07.07,21:00,68.05,68.10,68.04,68.06,166
2025.07.07,21:15,68.07,68.12,68.02,68.04,130
2025.07.07,21:30,68.04,68.06,67.97,68.01,157
2025.07.07,21:45,68.01,68.04,67.95,67.98,135
2025.07.07,22:00,67.97,68.05,67.95,68.01,156
2025.07.07,22:15,68.01,68.11,67.99,68.06,115
2025.07.07,22:30,68.06,68.07,67.97,68.01,107
2025.07.07,22:45,68.00,68.02,67.89,67.91,115
2025.07.08,00:00,67.92,67.94,67.82,67.86,98
2025.07.08,00:15,67.86,67.86,67.79,67.82,54
2025.07.08,00:30,67.85,67.85,67.70,67.71,125
2025.07.08,00:45,67.70,67.79,67.70,67.72,51
2025.07.08,01:00,67.73,67.82,67.73,67.81,40
2025.07.08,01:15,67.81,67.82,67.76,67.82,78
2025.07.08,01:30,67.82,67.84,67.77,67.79,76
2025.07.08,01:45,67.77,67.80,67.73,67.77,66
2025.07.08,02:00,67.75,67.82,67.68,67.69,179
2025.07.08,02:15,67.68,67.72,67.65,67.67,116
2025.07.08,02:30,67.68,67.71,67.66,67.66,62
2025.07.08,02:45,67.67,67.69,67.54,67.59,104
2025.07.08,03:00,67.59,67.64,67.42,67.45,322
2025.07.08,03:15,67.43,67.49,67.38,67.43,165
2025.07.08,03:30,67.43,67.49,67.42,67.42,165
2025.07.08,03:45,67.44,67.61,67.42,67.58,193
2025.07.08,04:00,67.57,67.57,67.41,67.44,208
2025.07.08,04:15,67.42,67.50,67.42,67.47,132
2025.07.08,04:30,67.45,67.52,67.44,67.51,134
2025.07.08,04:45,67.49,67.64,67.49,67.62,173
2025.07.08,05:00,67.61,67.69,67.61,67.67,133
2025.07.08,05:15,67.67,67.70,67.62,67.66,115
2025.07.08,05:30,67.68,67.68,67.57,67.62,76
2025.07.08,05:45,67.61,67.64,67.59,67.61,45
2025.07.08,06:00,67.63,67.63,67.58,67.62,49
2025.07.08,06:15,67.62,67.63,67.57,67.57,54
2025.07.08,06:30,67.59,67.62,67.56,67.56,66
2025.07.08,06:45,67.56,67.61,67.55,67.55,57
2025.07.08,07:00,67.56,67.58,67.47,67.53,133
2025.07.08,07:15,67.56,67.63,67.54,67.60,85
2025.07.08,07:30,67.62,67.77,67.61,67.69,199
2025.07.08,07:45,67.70,67.78,67.66,67.70,151
2025.07.08,08:00,67.68,67.77,67.65,67.68,194
2025.07.08,08:15,67.66,67.69,67.58,67.65,256
2025.07.08,08:30,67.65,67.73,67.50,67.52,225
2025.07.08,08:45,67.51,67.55,67.46,67.48,237
2025.07.08,09:00,67.46,67.73,67.46,67.63,387
2025.07.08,09:15,67.64,67.78,67.59,67.77,335
2025.07.08,09:30,67.76,67.85,67.72,67.76,273
2025.07.08,09:45,67.77,67.79,67.45,67.48,416
2025.07.08,10:00,67.46,67.61,67.43,67.44,413
2025.07.08,10:15,67.45,67.53,67.36,67.37,511
2025.07.08,10:30,67.38,67.57,67.35,67.50,455
2025.07.08,10:45,67.47,67.51,67.32,67.40,349
2025.07.08,11:00,67.40,67.66,67.38,67.61,354
2025.07.08,11:15,67.62,67.63,67.41,67.51,360
2025.07.08,11:30,67.54,67.54,67.32,67.36,369
2025.07.08,11:45,67.36,67.40,67.30,67.35,256
2025.07.08,12:00,67.35,67.64,67.35,67.62,323
2025.07.08,12:15,67.62,67.69,67.46,67.67,277
2025.07.08,12:30,67.68,67.69,67.57,67.60,146
2025.07.08,12:45,67.58,67.80,67.55,67.76,322
2025.07.08,13:00,67.78,67.83,67.71,67.75,225
2025.07.08,13:15,67.73,67.79,67.66,67.77,230
2025.07.08,13:30,67.77,67.85,67.74,67.80,250
2025.07.08,13:45,67.81,67.88,67.72,67.80,232
2025.07.08,14:00,67.79,67.85,67.67,67.83,335
2025.07.08,14:15,67.85,67.92,67.82,67.87,277
2025.07.08,14:30,67.86,67.95,67.83,67.90,233
2025.07.08,14:45,67.90,67.97,67.84,67.87,216
2025.07.08,15:00,67.88,67.92,67.63,67.63,522
2025.07.08,15:15,67.61,67.75,67.57,67.62,395
2025.07.08,15:30,67.63,67.76,67.54,67.60,466
2025.07.08,15:45,67.61,67.80,67.58,67.77,417
2025.07.08,16:00,67.77,67.96,67.50,67.96,793
2025.07.08,16:15,67.95,68.05,67.85,67.88,607
2025.07.08,16:30,67.90,68.15,67.88,68.13,434
2025.07.08,16:45,68.13,68.15,67.99,68.05,544
2025.07.08,17:00,68.04,68.10,67.97,68.00,481
2025.07.08,17:15,68.00,68.24,67.96,68.16,575
2025.07.08,17:30,68.17,68.50,68.14,68.42,658
2025.07.08,17:45,68.45,68.45,68.27,68.39,408
2025.07.08,18:00,68.38,68.45,68.28,68.37,394
2025.07.08,18:15,68.38,68.57,68.36,68.49,480
2025.07.08,18:30,68.50,68.63,68.40,68.63,429
2025.07.08,18:45,68.62,68.73,68.54,68.69,421
2025.07.08,19:00,68.68,68.74,68.63,68.74,398
2025.07.08,19:15,68.72,68.90,68.69,68.81,303
2025.07.08,19:30,68.80,68.81,68.48,68.51,398
2025.07.08,19:45,68.52,68.61,68.50,68.55,284
2025.07.08,20:00,68.54,68.57,68.36,68.43,323
2025.07.08,20:15,68.43,68.46,68.23,68.34,464
2025.07.08,20:30,68.31,68.42,68.26,68.37,258
2025.07.08,20:45,68.37,68.45,68.34,68.37,132
2025.07.08,21:00,68.36,68.41,68.31,68.33,106
2025.07.08,21:15,68.31,68.36,68.31,68.35,80
2025.07.08,21:30,68.33,68.48,68.33,68.45,84
2025.07.08,21:45,68.44,68.47,68.26,68.30,109
2025.07.08,22:00,68.28,68.38,68.28,68.31,99
2025.07.08,22:15,68.30,68.31,68.25,68.28,96
2025.07.08,22:30,68.27,68.30,68.15,68.18,212
2025.07.08,22:45,68.19,68.21,68.09,68.16,148
2025.07.09,00:00,68.17,68.18,67.75,68.11,203
2025.07.09,00:15,68.09,68.13,68.03,68.13,60
2025.07.09,00:30,68.10,68.12,68.03,68.05,44
2025.07.09,00:45,68.05,68.11,68.05,68.10,41
2025.07.09,01:00,68.11,68.13,68.08,68.12,37
2025.07.09,01:15,68.13,68.13,68.09,68.12,23
2025.07.09,01:30,68.11,68.14,68.09,68.09,22
2025.07.09,01:45,68.09,68.12,68.02,68.03,47
2025.07.09,02:00,68.04,68.09,67.96,67.96,178
2025.07.09,02:15,67.97,68.12,67.96,68.11,107
2025.07.09,02:30,68.13,68.17,68.11,68.15,92
2025.07.09,02:45,68.14,68.17,68.11,68.13,59
2025.07.09,03:00,68.14,68.18,68.07,68.09,218
2025.07.09,03:15,68.12,68.12,68.05,68.07,166
2025.07.09,03:30,68.09,68.18,68.02,68.12,270
2025.07.09,03:45,68.10,68.17,68.06,68.14,261
2025.07.09,04:00,68.14,68.18,68.08,68.15,211
2025.07.09,04:15,68.15,68.15,68.11,68.14,38
2025.07.09,04:30,68.12,68.17,68.07,68.10,130
2025.07.09,04:45,68.10,68.17,68.07,68.09,162
2025.07.09,05:00,68.11,68.19,68.09,68.16,189
2025.07.09,05:15,68.16,68.21,68.12,68.18,130
2025.07.09,05:30,68.19,68.23,68.15,68.20,105
2025.07.09,05:45,68.23,68.26,68.20,68.22,43
2025.07.09,06:00,68.23,68.24,68.20,68.24,64
2025.07.09,06:15,68.23,68.23,68.14,68.17,50
2025.07.09,06:30,68.15,68.23,68.15,68.20,43
2025.07.09,06:45,68.20,68.21,68.11,68.13,67
2025.07.09,07:00,68.10,68.15,68.08,68.13,77
2025.07.09,07:15,68.12,68.14,68.05,68.09,88
2025.07.09,07:30,68.09,68.16,68.08,68.09,176
2025.07.09,07:45,68.10,68.16,68.03,68.11,134
2025.07.09,08:00,68.12,68.17,68.04,68.09,161
2025.07.09,08:15,68.09,68.25,68.08,68.14,200
2025.07.09,08:30,68.12,68.17,68.06,68.07,186
2025.07.09,08:45,68.09,68.26,68.07,68.22,338
2025.07.09,09:00,68.23,68.30,68.22,68.26,257
2025.07.09,09:15,68.28,68.36,68.22,68.32,268
2025.07.09,09:30,68.33,68.68,68.32,68.64,310
2025.07.09,09:45,68.65,68.68,68.57,68.62,291
2025.07.09,10:00,68.64,68.74,68.60,68.69,262
2025.07.09,10:15,68.67,68.83,68.67,68.74,383
2025.07.09,10:30,68.76,68.92,68.72,68.83,430
2025.07.09,10:45,68.83,68.90,68.78,68.87,317
2025.07.09,11:00,68.89,68.89,68.68,68.74,355
2025.07.09,11:15,68.74,68.75,68.61,68.67,292
2025.07.09,11:30,68.66,68.70,68.51,68.64,323
2025.07.09,11:45,68.65,68.75,68.53,68.61,303
2025.07.09,12:00,68.63,68.65,68.49,68.57,304
2025.07.09,12:15,68.57,68.67,68.51,68.58,267
2025.07.09,12:30,68.59,68.64,68.45,68.56,294
2025.07.09,12:45,68.57,68.60,68.42,68.50,282
2025.07.09,13:00,68.49,68.59,68.43,68.48,288
2025.07.09,13:15,68.48,68.50,68.36,68.43,202
2025.07.09,13:30,68.45,68.48,68.39,68.44,150
2025.07.09,13:45,68.46,68.53,68.42,68.51,235
2025.07.09,14:00,68.50,68.64,68.50,68.58,338
2025.07.09,14:15,68.58,68.62,68.35,68.36,368
2025.07.09,14:30,68.37,68.47,68.28,68.31,253
2025.07.09,14:45,68.30,68.36,68.12,68.36,438
2025.07.09,15:00,68.35,68.35,67.91,68.03,597
2025.07.09,15:15,68.05,68.05,67.74,67.84,500
2025.07.09,15:30,67.81,67.93,67.68,67.90,706
2025.07.09,15:45,67.91,68.02,67.80,67.90,558
2025.07.09,16:00,67.89,67.99,67.77,67.86,487
2025.07.09,16:15,67.87,67.98,67.77,67.82,491
2025.07.09,16:30,67.83,68.20,67.70,68.13,1071
2025.07.09,16:45,68.12,68.43,68.00,68.34,817
2025.07.09,17:00,68.35,68.53,68.26,68.43,659
2025.07.09,17:15,68.42,68.67,68.38,68.58,686
2025.07.09,17:30,68.60,68.64,68.43,68.58,649
2025.07.09,17:45,68.58,68.71,68.52,68.69,398
2025.07.09,18:00,68.70,68.70,68.47,68.51,354
2025.07.09,18:15,68.54,68.71,68.37,68.68,404
2025.07.09,18:30,68.69,68.69,68.48,68.56,238
2025.07.09,18:45,68.58,68.81,68.54,68.73,284
2025.07.09,19:00,68.73,68.86,68.69,68.79,199
2025.07.09,19:15,68.78,68.79,68.63,68.67,249
2025.07.09,19:30,68.67,68.70,68.56,68.66,271
2025.07.09,19:45,68.67,68.67,68.50,68.62,213
2025.07.09,20:00,68.64,68.64,68.33,68.39,306
2025.07.09,20:15,68.40,68.43,68.27,68.37,494
2025.07.09,20:30,68.36,68.40,68.31,68.32,167
2025.07.09,20:45,68.33,68.37,68.25,68.28,127
2025.07.09,21:00,68.28,68.35,68.26,68.34,96
2025.07.09,21:15,68.32,68.34,68.24,68.27,114
2025.07.09,21:30,68.26,68.31,68.19,68.23,97
2025.07.09,21:45,68.22,68.32,68.20,68.27,158
2025.07.09,22:00,68.29,68.33,68.27,68.31,79
2025.07.09,22:15,68.29,68.32,68.24,68.26,49
2025.07.09,22:30,68.26,68.32,68.25,68.26,56
2025.07.09,22:45,68.26,68.31,68.25,68.29,80
2025.07.10,00:00,68.30,68.30,68.16,68.18,74
2025.07.10,00:15,68.19,68.27,68.19,68.25,42
2025.07.10,00:30,68.25,68.27,68.22,68.24,29
2025.07.10,00:45,68.23,68.24,68.19,68.19,22
2025.07.10,01:00,68.21,68.22,68.14,68.16,34
2025.07.10,01:15,68.15,68.18,68.14,68.16,26
2025.07.10,01:30,68.14,68.16,68.12,68.15,28
2025.07.10,01:45,68.12,68.19,68.12,68.17,23
2025.07.10,02:00,68.17,68.18,68.02,68.05,118
2025.07.10,02:15,68.04,68.11,68.03,68.08,75
2025.07.10,02:30,68.11,68.13,68.05,68.05,74
2025.07.10,02:45,68.05,68.12,68.05,68.10,32
2025.07.10,03:00,68.10,68.38,68.09,68.29,273
2025.07.10,03:15,68.30,68.35,68.25,68.28,146
2025.07.10,03:30,68.29,68.29,68.15,68.20,135
2025.07.10,03:45,68.21,68.23,68.19,68.21,74
2025.07.10,04:00,68.20,68.29,68.19,68.27,100
2025.07.10,04:15,68.24,68.29,68.23,68.29,48
2025.07.10,04:30,68.29,68.35,68.28,68.29,129
2025.07.10,04:45,68.30,68.31,68.23,68.28,95
2025.07.10,05:00,68.28,68.33,68.23,68.31,129
2025.07.10,05:15,68.31,68.31,68.25,68.26,58
2025.07.10,05:30,68.29,68.32,68.23,68.31,92
2025.07.10,05:45,68.31,68.35,68.29,68.30,45
2025.07.10,06:00,68.29,68.40,68.28,68.37,87
2025.07.10,06:15,68.34,68.38,68.34,68.36,12
2025.07.10,06:30,68.38,68.48,68.36,68.43,89
2025.07.10,06:45,68.42,68.47,68.40,68.45,55
2025.07.10,07:00,68.46,68.47,68.41,68.43,55
2025.07.10,07:15,68.42,68.43,68.37,68.41,23
2025.07.10,07:30,68.39,68.46,68.36,68.38,109
2025.07.10,07:45,68.37,68.40,68.32,68.38,105
2025.07.10,08:00,68.37,68.44,68.31,68.41,154
2025.07.10,08:15,68.41,68.56,68.41,68.48,172
2025.07.10,08:30,68.50,68.50,68.30,68.40,271
2025.07.10,08:45,68.43,68.45,68.26,68.36,221
2025.07.10,09:00,68.35,68.36,68.18,68.22,394
2025.07.10,09:15,68.19,68.46,68.16,68.44,335
2025.07.10,09:30,68.46,68.47,68.32,68.35,221
2025.07.10,09:45,68.34,68.40,68.22,68.22,295
2025.07.10,10:00,68.23,68.39,68.15,68.26,349
2025.07.10,10:15,68.26,68.29,68.09,68.12,559
2025.07.10,10:30,68.09,68.13,67.89,67.91,429
2025.07.10,10:45,67.89,68.04,67.89,68.04,286
2025.07.10,11:00,68.04,68.18,67.98,68.07,301
2025.07.10,11:15,68.10,68.17,68.07,68.10,255
2025.07.10,11:30,68.11,68.16,68.02,68.09,312
2025.07.10,11:45,68.12,68.12,67.97,68.02,355
2025.07.10,12:00,68.05,68.08,67.93,68.00,248
2025.07.10,12:15,68.01,68.07,67.96,68.00,222
2025.07.10,12:30,68.01,68.14,67.96,68.14,168
2025.07.10,12:45,68.13,68.18,68.09,68.11,210
2025.07.10,13:00,68.12,68.14,67.86,67.90,316
2025.07.10,13:15,67.87,68.06,67.86,68.03,270
2025.07.10,13:30,68.04,68.63,67.65,67.82,974
2025.07.10,13:45,67.81,67.82,67.42,67.61,794
2025.07.10,14:00,67.60,67.81,67.58,67.65,370
2025.07.10,14:15,67.66,67.89,67.56,67.81,357
2025.07.10,14:30,67.82,67.88,67.64,67.75,425
2025.07.10,14:45,67.76,67.85,67.67,67.81,295
2025.07.10,15:00,67.82,67.87,67.12,67.14,1110
2025.07.10,15:15,67.12,67.19,66.73,66.84,1105
2025.07.10,15:30,66.83,67.00,66.63,66.70,1010
2025.07.10,15:45,66.72,67.05,66.64,66.88,891
2025.07.10,16:00,66.87,67.36,66.86,67.25,651
2025.07.10,16:15,67.24,67.25,67.06,67.09,562
2025.07.10,16:30,67.10,67.27,66.93,67.00,536
2025.07.10,16:45,67.02,67.10,66.88,67.05,422
2025.07.10,17:00,67.05,67.13,66.99,67.09,512
2025.07.10,17:15,67.10,67.18,66.84,66.89,565
2025.07.10,17:30,66.87,66.97,66.79,66.84,514
2025.07.10,17:45,66.86,66.88,66.59,66.68,477
2025.07.10,18:00,66.70,67.02,66.67,66.99,515
2025.07.10,18:15,66.98,67.03,66.79,66.84,281
2025.07.10,18:30,66.82,66.85,66.68,66.70,291
2025.07.10,18:45,66.68,66.80,66.67,66.76,244
2025.07.10,19:00,66.75,66.83,66.65,66.79,245
2025.07.10,19:15,66.76,66.82,66.66,66.69,268
2025.07.10,19:30,66.73,66.73,66.61,66.68,280
2025.07.10,19:45,66.69,66.70,66.52,66.60,260
2025.07.10,20:00,66.60,66.70,66.46,66.53,427
2025.07.10,20:15,66.55,66.64,66.44,66.57,571
2025.07.10,20:30,66.57,66.92,66.56,66.89,296
2025.07.10,20:45,66.88,66.89,66.78,66.83,120
2025.07.10,21:00,66.82,66.90,66.79,66.89,118
2025.07.10,21:15,66.88,66.92,66.84,66.92,125
2025.07.10,21:30,66.92,66.93,66.84,66.90,71
2025.07.10,21:45,66.87,66.92,66.83,66.89,123
2025.07.10,22:00,66.90,66.91,66.85,66.85,72
2025.07.10,22:15,66.86,66.90,66.83,66.84,79
2025.07.10,22:30,66.82,66.89,66.81,66.89,74
2025.07.10,22:45,66.90,66.90,66.80,66.85,105
2025.07.11,00:00,66.84,66.97,66.84,66.87,81
2025.07.11,00:15,66.89,66.90,66.84,66.87,47
2025.07.11,00:30,66.85,66.90,66.85,66.85,24
2025.07.11,00:45,66.85,66.89,66.85,66.86,29
2025.07.11,01:00,66.88,66.90,66.86,66.88,58
2025.07.11,01:15,66.89,66.89,66.85,66.87,34
2025.07.11,01:30,66.84,66.86,66.75,66.79,77
2025.07.11,01:45,66.78,66.81,66.75,66.81,24
2025.07.11,02:00,66.82,66.92,66.77,66.84,239
2025.07.11,02:15,66.85,66.89,66.72,66.77,263
2025.07.11,02:30,66.78,66.84,66.74,66.79,216
2025.07.11,02:45,66.78,66.91,66.63,66.67,246
2025.07.11,03:00,66.66,66.88,66.62,66.82,495
2025.07.11,03:15,66.83,67.02,66.83,67.00,204
2025.07.11,03:30,67.01,67.12,67.00,67.05,246
2025.07.11,03:45,67.04,67.09,67.02,67.07,134
2025.07.11,04:00,67.08,67.11,67.01,67.04,170
2025.07.11,04:15,67.04,67.06,66.92,66.96,70
2025.07.11,04:30,66.96,67.02,66.85,66.91,189
2025.07.11,04:45,66.92,66.92,66.83,66.83,122
2025.07.11,05:00,66.83,66.86,66.75,66.81,186
2025.07.11,05:15,66.80,66.94,66.80,66.90,128
2025.07.11,05:30,66.92,66.92,66.83,66.85,113
2025.07.11,05:45,66.86,66.91,66.82,66.86,65
2025.07.11,06:00,66.86,66.88,66.71,66.74,103
2025.07.11,06:15,66.74,66.78,66.71,66.73,48
2025.07.11,06:30,66.72,66.77,66.66,66.68,65
2025.07.11,06:45,66.70,66.72,66.66,66.68,104
2025.07.11,07:00,66.67,66.74,66.67,66.71,64
2025.07.11,07:15,66.74,66.94,66.69,66.91,135
2025.07.11,07:30,66.91,66.94,66.84,66.86,168
2025.07.11,07:45,66.87,66.92,66.79,66.81,205
2025.07.11,08:00,66.82,66.87,66.80,66.84,177
2025.07.11,08:15,66.81,67.16,66.81,67.13,319
2025.07.11,08:30,67.13,67.19,67.03,67.07,210
2025.07.11,08:45,67.06,67.10,67.02,67.08,185
2025.07.11,09:00,67.07,67.07,66.86,66.92,317
2025.07.11,09:15,66.89,67.03,66.89,66.96,282
2025.07.11,09:30,66.95,67.11,66.90,67.03,314
2025.07.11,09:45,67.02,67.06,66.77,66.81,306
2025.07.11,10:00,66.82,66.94,66.70,66.85,462
2025.07.11,10:15,66.86,67.00,66.75,66.96,512
2025.07.11,10:30,66.97,67.00,66.75,66.84,373
2025.07.11,10:45,66.81,66.84,66.48,66.57,388
2025.07.11,11:00,66.55,66.68,66.54,66.60,317
2025.07.11,11:15,66.61,66.64,66.54,66.59,310
2025.07.11,11:30,66.58,66.86,66.51,66.74,392
2025.07.11,11:45,66.73,66.86,66.71,66.73,280
2025.07.11,12:00,66.74,66.87,66.70,66.80,372
2025.07.11,12:15,66.78,67.03,66.78,66.96,305
2025.07.11,12:30,66.95,67.07,66.89,66.97,350
2025.07.11,12:45,67.00,67.00,66.90,66.96,276
2025.07.11,13:00,66.95,67.06,66.90,67.02,224
2025.07.11,13:15,67.01,67.23,66.98,67.22,259
2025.07.11,13:30,67.19,67.35,67.19,67.27,326
2025.07.11,13:45,67.24,67.53,67.19,67.48,343
2025.07.11,14:00,67.45,67.48,67.29,67.38,356
2025.07.11,14:15,67.40,67.43,67.19,67.25,339
2025.07.11,14:30,67.25,67.30,67.14,67.29,368
2025.07.11,14:45,67.26,67.37,67.20,67.23,300
2025.07.11,15:00,67.23,67.40,67.15,67.35,661
2025.07.11,15:15,67.38,67.58,67.28,67.51,558
2025.07.11,15:30,67.52,67.91,67.48,67.84,477
2025.07.11,15:45,67.81,67.90,67.60,67.66,611
2025.07.11,16:00,67.65,67.79,67.56,67.64,552
2025.07.11,16:15,67.65,68.17,67.61,68.11,627
2025.07.11,16:30,68.11,68.30,68.08,68.09,647
2025.07.11,16:45,68.08,68.20,67.98,68.19,514
2025.07.11,17:00,68.19,68.44,68.16,68.37,507
2025.07.11,17:15,68.38,68.51,68.24,68.39,508
2025.07.11,17:30,68.37,68.46,68.24,68.36,507
2025.07.11,17:45,68.37,68.57,68.33,68.50,379
2025.07.11,18:00,68.51,68.53,68.33,68.44,397
2025.07.11,18:15,68.44,68.45,68.22,68.38,325
2025.07.11,18:30,68.39,68.53,68.34,68.38,309
2025.07.11,18:45,68.37,68.42,68.24,68.28,310
2025.07.14,00:00,68.66,68.89,68.52,68.73,310
2025.07.14,00:15,68.75,68.75,68.53,68.56,150
2025.07.14,00:30,68.54,68.60,68.44,68.57,177
2025.07.14,00:45,68.54,68.55,68.44,68.46,82
2025.07.14,01:00,68.47,68.56,68.45,68.51,99
2025.07.14,01:15,68.50,68.51,68.43,68.49,74
2025.07.14,01:30,68.46,68.50,68.45,68.47,63
2025.07.14,01:45,68.49,68.58,68.44,68.55,67
2025.07.14,02:00,68.56,68.63,68.45,68.53,204
2025.07.14,02:15,68.54,68.54,68.43,68.53,114
2025.07.14,02:30,68.52,68.63,68.49,68.56,94
2025.07.14,02:45,68.57,68.64,68.53,68.61,131
2025.07.14,03:00,68.62,68.66,68.49,68.51,379
2025.07.14,03:15,68.51,68.61,68.44,68.49,221
2025.07.14,03:30,68.49,68.51,68.41,68.45,203
2025.07.14,03:45,68.42,68.49,68.38,68.42,136
2025.07.14,04:00,68.45,68.51,68.40,68.46,189
2025.07.14,04:15,68.46,68.54,68.46,68.49,76
2025.07.14,04:30,68.48,68.54,68.44,68.45,141
2025.07.14,04:45,68.46,68.56,68.46,68.56,103
2025.07.14,05:00,68.55,68.59,68.51,68.54,122
2025.07.14,05:15,68.54,68.60,68.50,68.52,142
2025.07.14,05:30,68.52,68.59,68.52,68.57,81
2025.07.14,05:45,68.58,68.59,68.55,68.59,24
2025.07.14,06:00,68.58,68.60,68.56,68.57,20
2025.07.14,06:15,68.58,68.60,68.56,68.57,25
2025.07.14,06:30,68.56,68.62,68.54,68.55,53
2025.07.14,06:45,68.56,68.67,68.54,68.62,99
2025.07.14,07:00,68.62,68.62,68.54,68.57,71
2025.07.14,07:15,68.57,68.57,68.52,68.56,57
2025.07.14,07:30,68.56,68.64,68.51,68.56,183
2025.07.14,07:45,68.53,68.61,68.51,68.52,117
2025.07.14,08:00,68.54,68.56,68.48,68.54,156
2025.07.14,08:15,68.53,68.59,68.49,68.55,149
2025.07.14,08:30,68.57,68.59,68.48,68.55,162
2025.07.14,08:45,68.56,68.71,68.54,68.61,243
2025.07.14,09:00,68.60,68.86,68.39,68.85,410
2025.07.14,09:15,68.85,68.85,68.71,68.80,248
2025.07.14,09:30,68.80,69.31,68.77,69.18,717
2025.07.14,09:45,69.17,69.38,69.17,69.20,407
2025.07.14,10:00,69.23,69.27,69.11,69.23,397
2025.07.14,10:15,69.25,69.30,69.11,69.15,548
2025.07.14,10:30,69.15,69.21,69.04,69.10,376
2025.07.14,10:45,69.11,69.13,68.92,69.04,354
2025.07.14,11:00,69.03,69.05,68.89,68.93,360
2025.07.14,11:15,68.91,69.00,68.82,68.98,282
2025.07.14,11:30,68.99,69.18,68.95,69.15,265
2025.07.14,11:45,69.14,69.37,69.11,69.37,286
2025.07.14,12:00,69.34,69.58,69.34,69.56,453
2025.07.14,12:15,69.58,69.64,69.44,69.46,348
2025.07.14,12:30,69.48,69.53,69.44,69.47,202
2025.07.14,12:45,69.46,69.51,69.36,69.44,290
2025.07.14,13:00,69.44,69.46,69.31,69.44,312
2025.07.14,13:15,69.43,69.44,69.22,69.25,224
2025.07.14,13:30,69.24,69.54,69.22,69.52,240
2025.07.14,13:45,69.49,69.54,69.40,69.52,236
2025.07.14,14:00,69.51,69.57,69.39,69.56,285
2025.07.14,14:15,69.55,69.64,69.30,69.44,440
2025.07.14,14:30,69.45,69.45,69.09,69.11,467
2025.07.14,14:45,69.12,69.21,69.08,69.13,421
2025.07.14,15:00,69.12,69.15,68.50,68.74,1221
2025.07.14,15:15,68.71,68.81,68.50,68.58,650
2025.07.14,15:30,68.59,68.60,68.24,68.26,847
2025.07.14,15:45,68.27,68.39,68.17,68.21,596
2025.07.14,16:00,68.19,68.27,68.05,68.12,654
2025.07.14,16:15,68.13,68.23,67.98,68.10,603
2025.07.14,16:30,68.09,68.31,68.08,68.17,524
2025.07.14,16:45,68.16,68.16,67.87,67.96,565
2025.07.14,17:00,67.96,68.19,67.45,67.65,997
2025.07.14,17:15,67.63,67.65,67.23,67.29,1496
2025.07.14,17:30,67.31,67.64,67.31,67.55,1120
2025.07.14,17:45,67.56,67.61,67.23,67.31,643
2025.07.14,18:00,67.28,67.47,67.22,67.43,671
2025.07.14,18:15,67.42,67.46,67.33,67.46,357
2025.07.14,18:30,67.44,67.45,67.27,67.39,343
2025.07.14,18:45,67.40,67.43,67.29,67.33,337
2025.07.14,19:00,67.34,67.41,67.08,67.08,415
2025.07.14,19:15,67.11,67.17,67.00,67.09,400
2025.07.14,19:30,67.10,67.18,67.07,67.10,320
2025.07.14,19:45,67.10,67.13,66.91,66.92,372
2025.07.14,20:00,66.95,67.09,66.93,67.07,410
2025.07.14,20:15,67.05,67.14,66.92,66.98,514
2025.07.14,20:30,66.95,67.01,66.83,66.97,225
2025.07.14,20:45,66.95,67.01,66.92,66.99,83
2025.07.14,21:00,66.99,67.13,66.95,67.10,144
2025.07.14,21:15,67.08,67.17,67.06,67.10,132
2025.07.14,21:30,67.08,67.11,67.04,67.08,100
2025.07.14,21:45,67.09,67.10,66.86,66.95,175
2025.07.14,22:00,66.96,66.97,66.87,66.87,90
2025.07.14,22:15,66.89,66.93,66.85,66.91,68
2025.07.14,22:30,66.90,66.93,66.87,66.89,84
2025.07.14,22:45,66.88,66.91,66.79,66.81,107
2025.07.15,00:00,66.87,66.96,66.84,66.96,88
2025.07.15,00:15,66.93,66.96,66.92,66.92,48
2025.07.15,00:30,66.93,66.96,66.91,66.91,41
2025.07.15,00:45,66.94,66.95,66.90,66.93,19
2025.07.15,01:00,66.93,66.96,66.90,66.96,16
2025.07.15,01:15,66.93,66.98,66.93,66.98,27
2025.07.15,01:30,66.96,66.98,66.93,66.95,21
2025.07.15,01:45,66.93,66.95,66.90,66.93,23
2025.07.15,02:00,66.92,66.93,66.68,66.70,210
2025.07.15,02:15,66.67,66.82,66.67,66.79,82
2025.07.15,02:30,66.77,66.79,66.72,66.76,78
2025.07.15,02:45,66.75,66.76,66.69,66.73,72
2025.07.15,03:00,66.75,66.85,66.65,66.74,376
2025.07.15,03:15,66.75,66.82,66.71,66.75,221
2025.07.15,03:30,66.74,66.82,66.74,66.78,161
2025.07.15,03:45,66.79,66.82,66.76,66.82,243
2025.07.15,04:00,66.79,66.83,66.69,66.72,218
2025.07.15,04:15,66.74,66.75,66.67,66.73,107
2025.07.15,04:30,66.74,66.77,66.64,66.68,154
2025.07.15,04:45,66.65,66.68,66.62,66.65,101
2025.07.15,05:00,66.65,66.67,66.56,66.60,123
2025.07.15,05:15,66.59,66.64,66.54,66.62,138
2025.07.15,05:30,66.62,66.68,66.57,66.58,83
2025.07.15,05:45,66.56,66.60,66.53,66.59,59
2025.07.15,06:00,66.61,66.62,66.57,66.61,44
2025.07.15,06:15,66.61,66.63,66.54,66.56,48
2025.07.15,06:30,66.55,66.62,66.55,66.55,43
2025.07.15,06:45,66.53,66.60,66.49,66.60,69
2025.07.15,07:00,66.59,66.67,66.59,66.67,106
2025.07.15,07:15,66.66,66.81,66.65,66.76,139
2025.07.15,07:30,66.75,66.84,66.71,66.75,239
2025.07.15,07:45,66.77,66.79,66.71,66.74,160
2025.07.15,08:00,66.76,66.87,66.66,66.67,229
2025.07.15,08:15,66.66,66.68,66.56,66.64,216
2025.07.15,08:30,66.63,66.65,66.38,66.50,369
2025.07.15,08:45,66.52,66.59,66.43,66.49,288
2025.07.15,09:00,66.49,66.54,66.27,66.37,469
2025.07.15,09:15,66.39,66.46,66.28,66.40,256
2025.07.15,09:30,66.41,66.42,66.26,66.30,259
2025.07.15,09:45,66.31,66.43,66.28,66.43,283
2025.07.15,10:00,66.44,66.56,66.38,66.49,376
2025.07.15,10:15,66.52,66.52,66.29,66.45,385
2025.07.15,10:30,66.41,66.62,66.38,66.57,412
2025.07.15,10:45,66.59,66.63,66.35,66.59,385
2025.07.15,11:00,66.57,66.79,66.49,66.74,429
2025.07.15,11:15,66.74,67.06,66.70,67.00,388
2025.07.15,11:30,67.03,67.08,66.74,66.81,323
2025.07.15,11:45,66.83,66.84,66.55,66.57,313
2025.07.15,12:00,66.59,66.60,66.43,66.56,271
2025.07.15,12:15,66.55,66.64,66.46,66.49,273
2025.07.15,12:30,66.46,66.54,66.46,66.47,207
2025.07.15,12:45,66.50,66.72,66.45,66.67,304
2025.07.15,13:00,66.68,66.74,66.62,66.68,350
2025.07.15,13:15,66.70,66.78,66.58,66.72,260
2025.07.15,13:30,66.72,67.00,66.72,66.90,422
2025.07.15,13:45,66.90,66.95,66.83,66.93,278
2025.07.15,14:00,66.94,67.05,66.85,66.97,418
2025.07.15,14:15,66.97,66.99,66.82,66.88,302
2025.07.15,14:30,66.88,67.12,66.76,66.98,661
2025.07.15,14:45,66.99,67.05,66.79,66.79,483
2025.07.15,15:00,66.79,67.04,66.67,66.93,1006
2025.07.15,15:15,66.94,66.95,66.52,66.59,659
2025.07.15,15:30,66.56,66.68,66.51,66.63,696
2025.07.15,15:45,66.61,66.76,66.55,66.62,537
2025.07.15,16:00,66.63,66.83,66.34,66.41,849
2025.07.15,16:15,66.41,66.68,66.38,66.59,624
2025.07.15,16:30,66.59,66.82,66.50,66.66,568
2025.07.15,16:45,66.67,66.72,66.59,66.64,508
2025.07.15,17:00,66.65,66.74,66.52,66.57,620
2025.07.15,17:15,66.54,66.79,66.40,66.75,1018
2025.07.15,17:30,66.75,67.10,66.56,66.59,889
2025.07.15,17:45,66.61,66.62,66.36,66.54,646
2025.07.15,18:00,66.52,66.55,66.40,66.50,365
2025.07.15,18:15,66.49,66.69,66.30,66.35,556
2025.07.15,18:30,66.34,66.37,66.21,66.28,376
2025.07.15,18:45,66.27,66.37,66.22,66.23,366
2025.07.15,19:00,66.22,66.33,66.22,66.30,205
2025.07.15,19:15,66.31,66.46,66.26,66.37,485
2025.07.15,19:30,66.38,66.51,66.29,66.36,374
2025.07.15,19:45,66.35,66.48,66.30,66.39,350
2025.07.15,20:00,66.38,66.51,66.35,66.49,407
2025.07.15,20:15,66.50,66.56,66.38,66.55,507
2025.07.15,20:30,66.55,66.66,66.53,66.62,150
2025.07.15,20:45,66.63,66.70,66.57,66.62,128
2025.07.15,21:00,66.60,66.69,66.59,66.65,123
2025.07.15,21:15,66.64,66.69,66.62,66.66,85
2025.07.15,21:30,66.67,66.71,66.60,66.68,66
2025.07.15,21:45,66.68,66.72,66.61,66.68,108
2025.07.15,22:00,66.68,66.70,66.61,66.66,84
2025.07.15,22:15,66.63,66.66,66.61,66.63,77
2025.07.15,22:30,66.61,66.80,66.61,66.79,163
2025.07.15,22:45,66.79,66.82,66.67,66.75,157
2025.07.16,00:00,65.47,65.64,65.45,65.60,65
2025.07.16,00:15,65.62,65.64,65.57,65.63,50
2025.07.16,00:30,65.62,65.65,65.60,65.64,45
2025.07.16,00:45,65.61,65.63,65.58,65.58,18
2025.07.16,01:00,65.59,65.65,65.58,65.63,26
2025.07.16,01:15,65.65,65.65,65.59,65.63,21
2025.07.16,01:30,65.62,65.68,65.61,65.66,25
2025.07.16,01:45,65.65,65.67,65.63,65.66,34
2025.07.16,02:00,65.67,65.68,65.56,65.63,133
2025.07.16,02:15,65.66,65.66,65.57,65.60,50
2025.07.16,02:30,65.60,65.67,65.59,65.63,67
2025.07.16,02:45,65.64,65.69,65.64,65.67,36
2025.07.16,03:00,65.67,65.71,65.62,65.68,186
2025.07.16,03:15,65.69,65.72,65.65,65.70,129
2025.07.16,03:30,65.71,65.75,65.67,65.70,95
2025.07.16,03:45,65.71,65.77,65.69,65.74,85
2025.07.16,04:00,65.74,65.76,65.66,65.71,89
2025.07.16,04:15,65.71,65.71,65.65,65.65,62
2025.07.16,04:30,65.66,65.66,65.53,65.55,123
2025.07.16,04:45,65.53,65.60,65.53,65.56,81
2025.07.16,05:00,65.58,65.62,65.52,65.52,81
2025.07.16,05:15,65.53,65.56,65.51,65.54,63
2025.07.16,05:30,65.54,65.57,65.50,65.52,59
2025.07.16,05:45,65.52,65.56,65.50,65.52,37
2025.07.16,06:00,65.55,65.56,65.52,65.55,24
2025.07.16,06:15,65.54,65.54,65.52,65.54,8
2025.07.16,06:30,65.55,65.58,65.52,65.52,30
2025.07.16,06:45,65.54,65.57,65.49,65.56,46
2025.07.16,07:00,65.54,65.70,65.54,65.66,128
2025.07.16,07:15,65.68,65.68,65.58,65.60,86
2025.07.16,07:30,65.60,65.67,65.58,65.63,116
2025.07.16,07:45,65.65,65.65,65.55,65.57,132
2025.07.16,08:00,65.57,65.61,65.51,65.55,175
2025.07.16,08:15,65.56,65.63,65.52,65.63,113
2025.07.16,08:30,65.63,65.76,65.63,65.71,180
2025.07.16,08:45,65.72,65.75,65.56,65.63,184
2025.07.16,09:00,65.60,65.61,65.47,65.53,241
2025.07.16,09:15,65.52,65.63,65.49,65.53,160
2025.07.16,09:30,65.53,65.53,65.42,65.42,198
2025.07.16,09:45,65.43,65.51,65.35,65.37,175
2025.07.16,10:00,65.36,65.38,65.17,65.28,379
2025.07.16,10:15,65.31,65.32,65.21,65.26,274
2025.07.16,10:30,65.25,65.26,65.18,65.21,225
2025.07.16,10:45,65.21,65.28,65.19,65.21,190
2025.07.16,11:00,65.22,65.29,64.95,64.99,390
2025.07.16,11:15,64.98,65.22,64.97,65.15,292
2025.07.16,11:30,65.16,65.21,65.04,65.18,284
2025.07.16,11:45,65.19,65.25,65.08,65.09,239
2025.07.16,12:00,65.08,65.14,65.03,65.06,245
2025.07.16,12:15,65.09,65.19,64.99,65.16,263
2025.07.16,12:30,65.15,65.27,65.08,65.08,256
2025.07.16,12:45,65.08,65.11,64.95,65.00,319
2025.07.16,13:00,64.99,65.04,64.82,64.82,318
2025.07.16,13:15,64.83,64.89,64.78,64.86,276
2025.07.16,13:30,64.86,64.88,64.75,64.80,212
2025.07.16,13:45,64.81,64.82,64.62,64.62,380
2025.07.16,14:00,64.64,64.74,64.58,64.62,361
2025.07.16,14:15,64.61,64.79,64.60,64.75,279
2025.07.16,14:30,64.76,64.85,64.67,64.80,405
2025.07.16,14:45,64.81,64.87,64.75,64.81,269
2025.07.16,15:00,64.81,65.02,64.63,64.72,578
2025.07.16,15:15,64.71,64.80,64.55,64.59,438
2025.07.16,15:30,64.60,64.94,64.54,64.72,538
2025.07.16,15:45,64.73,64.77,64.58,64.65,370
2025.07.16,16:00,64.65,64.73,64.60,64.68,286
2025.07.16,16:15,64.68,64.82,64.64,64.77,298
2025.07.16,16:30,64.73,64.76,64.36,64.61,1008
2025.07.16,16:45,64.61,64.81,64.48,64.64,856
2025.07.16,17:00,64.66,64.78,64.51,64.74,762
2025.07.16,17:15,64.73,64.93,64.52,64.68,1017
2025.07.16,17:30,64.71,64.73,64.50,64.63,876
2025.07.16,17:45,64.66,64.94,64.60,64.81,794
2025.07.16,18:00,64.79,64.98,64.69,64.85,529
2025.07.16,18:15,64.82,64.99,64.76,64.91,486
2025.07.16,18:30,64.92,65.08,64.83,65.01,378
2025.07.16,18:45,65.01,65.22,65.00,65.13,425
2025.07.16,19:00,65.16,65.38,65.12,65.34,401
2025.07.16,19:15,65.35,65.36,65.08,65.15,383
2025.07.16,19:30,65.13,65.23,65.02,65.17,328
2025.07.16,19:45,65.19,65.47,65.14,65.44,565
2025.07.16,20:00,65.44,65.55,65.38,65.40,398
2025.07.16,20:15,65.40,65.42,65.08,65.17,588
2025.07.16,20:30,65.18,65.34,65.11,65.27,233
2025.07.16,20:45,65.28,65.52,65.26,65.41,178
2025.07.16,21:00,65.42,65.51,65.39,65.40,141
2025.07.16,21:15,65.42,65.43,65.25,65.29,89
2025.07.16,21:30,65.28,65.38,65.27,65.37,84
2025.07.16,21:45,65.38,65.47,65.31,65.44,164
2025.07.16,22:00,65.43,65.46,65.39,65.44,99
2025.07.16,22:15,65.43,65.44,65.33,65.36,81
2025.07.16,22:30,65.34,65.39,65.32,65.34,81
2025.07.16,22:45,65.35,65.39,65.30,65.37,123
2025.07.17,00:00,65.33,65.37,65.29,65.31,62
2025.07.17,00:15,65.31,65.39,65.30,65.38,19
2025.07.17,00:30,65.37,65.40,65.35,65.36,25
2025.07.17,00:45,65.35,65.42,65.35,65.38,35
2025.07.17,01:00,65.40,65.41,65.38,65.38,23
2025.07.17,01:15,65.38,65.41,65.37,65.40,32
2025.07.17,01:30,65.38,65.42,65.38,65.39,18
2025.07.17,01:45,65.42,65.44,65.40,65.41,11
2025.07.17,02:00,65.43,65.57,65.38,65.57,144
2025.07.17,02:15,65.56,65.60,65.53,65.60,64
2025.07.17,02:30,65.60,65.65,65.58,65.65,100
2025.07.17,02:45,65.63,65.70,65.58,65.58,79
2025.07.17,03:00,65.60,65.68,65.46,65.65,247
2025.07.17,03:15,65.66,65.66,65.60,65.64,99
2025.07.17,03:30,65.65,65.65,65.47,65.52,134
2025.07.17,03:45,65.50,65.52,65.45,65.48,92
2025.07.17,04:00,65.49,65.49,65.40,65.44,78
2025.07.17,04:15,65.45,65.46,65.41,65.43,44
2025.07.17,04:30,65.43,65.49,65.39,65.48,74
2025.07.17,04:45,65.47,65.54,65.44,65.51,56
2025.07.17,05:00,65.48,65.54,65.45,65.53,63
2025.07.17,05:15,65.52,65.63,65.52,65.60,78
2025.07.17,05:30,65.57,65.62,65.55,65.61,112
2025.07.17,05:45,65.60,65.65,65.53,65.56,72
2025.07.17,06:00,65.55,65.55,65.45,65.47,85
2025.07.17,06:15,65.47,65.48,65.41,65.45,26
2025.07.17,06:30,65.46,65.49,65.44,65.48,75
2025.07.17,06:45,65.49,65.50,65.43,65.44,48
2025.07.17,07:00,65.45,65.48,65.42,65.46,30
2025.07.17,07:15,65.47,65.47,65.42,65.46,85
2025.07.17,07:30,65.45,65.49,65.41,65.44,99
2025.07.17,07:45,65.45,65.47,65.40,65.46,90
2025.07.17,08:00,65.47,65.48,65.31,65.34,123
2025.07.17,08:15,65.34,65.35,65.26,65.30,173
2025.07.17,08:30,65.27,65.30,65.18,65.21,163
2025.07.17,08:45,65.20,65.29,65.19,65.20,149
2025.07.17,09:00,65.21,65.23,65.09,65.12,243
2025.07.17,09:15,65.11,65.26,65.08,65.11,233
2025.07.17,09:30,65.11,65.15,65.01,65.04,197
2025.07.17,09:45,65.07,65.23,65.03,65.08,199
2025.07.17,10:00,65.08,65.22,65.04,65.15,256
2025.07.17,10:15,65.15,65.24,65.01,65.05,350
2025.07.17,10:30,65.07,65.42,65.05,65.39,438
2025.07.17,10:45,65.41,65.43,65.19,65.20,296
2025.07.17,11:00,65.21,65.24,64.99,65.08,390
2025.07.17,11:15,65.09,65.35,65.06,65.33,281
2025.07.17,11:30,65.31,65.35,65.09,65.16,236
2025.07.17,11:45,65.13,65.28,65.12,65.26,205
2025.07.17,12:00,65.23,65.50,65.23,65.50,276
2025.07.17,12:15,65.47,65.52,65.33,65.36,278
2025.07.17,12:30,65.34,65.48,65.30,65.39,245
2025.07.17,12:45,65.37,65.53,65.34,65.40,216
2025.07.17,13:00,65.41,65.46,65.30,65.32,244
2025.07.17,13:15,65.32,65.43,65.29,65.32,255
2025.07.17,13:30,65.33,65.38,65.22,65.30,233
2025.07.17,13:45,65.32,65.48,65.31,65.46,310
2025.07.17,14:00,65.44,65.74,65.44,65.73,471
2025.07.17,14:15,65.72,65.72,65.58,65.66,312
2025.07.17,14:30,65.66,65.73,65.59,65.65,302
2025.07.17,14:45,65.66,65.70,65.34,65.38,447
2025.07.17,15:00,65.39,65.47,65.09,65.39,691
2025.07.17,15:15,65.40,65.53,65.21,65.29,557
2025.07.17,15:30,65.26,65.40,65.17,65.32,628
2025.07.17,15:45,65.33,65.40,65.25,65.34,517
2025.07.17,16:00,65.33,65.40,65.19,65.29,415
2025.07.17,16:15,65.30,65.53,65.18,65.21,540
2025.07.17,16:30,65.19,65.45,65.12,65.40,480
2025.07.17,16:45,65.39,65.67,65.34,65.67,599
2025.07.17,17:00,65.67,65.81,65.61,65.71,601
2025.07.17,17:15,65.68,65.93,65.68,65.83,622
2025.07.17,17:30,65.85,65.89,65.67,65.78,595
2025.07.17,17:45,65.79,65.85,65.67,65.80,463
2025.07.17,18:00,65.81,65.86,65.74,65.78,325
2025.07.17,18:15,65.77,66.05,65.75,66.05,340
2025.07.17,18:30,66.05,66.13,65.97,66.12,485
2025.07.17,18:45,66.12,66.15,66.06,66.09,272
2025.07.17,19:00,66.10,66.16,66.01,66.02,263
2025.07.17,19:15,66.05,66.08,65.96,66.04,264
2025.07.17,19:30,66.05,66.16,66.00,66.04,238
2025.07.17,19:45,66.03,66.09,65.91,65.96,296
2025.07.17,20:00,65.97,66.09,65.94,66.01,297
2025.07.17,20:15,65.99,66.28,65.99,66.24,495
2025.07.17,20:30,66.23,66.31,66.21,66.28,265
2025.07.17,20:45,66.27,66.33,66.26,66.31,95
2025.07.17,21:00,66.29,66.35,66.26,66.31,155
2025.07.17,21:15,66.29,66.29,66.25,66.25,23
2025.07.17,21:30,66.26,66.31,66.25,66.30,43
2025.07.17,21:45,66.30,66.30,66.21,66.28,65
2025.07.17,22:00,66.29,66.29,66.25,66.29,58
2025.07.17,22:15,66.28,66.30,66.24,66.28,37
2025.07.17,22:30,66.30,66.31,66.26,66.29,40
2025.07.17,22:45,66.27,66.32,66.26,66.30,70
2025.07.18,00:00,66.31,66.31,66.24,66.27,62
2025.07.18,00:15,66.25,66.29,66.25,66.29,40
2025.07.18,00:30,66.26,66.32,66.26,66.27,25
2025.07.18,00:45,66.28,66.28,66.23,66.24,29
2025.07.18,01:00,66.23,66.24,66.21,66.22,15
2025.07.18,01:15,66.23,66.23,66.19,66.19,25
2025.07.18,01:30,66.23,66.23,66.19,66.22,25
2025.07.18,01:45,66.21,66.23,66.20,66.20,25
2025.07.18,02:00,66.23,66.24,66.16,66.17,115
2025.07.18,02:15,66.17,66.31,66.17,66.30,79
2025.07.18,02:30,66.28,66.36,66.25,66.36,97
2025.07.18,02:45,66.33,66.37,66.31,66.32,64
2025.07.18,03:00,66.33,66.37,66.28,66.35,313
2025.07.18,03:15,66.36,66.39,66.17,66.20,160
2025.07.18,03:30,66.20,66.25,66.16,66.20,136
2025.07.18,03:45,66.20,66.21,66.13,66.17,110
2025.07.18,04:00,66.20,66.24,66.17,66.22,126
2025.07.18,04:15,66.20,66.25,66.19,66.21,63
2025.07.18,04:30,66.24,66.24,66.16,66.20,68
2025.07.18,04:45,66.19,66.21,66.12,66.18,173
2025.07.18,05:00,66.21,66.22,66.12,66.16,153
2025.07.18,05:15,66.13,66.16,66.09,66.10,75
2025.07.18,05:30,66.12,66.19,66.10,66.14,43
2025.07.18,05:45,66.16,66.17,66.13,66.16,40
2025.07.18,06:00,66.15,66.30,66.13,66.26,102
2025.07.18,06:15,66.27,66.57,66.25,66.55,206
2025.07.18,06:30,66.54,66.61,66.52,66.55,150
2025.07.18,06:45,66.55,66.55,66.47,66.52,91
2025.07.18,07:00,66.52,66.52,66.44,66.47,71
2025.07.18,07:15,66.47,66.57,66.44,66.55,104
2025.07.18,07:30,66.53,66.56,66.44,66.51,255
2025.07.18,07:45,66.53,66.53,66.39,66.41,181
2025.07.18,08:00,66.42,66.55,66.34,66.55,185
2025.07.18,08:15,66.55,66.70,66.52,66.66,321
2025.07.18,08:30,66.69,66.98,66.66,66.90,551
2025.07.18,08:45,66.89,66.91,66.74,66.82,436
2025.07.18,09:00,66.81,66.81,66.50,66.56,523
2025.07.18,09:15,66.57,66.58,66.44,66.48,338
2025.07.18,09:30,66.49,66.60,66.39,66.56,383
2025.07.18,09:45,66.55,66.61,66.46,66.46,298
2025.07.18,10:00,66.48,66.56,66.44,66.50,244
2025.07.18,10:15,66.50,66.60,66.33,66.36,554
2025.07.18,10:30,66.39,66.56,66.33,66.52,457
2025.07.18,10:45,66.54,66.74,66.50,66.73,410
2025.07.18,11:00,66.72,66.81,66.65,66.72,430
2025.07.18,11:15,66.73,66.93,66.63,66.88,371
2025.07.18,11:30,66.92,67.13,66.91,67.09,480
2025.07.18,11:45,67.10,67.16,66.92,67.02,535
2025.07.18,12:00,67.03,67.10,66.83,66.90,449
2025.07.18,12:15,66.89,66.93,66.80,66.93,302
2025.07.18,12:30,66.90,66.95,66.77,66.79,232
2025.07.18,12:45,66.79,66.85,66.68,66.71,277
2025.07.18,13:00,66.70,66.79,66.61,66.70,294
2025.07.18,13:15,66.68,66.82,66.66,66.76,222
2025.07.18,13:30,66.77,66.93,66.75,66.90,258
2025.07.18,13:45,66.86,67.15,66.85,67.15,404
2025.07.18,14:00,67.14,67.41,67.12,67.30,717
2025.07.18,14:15,67.31,67.53,67.29,67.43,428
2025.07.18,14:30,67.43,67.46,67.03,67.10,657
2025.07.18,14:45,67.13,67.19,67.06,67.06,360
2025.07.18,15:00,67.02,67.05,66.76,66.92,712
2025.07.18,15:15,66.90,66.98,66.82,66.96,405
2025.07.18,15:30,66.94,67.17,66.86,66.97,722
2025.07.18,15:45,66.97,67.00,66.82,66.90,441
2025.07.18,16:00,66.96,67.26,66.90,67.18,570
2025.07.18,16:15,67.19,67.24,67.07,67.11,514
2025.07.18,16:30,67.11,67.20,66.93,67.17,632
2025.07.18,16:45,67.16,67.24,67.05,67.13,608
2025.07.18,17:00,67.12,67.18,66.41,66.49,1289
2025.07.18,17:15,66.48,66.49,65.97,66.33,1705
2025.07.18,17:30,66.31,66.34,66.06,66.15,806
2025.07.18,17:45,66.14,66.54,66.07,66.40,706
2025.07.18,18:00,66.40,66.41,66.18,66.22,447
2025.07.18,18:15,66.21,66.24,66.02,66.06,444
2025.07.18,18:30,66.06,66.15,66.01,66.11,309
2025.07.18,18:45,66.09,66.18,66.01,66.05,218
2025.07.18,19:00,66.05,66.15,65.99,66.12,250
2025.07.18,19:15,66.11,66.23,66.05,66.08,201
2025.07.18,19:30,66.08,66.11,65.96,65.97,226
2025.07.18,19:45,65.98,66.06,65.94,65.98,222
2025.07.18,20:00,65.97,66.08,65.90,66.00,297
2025.07.18,20:15,66.00,66.09,65.96,66.04,435
2025.07.18,20:30,66.03,66.14,66.00,66.11,159
2025.07.18,20:45,66.14,66.19,66.11,66.16,98
2025.07.18,21:00,66.16,66.17,66.09,66.12,65
2025.07.18,21:15,66.14,66.20,66.12,66.18,100
2025.07.18,21:30,66.19,66.22,66.02,66.03,126
2025.07.18,21:45,66.03,66.07,65.97,66.03,150
2025.07.21,00:00,66.01,66.23,65.96,66.19,299
2025.07.21,00:15,66.19,66.26,66.16,66.24,133
2025.07.21,00:30,66.25,66.25,66.16,66.22,70
2025.07.21,00:45,66.19,66.27,66.19,66.25,60
2025.07.21,01:00,66.25,66.25,66.15,66.22,92
2025.07.21,01:15,66.21,66.26,66.15,66.16,50
2025.07.21,01:30,66.17,66.19,66.14,66.17,31
2025.07.21,01:45,66.17,66.18,66.12,66.14,38
2025.07.21,02:00,66.16,66.16,66.02,66.02,138
2025.07.21,02:15,66.03,66.10,66.02,66.09,105
2025.07.21,02:30,66.08,66.13,66.06,66.11,44
2025.07.21,02:45,66.09,66.21,66.08,66.15,99
2025.07.21,03:00,66.16,66.29,66.08,66.24,416
2025.07.21,03:15,66.24,66.25,66.17,66.21,109
2025.07.21,03:30,66.20,66.26,66.13,66.22,325
2025.07.21,03:45,66.23,66.25,66.13,66.13,246
2025.07.21,04:00,66.14,66.15,66.05,66.14,236
2025.07.21,04:15,66.11,66.17,66.10,66.12,86
2025.07.21,04:30,66.13,66.16,66.03,66.05,148
2025.07.21,04:45,66.07,66.10,66.05,66.10,77
2025.07.21,05:00,66.10,66.16,66.08,66.15,110
2025.07.21,05:15,66.12,66.20,66.11,66.17,100
2025.07.21,05:30,66.17,66.21,66.12,66.12,36
2025.07.21,05:45,66.12,66.20,66.12,66.20,43
2025.07.21,06:00,66.17,66.20,66.14,66.18,39
2025.07.21,06:15,66.17,66.21,66.14,66.17,30
2025.07.21,06:30,66.16,66.19,66.13,66.14,34
2025.07.21,06:45,66.16,66.17,66.11,66.13,52
2025.07.21,07:00,66.13,66.17,66.10,66.15,50
2025.07.21,07:15,66.16,66.23,66.14,66.23,59
2025.07.21,07:30,66.22,66.40,66.22,66.38,252
2025.07.21,07:45,66.40,66.43,66.28,66.31,191
2025.07.21,08:00,66.28,66.37,66.12,66.14,244
2025.07.21,08:15,66.13,66.16,65.98,66.02,266
2025.07.21,08:30,66.01,66.07,65.97,66.06,222
2025.07.21,08:45,66.05,66.13,65.88,65.97,309
2025.07.21,09:00,65.96,65.99,65.87,65.96,312
2025.07.21,09:15,65.99,66.01,65.90,65.97,250
2025.07.21,09:30,66.00,66.18,65.98,66.10,366
2025.07.21,09:45,66.09,66.18,65.91,65.97,289
2025.07.21,10:00,65.96,66.20,65.95,66.16,339
2025.07.21,10:15,66.17,66.19,65.82,65.83,474
2025.07.21,10:30,65.81,65.90,65.74,65.75,452
2025.07.21,10:45,65.74,65.78,65.65,65.70,384
2025.07.21,11:00,65.73,65.79,65.66,65.71,330
2025.07.21,11:15,65.72,65.77,65.62,65.63,324
2025.07.21,11:30,65.64,65.85,65.57,65.77,319
2025.07.21,11:45,65.77,65.90,65.70,65.89,240
2025.07.21,12:00,65.89,65.95,65.74,65.89,267
2025.07.21,12:15,65.88,65.89,65.77,65.84,207
2025.07.21,12:30,65.85,65.98,65.75,65.90,214
2025.07.21,12:45,65.91,66.01,65.88,65.91,220
2025.07.21,13:00,65.92,66.03,65.90,66.00,207
2025.07.21,13:15,65.98,66.07,65.95,66.03,221
2025.07.21,13:30,66.02,66.16,66.01,66.08,392
2025.07.21,13:45,66.07,66.10,65.97,65.98,249
2025.07.21,14:00,65.98,66.02,65.87,65.95,260
2025.07.21,14:15,65.92,65.98,65.86,65.92,257
2025.07.21,14:30,65.93,66.09,65.86,66.09,262
2025.07.21,14:45,66.07,66.09,65.74,65.77,336
2025.07.21,15:00,65.79,65.96,65.73,65.78,682
2025.07.21,15:15,65.77,65.85,65.67,65.72,494
2025.07.21,15:30,65.75,65.77,65.55,65.60,540
2025.07.21,15:45,65.58,65.66,65.44,65.51,489
2025.07.21,16:00,65.50,65.55,65.20,65.34,606
2025.07.21,16:15,65.35,65.51,65.31,65.38,380
2025.07.21,16:30,65.40,65.50,65.28,65.37,387
2025.07.21,16:45,65.36,65.70,65.35,65.60,483
2025.07.21,17:00,65.61,65.89,65.58,65.88,492
2025.07.21,17:15,65.89,65.90,65.72,65.77,413
2025.07.21,17:30,65.76,65.84,65.54,65.56,440
2025.07.21,17:45,65.57,65.62,65.46,65.48,294
2025.07.21,18:00,65.51,65.81,65.50,65.76,299
2025.07.21,18:15,65.77,65.82,65.69,65.70,187
2025.07.21,18:30,65.72,65.74,65.60,65.67,172
2025.07.21,18:45,65.65,65.67,65.53,65.56,188
2025.07.21,19:00,65.54,65.86,65.53,65.83,263
2025.07.21,19:15,65.83,65.90,65.81,65.86,252
2025.07.21,19:30,65.87,65.94,65.86,65.91,203
2025.07.21,19:45,65.90,66.01,65.79,65.95,239
2025.07.21,20:00,65.98,66.02,65.80,65.96,265
2025.07.21,20:15,65.97,66.00,65.82,65.96,389
2025.07.21,20:30,65.94,66.00,65.81,65.82,145
2025.07.21,20:45,65.83,65.85,65.73,65.75,83
2025.07.21,21:00,65.74,65.81,65.73,65.77,69
2025.07.21,21:15,65.76,65.82,65.76,65.79,57
2025.07.21,21:30,65.80,65.82,65.73,65.73,92
2025.07.21,21:45,65.75,65.75,65.71,65.74,64
2025.07.21,22:00,65.71,65.75,65.71,65.72,53
2025.07.21,22:15,65.74,65.78,65.72,65.72,64
2025.07.21,22:30,65.74,65.75,65.69,65.70,36
2025.07.21,22:45,65.73,65.79,65.71,65.78,112
2025.07.22,00:00,65.77,65.81,65.74,65.80,70
2025.07.22,00:15,65.80,65.81,65.77,65.81,28
2025.07.22,00:30,65.81,65.85,65.79,65.82,27
2025.07.22,00:45,65.79,65.84,65.79,65.82,44
2025.07.22,01:00,65.80,65.83,65.80,65.81,15
2025.07.22,01:15,65.83,65.84,65.80,65.80,10
2025.07.22,01:30,65.81,65.82,65.79,65.82,38
2025.07.22,01:45,65.79,65.82,65.79,65.82,11
2025.07.22,02:00,65.80,65.83,65.76,65.78,106
2025.07.22,02:15,65.77,65.82,65.75,65.77,46
2025.07.22,02:30,65.74,65.74,65.66,65.71,69
2025.07.22,02:45,65.69,65.73,65.66,65.66,58
2025.07.22,03:00,65.68,65.70,65.55,65.60,297
2025.07.22,03:15,65.58,65.61,65.53,65.56,158
2025.07.22,03:30,65.57,65.58,65.42,65.45,171
2025.07.22,03:45,65.43,65.46,65.37,65.39,222
2025.07.22,04:00,65.40,65.41,65.27,65.32,211
2025.07.22,04:15,65.34,65.38,65.32,65.33,29
2025.07.22,04:30,65.33,65.39,65.32,65.34,186
2025.07.22,04:45,65.34,65.44,65.33,65.43,115
2025.07.22,05:00,65.41,65.44,65.36,65.44,116
2025.07.22,05:15,65.42,65.44,65.37,65.37,108
2025.07.22,05:30,65.38,65.41,65.32,65.40,76
2025.07.22,05:45,65.41,65.41,65.35,65.35,51
2025.07.22,06:00,65.37,65.37,65.32,65.36,45
2025.07.22,06:15,65.37,65.37,65.17,65.21,89
2025.07.22,06:30,65.22,65.27,65.20,65.24,77
2025.07.22,06:45,65.25,65.29,65.20,65.26,87
2025.07.22,07:00,65.27,65.31,65.22,65.30,59
2025.07.22,07:15,65.29,65.40,65.28,65.37,71
2025.07.22,07:30,65.38,65.54,65.38,65.44,258
2025.07.22,07:45,65.44,65.48,65.41,65.42,160
2025.07.22,08:00,65.41,65.54,65.39,65.54,172
2025.07.22,08:15,65.55,65.59,65.46,65.56,209
2025.07.22,08:30,65.55,65.60,65.47,65.57,194
2025.07.22,08:45,65.59,65.71,65.54,65.63,281
2025.07.22,09:00,65.61,65.66,65.50,65.64,307
2025.07.22,09:15,65.63,65.64,65.39,65.44,236
2025.07.22,09:30,65.45,65.49,65.34,65.36,234
2025.07.22,09:45,65.39,65.46,65.15,65.17,263
2025.07.22,10:00,65.18,65.39,65.05,65.37,398
2025.07.22,10:15,65.38,65.45,65.27,65.34,431
2025.07.22,10:30,65.35,65.43,65.19,65.22,435
2025.07.22,10:45,65.22,65.32,65.02,65.26,385
2025.07.22,11:00,65.23,65.49,65.20,65.43,396
2025.07.22,11:15,65.43,65.47,65.18,65.28,296
2025.07.22,11:30,65.26,65.36,65.20,65.27,402
2025.07.22,11:45,65.26,65.34,65.19,65.28,303
2025.07.22,12:00,65.29,65.35,65.23,65.34,331
2025.07.22,12:15,65.33,65.50,65.19,65.42,335
2025.07.22,12:30,65.45,65.49,65.40,65.44,263
2025.07.22,12:45,65.46,65.48,65.34,65.36,241
2025.07.22,13:00,65.38,65.53,65.33,65.40,261
2025.07.22,13:15,65.39,65.40,65.27,65.32,135
2025.07.22,13:30,65.32,65.37,65.22,65.28,337
2025.07.22,13:45,65.27,65.34,65.20,65.27,318
2025.07.22,14:00,65.27,65.39,65.21,65.36,209
2025.07.22,14:15,65.34,65.68,65.34,65.63,314
2025.07.22,14:30,65.64,65.79,65.50,65.54,366
2025.07.22,14:45,65.53,65.54,65.27,65.34,364
2025.07.22,15:00,65.33,65.38,65.13,65.17,677
2025.07.22,15:15,65.16,65.33,65.15,65.27,452
2025.07.22,15:30,65.27,65.44,64.91,65.01,613
2025.07.22,15:45,65.04,65.49,64.99,65.02,768
2025.07.22,16:00,65.01,65.07,64.83,64.96,734
2025.07.22,16:15,64.94,65.32,64.90,65.11,578
2025.07.22,16:30,65.10,65.23,64.97,65.06,441
2025.07.22,16:45,65.06,65.10,64.91,64.98,403
2025.07.22,17:00,64.99,65.22,64.86,64.95,553
2025.07.22,17:15,64.96,65.09,64.88,65.03,540
2025.07.22,17:30,65.04,65.25,64.94,65.24,440
2025.07.22,17:45,65.25,65.35,64.94,65.00,436
2025.07.22,18:00,64.99,65.02,64.80,64.95,303
2025.07.22,18:15,64.95,65.02,64.88,65.01,222
2025.07.22,18:30,65.01,65.11,64.90,65.08,241
2025.07.22,18:45,65.10,65.15,65.04,65.11,204
2025.07.22,19:00,65.10,65.15,64.96,65.00,178
2025.07.22,19:15,65.02,65.29,64.98,65.27,259
2025.07.22,19:30,65.25,65.33,65.20,65.31,250
2025.07.22,19:45,65.29,65.30,65.03,65.10,363
2025.07.22,20:00,65.09,65.16,64.96,65.13,364
2025.07.22,20:15,65.14,65.36,65.07,65.34,425
2025.07.22,20:30,65.35,65.43,65.30,65.39,226
2025.07.22,20:45,65.40,65.54,65.39,65.54,211
2025.07.22,21:00,65.51,65.57,65.49,65.55,123
2025.07.22,21:15,65.56,65.62,65.52,65.61,98
2025.07.22,21:30,65.62,65.63,65.52,65.55,83
2025.07.22,21:45,65.54,65.57,65.48,65.51,100
2025.07.22,22:00,65.50,65.59,65.48,65.59,102
2025.07.22,22:15,65.59,65.64,65.56,65.62,71
2025.07.22,22:30,65.60,65.62,65.42,65.47,173
2025.07.22,22:45,65.48,65.54,65.42,65.46,159
2025.07.23,00:00,65.42,65.51,65.42,65.48,130
2025.07.23,00:15,65.48,65.59,65.48,65.49,60
2025.07.23,00:30,65.51,65.51,65.48,65.49,20
2025.07.23,00:45,65.50,65.51,65.47,65.49,33
2025.07.23,01:00,65.48,65.57,65.47,65.57,41
2025.07.23,01:15,65.57,65.63,65.57,65.60,50
2025.07.23,01:30,65.60,65.68,65.58,65.64,51
2025.07.23,01:45,65.64,65.69,65.60,65.63,52
2025.07.23,02:00,65.61,65.62,65.50,65.58,212
2025.07.23,02:15,65.57,65.67,65.54,65.56,113
2025.07.23,02:30,65.59,65.63,65.55,65.63,85
2025.07.23,02:45,65.63,65.69,65.59,65.63,93
2025.07.23,03:00,65.63,65.77,65.51,65.72,483
2025.07.23,03:15,65.70,65.72,65.57,65.60,248
2025.07.23,03:30,65.59,65.60,65.42,65.53,387
2025.07.23,03:45,65.53,65.54,65.44,65.49,201
2025.07.23,04:00,65.48,65.53,65.45,65.52,173
2025.07.23,04:15,65.49,65.55,65.46,65.53,115
2025.07.23,04:30,65.52,65.61,65.49,65.55,179
2025.07.23,04:45,65.53,65.55,65.39,65.44,243
2025.07.23,05:00,65.44,65.49,65.40,65.46,163
2025.07.23,05:15,65.45,65.51,65.43,65.48,137
2025.07.23,05:30,65.47,65.49,65.41,65.44,101
2025.07.23,05:45,65.43,65.48,65.43,65.46,43
2025.07.23,06:00,65.45,65.49,65.44,65.44,51
2025.07.23,06:15,65.47,65.56,65.44,65.53,64
2025.07.23,06:30,65.55,65.55,65.50,65.54,48
2025.07.23,06:45,65.53,65.53,65.46,65.50,47
2025.07.23,07:00,65.49,65.59,65.49,65.58,94
2025.07.23,07:15,65.57,65.62,65.52,65.59,114
2025.07.23,07:30,65.60,65.64,65.56,65.59,231
2025.07.23,07:45,65.59,65.62,65.44,65.48,235
2025.07.23,08:00,65.50,65.50,65.25,65.29,254
2025.07.23,08:15,65.29,65.33,65.21,65.26,190
2025.07.23,08:30,65.24,65.28,65.17,65.24,221
2025.07.23,08:45,65.20,65.34,65.20,65.32,190
2025.07.23,09:00,65.32,65.51,65.31,65.44,260
2025.07.23,09:15,65.43,65.51,65.41,65.51,186
2025.07.23,09:30,65.48,65.51,65.31,65.35,247
2025.07.23,09:45,65.33,65.38,65.20,65.24,228
2025.07.23,10:00,65.24,65.32,65.11,65.24,295
2025.07.23,10:15,65.23,65.24,65.03,65.16,443
2025.07.23,10:30,65.15,65.21,65.10,65.15,414
2025.07.23,10:45,65.14,65.18,65.04,65.09,301
2025.07.23,11:00,65.12,65.27,65.06,65.23,289
2025.07.23,11:15,65.23,65.33,64.95,65.06,339
2025.07.23,11:30,65.05,65.14,65.02,65.03,264
2025.07.23,11:45,65.01,65.04,64.89,64.95,261
2025.07.23,12:00,64.96,64.96,64.75,64.86,286
2025.07.23,12:15,64.83,65.00,64.83,64.91,252
2025.07.23,12:30,64.90,64.92,64.71,64.75,247
2025.07.23,12:45,64.77,64.95,64.72,64.84,195
2025.07.23,13:00,64.86,64.86,64.73,64.82,242
2025.07.23,13:15,64.83,64.93,64.75,64.93,226
2025.07.23,13:30,64.92,64.93,64.81,64.88,146
2025.07.23,13:45,64.89,64.89,64.81,64.82,143
2025.07.23,14:00,64.83,64.94,64.76,64.88,280
2025.07.23,14:15,64.90,65.07,64.79,65.03,299
2025.07.23,14:30,65.03,65.09,64.96,64.97,226
2025.07.23,14:45,65.00,65.03,64.94,65.00,190
2025.07.23,15:00,65.00,65.11,64.78,65.03,603
2025.07.23,15:15,65.04,65.12,64.98,65.03,324
2025.07.23,15:30,65.05,65.23,64.94,65.17,506
2025.07.23,15:45,65.20,65.24,64.75,64.86,447
2025.07.23,16:00,64.86,64.98,64.79,64.92,378
2025.07.23,16:15,64.94,64.98,64.87,64.92,318
2025.07.23,16:30,64.93,65.11,64.84,64.92,776
2025.07.23,16:45,64.90,65.12,64.71,64.87,654
2025.07.23,17:00,64.86,64.93,64.72,64.81,429
2025.07.23,17:15,64.80,64.98,64.79,64.87,436
2025.07.23,17:30,64.86,65.12,64.72,64.85,467
2025.07.23,17:45,64.84,65.12,64.82,65.11,445
2025.07.23,18:00,65.08,65.28,65.00,65.19,584
2025.07.23,18:15,65.20,65.30,65.16,65.24,351
2025.07.23,18:30,65.22,65.27,65.10,65.10,272
2025.07.23,18:45,65.10,65.15,65.02,65.10,211
2025.07.23,19:00,65.11,65.25,65.04,65.22,263
2025.07.23,19:15,65.25,65.29,65.20,65.27,174
2025.07.23,19:30,65.28,65.33,65.20,65.30,196
2025.07.23,19:45,65.31,65.33,65.16,65.16,283
2025.07.23,20:00,65.20,65.22,65.13,65.19,216
2025.07.23,20:15,65.20,65.32,65.15,65.22,351
2025.07.23,20:30,65.23,65.46,65.21,65.40,173
2025.07.23,20:45,65.41,65.42,65.32,65.38,111
2025.07.23,21:00,65.36,65.42,65.36,65.42,70
2025.07.23,21:15,65.40,65.44,65.37,65.43,60
2025.07.23,21:30,65.42,65.51,65.41,65.49,91
2025.07.23,21:45,65.48,65.51,65.41,65.45,78
2025.07.23,22:00,65.45,65.47,65.40,65.41,105
2025.07.23,22:15,65.43,65.45,65.39,65.41,45
2025.07.23,22:30,65.41,65.44,65.35,65.42,44
2025.07.23,22:45,65.41,65.44,65.39,65.44,90
2025.07.24,00:00,65.39,65.46,65.36,65.40,110
2025.07.24,00:15,65.41,65.46,65.40,65.44,33
2025.07.24,00:30,65.43,65.46,65.42,65.44,29
2025.07.24,00:45,65.45,65.45,65.42,65.43,23
2025.07.24,01:00,65.45,65.45,65.40,65.43,17
2025.07.24,01:15,65.44,65.44,65.41,65.41,10
2025.07.24,01:30,65.41,65.45,65.41,65.43,22
2025.07.24,01:45,65.44,65.45,65.42,65.43,10
2025.07.24,02:00,65.43,65.52,65.41,65.47,146
2025.07.24,02:15,65.45,65.51,65.45,65.47,105
2025.07.24,02:30,65.49,65.49,65.45,65.49,47
2025.07.24,02:45,65.47,65.55,65.42,65.42,89
2025.07.24,03:00,65.46,65.57,65.41,65.48,359
2025.07.24,03:15,65.47,65.48,65.40,65.42,186
2025.07.24,03:30,65.40,65.45,65.37,65.40,115
2025.07.24,03:45,65.41,65.49,65.39,65.42,101
2025.07.24,04:00,65.44,65.47,65.35,65.42,130
2025.07.24,04:15,65.45,65.45,65.38,65.42,44
2025.07.24,04:30,65.43,65.45,65.37,65.41,174
2025.07.24,04:45,65.39,65.45,65.38,65.44,121
2025.07.24,05:00,65.43,65.54,65.43,65.50,187
2025.07.24,05:15,65.49,65.56,65.45,65.45,102
2025.07.24,05:30,65.47,65.51,65.44,65.50,56
2025.07.24,05:45,65.50,65.55,65.49,65.54,56
2025.07.24,06:00,65.52,65.61,65.52,65.55,63
2025.07.24,06:15,65.54,65.58,65.52,65.52,37
2025.07.24,06:30,65.52,65.56,65.52,65.53,22
2025.07.24,06:45,65.56,65.60,65.49,65.58,43
2025.07.24,07:00,65.60,65.60,65.49,65.53,83
2025.07.24,07:15,65.52,65.57,65.47,65.51,63
2025.07.24,07:30,65.49,65.56,65.45,65.46,238
2025.07.24,07:45,65.47,65.48,65.37,65.40,186
2025.07.24,08:00,65.42,65.75,65.40,65.73,301
2025.07.24,08:15,65.72,65.98,65.72,65.90,316
2025.07.24,08:30,65.92,66.23,65.89,66.11,453
2025.07.24,08:45,66.12,66.15,65.85,65.89,425
2025.07.24,09:00,65.89,65.90,65.68,65.70,428
2025.07.24,09:15,65.71,65.80,65.64,65.73,274
2025.07.24,09:30,65.72,65.86,65.67,65.81,285
2025.07.24,09:45,65.79,65.85,65.67,65.72,251
2025.07.24,10:00,65.76,65.90,65.70,65.78,365
2025.07.24,10:15,65.77,65.84,65.69,65.77,542
2025.07.24,10:30,65.74,66.04,65.69,65.97,414
2025.07.24,10:45,65.99,66.04,65.80,65.82,299
2025.07.24,11:00,65.83,65.97,65.80,65.94,297
2025.07.24,11:15,65.97,66.09,65.92,66.05,333
2025.07.24,11:30,66.05,66.18,66.00,66.15,299
2025.07.24,11:45,66.12,66.31,66.10,66.16,365
2025.07.24,12:00,66.14,66.17,65.96,65.98,269
2025.07.24,12:15,65.99,66.11,65.97,66.02,156
2025.07.24,12:30,66.01,66.06,65.76,65.81,259
2025.07.24,12:45,65.78,65.97,65.77,65.94,230
2025.07.24,13:00,65.93,65.98,65.75,65.89,252
2025.07.24,13:15,65.88,65.89,65.74,65.79,247
2025.07.24,13:30,65.76,65.79,65.65,65.65,294
2025.07.24,13:45,65.66,65.82,65.64,65.80,238
2025.07.24,14:00,65.79,65.79,65.58,65.67,327
2025.07.24,14:15,65.69,65.98,65.68,65.96,340
2025.07.24,14:30,65.96,66.05,65.88,65.94,320
2025.07.24,14:45,65.94,66.07,65.91,66.05,252
2025.07.24,15:00,66.06,66.15,65.93,65.96,584
2025.07.24,15:15,65.99,66.19,65.92,65.96,468
2025.07.24,15:30,65.94,65.96,65.67,65.81,671
2025.07.24,15:45,65.79,66.02,65.79,65.98,494
2025.07.24,16:00,65.99,66.11,65.87,65.92,483
2025.07.24,16:15,65.90,66.29,65.90,66.27,610
2025.07.24,16:30,66.24,66.34,66.13,66.18,535
2025.07.24,16:45,66.21,66.35,66.19,66.23,415
2025.07.24,17:00,66.24,66.38,66.06,66.08,503
2025.07.24,17:15,66.09,66.36,65.88,66.27,636
2025.07.24,17:30,66.29,66.31,66.04,66.07,419
2025.07.24,17:45,66.08,66.35,66.00,66.26,395
2025.07.24,18:00,66.27,66.31,65.96,66.00,319
2025.07.24,18:15,66.01,66.05,65.93,65.96,296
2025.07.24,18:30,65.97,66.09,65.42,65.75,1001
2025.07.24,18:45,65.77,65.84,65.36,65.37,588
2025.07.24,19:00,65.38,65.52,65.32,65.44,433
2025.07.24,19:15,65.43,65.53,65.31,65.41,352
2025.07.24,19:30,65.38,65.56,65.36,65.50,330
2025.07.24,19:45,65.50,65.51,65.38,65.41,297
2025.07.24,20:00,65.42,65.68,65.38,65.65,334
2025.07.24,20:15,65.66,66.06,65.57,66.03,454
2025.07.24,20:30,66.03,66.14,66.02,66.05,223
2025.07.24,20:45,66.05,66.12,66.04,66.11,115
2025.07.24,21:00,66.11,66.25,66.09,66.17,160
2025.07.24,21:15,66.18,66.21,66.13,66.18,93
2025.07.24,21:30,66.20,66.26,66.17,66.20,81
2025.07.24,21:45,66.20,66.25,66.17,66.18,97
2025.07.24,22:00,66.16,66.20,66.09,66.09,86
2025.07.24,22:15,66.10,66.10,66.01,66.05,79
2025.07.24,22:30,66.06,66.14,66.04,66.12,82
2025.07.24,22:45,66.14,66.19,66.10,66.14,136
2025.07.25,00:00,66.14,66.17,66.08,66.10,62
2025.07.25,00:15,66.09,66.13,66.08,66.12,31
2025.07.25,00:30,66.11,66.15,66.10,66.11,11
2025.07.25,00:45,66.13,66.14,66.10,66.14,13
2025.07.25,01:00,66.15,66.20,66.13,66.19,36
2025.07.25,01:15,66.18,66.20,66.16,66.18,14
2025.07.25,01:30,66.17,66.21,66.16,66.19,29
2025.07.25,01:45,66.20,66.23,66.18,66.22,22
2025.07.25,02:00,66.19,66.23,66.16,66.19,112
2025.07.25,02:15,66.17,66.23,66.15,66.15,84
2025.07.25,02:30,66.15,66.18,66.14,66.17,31
2025.07.25,02:45,66.17,66.19,66.09,66.09,71
2025.07.25,03:00,66.12,66.27,66.05,66.08,464
2025.07.25,03:15,66.07,66.18,66.03,66.16,189
2025.07.25,03:30,66.13,66.36,66.10,66.36,387
2025.07.25,03:45,66.36,66.41,66.33,66.34,174
2025.07.25,04:00,66.35,66.48,66.34,66.45,187
2025.07.25,04:15,66.42,66.43,66.32,66.38,91
2025.07.25,04:30,66.38,66.44,66.36,66.39,163
2025.07.25,04:45,66.40,66.42,66.31,66.33,193
2025.07.25,05:00,66.34,66.39,66.28,66.31,196
2025.07.25,05:15,66.31,66.36,66.21,66.26,216
2025.07.25,05:30,66.25,66.26,66.10,66.11,189
2025.07.25,05:45,66.13,66.15,66.10,66.13,69
2025.07.25,06:00,66.14,66.22,66.12,66.21,58
2025.07.25,06:15,66.20,66.24,66.16,66.23,62
2025.07.25,06:30,66.22,66.23,66.12,66.15,82
2025.07.25,06:45,66.14,66.18,66.13,66.13,35
2025.07.25,07:00,66.13,66.21,66.12,66.19,69
2025.07.25,07:15,66.17,66.33,66.16,66.32,148
2025.07.25,07:30,66.32,66.41,66.30,66.40,247
2025.07.25,07:45,66.38,66.57,66.38,66.51,334
2025.07.25,08:00,66.49,66.72,66.49,66.52,235
2025.07.25,08:15,66.54,66.62,66.49,66.54,161
2025.07.25,08:30,66.53,66.59,66.39,66.43,223
2025.07.25,08:45,66.43,66.61,66.41,66.56,230
2025.07.25,09:00,66.56,66.61,66.45,66.56,314
2025.07.25,09:15,66.57,66.60,66.44,66.46,249
2025.07.25,09:30,66.47,66.50,66.26,66.27,303
2025.07.25,09:45,66.25,66.37,66.23,66.32,220
2025.07.25,10:00,66.30,66.40,66.27,66.36,237
2025.07.25,10:15,66.35,66.45,66.18,66.41,461
2025.07.25,10:30,66.40,66.54,66.36,66.43,336
2025.07.25,10:45,66.43,66.48,66.21,66.27,281
2025.07.25,11:00,66.26,66.39,66.20,66.27,361
2025.07.25,11:15,66.26,66.38,66.25,66.29,259
2025.07.25,11:30,66.30,66.30,66.04,66.26,342
2025.07.25,11:45,66.26,66.33,66.18,66.21,260
2025.07.25,12:00,66.23,66.23,66.09,66.20,270
2025.07.25,12:15,66.18,66.26,66.07,66.16,196
2025.07.25,12:30,66.13,66.27,66.11,66.23,188
2025.07.25,12:45,66.22,66.35,66.15,66.32,208
2025.07.25,13:00,66.31,66.33,66.20,66.21,167
2025.07.25,13:15,66.20,66.28,66.18,66.24,151
2025.07.25,13:30,66.23,66.27,66.16,66.20,163
2025.07.25,13:45,66.18,66.33,66.18,66.27,114
2025.07.25,14:00,66.28,66.42,66.22,66.32,277
2025.07.25,14:15,66.31,66.40,66.23,66.34,270
2025.07.25,14:30,66.37,66.40,66.19,66.39,341
2025.07.25,14:45,66.37,66.54,66.33,66.49,323
2025.07.25,15:00,66.52,66.55,66.16,66.35,651
2025.07.25,15:15,66.34,66.40,66.15,66.18,399
2025.07.25,15:30,66.17,66.17,65.83,65.83,622
2025.07.25,15:45,65.82,66.01,65.78,65.82,551
2025.07.25,16:00,65.82,65.91,65.48,65.52,712
2025.07.25,16:15,65.50,65.69,65.48,65.62,552
2025.07.25,16:30,65.61,65.67,65.47,65.63,431
2025.07.25,16:45,65.63,65.75,65.53,65.53,477
2025.07.25,17:00,65.54,65.63,65.46,65.52,494
2025.07.25,17:15,65.52,65.60,65.39,65.45,429
2025.07.25,17:30,65.47,65.49,65.22,65.30,491
2025.07.25,17:45,65.31,65.38,65.25,65.28,331
2025.07.25,18:00,65.25,65.35,65.23,65.33,256
2025.07.25,18:15,65.32,65.40,65.23,65.34,262
2025.07.25,18:30,65.37,65.43,65.24,65.25,224
2025.07.25,18:45,65.27,65.45,65.24,65.32,275
2025.07.25,19:00,65.33,65.52,65.32,65.44,277
2025.07.25,19:15,65.42,65.49,65.37,65.37,166
2025.07.25,19:30,65.40,65.40,65.04,65.14,389
2025.07.25,19:45,65.12,65.19,65.05,65.13,250
2025.07.25,20:00,65.15,65.22,65.08,65.14,283
2025.07.25,20:15,65.13,65.24,65.11,65.16,362
2025.07.25,20:30,65.14,65.16,65.05,65.14,116
2025.07.25,20:45,65.15,65.16,65.08,65.12,81
2025.07.25,21:00,65.15,65.15,65.08,65.09,73
2025.07.25,21:15,65.11,65.15,65.08,65.09,46
2025.07.25,21:30,65.12,65.21,65.12,65.18,86
2025.07.25,21:45,65.19,65.20,65.00,65.04,147
2025.07.28,00:00,65.15,65.33,65.06,65.25,322
2025.07.28,00:15,65.24,65.29,65.16,65.17,90
2025.07.28,00:30,65.17,65.21,65.15,65.15,63
2025.07.28,00:45,65.16,65.19,65.09,65.12,71
2025.07.28,01:00,65.09,65.18,65.09,65.15,67
2025.07.28,01:15,65.18,65.21,65.13,65.19,48
2025.07.28,01:30,65.19,65.28,65.19,65.25,62
2025.07.28,01:45,65.26,65.28,65.22,65.28,62
2025.07.28,02:00,65.29,65.35,65.24,65.35,107
2025.07.28,02:15,65.33,65.37,65.29,65.31,99
2025.07.28,02:30,65.33,65.37,65.30,65.35,46
2025.07.28,02:45,65.33,65.40,65.33,65.40,47
2025.07.28,03:00,65.37,65.50,65.31,65.48,365
2025.07.28,03:15,65.50,65.54,65.44,65.48,165
2025.07.28,03:30,65.45,65.56,65.31,65.47,263
2025.07.28,03:45,65.48,65.48,65.35,65.35,118
2025.07.28,04:00,65.35,65.40,65.32,65.40,120
2025.07.28,04:15,65.37,65.39,65.32,65.38,57
2025.07.28,04:30,65.41,65.46,65.39,65.43,109
2025.07.28,04:45,65.42,65.49,65.40,65.47,107
2025.07.28,05:00,65.46,65.46,65.36,65.40,152
2025.07.28,05:15,65.40,65.41,65.27,65.32,172
2025.07.28,05:30,65.31,65.37,65.25,65.36,85
2025.07.28,05:45,65.33,65.35,65.31,65.33,27
2025.07.28,06:00,65.34,65.39,65.32,65.36,41
2025.07.28,06:15,65.37,65.41,65.35,65.39,40
2025.07.28,06:30,65.39,65.45,65.39,65.44,25
2025.07.28,06:45,65.47,65.51,65.44,65.48,68
2025.07.28,07:00,65.48,65.62,65.48,65.59,129
2025.07.28,07:15,65.60,65.60,65.51,65.56,85
2025.07.28,07:30,65.54,65.56,65.43,65.43,210
2025.07.28,07:45,65.43,65.53,65.41,65.48,139
2025.07.28,08:00,65.51,65.68,65.46,65.68,203
2025.07.28,08:15,65.65,65.78,65.65,65.72,242
2025.07.28,08:30,65.70,65.79,65.70,65.73,192
2025.07.28,08:45,65.72,65.75,65.61,65.71,192
2025.07.28,09:00,65.70,65.75,65.54,65.57,335
2025.07.28,09:15,65.54,65.60,65.46,65.48,258
2025.07.28,09:30,65.49,65.51,65.28,65.34,324
2025.07.28,09:45,65.34,65.40,65.25,65.35,226
2025.07.28,10:00,65.35,65.46,65.29,65.36,324
2025.07.28,10:15,65.38,65.58,65.36,65.53,370
2025.07.28,10:30,65.55,65.58,65.41,65.54,284
2025.07.28,10:45,65.51,65.78,65.50,65.74,274
2025.07.28,11:00,65.75,65.83,65.66,65.68,334
2025.07.28,11:15,65.66,65.76,65.63,65.66,238
2025.07.28,11:30,65.66,65.69,65.57,65.60,255
2025.07.28,11:45,65.60,65.80,65.60,65.76,250
2025.07.28,12:00,65.77,65.84,65.70,65.79,251
2025.07.28,12:15,65.77,65.92,65.74,65.88,210
2025.07.28,12:30,65.89,65.90,65.81,65.83,241
2025.07.28,12:45,65.84,65.94,65.82,65.84,212
2025.07.28,13:00,65.85,65.97,65.82,65.96,177
2025.07.28,13:15,65.95,66.00,65.92,65.95,175
2025.07.28,13:30,65.95,66.07,65.95,66.03,185
2025.07.28,13:45,66.01,66.24,65.99,66.22,399
2025.07.28,14:00,66.22,66.43,66.20,66.32,628
2025.07.28,14:15,66.32,66.38,66.24,66.33,313
2025.07.28,14:30,66.34,66.48,66.32,66.46,293
2025.07.28,14:45,66.48,66.51,66.36,66.44,300
2025.07.28,15:00,66.43,67.04,66.27,66.90,1397
2025.07.28,15:15,66.90,66.96,66.59,66.68,846
2025.07.28,15:30,66.67,66.75,66.54,66.58,707
2025.07.28,15:45,66.57,66.83,66.55,66.82,453
2025.07.28,16:00,66.79,66.94,66.58,66.60,501
2025.07.28,16:15,66.63,66.68,66.50,66.59,446
2025.07.28,16:30,66.61,66.70,66.48,66.53,448
2025.07.28,16:45,66.52,66.52,66.41,66.46,423
2025.07.28,17:00,66.48,66.49,66.28,66.30,406
2025.07.28,17:15,66.28,66.39,66.23,66.32,512
2025.07.28,17:30,66.32,66.53,66.21,66.42,444
2025.07.28,17:45,66.39,66.55,66.36,66.40,339
2025.07.28,18:00,66.41,66.54,66.40,66.44,182
2025.07.28,18:15,66.45,66.58,66.42,66.54,164
2025.07.28,18:30,66.55,66.58,66.43,66.49,222
2025.07.28,18:45,66.47,66.56,66.41,66.54,186
2025.07.28,19:00,66.53,66.55,66.42,66.45,175
2025.07.28,19:15,66.44,66.47,66.37,66.40,175
2025.07.28,19:30,66.41,66.45,66.34,66.44,170
2025.07.28,19:45,66.43,66.62,66.41,66.51,188
2025.07.28,20:00,66.54,66.55,66.39,66.46,300
2025.07.28,20:15,66.43,66.75,66.41,66.75,435
2025.07.28,20:30,66.73,66.93,66.72,66.87,273
2025.07.28,20:45,66.87,66.91,66.84,66.89,134
2025.07.28,21:00,66.90,66.91,66.81,66.81,103
2025.07.28,21:15,66.82,66.86,66.80,66.85,96
2025.07.28,21:30,66.82,66.93,66.82,66.92,76
2025.07.28,21:45,66.92,67.13,66.90,67.10,176
2025.07.28,22:00,67.09,67.10,67.02,67.06,99
2025.07.28,22:15,67.06,67.08,67.00,67.01,76
2025.07.28,22:30,67.00,67.00,66.92,66.94,85
2025.07.28,22:45,66.96,66.99,66.94,66.97,77
2025.07.29,00:00,66.98,67.08,66.97,67.02,90
2025.07.29,00:15,67.00,67.04,66.99,66.99,37
2025.07.29,00:30,67.01,67.01,66.95,66.97,23
2025.07.29,00:45,66.97,67.00,66.96,66.98,18
2025.07.29,01:00,66.95,66.99,66.95,66.98,29
2025.07.29,01:15,66.97,66.97,66.92,66.95,24
2025.07.29,01:30,66.96,66.96,66.93,66.96,16
2025.07.29,01:45,66.95,66.96,66.94,66.95,6
2025.07.29,02:00,66.96,66.98,66.81,66.83,121
2025.07.29,02:15,66.81,66.89,66.81,66.85,52
2025.07.29,02:30,66.83,66.89,66.81,66.82,49
2025.07.29,02:45,66.81,66.89,66.81,66.88,100
2025.07.29,03:00,66.87,66.87,66.70,66.71,275
2025.07.29,03:15,66.70,66.75,66.68,66.73,90
2025.07.29,03:30,66.73,66.79,66.68,66.70,170
2025.07.29,03:45,66.71,66.74,66.65,66.67,113
2025.07.29,04:00,66.67,66.74,66.63,66.73,130
2025.07.29,04:15,66.72,66.72,66.65,66.69,58
2025.07.29,04:30,66.69,66.77,66.69,66.74,76
2025.07.29,04:45,66.73,66.82,66.70,66.80,129
2025.07.29,05:00,66.79,66.81,66.68,66.76,101
2025.07.29,05:15,66.73,66.78,66.68,66.71,124
2025.07.29,05:30,66.72,66.72,66.67,66.67,30
2025.07.29,05:45,66.69,66.70,66.57,66.57,31
2025.07.29,06:00,66.60,66.62,66.56,66.59,43
2025.07.29,06:15,66.59,66.63,66.55,66.58,37
2025.07.29,06:30,66.56,66.58,66.56,66.58,8
2025.07.29,06:45,66.56,66.64,66.56,66.60,34
2025.07.29,07:00,66.59,66.62,66.50,66.57,80
2025.07.29,07:15,66.55,66.59,66.54,66.54,52
2025.07.29,07:30,66.55,66.66,66.55,66.62,137
2025.07.29,07:45,66.65,66.72,66.62,66.69,66
2025.07.29,08:00,66.70,66.79,66.66,66.73,184
2025.07.29,08:15,66.72,66.79,66.67,66.69,113
2025.07.29,08:30,66.70,66.78,66.67,66.76,139
2025.07.29,08:45,66.75,66.79,66.60,66.63,203
2025.07.29,09:00,66.66,66.75,66.55,66.64,324
2025.07.29,09:15,66.65,66.85,66.62,66.78,278
2025.07.29,09:30,66.77,66.86,66.73,66.73,206
2025.07.29,09:45,66.76,66.79,66.55,66.61,301
2025.07.29,10:00,66.60,66.70,66.57,66.67,271
2025.07.29,10:15,66.67,66.89,66.62,66.88,343
2025.07.29,10:30,66.86,67.19,66.86,67.16,425
2025.07.29,10:45,67.17,67.25,67.11,67.21,326
2025.07.29,11:00,67.24,67.25,67.15,67.21,236
2025.07.29,11:15,67.19,67.26,67.16,67.18,163
2025.07.29,11:30,67.19,67.23,67.04,67.19,198
2025.07.29,11:45,67.20,67.22,67.01,67.04,246
2025.07.29,12:00,67.05,67.17,67.00,67.04,248
2025.07.29,12:15,67.03,67.09,66.93,66.95,249
2025.07.29,12:30,66.96,67.03,66.78,66.80,291
2025.07.29,12:45,66.81,66.82,66.68,66.69,214
2025.07.29,13:00,66.70,66.75,66.62,66.65,254
2025.07.29,13:15,66.65,66.73,66.59,66.70,242
2025.07.29,13:30,66.71,66.71,66.64,66.67,152
2025.07.29,13:45,66.67,66.86,66.67,66.82,158
2025.07.29,14:00,66.83,66.97,66.76,66.94,285
2025.07.29,14:15,66.96,67.10,66.90,67.06,213
2025.07.29,14:30,67.08,67.19,67.05,67.17,286
2025.07.29,14:45,67.15,67.21,67.08,67.19,260
2025.07.29,15:00,67.16,67.45,67.05,67.38,569
2025.07.29,15:15,67.41,67.41,67.23,67.32,406
2025.07.29,15:30,67.31,67.42,67.26,67.35,397
2025.07.29,15:45,67.36,67.55,67.20,67.51,439
2025.07.29,16:00,67.52,67.57,67.41,67.47,396
2025.07.29,16:15,67.46,67.62,67.45,67.56,363
2025.07.29,16:30,67.57,67.61,67.45,67.51,388
2025.07.29,16:45,67.52,67.54,67.40,67.47,479
2025.07.29,17:00,67.45,67.72,67.38,67.63,519
2025.07.29,17:15,67.65,67.69,67.43,67.51,446
2025.07.29,17:30,67.53,67.77,67.48,67.72,482
2025.07.29,17:45,67.73,67.76,67.63,67.68,341
2025.07.29,18:00,67.71,67.87,67.65,67.80,329
2025.07.29,18:15,67.79,67.88,67.74,67.84,239
2025.07.29,18:30,67.83,67.83,67.65,67.65,220
2025.07.29,18:45,67.63,67.73,67.60,67.68,188
2025.07.29,19:00,67.71,67.80,67.64,67.73,168
2025.07.29,19:15,67.76,67.79,67.60,67.73,222
2025.07.29,19:30,67.76,68.71,67.73,68.69,1043
2025.07.29,19:45,68.69,69.14,68.52,68.94,1721
2025.07.29,20:00,68.98,69.09,68.72,68.99,964
2025.07.29,20:15,68.98,69.44,68.96,69.21,1070
2025.07.29,20:30,69.22,69.52,69.11,69.42,519
2025.07.29,20:45,69.39,69.73,69.34,69.43,481
2025.07.29,21:00,69.45,69.50,69.34,69.41,256
2025.07.29,21:15,69.42,69.43,69.26,69.34,216
2025.07.29,21:30,69.33,69.34,69.23,69.30,193
2025.07.29,21:45,69.27,69.36,69.27,69.32,140
2025.07.29,22:00,69.35,69.48,69.31,69.44,215
2025.07.29,22:15,69.45,69.52,69.36,69.38,144
2025.07.29,22:30,69.37,69.40,69.12,69.12,341
2025.07.29,22:45,69.14,69.32,69.09,69.28,304
2025.07.30,00:00,69.31,69.31,69.17,69.20,84
2025.07.30,00:15,69.21,69.28,69.19,69.28,50
2025.07.30,00:30,69.27,69.30,69.23,69.28,76
2025.07.30,00:45,69.28,69.28,69.21,69.27,38
2025.07.30,01:00,69.26,69.26,69.17,69.19,51
2025.07.30,01:15,69.18,69.22,69.13,69.13,41
2025.07.30,01:30,69.15,69.21,69.15,69.17,54
2025.07.30,01:45,69.19,69.21,69.15,69.15,29
2025.07.30,02:00,69.16,69.26,69.11,69.22,321
2025.07.30,02:15,69.21,69.26,69.10,69.18,165
2025.07.30,02:30,69.17,69.25,69.15,69.22,130
2025.07.30,02:45,69.23,69.30,69.20,69.22,125
2025.07.30,03:00,69.23,69.24,69.05,69.15,749
2025.07.30,03:15,69.16,69.19,69.05,69.11,329
2025.07.30,03:30,69.10,69.22,69.01,69.20,307
2025.07.30,03:45,69.18,69.23,69.14,69.23,153
2025.07.30,04:00,69.21,69.25,69.15,69.21,172
2025.07.30,04:15,69.23,69.26,69.17,69.24,108
2025.07.30,04:30,69.22,69.25,69.16,69.18,178
2025.07.30,04:45,69.18,69.23,69.11,69.14,168
2025.07.30,05:00,69.12,69.15,69.03,69.07,229
2025.07.30,05:15,69.05,69.12,68.99,69.08,156
2025.07.30,05:30,69.09,69.14,69.03,69.11,170
2025.07.30,05:45,69.12,69.25,69.08,69.22,136
2025.07.30,06:00,69.22,69.33,69.21,69.30,117
2025.07.30,06:15,69.29,69.30,69.25,69.29,69
2025.07.30,06:30,69.26,69.30,69.23,69.24,20
2025.07.30,06:45,69.24,69.29,69.23,69.26,46
2025.07.30,07:00,69.23,69.27,69.23,69.26,62
2025.07.30,07:15,69.25,69.25,69.15,69.15,43
2025.07.30,07:30,69.16,69.22,69.12,69.16,122
2025.07.30,07:45,69.13,69.16,69.08,69.10,106
2025.07.30,08:00,69.11,69.11,68.98,69.05,250
2025.07.30,08:15,69.05,69.15,69.04,69.14,232
2025.07.30,08:30,69.10,69.23,69.10,69.19,212
2025.07.30,08:45,69.18,69.33,69.17,69.25,214
2025.07.30,09:00,69.26,69.30,69.19,69.24,248
2025.07.30,09:15,69.26,69.38,69.21,69.31,266
2025.07.30,09:30,69.32,69.69,69.32,69.69,357
2025.07.30,09:45,69.68,69.78,69.61,69.72,368
2025.07.30,10:00,69.69,69.77,69.48,69.51,449
2025.07.30,10:15,69.50,69.51,69.15,69.35,672
2025.07.30,10:30,69.38,69.38,68.84,68.85,529
2025.07.30,10:45,68.86,69.07,68.83,68.97,448
2025.07.30,11:00,68.94,68.95,68.82,68.83,353
2025.07.30,11:15,68.86,68.89,68.76,68.83,243
2025.07.30,11:30,68.83,68.92,68.75,68.81,235
2025.07.30,11:45,68.81,68.90,68.69,68.76,248
2025.07.30,12:00,68.77,68.80,68.60,68.63,248
2025.07.30,12:15,68.62,68.64,68.50,68.58,223
2025.07.30,12:30,68.59,68.59,68.43,68.49,218
2025.07.30,12:45,68.50,68.64,68.46,68.54,299
2025.07.30,13:00,68.56,68.63,68.44,68.60,314
2025.07.30,13:15,68.62,68.73,68.59,68.68,247
2025.07.30,13:30,68.67,68.84,68.64,68.84,239
2025.07.30,13:45,68.82,68.99,68.82,68.92,208
2025.07.30,14:00,68.96,69.56,68.92,69.34,743
2025.07.30,14:15,69.34,69.39,69.12,69.19,620
2025.07.30,14:30,69.18,69.64,69.18,69.49,643
2025.07.30,14:45,69.50,69.58,69.22,69.56,492
2025.07.30,15:00,69.55,69.55,69.30,69.44,710
2025.07.30,15:15,69.41,69.67,69.41,69.65,471
2025.07.30,15:30,69.63,69.75,69.48,69.60,523
2025.07.30,15:45,69.60,69.69,69.46,69.52,516
2025.07.30,16:00,69.54,69.65,69.48,69.54,430
2025.07.30,16:15,69.53,69.61,69.41,69.47,420
2025.07.30,16:30,69.45,69.57,69.26,69.47,896
2025.07.30,16:45,69.45,69.66,69.43,69.60,523
2025.07.30,17:00,69.61,69.84,69.59,69.64,519
2025.07.30,17:15,69.63,69.78,69.55,69.64,549
2025.07.30,17:30,69.67,69.98,69.65,69.95,470
2025.07.30,17:45,69.93,70.26,69.87,70.17,562
2025.07.30,18:00,70.20,70.33,70.11,70.24,467
2025.07.30,18:15,70.21,70.24,69.99,70.07,382
2025.07.30,18:30,70.07,70.26,70.04,70.19,309
2025.07.30,18:45,70.21,70.27,70.16,70.22,275
2025.07.30,19:00,70.25,70.33,70.15,70.26,290
2025.07.30,19:15,70.23,70.39,70.23,70.36,270
2025.07.30,19:30,70.39,70.51,70.33,70.44,270
2025.07.30,19:45,70.43,70.47,70.30,70.38,331
2025.07.30,20:00,70.35,70.37,69.94,70.09,709
2025.07.30,20:15,70.10,70.15,69.84,70.01,677
2025.07.30,20:30,70.00,70.17,69.92,70.13,308
2025.07.30,20:45,70.12,70.22,70.04,70.19,352
2025.07.30,21:00,70.16,70.22,70.03,70.19,292
2025.07.30,21:15,70.17,70.31,70.15,70.24,209
2025.07.30,21:30,70.21,70.25,70.15,70.22,192
2025.07.30,21:45,70.25,70.47,70.24,70.41,263
2025.07.30,22:00,70.42,70.42,70.31,70.35,174
2025.07.30,22:15,70.35,70.38,70.29,70.29,103
2025.07.30,22:30,70.28,70.36,70.27,70.31,150
2025.07.30,22:45,70.32,70.34,70.26,70.31,123
2025.07.31,00:00,70.29,70.31,70.16,70.20,75
2025.07.31,00:15,70.20,70.28,70.20,70.28,53
2025.07.31,00:30,70.26,70.31,70.24,70.24,36
2025.07.31,00:45,70.26,70.27,70.22,70.23,43
2025.07.31,01:00,70.22,70.26,70.20,70.21,32
2025.07.31,01:15,70.22,70.26,70.22,70.23,19
2025.07.31,01:30,70.26,70.31,70.23,70.29,32
2025.07.31,01:45,70.31,70.38,70.31,70.36,33
2025.07.31,02:00,70.38,70.39,70.29,70.33,198
2025.07.31,02:15,70.31,70.39,70.30,70.37,110
2025.07.31,02:30,70.36,70.40,70.26,70.30,125
2025.07.31,02:45,70.30,70.34,70.16,70.18,144
2025.07.31,03:00,70.18,70.20,70.13,70.17,270
2025.07.31,03:15,70.16,70.17,70.06,70.10,185
2025.07.31,03:30,70.09,70.16,70.04,70.05,208
2025.07.31,03:45,70.04,70.07,69.98,70.01,152
2025.07.31,04:00,70.02,70.04,69.95,69.95,140
2025.07.31,04:15,69.98,69.98,69.90,69.92,106
2025.07.31,04:30,69.91,70.02,69.89,70.01,148
2025.07.31,04:45,69.99,70.02,69.95,69.98,139
2025.07.31,05:00,70.01,70.02,69.90,69.98,117
2025.07.31,05:15,69.96,70.00,69.89,69.94,109
2025.07.31,05:30,69.97,70.02,69.92,69.92,100
2025.07.31,05:45,69.91,69.96,69.89,69.89,65
2025.07.31,06:00,69.91,69.98,69.88,69.93,103
2025.07.31,06:15,69.90,69.93,69.81,69.83,109
2025.07.31,06:30,69.84,69.86,69.80,69.84,74
2025.07.31,06:45,69.82,69.86,69.81,69.82,60
2025.07.31,07:00,69.84,69.87,69.81,69.83,52
2025.07.31,07:15,69.84,69.85,69.78,69.82,78
2025.07.31,07:30,69.83,69.90,69.79,69.85,257
2025.07.31,07:45,69.85,69.98,69.84,69.98,189
2025.07.31,08:00,69.97,70.12,69.91,69.91,291
2025.07.31,08:15,69.91,69.92,69.78,69.79,250
2025.07.31,08:30,69.80,69.88,69.78,69.80,230
2025.07.31,08:45,69.81,69.93,69.78,69.88,226
2025.07.31,09:00,69.88,70.08,69.82,70.02,328
2025.07.31,09:15,70.02,70.05,69.89,69.97,249
2025.07.31,09:30,69.97,70.13,69.95,70.09,282
2025.07.31,09:45,70.12,70.24,70.09,70.14,299
2025.07.31,10:00,70.13,70.17,69.95,69.97,366
2025.07.31,10:15,69.98,70.08,69.88,70.06,451
2025.07.31,10:30,70.07,70.10,69.78,69.94,422
2025.07.31,10:45,69.90,69.95,69.74,69.92,306
2025.07.31,11:00,69.91,69.93,69.78,69.80,274
2025.07.31,11:15,69.82,69.86,69.70,69.79,322
2025.07.31,11:30,69.78,69.80,69.39,69.40,372
2025.07.31,11:45,69.41,69.52,69.35,69.38,286
2025.07.31,12:00,69.37,69.52,69.34,69.51,206
2025.07.31,12:15,69.52,69.62,69.38,69.59,331
2025.07.31,12:30,69.60,69.70,69.57,69.66,176
2025.07.31,12:45,69.65,69.69,69.57,69.67,199
2025.07.31,13:00,69.68,69.73,69.45,69.57,223
2025.07.31,13:15,69.56,69.61,69.38,69.54,281
2025.07.31,13:30,69.55,69.69,69.52,69.63,352
2025.07.31,13:45,69.62,69.79,69.55,69.67,312
2025.07.31,14:00,69.67,69.69,69.46,69.49,287
2025.07.31,14:15,69.46,69.67,69.45,69.62,218
2025.07.31,14:30,69.64,69.70,69.54,69.61,313
2025.07.31,14:45,69.63,69.68,69.50,69.56,219
2025.07.31,15:00,69.59,69.68,69.21,69.25,598
2025.07.31,15:15,69.25,69.48,69.23,69.38,443
2025.07.31,15:30,69.36,69.42,69.19,69.28,564
2025.07.31,15:45,69.28,69.53,69.26,69.43,390
2025.07.31,16:00,69.45,69.81,69.34,69.76,469
2025.07.31,16:15,69.78,69.87,69.68,69.77,380
2025.07.31,16:30,69.75,69.77,69.33,69.46,474
2025.07.31,16:45,69.42,69.45,69.07,69.10,477
2025.07.31,17:00,69.07,69.16,68.65,68.70,738
2025.07.31,17:15,68.73,68.84,68.54,68.78,772
2025.07.31,17:30,68.78,68.88,68.63,68.71,612
2025.07.31,17:45,68.71,68.79,68.57,68.70,418
2025.07.31,18:00,68.69,69.13,68.66,68.96,486
2025.07.31,18:15,68.95,69.17,68.92,69.15,316
2025.07.31,18:30,69.14,69.49,69.14,69.42,437
2025.07.31,18:45,69.43,69.43,69.26,69.32,288
2025.07.31,19:00,69.30,69.36,69.19,69.32,231
2025.07.31,19:15,69.33,69.38,69.03,69.12,351
2025.07.31,19:30,69.09,69.14,68.92,69.04,297
2025.07.31,19:45,69.07,69.15,68.91,69.05,329
2025.07.31,20:00,69.06,69.18,68.86,69.00,429
2025.07.31,20:15,69.01,69.31,68.89,69.31,508
2025.07.31,20:30,69.30,69.45,69.25,69.28,243
2025.07.31,20:45,69.25,69.27,69.17,69.21,129
2025.07.31,21:00,69.19,69.21,69.02,69.03,131
2025.07.31,21:15,69.02,69.14,69.02,69.14,119
2025.07.31,21:30,69.14,69.19,69.10,69.12,128
2025.07.31,21:45,69.13,69.20,69.02,69.18,148
2025.07.31,22:00,69.18,69.46,69.12,69.44,252
2025.07.31,22:15,69.47,69.47,69.30,69.34,184
2025.07.31,22:30,69.32,69.42,69.30,69.39,163
2025.07.31,22:45,69.39,69.42,69.31,69.37,154
2025.08.01,00:00,69.33,69.45,69.25,69.43,129
2025.08.01,00:15,69.42,69.42,69.31,69.34,63
2025.08.01,00:30,69.33,69.37,69.31,69.37,24
2025.08.01,00:45,69.38,69.40,69.36,69.40,42
2025.08.01,01:00,69.39,69.42,69.36,69.38,75
2025.08.01,01:15,69.35,69.38,69.33,69.35,21
2025.08.01,01:30,69.37,69.40,69.33,69.34,25
2025.08.01,01:45,69.33,69.38,69.31,69.34,31
2025.08.01,02:00,69.37,69.38,69.18,69.29,217
2025.08.01,02:15,69.29,69.37,69.27,69.31,124
2025.08.01,02:30,69.33,69.38,69.31,69.37,85
2025.08.01,02:45,69.35,69.36,69.18,69.18,133
2025.08.01,03:00,69.19,69.28,69.16,69.25,276
2025.08.01,03:15,69.27,69.27,69.21,69.24,114
2025.08.01,03:30,69.24,69.32,69.14,69.21,189
2025.08.01,03:45,69.18,69.32,69.15,69.31,188
2025.08.01,04:00,69.29,69.37,69.18,69.26,261
2025.08.01,04:15,69.25,69.26,69.11,69.15,100
2025.08.01,04:30,69.18,69.21,69.10,69.15,221
2025.08.01,04:45,69.16,69.21,69.10,69.20,165
2025.08.01,05:00,69.22,69.37,69.17,69.31,163
2025.08.01,05:15,69.32,69.35,69.28,69.29,114
2025.08.01,05:30,69.32,69.37,69.28,69.36,48
2025.08.01,05:45,69.38,69.39,69.31,69.39,83
2025.08.01,06:00,69.38,69.48,69.35,69.46,119
2025.08.01,06:15,69.45,69.49,69.42,69.44,93
2025.08.01,06:30,69.45,69.53,69.42,69.44,105
2025.08.01,06:45,69.42,69.46,69.40,69.41,58
2025.08.01,07:00,69.44,69.45,69.33,69.36,64
2025.08.01,07:15,69.37,69.39,69.31,69.33,68
2025.08.01,07:30,69.32,69.35,69.22,69.27,164
2025.08.01,07:45,69.29,69.39,69.25,69.30,168
2025.08.01,08:00,69.29,69.47,69.23,69.26,225
2025.08.01,08:15,69.27,69.27,69.05,69.05,263
2025.08.01,08:30,69.08,69.18,69.02,69.13,186
2025.08.01,08:45,69.14,69.22,69.10,69.18,272
2025.08.01,09:00,69.22,69.29,69.10,69.16,410
2025.08.01,09:15,69.18,69.18,68.91,69.06,397
2025.08.01,09:30,69.07,69.29,69.00,69.14,392
2025.08.01,09:45,69.15,69.31,69.14,69.19,412
2025.08.01,10:00,69.18,69.46,69.14,69.36,444
2025.08.01,10:15,69.39,69.52,69.35,69.39,500
2025.08.01,10:30,69.42,69.49,68.78,68.91,647
2025.08.01,10:45,68.90,68.98,68.70,68.85,504
2025.08.01,11:00,68.85,68.99,68.78,68.80,446
2025.08.01,11:15,68.80,68.94,68.67,68.75,387
2025.08.01,11:30,68.77,68.94,68.68,68.90,386
2025.08.01,11:45,68.90,69.09,68.88,69.05,347
2025.08.01,12:00,69.07,69.08,68.85,69.03,350
2025.08.01,12:15,69.01,69.06,68.92,68.98,251
2025.08.01,12:30,68.97,69.19,68.77,68.80,359
2025.08.01,12:45,68.80,68.82,68.50,68.54,346
2025.08.01,13:00,68.55,68.71,68.52,68.62,336
2025.08.01,13:15,68.62,68.66,68.46,68.62,344
2025.08.01,13:30,68.61,68.66,68.57,68.60,257
2025.08.01,13:45,68.62,68.78,68.58,68.73,334
2025.08.01,14:00,68.71,69.13,68.66,69.05,437
2025.08.01,14:15,69.04,69.47,68.97,69.25,622
2025.08.01,14:30,69.26,69.44,69.13,69.42,883
2025.08.01,14:45,69.44,69.45,69.04,69.26,692
2025.08.01,15:00,69.26,69.54,69.19,69.37,1022
2025.08.01,15:15,69.36,69.57,69.03,69.27,697
2025.08.01,15:30,69.27,69.35,68.83,68.91,926
2025.08.01,15:45,68.92,68.95,68.38,68.43,915
2025.08.01,16:00,68.44,68.44,67.58,67.65,1490
2025.08.01,16:15,67.66,68.14,67.65,67.81,1150
2025.08.01,16:30,67.82,67.93,67.22,67.24,1034
2025.08.01,16:45,67.27,67.46,67.21,67.29,1047
2025.08.01,17:00,67.29,67.63,67.29,67.43,872
2025.08.01,17:15,67.45,67.54,67.24,67.38,706
2025.08.01,17:30,67.37,67.50,67.29,67.40,724
2025.08.01,17:45,67.43,67.53,67.34,67.47,612
2025.08.01,18:00,67.46,67.78,67.32,67.36,528
2025.08.01,18:15,67.37,67.49,67.28,67.33,378
2025.08.01,18:30,67.32,67.32,67.03,67.15,447
2025.08.01,18:45,67.11,67.76,67.06,67.50,879
2025.08.01,19:00,67.53,67.71,67.28,67.32,797
2025.08.01,19:15,67.33,67.48,67.27,67.39,449
2025.08.01,19:30,67.37,67.48,67.29,67.36,386
2025.08.01,19:45,67.37,67.45,67.28,67.31,326
2025.08.01,20:00,67.31,67.35,67.20,67.23,446
2025.08.01,20:15,67.22,67.40,67.22,67.32,379
2025.08.01,20:30,67.34,67.37,67.08,67.36,287
2025.08.01,20:45,67.33,67.43,67.25,67.31,176
2025.08.01,21:00,67.31,67.35,67.24,67.26,142
2025.08.01,21:15,67.28,67.34,67.21,67.23,141
2025.08.01,21:30,67.25,67.29,67.11,67.14,164
2025.08.01,21:45,67.12,67.29,67.12,67.24,181
2025.08.04,00:00,66.85,66.89,66.61,66.87,501
2025.08.04,00:15,66.88,67.03,66.83,66.95,214
2025.08.04,00:30,66.96,67.09,66.93,67.03,142
2025.08.04,00:45,67.05,67.06,66.78,66.85,161
2025.08.04,01:00,66.84,66.89,66.78,66.87,125
2025.08.04,01:15,66.86,66.97,66.86,66.94,92
2025.08.04,01:30,66.93,66.98,66.90,66.91,92
2025.08.04,01:45,66.95,66.96,66.90,66.96,101
2025.08.04,02:00,66.97,66.99,66.82,66.93,235
2025.08.04,02:15,66.92,67.03,66.91,67.03,172
2025.08.04,02:30,67.00,67.03,66.92,66.99,145
2025.08.04,02:45,67.00,67.11,66.96,67.10,113
2025.08.04,03:00,67.12,67.18,66.91,66.93,532
2025.08.04,03:15,66.92,66.96,66.83,66.92,279
2025.08.04,03:30,66.90,67.12,66.90,67.08,256
2025.08.04,03:45,67.11,67.19,67.05,67.17,218
2025.08.04,04:00,67.15,67.25,67.10,67.10,318
2025.08.04,04:15,67.11,67.19,67.08,67.15,113
2025.08.04,04:30,67.14,67.25,67.10,67.22,183
2025.08.04,04:45,67.23,67.26,67.19,67.21,138
2025.08.04,05:00,67.22,67.27,67.18,67.22,183
2025.08.04,05:15,67.23,67.25,67.13,67.19,150
2025.08.04,05:30,67.19,67.25,67.17,67.18,78
2025.08.04,05:45,67.18,67.22,67.17,67.21,61
2025.08.04,06:00,67.19,67.22,67.08,67.14,87
2025.08.04,06:15,67.11,67.20,67.10,67.18,59
2025.08.04,06:30,67.18,67.18,67.11,67.16,44
2025.08.04,06:45,67.13,67.29,67.13,67.17,91
2025.08.04,07:00,67.16,67.19,67.14,67.16,56
2025.08.04,07:15,67.15,67.25,67.13,67.24,49
2025.08.04,07:30,67.21,67.26,67.17,67.22,153
2025.08.04,07:45,67.21,67.39,67.15,67.35,207
2025.08.04,08:00,67.34,67.56,67.34,67.54,170
2025.08.04,08:15,67.55,67.57,67.40,67.44,173
2025.08.04,08:30,67.44,67.51,67.41,67.50,158
2025.08.04,08:45,67.51,67.61,67.44,67.54,227
2025.08.04,09:00,67.55,67.67,67.39,67.40,352
2025.08.04,09:15,67.41,67.74,67.40,67.69,253
2025.08.04,09:30,67.70,67.71,67.35,67.45,327
2025.08.04,09:45,67.47,67.50,67.36,67.47,276
2025.08.04,10:00,67.49,67.51,67.19,67.20,419
2025.08.04,10:15,67.19,67.24,66.98,67.07,408
2025.08.04,10:30,67.06,67.17,66.48,66.58,748
2025.08.04,10:45,66.60,66.62,66.34,66.46,451
2025.08.04,11:00,66.44,66.66,66.41,66.61,522
2025.08.04,11:15,66.62,66.63,66.49,66.58,371
2025.08.04,11:30,66.57,66.59,66.38,66.56,482
2025.08.04,11:45,66.56,66.65,66.37,66.37,369
2025.08.04,12:00,66.34,66.47,66.31,66.46,339
2025.08.04,12:15,66.46,66.49,66.08,66.13,369
2025.08.04,12:30,66.15,66.26,66.09,66.19,417
2025.08.04,12:45,66.18,66.26,66.12,66.13,234
2025.08.04,13:00,66.14,66.17,65.98,66.11,305
2025.08.04,13:15,66.09,66.15,65.96,66.01,270
2025.08.04,13:30,66.02,66.15,65.95,66.02,312
2025.08.04,13:45,65.99,66.09,65.94,65.98,290
2025.08.04,14:00,65.95,65.95,65.66,65.84,607
2025.08.04,14:15,65.86,66.02,65.84,65.93,421
2025.08.04,14:30,65.92,65.92,65.69,65.71,324
2025.08.04,14:45,65.72,65.73,65.48,65.50,504
2025.08.04,15:00,65.53,65.79,65.44,65.52,805
2025.08.04,15:15,65.54,65.80,65.51,65.66,537
2025.08.04,15:30,65.65,65.74,65.52,65.62,523
2025.08.04,15:45,65.63,65.73,65.50,65.65,462
2025.08.04,16:00,65.65,66.06,65.56,66.02,699
2025.08.04,16:15,66.04,66.17,65.78,66.08,622
2025.08.04,16:30,66.06,66.28,66.05,66.21,400
2025.08.04,16:45,66.20,66.93,66.20,66.87,1184
2025.08.04,17:00,66.86,66.87,66.57,66.80,759
2025.08.04,17:15,66.79,66.84,66.58,66.81,676
2025.08.04,17:30,66.84,67.01,66.71,66.86,603
2025.08.04,17:45,66.86,66.92,66.69,66.78,440
2025.08.04,18:00,66.77,66.85,66.42,66.52,458
2025.08.04,18:15,66.52,66.63,66.45,66.47,327
2025.08.04,18:30,66.48,66.49,66.30,66.30,296
2025.08.04,18:45,66.33,66.36,66.20,66.27,360
2025.08.04,19:00,66.27,66.40,66.22,66.29,266
2025.08.04,19:15,66.28,66.34,66.22,66.27,209
2025.08.04,19:30,66.29,66.42,66.21,66.36,240
2025.08.04,19:45,66.39,66.39,66.16,66.23,234
2025.08.04,20:00,66.22,66.28,66.17,66.23,217
2025.08.04,20:15,66.23,66.42,66.16,66.25,403
2025.08.04,20:30,66.28,66.30,66.04,66.08,161
2025.08.04,20:45,66.05,66.15,66.02,66.13,84
2025.08.04,21:00,66.12,66.23,66.11,66.13,89
2025.08.04,21:15,66.10,66.21,66.10,66.17,66
2025.08.04,21:30,66.19,66.21,66.08,66.11,78
2025.08.04,21:45,66.12,66.12,65.92,66.09,133
2025.08.04,22:00,66.08,66.15,66.06,66.11,104
2025.08.04,22:15,66.10,66.15,66.07,66.09,59
2025.08.04,22:30,66.08,66.18,66.07,66.15,74
2025.08.04,22:45,66.12,66.25,66.12,66.21,104
2025.08.05,00:00,66.23,66.28,66.18,66.22,100
2025.08.05,00:15,66.19,66.27,66.19,66.25,59
2025.08.05,00:30,66.26,66.26,66.22,66.23,19
2025.08.05,00:45,66.22,66.27,66.22,66.26,21
2025.08.05,01:00,66.25,66.28,66.23,66.28,21
2025.08.05,01:15,66.27,66.27,66.25,66.25,66
2025.08.05,01:30,66.28,66.28,66.24,66.27,29
2025.08.05,01:45,66.26,66.31,66.25,66.27,59
2025.08.05,02:00,66.29,66.35,66.22,66.24,146
2025.08.05,02:15,66.24,66.30,66.24,66.27,66
2025.08.05,02:30,66.28,66.28,66.23,66.28,45
2025.08.05,02:45,66.24,66.29,66.18,66.19,70
2025.08.05,03:00,66.19,66.37,66.19,66.25,366
2025.08.05,03:15,66.24,66.27,66.19,66.25,171
2025.08.05,03:30,66.25,66.37,66.23,66.29,280
2025.08.05,03:45,66.30,66.30,66.18,66.25,135
2025.08.05,04:00,66.23,66.27,66.20,66.21,111
2025.08.05,04:15,66.21,66.24,66.12,66.12,59
2025.08.05,04:30,66.14,66.19,66.08,66.16,147
2025.08.05,04:45,66.16,66.19,66.07,66.10,130
2025.08.05,05:00,66.10,66.11,66.00,66.02,185
2025.08.05,05:15,66.04,66.09,66.01,66.03,136
2025.08.05,05:30,66.05,66.16,66.03,66.14,71
2025.08.05,05:45,66.15,66.18,66.12,66.17,60
2025.08.05,06:00,66.17,66.20,66.15,66.16,42
2025.08.05,06:15,66.18,66.18,66.12,66.14,36
2025.08.05,06:30,66.13,66.16,66.11,66.15,23
2025.08.05,06:45,66.16,66.22,66.15,66.19,69
2025.08.05,07:00,66.18,66.21,66.12,66.12,55
2025.08.05,07:15,66.14,66.14,65.99,66.05,101
2025.08.05,07:30,66.04,66.32,66.02,66.24,252
2025.08.05,07:45,66.25,66.31,66.21,66.26,135
2025.08.05,08:00,66.27,66.38,66.21,66.32,199
2025.08.05,08:15,66.31,66.34,66.24,66.25,91
2025.08.05,08:30,66.24,66.35,66.24,66.30,146
2025.08.05,08:45,66.30,66.30,66.06,66.09,255
2025.08.05,09:00,66.09,66.18,65.85,65.93,399
2025.08.05,09:15,65.96,65.99,65.75,65.80,361
2025.08.05,09:30,65.82,66.17,65.82,66.13,305
2025.08.05,09:45,66.16,66.25,65.91,65.95,330
2025.08.05,10:00,65.98,66.13,65.90,66.09,420
2025.08.05,10:15,66.11,66.32,66.06,66.19,402
2025.08.05,10:30,66.21,66.24,65.92,66.04,528
2025.08.05,10:45,66.02,66.07,65.79,65.85,337
2025.08.05,11:00,65.88,65.96,65.67,65.71,451
2025.08.05,11:15,65.70,65.72,65.52,65.52,394
2025.08.05,11:30,65.53,65.71,65.48,65.64,354
2025.08.05,11:45,65.63,65.66,65.37,65.41,348
2025.08.05,12:00,65.40,65.58,65.37,65.55,381
2025.08.05,12:15,65.55,65.61,65.41,65.51,286
2025.08.05,12:30,65.50,65.63,65.43,65.59,360
2025.08.05,12:45,65.58,65.59,65.44,65.47,254
2025.08.05,13:00,65.47,65.64,65.45,65.59,335
2025.08.05,13:15,65.56,65.61,65.52,65.61,176
2025.08.05,13:30,65.59,65.73,65.55,65.63,296
2025.08.05,13:45,65.62,65.70,65.54,65.64,305
2025.08.05,14:00,65.64,65.72,65.48,65.50,390
2025.08.05,14:15,65.51,65.74,65.08,65.21,1105
2025.08.05,14:30,65.20,65.44,65.18,65.35,495
2025.08.05,14:45,65.35,65.41,65.20,65.30,423
2025.08.05,15:00,65.28,65.44,65.19,65.27,733
2025.08.05,15:15,65.26,65.62,65.21,65.55,578
2025.08.05,15:30,65.54,65.67,65.42,65.50,526
2025.08.05,15:45,65.50,65.60,65.37,65.49,364
2025.08.05,16:00,65.43,65.53,65.25,65.31,593
2025.08.05,16:15,65.27,65.39,65.18,65.37,475
2025.08.05,16:30,65.38,65.76,65.33,65.63,682
2025.08.05,16:45,65.61,65.71,65.46,65.46,547
2025.08.05,17:00,65.47,65.55,65.24,65.37,551
2025.08.05,17:15,65.38,65.48,65.28,65.48,532
2025.08.05,17:30,65.46,65.58,65.27,65.31,494
2025.08.05,17:45,65.31,65.38,65.24,65.32,380
2025.08.05,18:00,65.34,65.67,65.32,65.67,346
2025.08.05,18:15,65.67,65.78,65.61,65.73,364
2025.08.05,18:30,65.75,65.76,65.00,65.14,1024
2025.08.05,18:45,65.14,65.39,65.10,65.30,474
2025.08.05,19:00,65.29,65.43,65.11,65.13,365
2025.08.05,19:15,65.14,65.23,65.12,65.15,273
2025.08.05,19:30,65.15,65.59,65.13,65.39,566
2025.08.05,19:45,65.40,65.42,65.17,65.32,400
2025.08.05,20:00,65.35,65.40,65.12,65.19,365
2025.08.05,20:15,65.18,65.25,65.10,65.14,356
2025.08.05,20:30,65.14,65.23,65.05,65.18,279
2025.08.05,20:45,65.20,65.24,65.08,65.09,125
2025.08.05,21:00,65.11,65.15,65.07,65.13,111
2025.08.05,21:15,65.14,65.15,65.10,65.15,115
2025.08.05,21:30,65.12,65.20,65.11,65.16,61
2025.08.05,21:45,65.17,65.20,65.13,65.14,85
2025.08.05,22:00,65.13,65.14,65.04,65.12,93
2025.08.05,22:15,65.13,65.18,65.10,65.15,69
2025.08.05,22:30,65.13,65.24,65.13,65.17,128
2025.08.05,22:45,65.17,65.20,65.12,65.18,213
2025.08.06,00:00,65.12,65.24,65.10,65.18,104
2025.08.06,00:15,65.20,65.25,65.19,65.22,65
2025.08.06,00:30,65.21,65.21,65.17,65.21,25
2025.08.06,00:45,65.18,65.24,65.18,65.23,14
2025.08.06,01:00,65.22,65.26,65.21,65.26,37
2025.08.06,01:15,65.25,65.29,65.24,65.26,33
2025.08.06,01:30,65.29,65.30,65.26,65.27,45
2025.08.06,01:45,65.26,65.28,65.24,65.27,52
2025.08.06,02:00,65.24,65.34,65.24,65.28,133
2025.08.06,02:15,65.28,65.31,65.25,65.29,65
2025.08.06,02:30,65.27,65.32,65.27,65.28,58
2025.08.06,02:45,65.32,65.35,65.28,65.31,51
2025.08.06,03:00,65.33,65.39,65.31,65.36,144
2025.08.06,03:15,65.39,65.44,65.36,65.41,155
2025.08.06,03:30,65.42,65.46,65.39,65.44,84
2025.08.06,03:45,65.43,65.50,65.42,65.48,80
2025.08.06,04:00,65.47,65.47,65.42,65.44,72
2025.08.06,04:15,65.44,65.48,65.42,65.45,44
2025.08.06,04:30,65.43,65.53,65.43,65.48,76
2025.08.06,04:45,65.49,65.52,65.45,65.46,104
2025.08.06,05:00,65.45,65.52,65.45,65.50,61
2025.08.06,05:15,65.48,65.59,65.48,65.53,90
2025.08.06,05:30,65.53,65.56,65.50,65.54,54
2025.08.06,05:45,65.54,65.56,65.53,65.55,14
2025.08.06,06:00,65.54,65.62,65.54,65.58,72
2025.08.06,06:15,65.60,65.60,65.52,65.53,37
2025.08.06,06:30,65.53,65.59,65.52,65.57,46
2025.08.06,06:45,65.54,65.58,65.53,65.56,15
2025.08.06,07:00,65.57,65.57,65.47,65.53,51
2025.08.06,07:15,65.51,65.56,65.51,65.54,28
2025.08.06,07:30,65.53,65.58,65.45,65.45,99
2025.08.06,07:45,65.48,65.49,65.42,65.49,107
2025.08.06,08:00,65.50,65.61,65.46,65.50,161
2025.08.06,08:15,65.47,65.61,65.46,65.54,140
2025.08.06,08:30,65.50,65.62,65.50,65.55,153
2025.08.06,08:45,65.56,65.65,65.54,65.62,146
2025.08.06,09:00,65.62,65.89,65.57,65.80,415
2025.08.06,09:15,65.79,65.80,65.67,65.70,232
2025.08.06,09:30,65.69,65.73,65.63,65.66,245
2025.08.06,09:45,65.65,65.81,65.65,65.66,225
2025.08.06,10:00,65.67,65.90,65.62,65.86,281
2025.08.06,10:15,65.85,66.01,65.82,65.95,425
2025.08.06,10:30,65.94,66.17,65.92,66.11,463
2025.08.06,10:45,66.13,66.15,65.97,66.03,288
2025.08.06,11:00,66.04,66.25,66.04,66.11,356
2025.08.06,11:15,66.11,66.13,66.00,66.06,318
2025.08.06,11:30,66.09,66.15,65.94,66.15,302
2025.08.06,11:45,66.14,66.24,66.07,66.22,282
2025.08.06,12:00,66.19,66.24,66.10,66.18,248
2025.08.06,12:15,66.20,66.29,66.13,66.28,219
2025.08.06,12:30,66.29,66.32,66.23,66.27,254
2025.08.06,12:45,66.28,66.33,66.21,66.25,225
2025.08.06,13:00,66.24,66.29,66.18,66.24,241
2025.08.06,13:15,66.23,66.28,66.16,66.19,191
2025.08.06,13:30,66.21,66.22,66.08,66.14,232
2025.08.06,13:45,66.16,66.24,66.03,66.17,270
2025.08.06,14:00,66.17,66.24,66.07,66.09,256
2025.08.06,14:15,66.09,66.10,65.79,66.01,633
2025.08.06,14:30,65.98,66.15,65.93,66.13,354
2025.08.06,14:45,66.13,66.24,66.09,66.14,303
2025.08.06,15:00,66.15,66.41,66.06,66.38,568
2025.08.06,15:15,66.38,66.41,66.22,66.27,371
2025.08.06,15:30,66.30,66.38,66.24,66.30,394
2025.08.06,15:45,66.33,66.70,66.03,66.36,806
2025.08.06,16:00,66.37,66.52,65.39,65.75,1561
2025.08.06,16:15,65.72,65.78,65.54,65.70,691
2025.08.06,16:30,65.68,66.07,65.65,65.90,932
2025.08.06,16:45,65.90,66.03,65.66,65.96,737
2025.08.06,17:00,65.96,66.12,65.82,65.83,682
2025.08.06,17:15,65.85,65.88,65.62,65.81,793
2025.08.06,17:30,65.80,65.96,65.70,65.88,545
2025.08.06,17:45,65.85,65.87,64.79,64.86,1001
2025.08.06,18:00,64.86,64.96,64.60,64.69,1017
2025.08.06,18:15,64.69,64.84,64.67,64.73,573
2025.08.06,18:30,64.75,65.40,64.72,65.29,825
2025.08.06,18:45,65.31,65.63,65.05,65.30,1234
2025.08.06,19:00,65.28,65.34,64.93,65.08,808
2025.08.06,19:15,65.07,65.17,65.00,65.09,382
2025.08.06,19:30,65.06,65.12,64.91,65.05,356
2025.08.06,19:45,65.05,65.09,64.77,64.80,364
2025.08.06,20:00,64.77,64.90,64.21,64.37,1204
2025.08.06,20:15,64.37,64.44,64.19,64.31,948
2025.08.06,20:30,64.31,64.35,64.10,64.18,442
2025.08.06,20:45,64.19,64.34,64.07,64.09,438
2025.08.06,21:00,64.10,64.13,63.62,64.09,960
2025.08.06,21:15,64.10,64.19,63.94,64.00,351
2025.08.06,21:30,63.98,64.06,63.88,64.05,271
2025.08.06,21:45,64.04,64.12,64.01,64.07,202
2025.08.06,22:00,64.06,64.10,64.01,64.08,144
2025.08.06,22:15,64.06,64.17,64.06,64.11,155
2025.08.06,22:30,64.12,64.26,64.10,64.24,182
2025.08.06,22:45,64.23,64.33,64.18,64.27,283
2025.08.07,00:00,64.35,64.43,64.31,64.32,158
2025.08.07,00:15,64.35,64.37,64.31,64.33,65
2025.08.07,00:30,64.33,64.34,64.24,64.27,75
2025.08.07,00:45,64.27,64.31,64.25,64.31,55
2025.08.07,01:00,64.28,64.40,64.28,64.37,31
2025.08.07,01:15,64.38,64.41,64.33,64.40,58
2025.08.07,01:30,64.37,64.41,64.29,64.32,70
2025.08.07,01:45,64.29,64.40,64.29,64.35,62
2025.08.07,02:00,64.34,64.46,64.31,64.44,190
2025.08.07,02:15,64.44,64.57,64.44,64.54,120
2025.08.07,02:30,64.56,64.60,64.52,64.53,74
2025.08.07,02:45,64.56,64.69,64.53,64.69,89
2025.08.07,03:00,64.68,64.87,64.64,64.86,385
2025.08.07,03:15,64.86,64.94,64.80,64.91,156
2025.08.07,03:30,64.89,64.95,64.89,64.90,116
2025.08.07,03:45,64.91,64.97,64.86,64.90,110
2025.08.07,04:00,64.91,64.99,64.88,64.97,103
2025.08.07,04:15,64.95,64.97,64.88,64.89,70
2025.08.07,04:30,64.89,65.06,64.84,65.04,162
2025.08.07,04:45,65.03,65.04,64.97,64.97,93
2025.08.07,05:00,64.95,65.02,64.91,64.97,110
2025.08.07,05:15,64.98,65.04,64.94,65.03,93
2025.08.07,05:30,65.00,65.03,64.96,65.02,64
2025.08.07,05:45,65.04,65.06,65.01,65.02,52
2025.08.07,06:00,65.02,65.02,64.86,64.87,74
2025.08.07,06:15,64.90,64.95,64.87,64.91,49
2025.08.07,06:30,64.92,65.02,64.91,65.00,73
2025.08.07,06:45,64.99,65.00,64.78,64.82,123
2025.08.07,07:00,64.79,64.84,64.75,64.79,116
2025.08.07,07:15,64.79,64.84,64.77,64.80,88
2025.08.07,07:30,64.79,64.83,64.68,64.68,188
2025.08.07,07:45,64.67,64.74,64.65,64.72,142
2025.08.07,08:00,64.73,64.85,64.72,64.82,191
2025.08.07,08:15,64.79,64.83,64.73,64.77,134
2025.08.07,08:30,64.76,64.81,64.67,64.81,221
2025.08.07,08:45,64.80,64.85,64.68,64.75,236
2025.08.07,09:00,64.75,64.95,64.69,64.87,365
2025.08.07,09:15,64.88,64.96,64.78,64.81,307
2025.08.07,09:30,64.81,64.92,64.73,64.89,346
2025.08.07,09:45,64.88,64.92,64.70,64.72,271
2025.08.07,10:00,64.75,64.79,64.10,64.25,976
2025.08.07,10:15,64.26,64.59,64.23,64.43,773
2025.08.07,10:30,64.41,64.53,64.11,64.50,703
2025.08.07,10:45,64.47,64.63,64.44,64.54,450
2025.08.07,11:00,64.55,64.77,64.51,64.68,472
2025.08.07,11:15,64.67,64.75,64.65,64.73,300
2025.08.07,11:30,64.72,64.74,64.53,64.56,375
2025.08.07,11:45,64.56,64.85,64.56,64.83,355
2025.08.07,12:00,64.86,64.96,64.71,64.78,454
2025.08.07,12:15,64.81,64.88,64.70,64.79,306
2025.08.07,12:30,64.80,64.95,64.77,64.93,305
2025.08.07,12:45,64.94,65.10,64.83,64.86,414
2025.08.07,13:00,64.83,64.95,64.75,64.80,362
2025.08.07,13:15,64.79,64.83,64.57,64.61,340
2025.08.07,13:30,64.59,64.72,64.50,64.69,343
2025.08.07,13:45,64.66,64.72,64.52,64.58,265
2025.08.07,14:00,64.59,64.83,64.56,64.82,452
2025.08.07,14:15,64.82,64.84,64.61,64.64,302
2025.08.07,14:30,64.64,64.80,64.60,64.79,294
2025.08.07,14:45,64.79,64.82,64.67,64.68,325
2025.08.07,15:00,64.67,64.72,64.32,64.35,680
2025.08.07,15:15,64.34,64.40,64.25,64.29,523
2025.08.07,15:30,64.28,64.70,64.20,64.61,602
2025.08.07,15:45,64.63,64.63,64.41,64.47,418
2025.08.07,16:00,64.47,64.56,64.30,64.37,487
2025.08.07,16:15,64.36,64.44,64.12,64.20,483
2025.08.07,16:30,64.21,64.44,64.18,64.34,517
2025.08.07,16:45,64.32,64.36,64.03,64.04,521
2025.08.07,17:00,64.04,64.21,64.04,64.08,495
2025.08.07,17:15,64.04,64.29,64.00,64.18,584
2025.08.07,17:30,64.18,64.21,63.85,63.98,493
2025.08.07,17:45,63.96,64.10,63.90,63.99,455
2025.08.07,18:00,63.99,64.43,63.99,64.38,530
2025.08.07,18:15,64.39,64.43,64.23,64.36,311
2025.08.07,18:30,64.37,64.46,64.28,64.31,268
2025.08.07,18:45,64.31,64.32,64.18,64.21,227
2025.08.07,19:00,64.19,64.28,64.02,64.06,315
2025.08.07,19:15,64.07,64.11,63.99,64.00,235
2025.08.07,19:30,64.01,64.07,63.80,63.95,358
2025.08.07,19:45,63.95,64.12,63.92,64.03,301
2025.08.07,20:00,64.04,64.13,63.99,64.02,194
2025.08.07,20:15,64.01,64.05,63.81,63.82,407
2025.08.07,20:30,63.83,63.87,63.73,63.85,214
2025.08.07,20:45,63.82,63.85,63.79,63.81,78
2025.08.07,21:00,63.80,63.83,63.77,63.78,54
2025.08.07,21:15,63.77,63.82,63.73,63.75,102
2025.08.07,21:30,63.75,63.76,63.68,63.70,90
2025.08.07,21:45,63.71,63.74,63.68,63.71,56
2025.08.07,22:00,63.71,63.82,63.70,63.81,81
2025.08.07,22:15,63.80,63.85,63.72,63.76,111
2025.08.07,22:30,63.77,63.82,63.76,63.81,94
2025.08.07,22:45,63.80,63.84,63.79,63.81,138
2025.08.08,00:00,63.83,63.87,63.76,63.86,106
2025.08.08,00:15,63.84,63.89,63.83,63.86,44
2025.08.08,00:30,63.85,63.87,63.82,63.85,33
2025.08.08,00:45,63.85,63.89,63.81,63.82,43
2025.08.08,01:00,63.85,63.87,63.82,63.85,81
2025.08.08,01:15,63.84,63.87,63.83,63.84,18
2025.08.08,01:30,63.85,63.87,63.83,63.85,25
2025.08.08,01:45,63.85,63.86,63.77,63.82,74
2025.08.08,02:00,63.80,63.86,63.77,63.78,170
2025.08.08,02:15,63.81,63.82,63.77,63.82,62
2025.08.08,02:30,63.82,63.85,63.79,63.81,37
2025.08.08,02:45,63.82,63.86,63.77,63.85,80
2025.08.08,03:00,63.83,63.90,63.81,63.90,252
2025.08.08,03:15,63.87,63.94,63.84,63.87,129
2025.08.08,03:30,63.85,63.93,63.83,63.90,133
2025.08.08,03:45,63.91,63.91,63.83,63.83,84
2025.08.08,04:00,63.86,63.96,63.82,63.83,165
2025.08.08,04:15,63.86,63.87,63.80,63.80,54
2025.08.08,04:30,63.81,63.87,63.71,63.82,158
2025.08.08,04:45,63.81,63.84,63.78,63.80,149
2025.08.08,05:00,63.80,63.85,63.71,63.74,198
2025.08.08,05:15,63.74,63.76,63.69,63.73,147
2025.08.08,05:30,63.76,63.84,63.75,63.84,68
2025.08.08,05:45,63.84,63.86,63.81,63.83,31
2025.08.08,06:00,63.81,63.84,63.76,63.76,36
2025.08.08,06:15,63.77,63.80,63.72,63.78,26
2025.08.08,06:30,63.76,63.79,63.74,63.77,23
2025.08.08,06:45,63.77,63.77,63.72,63.73,15
2025.08.08,07:00,63.71,63.74,63.69,63.71,49
2025.08.08,07:15,63.73,63.74,63.65,63.66,85
2025.08.08,07:30,63.65,63.68,63.58,63.65,162
2025.08.08,07:45,63.65,63.68,63.53,63.53,180
2025.08.08,08:00,63.56,63.59,63.49,63.55,222
2025.08.08,08:15,63.57,63.58,63.28,63.31,235
2025.08.08,08:30,63.32,63.33,63.18,63.20,324
2025.08.08,08:45,63.22,63.33,63.18,63.28,251
2025.08.08,09:00,63.29,63.55,63.25,63.51,288
2025.08.08,09:15,63.52,63.78,63.50,63.71,426
2025.08.08,09:30,63.70,63.72,63.56,63.61,341
2025.08.08,09:45,63.61,63.95,63.61,63.89,369
2025.08.08,10:00,63.88,63.92,63.63,63.65,407
2025.08.08,10:15,63.65,63.76,63.58,63.75,498
2025.08.08,10:30,63.72,64.09,63.70,64.08,571
2025.08.08,10:45,64.06,64.13,63.98,64.10,434
2025.08.08,11:00,64.08,64.15,64.01,64.11,338
2025.08.08,11:15,64.09,64.12,63.88,63.97,316
2025.08.08,11:30,63.98,64.09,63.87,64.01,290
2025.08.08,11:45,63.99,64.25,63.99,64.23,323
2025.08.08,12:00,64.20,64.27,64.17,64.18,302
2025.08.08,12:15,64.19,64.24,64.11,64.24,194
2025.08.08,12:30,64.22,64.43,64.07,64.38,567
2025.08.08,12:45,64.36,64.46,64.28,64.30,337
2025.08.08,13:00,64.28,64.35,64.12,64.17,320
2025.08.08,13:15,64.15,64.28,64.11,64.21,267
2025.08.08,13:30,64.20,64.31,64.18,64.22,164
2025.08.08,13:45,64.23,64.25,63.96,64.07,298
2025.08.08,14:00,64.07,64.24,63.97,64.16,292
2025.08.08,14:15,64.14,64.21,64.02,64.19,316
2025.08.08,14:30,64.18,64.32,64.13,64.30,210
2025.08.08,14:45,64.28,64.29,64.08,64.14,349
2025.08.08,15:00,64.13,64.16,63.81,63.90,570
2025.08.08,15:15,63.92,64.20,63.86,64.18,484
2025.08.08,15:30,64.18,64.18,64.01,64.09,429
2025.08.08,15:45,64.10,64.56,64.06,64.41,686
2025.08.08,16:00,64.42,64.42,62.80,63.12,1658
2025.08.08,16:15,63.13,63.53,63.09,63.14,1517
2025.08.08,16:30,63.15,63.72,63.11,63.47,1049
2025.08.08,16:45,63.46,63.65,63.40,63.51,693
2025.08.08,17:00,63.53,63.73,63.45,63.60,686
2025.08.08,17:15,63.59,64.08,63.51,63.95,863
2025.08.08,17:30,63.94,64.20,63.94,64.15,664
2025.08.08,17:45,64.16,64.33,63.97,64.21,540
2025.08.08,18:00,64.23,64.32,64.15,64.21,390
2025.08.08,18:15,64.20,64.29,64.11,64.19,403
2025.08.08,18:30,64.17,64.19,64.00,64.13,329
2025.08.08,18:45,64.14,64.21,64.00,64.12,367
2025.08.08,19:00,64.13,64.46,64.03,64.39,458
2025.08.08,19:15,64.39,64.43,64.05,64.16,457
2025.08.08,19:30,64.16,64.19,63.80,63.86,483
2025.08.08,19:45,63.85,64.05,63.83,63.98,351
2025.08.08,20:00,63.95,64.04,63.84,63.92,442
2025.08.08,20:15,63.93,63.98,63.83,63.85,558
2025.08.08,20:30,63.87,63.87,63.71,63.71,274
2025.08.08,20:45,63.72,63.74,63.63,63.63,172
2025.08.08,21:00,63.64,63.75,63.58,63.71,189
2025.08.08,21:15,63.73,63.76,63.66,63.69,138
2025.08.08,21:30,63.70,63.72,63.66,63.66,100
2025.08.08,21:45,63.65,63.70,63.57,63.61,162
2025.08.11,00:00,63.52,63.68,63.14,63.65,455
2025.08.11,00:15,63.63,63.68,63.58,63.63,127
2025.08.11,00:30,63.61,63.63,63.57,63.59,54
2025.08.11,00:45,63.58,63.62,63.54,63.55,57
2025.08.11,01:00,63.58,63.61,63.53,63.57,58
2025.08.11,01:15,63.58,63.62,63.54,63.58,62
2025.08.11,01:30,63.60,63.62,63.55,63.55,41
2025.08.11,01:45,63.57,63.57,63.41,63.43,84
2025.08.11,02:00,63.43,63.44,63.31,63.36,205
2025.08.11,02:15,63.39,63.40,63.32,63.36,115
2025.08.11,02:30,63.38,63.38,63.23,63.28,139
2025.08.11,02:45,63.28,63.30,63.00,63.06,232
2025.08.11,03:00,63.08,63.41,63.08,63.32,552
2025.08.11,03:15,63.35,63.35,63.27,63.29,118
2025.08.11,03:30,63.29,63.34,63.21,63.33,200
2025.08.11,03:45,63.32,63.50,63.25,63.46,227
2025.08.11,04:00,63.47,63.54,63.42,63.44,191
2025.08.11,04:15,63.44,63.47,63.36,63.41,90
2025.08.11,04:30,63.42,63.49,63.37,63.48,148
2025.08.11,04:45,63.51,63.52,63.44,63.49,132
2025.08.11,05:00,63.49,63.55,63.49,63.52,124
2025.08.11,05:15,63.53,63.56,63.47,63.49,137
2025.08.11,05:30,63.49,63.56,63.49,63.54,113
2025.08.11,05:45,63.51,63.52,63.45,63.51,97
2025.08.11,06:00,63.50,63.54,63.48,63.52,64
2025.08.11,06:15,63.50,63.53,63.44,63.46,58
2025.08.11,06:30,63.48,63.49,63.36,63.37,77
2025.08.11,06:45,63.36,63.42,63.35,63.38,61
2025.08.11,07:00,63.41,63.45,63.33,63.43,81
2025.08.11,07:15,63.41,63.49,63.40,63.45,71
2025.08.11,07:30,63.44,63.50,63.41,63.44,125
2025.08.11,07:45,63.43,63.52,63.42,63.48,102
2025.08.11,08:00,63.48,63.67,63.33,63.33,312
2025.08.11,08:15,63.33,63.38,63.10,63.18,407
2025.08.11,08:30,63.14,63.30,63.14,63.29,347
2025.08.11,08:45,63.27,63.42,63.25,63.26,219
2025.08.11,09:00,63.25,63.27,63.10,63.23,439
2025.08.11,09:15,63.24,63.36,63.20,63.35,345
2025.08.11,09:30,63.35,63.42,63.18,63.36,409
2025.08.11,09:45,63.36,63.40,63.08,63.13,394
2025.08.11,10:00,63.12,63.28,63.12,63.25,395
2025.08.11,10:15,63.25,63.48,63.17,63.44,522
2025.08.11,10:30,63.42,63.68,63.32,63.60,611
2025.08.11,10:45,63.62,63.65,63.44,63.48,341
2025.08.11,11:00,63.47,63.66,63.42,63.56,361
2025.08.11,11:15,63.59,63.81,63.55,63.78,405
2025.08.11,11:30,63.79,63.80,63.64,63.68,256
2025.08.11,11:45,63.68,63.88,63.65,63.81,243
2025.08.11,12:00,63.83,63.97,63.80,63.92,287
2025.08.11,12:15,63.92,63.99,63.88,63.89,250
2025.08.11,12:30,63.92,63.98,63.88,63.94,155
2025.08.11,12:45,63.94,63.98,63.89,63.96,154
2025.08.11,13:00,63.96,64.04,63.91,63.97,190
2025.08.11,13:15,63.96,64.17,63.95,64.14,301
2025.08.11,13:30,64.14,64.23,64.12,64.17,239
2025.08.11,13:45,64.16,64.28,64.10,64.23,282
2025.08.11,14:00,64.22,64.26,64.16,64.25,308
2025.08.11,14:15,64.23,64.29,64.14,64.24,284
2025.08.11,14:30,64.24,64.27,64.13,64.16,263
2025.08.11,14:45,64.16,64.27,64.07,64.20,274
2025.08.11,15:00,64.23,64.41,64.07,64.27,605
2025.08.11,15:15,64.28,64.30,64.12,64.17,326
2025.08.11,15:30,64.15,64.38,64.06,64.11,542
2025.08.11,15:45,64.10,64.22,64.07,64.15,423
2025.08.11,16:00,64.14,64.42,63.98,64.04,717
2025.08.11,16:15,64.08,64.08,63.77,63.90,621
2025.08.11,16:30,63.91,64.01,63.71,63.75,511
2025.08.11,16:45,63.74,63.90,63.66,63.70,525
2025.08.11,17:00,63.70,63.88,63.68,63.75,553
2025.08.11,17:15,63.75,64.22,63.64,64.04,805
2025.08.11,17:30,64.05,64.21,63.84,63.97,709
2025.08.11,17:45,63.96,63.98,63.69,63.79,550
2025.08.11,18:00,63.77,63.96,63.74,63.83,455
2025.08.11,18:15,63.85,64.04,63.79,64.01,359
2025.08.11,18:30,64.02,64.13,63.96,64.07,267
2025.08.11,18:45,64.08,64.11,63.95,64.07,260
2025.08.11,19:00,64.06,64.21,64.03,64.18,232
2025.08.11,19:15,64.16,64.19,63.99,64.05,305
2025.08.11,19:30,64.06,64.07,63.85,63.93,349
2025.08.11,19:45,63.93,64.01,63.84,63.96,280
2025.08.11,20:00,63.95,64.11,63.90,64.07,321
2025.08.11,20:15,64.08,64.14,63.89,63.98,411
2025.08.11,20:30,63.97,64.17,63.97,64.09,238
2025.08.11,20:45,64.08,64.10,63.91,63.99,132
2025.08.11,21:00,64.00,64.05,63.98,64.01,99
2025.08.11,21:15,63.98,64.08,63.98,64.08,73
2025.08.11,21:30,64.08,64.15,64.08,64.11,108
2025.08.11,21:45,64.10,64.12,64.00,64.03,128
2025.08.11,22:00,64.04,64.09,64.01,64.05,94
2025.08.11,22:15,64.02,64.05,63.99,64.02,58
2025.08.11,22:30,64.01,64.02,63.98,63.98,68
2025.08.11,22:45,64.00,64.01,63.95,63.98,94
2025.08.12,00:00,63.99,64.05,63.97,64.01,72
2025.08.12,00:15,64.01,64.02,63.97,64.02,46
2025.08.12,00:30,64.01,64.10,64.01,64.10,65
2025.08.12,00:45,64.07,64.13,64.07,64.12,70
2025.08.12,01:00,64.14,64.14,64.07,64.07,22
2025.08.12,01:15,64.09,64.10,64.07,64.08,17
2025.08.12,01:30,64.10,64.11,64.05,64.05,43
2025.08.12,01:45,64.08,64.09,64.06,64.07,30
2025.08.12,02:00,64.07,64.18,64.05,64.18,165
2025.08.12,02:15,64.15,64.22,64.10,64.12,57
2025.08.12,02:30,64.12,64.15,64.08,64.11,77
2025.08.12,02:45,64.10,64.16,64.04,64.04,48
2025.08.12,03:00,64.06,64.07,63.90,63.96,278
2025.08.12,03:15,63.97,64.00,63.87,63.89,159
2025.08.12,03:30,63.92,63.97,63.88,63.97,170
2025.08.12,03:45,63.97,64.05,63.95,63.99,84
2025.08.12,04:00,63.97,64.01,63.91,63.97,127
2025.08.12,04:15,64.00,64.07,63.97,64.05,61
2025.08.12,04:30,64.06,64.06,63.95,63.95,123
2025.08.12,04:45,63.97,64.07,63.95,64.03,140
2025.08.12,05:00,64.03,64.17,64.02,64.12,127
2025.08.12,05:15,64.11,64.17,64.08,64.13,102
2025.08.12,05:30,64.13,64.16,64.09,64.12,80
2025.08.12,05:45,64.10,64.14,64.08,64.12,42
2025.08.12,06:00,64.09,64.17,64.08,64.14,46
2025.08.12,06:15,64.15,64.19,64.12,64.16,59
2025.08.12,06:30,64.13,64.19,64.10,64.14,62
2025.08.12,06:45,64.15,64.30,64.15,64.26,59
2025.08.12,07:00,64.26,64.29,64.18,64.26,152
2025.08.12,07:15,64.25,64.29,64.18,64.18,87
2025.08.12,07:30,64.21,64.23,64.16,64.21,164
2025.08.12,07:45,64.22,64.23,64.16,64.18,112
2025.08.12,08:00,64.20,64.26,64.08,64.12,127
2025.08.12,08:15,64.09,64.27,64.06,64.27,178
2025.08.12,08:30,64.24,64.28,63.95,64.04,208
2025.08.12,08:45,64.03,64.22,64.00,64.11,190
2025.08.12,09:00,64.13,64.18,64.04,64.09,265
2025.08.12,09:15,64.08,64.16,64.03,64.09,202
2025.08.12,09:30,64.12,64.18,64.05,64.15,237
2025.08.12,09:45,64.15,64.23,64.07,64.14,308
2025.08.12,10:00,64.12,64.17,64.04,64.10,332
2025.08.12,10:15,64.08,64.14,63.95,64.03,518
2025.08.12,10:30,64.02,64.20,63.78,63.90,518
2025.08.12,10:45,63.90,63.91,63.73,63.84,238
2025.08.12,11:00,63.82,63.96,63.75,63.94,308
2025.08.12,11:15,63.93,64.06,63.88,63.99,288
2025.08.12,11:30,64.01,64.06,63.94,64.01,297
2025.08.12,11:45,64.00,64.04,63.85,64.02,321
2025.08.12,12:00,64.01,64.33,63.99,64.19,423
2025.08.12,12:15,64.16,64.18,64.04,64.11,238
2025.08.12,12:30,64.08,64.15,63.76,63.89,294
2025.08.12,12:45,63.87,64.04,63.86,63.96,209
2025.08.12,13:00,63.93,63.96,63.83,63.87,241
2025.08.12,13:15,63.87,63.87,63.60,63.61,280
2025.08.12,13:30,63.62,63.63,63.50,63.53,322
2025.08.12,13:45,63.52,63.59,63.46,63.49,256
2025.08.12,14:00,63.48,63.59,63.44,63.49,366
2025.08.12,14:15,63.47,63.55,63.41,63.53,265
2025.08.12,14:30,63.54,63.63,63.31,63.32,513
2025.08.12,14:45,63.33,63.48,63.30,63.42,384
2025.08.12,15:00,63.41,63.66,63.39,63.45,642
2025.08.12,15:15,63.46,63.52,63.35,63.46,488
2025.08.12,15:30,63.48,63.54,63.18,63.39,662
2025.08.12,15:45,63.39,63.62,63.35,63.45,548
2025.08.12,16:00,63.46,63.54,63.43,63.48,494
2025.08.12,16:15,63.50,63.60,63.44,63.58,436
2025.08.12,16:30,63.55,63.65,63.44,63.48,372
2025.08.12,16:45,63.49,63.62,63.44,63.56,359
2025.08.12,17:00,63.56,63.79,63.56,63.68,515
2025.08.12,17:15,63.69,63.76,63.43,63.45,451
2025.08.12,17:30,63.46,63.62,63.17,63.23,517
2025.08.12,17:45,63.25,63.33,63.22,63.28,329
2025.08.12,18:00,63.25,63.37,63.19,63.25,354
2025.08.12,18:15,63.28,63.33,63.19,63.25,269
2025.08.12,18:30,63.25,63.27,63.04,63.15,319
2025.08.12,18:45,63.13,63.22,63.12,63.17,227
2025.08.12,19:00,63.17,63.41,63.11,63.16,520
2025.08.12,19:15,63.14,63.30,63.10,63.21,276
2025.08.12,19:30,63.20,63.29,63.17,63.26,235
2025.08.12,19:45,63.28,63.29,63.18,63.20,215
2025.08.12,20:00,63.21,63.27,63.14,63.16,332
2025.08.12,20:15,63.15,63.23,63.11,63.15,419
2025.08.12,20:30,63.15,63.18,63.04,63.17,229
2025.08.12,20:45,63.18,63.24,63.15,63.19,125
2025.08.12,21:00,63.22,63.23,63.17,63.23,134
2025.08.12,21:15,63.22,63.23,63.15,63.20,55
2025.08.12,21:30,63.19,63.24,63.18,63.23,124
2025.08.12,21:45,63.20,63.21,63.11,63.15,97
2025.08.12,22:00,63.16,63.17,63.09,63.11,86
2025.08.12,22:15,63.10,63.12,63.08,63.11,55
2025.08.12,22:30,63.11,63.14,63.06,63.11,149
2025.08.12,22:45,63.10,63.13,63.05,63.09,89
2025.08.13,00:00,63.04,63.09,62.81,63.05,143
2025.08.13,00:15,63.05,63.12,63.02,63.09,46
2025.08.13,00:30,63.08,63.14,63.05,63.08,62
2025.08.13,00:45,63.09,63.12,63.07,63.08,41
2025.08.13,01:00,63.10,63.13,63.09,63.10,13
2025.08.13,01:15,63.11,63.15,63.11,63.12,43
2025.08.13,01:30,63.11,63.17,63.11,63.16,24
2025.08.13,01:45,63.14,63.17,63.12,63.14,38
2025.08.13,02:00,63.15,63.16,63.08,63.09,157
2025.08.13,02:15,63.09,63.14,63.09,63.10,70
2025.08.13,02:30,63.10,63.15,63.10,63.13,56
2025.08.13,02:45,63.13,63.15,63.08,63.15,47
2025.08.13,03:00,63.12,63.19,63.04,63.11,260
2025.08.13,03:15,63.13,63.13,63.03,63.11,196
2025.08.13,03:30,63.10,63.12,62.99,63.04,149
2025.08.13,03:45,63.03,63.15,63.03,63.14,132
2025.08.13,04:00,63.13,63.14,62.99,62.99,103
2025.08.13,04:15,63.02,63.05,62.98,63.01,44
2025.08.13,04:30,63.00,63.04,62.97,62.98,157
2025.08.13,04:45,62.98,63.00,62.92,62.95,128
2025.08.13,05:00,62.94,63.07,62.94,63.06,140
2025.08.13,05:15,63.07,63.09,63.04,63.06,86
2025.08.13,05:30,63.09,63.17,63.07,63.15,71
2025.08.13,05:45,63.15,63.18,63.11,63.18,48
2025.08.13,06:00,63.18,63.21,63.15,63.16,94
2025.08.13,06:15,63.15,63.19,63.15,63.17,51
2025.08.13,06:30,63.18,63.25,63.16,63.20,52
2025.08.13,06:45,63.19,63.22,63.17,63.21,32
2025.08.13,07:00,63.18,63.28,63.18,63.21,72
2025.08.13,07:15,63.21,63.24,63.15,63.18,52
2025.08.13,07:30,63.16,63.20,63.14,63.14,113
2025.08.13,07:45,63.13,63.17,63.04,63.08,168
2025.08.13,08:00,63.07,63.15,63.02,63.05,136
2025.08.13,08:15,63.02,63.04,62.88,62.90,273
2025.08.13,08:30,62.89,63.20,62.83,63.18,255
2025.08.13,08:45,63.18,63.32,63.15,63.18,274
2025.08.13,09:00,63.17,63.17,63.02,63.05,283
2025.08.13,09:15,63.04,63.06,62.93,63.04,244
2025.08.13,09:30,63.03,63.03,62.85,62.88,278
2025.08.13,09:45,62.91,62.97,62.84,62.92,275
2025.08.13,10:00,62.93,62.99,62.75,62.85,372
2025.08.13,10:15,62.83,62.85,62.58,62.64,387
2025.08.13,10:30,62.66,62.73,62.55,62.58,394
2025.08.13,10:45,62.58,62.86,62.52,62.84,380
2025.08.13,11:00,62.83,63.04,62.78,62.92,415
2025.08.13,11:15,62.89,63.02,62.84,62.95,241
2025.08.13,11:30,62.96,62.96,62.85,62.89,203
2025.08.13,11:45,62.91,62.92,62.68,62.71,218
2025.08.13,12:00,62.73,62.78,62.60,62.63,232
2025.08.13,12:15,62.64,62.76,62.63,62.68,227
2025.08.13,12:30,62.69,62.74,62.59,62.68,218
2025.08.13,12:45,62.68,62.70,62.58,62.59,158
2025.08.13,13:00,62.58,62.67,62.58,62.65,201
2025.08.13,13:15,62.66,62.73,62.61,62.71,162
2025.08.13,13:30,62.68,62.81,62.68,62.80,185
2025.08.13,13:45,62.79,62.87,62.70,62.80,274
2025.08.13,14:00,62.81,62.94,62.75,62.93,292
2025.08.13,14:15,62.94,63.08,62.90,63.05,371
2025.08.13,14:30,63.04,63.24,63.03,63.23,397
2025.08.13,14:45,63.24,63.34,63.10,63.15,292
2025.08.13,15:00,63.15,63.19,62.98,63.04,503
2025.08.13,15:15,63.03,63.12,62.99,63.03,328
2025.08.13,15:30,63.05,63.05,62.90,62.94,465
2025.08.13,15:45,62.97,63.13,62.82,62.86,411
2025.08.13,16:00,62.88,62.92,62.73,62.79,432
2025.08.13,16:15,62.80,63.02,62.73,62.99,439
2025.08.13,16:30,62.96,62.98,62.40,62.41,768
2025.08.13,16:45,62.42,62.46,62.14,62.26,936
2025.08.13,17:00,62.28,62.35,62.16,62.29,617
2025.08.13,17:15,62.30,62.52,62.23,62.41,613
2025.08.13,17:30,62.39,62.47,62.08,62.12,520
2025.08.13,17:45,62.15,62.25,61.94,61.99,626
2025.08.13,18:00,62.00,62.16,61.93,62.07,478
2025.08.13,18:15,62.07,62.16,61.99,62.02,338
2025.08.13,18:30,61.99,62.14,61.97,62.08,372
2025.08.13,18:45,62.09,62.35,62.08,62.20,413
2025.08.13,19:00,62.20,62.38,62.17,62.19,353
2025.08.13,19:15,62.17,62.42,62.17,62.41,398
2025.08.13,19:30,62.41,62.71,62.41,62.55,467
2025.08.13,19:45,62.56,62.63,62.51,62.53,296
2025.08.13,20:00,62.52,62.68,62.45,62.67,424
2025.08.13,20:15,62.65,62.71,62.54,62.60,573
2025.08.13,20:30,62.59,62.71,62.46,62.48,212
2025.08.13,20:45,62.49,62.52,62.44,62.46,72
2025.08.13,21:00,62.45,62.63,62.45,62.63,81
2025.08.13,21:15,62.60,62.75,62.60,62.71,135
2025.08.13,21:30,62.68,62.81,62.68,62.77,46
2025.08.13,21:45,62.77,62.82,62.72,62.74,81
2025.08.13,22:00,62.74,62.76,62.69,62.70,56
2025.08.13,22:15,62.70,62.75,62.70,62.72,43
2025.08.13,22:30,62.72,62.74,62.66,62.72,61
2025.08.13,22:45,62.69,62.74,62.67,62.74,76
2025.08.14,00:00,62.04,62.08,62.02,62.05,58
2025.08.14,00:15,62.03,62.05,61.99,61.99,15
2025.08.14,00:30,62.00,62.04,61.99,62.04,19
2025.08.14,00:45,62.05,62.07,62.02,62.07,12
2025.08.14,01:00,62.04,62.08,62.04,62.04,18
2025.08.14,01:15,62.07,62.11,62.05,62.08,23
2025.08.14,01:30,62.10,62.10,62.05,62.09,9
2025.08.14,01:45,62.07,62.07,62.05,62.07,5
2025.08.14,02:00,62.06,62.14,62.02,62.06,118
2025.08.14,02:15,62.07,62.14,62.04,62.08,52
2025.08.14,02:30,62.11,62.11,62.06,62.07,43
2025.08.14,02:45,62.08,62.17,62.08,62.15,59
2025.08.14,03:00,62.12,62.15,62.02,62.07,191
2025.08.14,03:15,62.05,62.14,62.01,62.09,104
2025.08.14,03:30,62.10,62.16,62.08,62.14,136
2025.08.14,03:45,62.16,62.17,62.10,62.13,106
2025.08.14,04:00,62.14,62.17,62.07,62.12,135
2025.08.14,04:15,62.11,62.26,62.11,62.25,64
2025.08.14,04:30,62.22,62.23,62.15,62.19,110
2025.08.14,04:45,62.16,62.20,62.14,62.17,59
2025.08.14,05:00,62.18,62.18,62.12,62.15,91
2025.08.14,05:15,62.16,62.20,62.12,62.16,70
2025.08.14,05:30,62.17,62.18,62.09,62.16,79
2025.08.14,05:45,62.14,62.15,62.08,62.13,41
2025.08.14,06:00,62.12,62.17,62.09,62.16,40
2025.08.14,06:15,62.14,62.15,62.10,62.14,49
2025.08.14,06:30,62.15,62.16,62.12,62.13,25
2025.08.14,06:45,62.15,62.17,62.13,62.14,29
2025.08.14,07:00,62.16,62.22,62.13,62.19,42
2025.08.14,07:15,62.18,62.21,62.12,62.16,49
2025.08.14,07:30,62.15,62.17,62.06,62.12,148
2025.08.14,07:45,62.11,62.30,62.08,62.18,201
2025.08.14,08:00,62.19,62.27,62.07,62.11,180
2025.08.14,08:15,62.08,62.28,62.04,62.25,165
2025.08.14,08:30,62.27,62.34,62.15,62.17,240
2025.08.14,08:45,62.14,62.33,62.14,62.25,277
2025.08.14,09:00,62.23,62.34,62.18,62.26,245
2025.08.14,09:15,62.25,62.32,62.16,62.27,295
2025.08.14,09:30,62.28,62.33,62.17,62.18,225
2025.08.14,09:45,62.17,62.20,62.03,62.07,257
2025.08.14,10:00,62.06,62.22,62.06,62.13,331
2025.08.14,10:15,62.12,62.14,61.97,62.04,439
2025.08.14,10:30,62.06,62.29,62.00,62.19,388
2025.08.14,10:45,62.18,62.21,62.01,62.08,251
2025.08.14,11:00,62.08,62.25,62.06,62.22,320
2025.08.14,11:15,62.20,62.22,62.06,62.14,278
2025.08.14,11:30,62.14,62.25,62.08,62.23,308
2025.08.14,11:45,62.21,62.30,62.16,62.24,262
2025.08.14,12:00,62.25,62.29,62.13,62.19,270
2025.08.14,12:15,62.18,62.22,62.11,62.12,174
2025.08.14,12:30,62.15,62.18,62.01,62.01,207
2025.08.14,12:45,62.00,62.03,61.83,61.90,272
2025.08.14,13:00,61.90,62.13,61.87,62.11,295
2025.08.14,13:15,62.14,62.20,62.08,62.14,315
2025.08.14,13:30,62.11,62.19,62.11,62.17,212
2025.08.14,13:45,62.17,62.24,62.15,62.19,213
2025.08.14,14:00,62.16,62.25,62.11,62.20,327
2025.08.14,14:15,62.21,62.27,62.16,62.20,272
2025.08.14,14:30,62.21,62.26,62.06,62.26,401
2025.08.14,14:45,62.24,62.47,62.24,62.33,428
2025.08.14,15:00,62.32,62.60,62.28,62.55,599
2025.08.14,15:15,62.55,62.96,62.55,62.83,663
2025.08.14,15:30,62.82,62.88,62.68,62.73,516
2025.08.14,15:45,62.74,62.75,62.49,62.70,560
2025.08.14,16:00,62.73,62.77,62.65,62.76,519
2025.08.14,16:15,62.76,62.79,62.52,62.54,493
2025.08.14,16:30,62.55,62.63,62.39,62.47,412
2025.08.14,16:45,62.47,62.73,62.44,62.60,476
2025.08.14,17:00,62.61,62.76,62.60,62.71,426
2025.08.14,17:15,62.68,62.93,62.67,62.87,480
2025.08.14,17:30,62.88,63.05,62.85,62.88,539
2025.08.14,17:45,62.87,63.00,62.83,62.92,382
2025.08.14,18:00,62.90,62.96,62.82,62.91,365
2025.08.14,18:15,62.90,63.06,62.86,63.05,353
2025.08.14,18:30,63.03,63.06,62.86,62.94,288
2025.08.14,18:45,62.92,62.95,62.86,62.88,300
2025.08.14,19:00,62.86,62.91,62.66,62.66,312
2025.08.14,19:15,62.67,62.78,62.64,62.76,330
2025.08.14,19:30,62.74,62.98,62.74,62.98,396
2025.08.14,19:45,62.95,63.01,62.86,62.96,253
2025.08.14,20:00,62.94,63.03,62.84,62.90,368
2025.08.14,20:15,62.90,63.07,62.89,63.00,348
2025.08.14,20:30,63.02,63.13,62.99,63.10,282
2025.08.14,20:45,63.10,63.15,63.06,63.12,195
2025.08.14,21:00,63.10,63.16,63.06,63.13,151
2025.08.14,21:15,63.13,63.15,63.07,63.11,123
2025.08.14,21:30,63.10,63.13,63.07,63.12,98
2025.08.14,21:45,63.11,63.16,63.09,63.10,98
2025.08.14,22:00,63.09,63.14,63.03,63.04,104
2025.08.14,22:15,63.05,63.09,63.02,63.09,87
2025.08.14,22:30,63.10,63.10,63.03,63.05,68
2025.08.14,22:45,63.06,63.08,63.00,63.03,133
2025.08.15,00:00,62.95,63.01,62.95,62.98,35
2025.08.15,00:15,62.99,63.05,62.98,63.05,24
2025.08.15,00:30,63.05,63.07,63.00,63.01,30
2025.08.15,00:45,63.01,63.01,62.97,62.98,23
2025.08.15,01:00,62.98,63.01,62.97,62.99,14
2025.08.15,01:15,63.03,63.03,62.98,63.00,22
2025.08.15,01:30,62.99,63.01,62.97,62.98,6
2025.08.15,01:45,63.00,63.04,62.95,63.04,23
2025.08.15,02:00,63.02,63.22,63.00,63.19,165
2025.08.15,02:15,63.20,63.26,63.12,63.13,110
2025.08.15,02:30,63.13,63.14,63.06,63.09,61
2025.08.15,02:45,63.09,63.10,62.92,62.97,95
2025.08.15,03:00,62.95,63.00,62.92,62.96,205
2025.08.15,03:15,62.98,63.01,62.91,62.92,107
2025.08.15,03:30,62.95,63.00,62.89,62.92,183
2025.08.15,03:45,62.93,63.07,62.91,63.06,128
2025.08.15,04:00,63.05,63.07,62.94,62.99,130
2025.08.15,04:15,62.98,63.01,62.95,62.99,65
2025.08.15,04:30,62.96,62.98,62.93,62.98,96
2025.08.15,04:45,62.95,63.00,62.94,62.97,84
2025.08.15,05:00,62.98,63.02,62.95,62.96,66
2025.08.15,05:15,62.98,62.98,62.88,62.94,103
2025.08.15,05:30,62.94,62.95,62.87,62.92,100
2025.08.15,05:45,62.95,62.98,62.92,62.94,47
2025.08.15,06:00,62.93,62.98,62.90,62.92,42
2025.08.15,06:15,62.93,62.96,62.91,62.92,35
2025.08.15,06:30,62.91,62.97,62.86,62.88,43
2025.08.15,06:45,62.88,62.88,62.80,62.84,61
2025.08.15,07:00,62.83,62.86,62.79,62.82,77
2025.08.15,07:15,62.80,62.83,62.78,62.83,42
2025.08.15,07:30,62.81,62.92,62.81,62.92,161
2025.08.15,07:45,62.93,63.00,62.88,62.93,131
2025.08.15,08:00,62.92,62.93,62.67,62.74,219
2025.08.15,08:15,62.73,62.80,62.69,62.77,137
2025.08.15,08:30,62.79,62.82,62.74,62.79,142
2025.08.15,08:45,62.82,62.85,62.73,62.76,204
2025.08.15,09:00,62.70,62.70,62.59,62.64,339
2025.08.15,09:15,62.64,62.72,62.53,62.71,252
2025.08.15,09:30,62.70,62.76,62.61,62.70,218
2025.08.15,09:45,62.71,62.72,62.57,62.59,212
2025.08.15,10:00,62.59,62.68,62.50,62.56,270
2025.08.15,10:15,62.55,62.60,62.32,62.49,427
2025.08.15,10:30,62.50,62.57,62.43,62.44,359
2025.08.15,10:45,62.42,62.44,62.32,62.35,280
2025.08.15,11:00,62.34,62.55,62.33,62.55,304
2025.08.15,11:15,62.54,62.59,62.45,62.54,246
2025.08.15,11:30,62.54,62.68,62.49,62.61,296
2025.08.15,11:45,62.64,62.71,62.60,62.67,208
2025.08.15,12:00,62.68,62.70,62.54,62.64,195
2025.08.15,12:15,62.66,62.71,62.58,62.63,178
2025.08.15,12:30,62.65,62.76,62.62,62.72,193
2025.08.15,12:45,62.73,62.77,62.64,62.72,222
2025.08.15,13:00,62.70,62.70,62.43,62.54,317
2025.08.15,13:15,62.55,62.59,62.48,62.54,183
2025.08.15,13:30,62.53,62.67,62.53,62.63,154
2025.08.15,13:45,62.62,62.80,62.58,62.77,173
2025.08.15,14:00,62.76,62.79,62.69,62.73,180
2025.08.15,14:15,62.72,62.77,62.62,62.70,301
2025.08.15,14:30,62.68,62.72,62.56,62.60,304
2025.08.15,14:45,62.60,62.64,62.45,62.47,334
2025.08.15,15:00,62.47,62.47,62.09,62.17,866
2025.08.15,15:15,62.17,62.27,62.02,62.23,481
2025.08.15,15:30,62.23,62.39,62.18,62.31,490
2025.08.15,15:45,62.29,62.42,62.16,62.40,482
2025.08.15,16:00,62.39,62.43,62.16,62.35,449
2025.08.15,16:15,62.34,62.46,62.28,62.44,365
2025.08.15,16:30,62.43,62.67,62.32,62.36,592
2025.08.15,16:45,62.39,62.57,62.27,62.52,424
2025.08.15,17:00,62.54,62.66,62.51,62.63,453
2025.08.15,17:15,62.61,62.66,62.48,62.48,462
2025.08.15,17:30,62.51,62.59,62.37,62.49,470
2025.08.15,17:45,62.47,62.49,62.27,62.28,373
2025.08.15,18:00,62.31,62.32,62.13,62.22,362
2025.08.15,18:15,62.23,62.33,62.21,62.30,290
2025.08.15,18:30,62.29,62.37,62.24,62.28,275
2025.08.15,18:45,62.29,62.41,62.25,62.36,275
2025.08.15,19:00,62.36,62.47,62.33,62.44,221
2025.08.15,19:15,62.46,62.47,62.26,62.26,285
2025.08.15,19:30,62.27,62.35,62.19,62.23,252
2025.08.15,19:45,62.21,62.26,62.20,62.23,209
2025.08.15,20:00,62.22,62.22,62.04,62.08,325
2025.08.15,20:15,62.11,62.15,61.89,61.90,389
2025.08.15,20:30,61.91,62.08,61.84,62.06,295
2025.08.15,20:45,62.07,62.24,62.05,62.20,225
2025.08.15,21:00,62.19,62.20,61.94,61.97,225
2025.08.15,21:15,61.95,62.24,61.95,62.15,172
2025.08.15,21:30,62.17,62.21,62.15,62.17,89
2025.08.15,21:45,62.17,62.31,62.17,62.28,176
2025.08.18,00:00,62.24,62.24,61.62,61.75,528
2025.08.18,00:15,61.76,61.93,61.73,61.89,124
2025.08.18,00:30,61.90,61.91,61.74,61.80,118
2025.08.18,00:45,61.81,61.81,61.77,61.80,38
2025.08.18,01:00,61.81,61.81,61.71,61.76,63
2025.08.18,01:15,61.76,61.82,61.74,61.80,72
2025.08.18,01:30,61.81,61.82,61.77,61.77,43
2025.08.18,01:45,61.80,61.80,61.71,61.74,64
2025.08.18,02:00,61.72,61.84,61.69,61.82,172
2025.08.18,02:15,61.82,61.85,61.75,61.80,106
2025.08.18,02:30,61.80,61.92,61.76,61.89,84
2025.08.18,02:45,61.91,61.98,61.87,61.97,74
2025.08.18,03:00,61.96,61.97,61.67,61.79,588
2025.08.18,03:15,61.80,61.93,61.77,61.83,309
2025.08.18,03:30,61.86,61.91,61.81,61.86,240
2025.08.18,03:45,61.88,61.98,61.87,61.96,175
2025.08.18,04:00,61.96,61.99,61.91,61.93,196
2025.08.18,04:15,61.92,61.96,61.90,61.92,89
2025.08.18,04:30,61.93,61.99,61.88,61.95,299
2025.08.18,04:45,61.95,62.02,61.88,61.95,227
2025.08.18,05:00,61.94,62.00,61.85,61.99,227
2025.08.18,05:15,61.96,62.03,61.90,61.99,259
2025.08.18,05:30,61.98,62.03,61.93,62.00,167
2025.08.18,05:45,62.00,62.08,61.93,62.03,119
2025.08.18,06:00,62.03,62.08,62.01,62.06,73
2025.08.18,06:15,62.06,62.09,62.03,62.07,94
2025.08.18,06:30,62.08,62.12,62.06,62.09,98
2025.08.18,06:45,62.10,62.10,62.00,62.02,77
2025.08.18,07:00,62.04,62.09,62.01,62.02,110
2025.08.18,07:15,62.05,62.09,61.97,62.03,121
2025.08.18,07:30,62.00,62.11,61.99,62.05,229
2025.08.18,07:45,62.04,62.09,62.02,62.06,177
2025.08.18,08:00,62.07,62.24,62.04,62.19,225
2025.08.18,08:15,62.21,62.41,62.18,62.34,285
2025.08.18,08:30,62.33,62.43,62.31,62.38,238
2025.08.18,08:45,62.36,62.41,62.22,62.30,305
2025.08.18,09:00,62.27,62.27,62.04,62.08,340
2025.08.18,09:15,62.08,62.16,62.07,62.12,202
2025.08.18,09:30,62.14,62.19,61.91,61.94,367
2025.08.18,09:45,61.95,61.98,61.84,61.86,251
2025.08.18,10:00,61.86,61.99,61.86,61.91,282
2025.08.18,10:15,61.92,62.02,61.82,61.95,364
2025.08.18,10:30,61.93,62.07,61.93,62.06,372
2025.08.18,10:45,62.06,62.21,62.02,62.07,289
2025.08.18,11:00,62.09,62.26,62.01,62.21,242
2025.08.18,11:15,62.22,62.51,62.20,62.37,402
2025.08.18,11:30,62.41,62.48,62.33,62.44,197
2025.08.18,11:45,62.46,62.54,62.41,62.44,200
2025.08.18,12:00,62.43,62.47,62.28,62.29,254
2025.08.18,12:15,62.29,62.31,62.10,62.24,245
2025.08.18,12:30,62.26,62.34,62.21,62.24,192
2025.08.18,12:45,62.24,62.38,62.16,62.38,201
2025.08.18,13:00,62.37,62.41,62.14,62.19,231
2025.08.18,13:15,62.21,62.29,62.15,62.24,226
2025.08.18,13:30,62.27,62.41,62.26,62.39,216
2025.08.18,13:45,62.38,62.42,62.23,62.30,203
2025.08.18,14:00,62.26,62.32,62.21,62.32,222
2025.08.18,14:15,62.31,62.34,62.23,62.26,270
2025.08.18,14:30,62.25,62.29,62.02,62.13,361
2025.08.18,14:45,62.11,62.21,62.07,62.11,295
2025.08.18,15:00,62.10,62.13,61.87,61.96,628
2025.08.18,15:15,61.97,62.04,61.84,61.88,443
2025.08.18,15:30,61.86,61.86,61.43,61.67,784
2025.08.18,15:45,61.69,61.82,61.60,61.68,442
2025.08.18,16:00,61.71,61.77,61.53,61.56,446
2025.08.18,16:15,61.53,61.77,61.53,61.65,419
2025.08.18,16:30,61.62,62.15,61.61,62.07,570
2025.08.18,16:45,62.09,62.12,61.97,62.05,421
2025.08.18,17:00,62.05,62.18,61.97,61.97,416
2025.08.18,17:15,61.98,62.32,61.96,62.21,625
2025.08.18,17:30,62.19,62.26,62.04,62.15,387
2025.08.18,17:45,62.16,62.31,62.07,62.28,399
2025.08.18,18:00,62.32,62.39,62.20,62.26,375
2025.08.18,18:15,62.28,62.32,62.20,62.31,293
2025.08.18,18:30,62.29,62.38,62.18,62.30,316
2025.08.18,18:45,62.31,62.38,62.30,62.37,174
2025.08.18,19:00,62.35,62.62,62.31,62.54,305
2025.08.18,19:15,62.54,63.00,62.54,62.68,809
2025.08.18,19:30,62.68,62.79,62.63,62.66,362
2025.08.18,19:45,62.66,62.70,62.57,62.66,333
2025.08.18,20:00,62.63,62.71,62.61,62.64,332
2025.08.18,20:15,62.61,62.81,62.58,62.73,516
2025.08.18,20:30,62.74,62.81,62.68,62.78,233
2025.08.18,20:45,62.78,62.78,62.63,62.65,172
2025.08.18,21:00,62.66,62.66,62.48,62.54,213
2025.08.18,21:15,62.53,62.66,62.46,62.58,134
2025.08.18,21:30,62.61,62.62,62.52,62.54,115
2025.08.18,21:45,62.54,62.64,62.52,62.59,117
2025.08.18,22:00,62.59,62.62,62.56,62.59,99
2025.08.18,22:15,62.58,62.66,62.57,62.66,49
2025.08.18,22:30,62.65,62.68,62.58,62.60,65
2025.08.18,22:45,62.61,62.65,62.55,62.57,139
2025.08.19,00:00,62.58,62.66,62.22,62.52,245
2025.08.19,00:15,62.47,62.64,62.46,62.54,50
2025.08.19,00:30,62.57,62.64,62.54,62.60,42
2025.08.19,00:45,62.61,62.61,62.56,62.59,32
2025.08.19,01:00,62.60,62.64,62.58,62.62,34
2025.08.19,01:15,62.63,62.63,62.57,62.60,28
2025.08.19,01:30,62.59,62.64,62.57,62.63,25
2025.08.19,01:45,62.60,62.62,62.59,62.62,12
2025.08.19,02:00,62.61,62.63,62.54,62.58,137
2025.08.19,02:15,62.58,62.59,62.50,62.51,79
2025.08.19,02:30,62.52,62.57,62.51,62.53,54
2025.08.19,02:45,62.54,62.57,62.51,62.55,57
2025.08.19,03:00,62.52,62.54,62.35,62.36,340
2025.08.19,03:15,62.39,62.50,62.36,62.47,185
2025.08.19,03:30,62.45,62.51,62.39,62.42,154
2025.08.19,03:45,62.42,62.43,62.35,62.37,139
2025.08.19,04:00,62.38,62.38,62.27,62.36,137
2025.08.19,04:15,62.37,62.37,62.32,62.36,52
2025.08.19,04:30,62.33,62.42,62.32,62.34,132
2025.08.19,04:45,62.36,62.36,62.28,62.30,120
2025.08.19,05:00,62.31,62.42,62.29,62.38,100
2025.08.19,05:15,62.38,62.41,62.35,62.36,122
2025.08.19,05:30,62.36,62.39,62.28,62.30,57
2025.08.19,05:45,62.31,62.33,62.29,62.32,37
2025.08.19,06:00,62.29,62.31,62.26,62.26,28
2025.08.19,06:15,62.25,62.27,62.20,62.21,66
2025.08.19,06:30,62.22,62.25,62.19,62.24,70
2025.08.19,06:45,62.25,62.26,62.21,62.23,44
2025.08.19,07:00,62.20,62.28,62.18,62.24,101
2025.08.19,07:15,62.25,62.27,62.22,62.22,40
2025.08.19,07:30,62.22,62.25,62.14,62.15,174
2025.08.19,07:45,62.12,62.26,62.10,62.22,189
2025.08.19,08:00,62.23,62.41,62.22,62.24,245
2025.08.19,08:15,62.26,62.34,62.23,62.33,129
2025.08.19,08:30,62.31,62.45,62.26,62.40,216
2025.08.19,08:45,62.43,62.45,62.25,62.28,189
2025.08.19,09:00,62.27,62.29,62.08,62.09,456
2025.08.19,09:15,62.09,62.19,62.03,62.13,254
2025.08.19,09:30,62.12,62.19,62.03,62.12,288
2025.08.19,09:45,62.11,62.21,62.11,62.13,271
2025.08.19,10:00,62.13,62.25,62.10,62.19,340
2025.08.19,10:15,62.20,62.30,62.08,62.10,514
2025.08.19,10:30,62.07,62.19,61.96,62.03,419
2025.08.19,10:45,62.04,62.13,61.94,61.94,315
2025.08.19,11:00,61.94,62.04,61.88,61.91,339
2025.08.19,11:15,61.90,62.06,61.85,62.03,277
2025.08.19,11:30,62.00,62.07,61.93,62.07,268
2025.08.19,11:45,62.08,62.14,61.94,62.08,305
2025.08.19,12:00,62.09,62.15,62.02,62.10,248
2025.08.19,12:15,62.12,62.14,61.91,61.96,217
2025.08.19,12:30,61.96,62.06,61.89,61.94,201
2025.08.19,12:45,61.91,61.94,61.82,61.87,200
2025.08.19,13:00,61.88,61.94,61.81,61.89,243
2025.08.19,13:15,61.92,61.99,61.87,61.93,209
2025.08.19,13:30,61.94,62.11,61.86,62.11,287
2025.08.19,13:45,62.11,62.22,62.04,62.17,333
2025.08.19,14:00,62.17,62.22,62.08,62.10,327
2025.08.19,14:15,62.12,62.22,62.00,62.05,272
2025.08.19,14:30,62.06,62.07,61.88,61.92,274
2025.08.19,14:45,61.90,61.95,61.85,61.94,215
2025.08.19,15:00,61.91,61.94,61.68,61.78,460
2025.08.19,15:15,61.78,62.04,61.75,62.01,301
2025.08.19,15:30,61.99,62.03,61.89,61.94,351
2025.08.19,15:45,61.94,62.24,61.93,61.97,349
2025.08.19,16:00,62.00,62.00,61.88,61.95,308
2025.08.19,16:15,61.95,62.24,61.95,62.14,429
2025.08.19,16:30,62.17,62.21,61.99,62.04,272
2025.08.19,16:45,62.05,62.16,62.01,62.05,300
2025.08.19,17:00,62.04,62.17,61.99,62.17,305
2025.08.19,17:15,62.15,62.20,62.08,62.08,339
2025.08.19,17:30,62.09,62.20,62.02,62.07,339
2025.08.19,17:45,62.06,62.10,61.78,61.79,345
2025.08.19,18:00,61.80,62.02,61.76,61.85,301
2025.08.19,18:15,61.86,61.96,61.82,61.91,234
2025.08.19,18:30,61.90,61.93,61.85,61.86,187
2025.08.19,18:45,61.86,61.90,61.76,61.77,220
2025.08.19,19:00,61.76,61.85,61.63,61.67,232
2025.08.19,19:15,61.68,61.74,61.66,61.67,207
2025.08.19,19:30,61.67,61.81,61.64,61.76,209
2025.08.19,19:45,61.77,61.79,61.69,61.72,193
2025.08.19,20:00,61.70,61.77,61.66,61.74,203
2025.08.19,20:15,61.75,61.78,61.63,61.76,381
2025.08.19,20:30,61.77,61.86,61.75,61.82,157
2025.08.19,20:45,61.86,61.95,61.83,61.87,110
2025.08.19,21:00,61.90,61.92,61.84,61.88,67
2025.08.19,21:15,61.90,62.00,61.88,61.94,102
2025.08.19,21:30,61.94,61.98,61.88,61.91,72
2025.08.19,21:45,61.91,61.92,61.78,61.88,55
2025.08.19,22:00,61.88,61.95,61.85,61.95,54
2025.08.19,22:15,61.94,62.00,61.88,61.99,58
2025.08.19,22:30,61.98,62.03,61.95,62.01,98
2025.08.19,22:45,62.00,62.02,61.95,61.98,69
2025.08.20,00:00,61.92,61.98,61.91,61.98,77
2025.08.20,00:15,61.96,62.05,61.96,62.05,22
2025.08.20,00:30,62.04,62.10,62.02,62.08,24
2025.08.20,00:45,62.07,62.10,62.02,62.10,22
2025.08.20,01:00,62.09,62.11,62.07,62.08,24
2025.08.20,01:15,62.07,62.11,62.06,62.11,19
2025.08.20,01:30,62.10,62.13,62.09,62.09,18
2025.08.20,01:45,62.11,62.13,62.09,62.09,38
2025.08.20,02:00,62.08,62.10,62.02,62.04,96
2025.08.20,02:15,62.05,62.08,62.03,62.08,49
2025.08.20,02:30,62.08,62.10,62.06,62.07,32
2025.08.20,02:45,62.06,62.12,62.06,62.08,39
2025.08.20,03:00,62.10,62.19,62.05,62.06,263
2025.08.20,03:15,62.07,62.08,61.95,61.95,104
2025.08.20,03:30,61.95,61.97,61.87,61.95,227
2025.08.20,03:45,61.94,61.94,61.86,61.89,124
2025.08.20,04:00,61.86,61.90,61.82,61.87,200
2025.08.20,04:15,61.85,61.92,61.84,61.91,51
2025.08.20,04:30,61.90,61.94,61.84,61.87,182
2025.08.20,04:45,61.87,61.93,61.85,61.90,142
2025.08.20,05:00,61.89,61.98,61.86,61.94,122
2025.08.20,05:15,61.91,61.95,61.80,61.86,263
2025.08.20,05:30,61.84,61.88,61.82,61.85,48
2025.08.20,05:45,61.84,61.88,61.83,61.86,30
2025.08.20,06:00,61.87,61.89,61.86,61.86,46
2025.08.20,06:15,61.86,61.90,61.85,61.87,36
2025.08.20,06:30,61.89,61.97,61.85,61.96,67
2025.08.20,06:45,61.97,62.01,61.95,61.99,52
2025.08.20,07:00,61.99,62.04,61.95,62.04,54
2025.08.20,07:15,62.01,62.04,61.99,61.99,62
2025.08.20,07:30,62.00,62.07,61.97,62.05,149
2025.08.20,07:45,62.04,62.20,62.01,62.17,188
2025.08.20,08:00,62.18,62.31,62.17,62.27,258
2025.08.20,08:15,62.24,62.31,62.21,62.29,281
2025.08.20,08:30,62.29,62.37,62.25,62.34,212
2025.08.20,08:45,62.33,62.35,62.28,62.29,150
2025.08.20,09:00,62.30,62.38,62.19,62.36,325
2025.08.20,09:15,62.35,62.47,62.32,62.46,208
2025.08.20,09:30,62.44,62.55,62.40,62.43,233
2025.08.20,09:45,62.41,62.49,62.38,62.44,257
2025.08.20,10:00,62.45,62.49,62.26,62.32,317
2025.08.20,10:15,62.30,62.43,62.30,62.38,341
2025.08.20,10:30,62.42,62.71,62.40,62.68,447
2025.08.20,10:45,62.69,62.71,62.58,62.64,265
2025.08.20,11:00,62.62,62.62,62.51,62.56,182
2025.08.20,11:15,62.55,62.59,62.46,62.56,171
2025.08.20,11:30,62.54,62.58,62.42,62.43,184
2025.08.20,11:45,62.44,62.44,62.19,62.23,277
2025.08.20,12:00,62.21,62.33,62.12,62.26,282
2025.08.20,12:15,62.23,62.41,62.17,62.41,247
2025.08.20,12:30,62.38,62.53,62.38,62.47,228
2025.08.20,12:45,62.45,62.55,62.44,62.50,177
2025.08.20,13:00,62.51,62.56,62.48,62.54,165
2025.08.20,13:15,62.53,62.56,62.47,62.55,142
2025.08.20,13:30,62.54,62.66,62.52,62.58,237
2025.08.20,13:45,62.56,62.68,62.55,62.58,149
2025.08.20,14:00,62.61,62.63,62.40,62.42,254
2025.08.20,14:15,62.40,62.48,62.37,62.43,220
2025.08.20,14:30,62.42,62.47,62.33,62.45,230
2025.08.20,14:45,62.43,62.54,62.40,62.51,247
2025.08.20,15:00,62.53,62.57,62.40,62.54,436
2025.08.20,15:15,62.54,62.60,62.46,62.58,297
2025.08.20,15:30,62.57,62.63,62.36,62.57,404
2025.08.20,15:45,62.58,62.69,62.34,62.48,476
2025.08.20,16:00,62.48,62.65,62.38,62.39,441
2025.08.20,16:15,62.38,62.58,62.36,62.47,408
2025.08.20,16:30,62.45,62.77,62.37,62.37,737
2025.08.20,16:45,62.35,62.36,62.23,62.24,556
2025.08.20,17:00,62.25,62.42,62.08,62.38,559
2025.08.20,17:15,62.35,62.67,62.35,62.65,518
2025.08.20,17:30,62.65,62.80,62.54,62.75,506
2025.08.20,17:45,62.75,62.89,62.69,62.84,328
2025.08.20,18:00,62.83,62.98,62.72,62.73,475
2025.08.20,18:15,62.75,62.78,62.63,62.75,271
2025.08.20,18:30,62.74,62.79,62.64,62.77,151
2025.08.20,18:45,62.79,62.82,62.70,62.80,222
2025.08.20,19:00,62.79,62.81,62.65,62.69,183
2025.08.20,19:15,62.70,62.77,62.65,62.74,211
2025.08.20,19:30,62.73,62.81,62.68,62.81,167
2025.08.20,19:45,62.78,62.80,62.56,62.58,272
2025.08.20,20:00,62.59,62.77,62.52,62.69,343
2025.08.20,20:15,62.67,62.78,62.61,62.69,343
2025.08.20,20:30,62.69,62.88,62.68,62.79,144
2025.08.20,20:45,62.78,62.88,62.77,62.87,92
2025.08.20,21:00,62.87,62.93,62.84,62.90,115
2025.08.20,21:15,62.88,62.94,62.88,62.90,98
2025.08.20,21:30,62.90,62.93,62.86,62.89,59
2025.08.20,21:45,62.89,62.92,62.85,62.87,64
2025.08.20,22:00,62.87,62.95,62.87,62.92,46
2025.08.20,22:15,62.89,62.93,62.88,62.93,21
2025.08.20,22:30,62.92,62.92,62.83,62.85,53
2025.08.20,22:45,62.83,62.87,62.78,62.85,72
2025.08.21,00:00,62.85,62.92,62.84,62.91,43
2025.08.21,00:15,62.90,62.93,62.87,62.89,34
2025.08.21,00:30,62.89,62.92,62.86,62.88,27
2025.08.21,00:45,62.86,62.90,62.86,62.90,8
2025.08.21,01:00,62.88,62.90,62.87,62.87,8
2025.08.21,01:15,62.89,62.90,62.86,62.88,24
2025.08.21,01:30,62.89,62.89,62.85,62.88,8
2025.08.21,01:45,62.86,62.88,62.84,62.87,13
2025.08.21,02:00,62.86,62.91,62.81,62.86,134
2025.08.21,02:15,62.88,62.88,62.82,62.86,51
2025.08.21,02:30,62.87,62.89,62.82,62.84,30
2025.08.21,02:45,62.85,62.87,62.80,62.81,57
2025.08.21,03:00,62.83,62.87,62.76,62.84,206
2025.08.21,03:15,62.83,62.96,62.78,62.96,181
2025.08.21,03:30,62.95,63.18,62.94,63.12,236
2025.08.21,03:45,63.10,63.12,62.97,62.99,165
2025.08.21,04:00,62.97,63.02,62.94,63.00,116
2025.08.21,04:15,63.00,63.00,62.95,62.99,80
2025.08.21,04:30,62.96,63.03,62.96,63.00,181
2025.08.21,04:45,62.99,63.02,62.92,62.92,117
2025.08.21,05:00,62.93,62.99,62.93,62.96,144
2025.08.21,05:15,62.95,63.01,62.89,63.00,131
2025.08.21,05:30,62.99,63.02,62.95,63.00,62
2025.08.21,05:45,63.01,63.02,62.96,63.01,40
2025.08.21,06:00,62.98,63.00,62.93,62.98,50
2025.08.21,06:15,62.98,63.06,62.98,63.02,42
2025.08.21,06:30,63.01,63.05,62.98,63.05,35
2025.08.21,06:45,63.02,63.07,63.00,63.01,41
2025.08.21,07:00,63.04,63.04,62.96,62.99,53
2025.08.21,07:15,62.99,63.04,62.98,63.02,47
2025.08.21,07:30,63.02,63.12,63.01,63.06,152
2025.08.21,07:45,63.07,63.11,63.04,63.10,147
2025.08.21,08:00,63.08,63.14,63.02,63.13,125
2025.08.21,08:15,63.14,63.22,63.04,63.09,182
2025.08.21,08:30,63.12,63.27,63.06,63.19,214
2025.08.21,08:45,63.22,63.22,63.12,63.20,149
2025.08.21,09:00,63.21,63.37,63.17,63.31,344
2025.08.21,09:15,63.31,63.38,63.27,63.33,241
2025.08.21,09:30,63.30,63.39,63.26,63.30,205
2025.08.21,09:45,63.27,63.32,63.15,63.16,205
2025.08.21,10:00,63.18,63.24,63.12,63.22,166
2025.08.21,10:15,63.21,63.25,63.12,63.21,193
2025.08.21,10:30,63.21,63.30,63.16,63.25,238
2025.08.21,10:45,63.27,63.35,63.19,63.33,226
2025.08.21,11:00,63.34,63.34,63.14,63.22,243
2025.08.21,11:15,63.20,63.37,63.20,63.33,244
2025.08.21,11:30,63.32,63.39,63.28,63.34,264
2025.08.21,11:45,63.35,63.37,63.27,63.36,201
2025.08.21,12:00,63.36,63.43,63.33,63.35,159
2025.08.21,12:15,63.33,63.43,63.33,63.43,121
2025.08.21,12:30,63.41,63.47,63.23,63.25,217
2025.08.21,12:45,63.25,63.29,63.20,63.26,135
2025.08.21,13:00,63.25,63.30,63.17,63.26,199
2025.08.21,13:15,63.25,63.28,63.15,63.15,189
2025.08.21,13:30,63.15,63.18,62.97,63.05,303
2025.08.21,13:45,63.06,63.12,63.04,63.08,147
2025.08.21,14:00,63.10,63.25,63.09,63.20,198
2025.08.21,14:15,63.21,63.22,63.01,63.04,224
2025.08.21,14:30,63.04,63.04,62.82,62.91,364
2025.08.21,14:45,62.89,62.98,62.86,62.86,184
2025.08.21,15:00,62.87,62.92,62.63,62.63,509
2025.08.21,15:15,62.64,62.80,62.59,62.66,374
2025.08.21,15:30,62.65,62.74,62.50,62.52,540
2025.08.21,15:45,62.54,62.67,62.50,62.58,430
2025.08.21,16:00,62.56,62.91,62.54,62.87,556
2025.08.21,16:15,62.89,63.06,62.83,62.97,360
2025.08.21,16:30,62.96,63.04,62.91,62.95,370
2025.08.21,16:45,62.94,63.09,62.89,62.96,408
2025.08.21,17:00,62.96,63.04,62.91,63.01,343
2025.08.21,17:15,63.02,63.16,62.84,63.11,611
2025.08.21,17:30,63.10,63.29,62.85,63.23,510
2025.08.21,17:45,63.23,63.33,63.17,63.22,396
2025.08.21,18:00,63.22,63.34,63.08,63.12,314
2025.08.21,18:15,63.11,63.30,63.09,63.27,270
2025.08.21,18:30,63.29,63.40,63.28,63.36,329
2025.08.21,18:45,63.36,63.53,63.34,63.44,318
2025.08.21,19:00,63.44,63.52,63.34,63.36,197
2025.08.21,19:15,63.34,63.47,63.34,63.45,191
2025.08.21,19:30,63.46,63.59,63.45,63.57,279
2025.08.21,19:45,63.55,63.57,63.43,63.52,200
2025.08.21,20:00,63.53,63.57,63.47,63.55,286
2025.08.21,20:15,63.56,63.66,63.47,63.50,399
2025.08.21,20:30,63.47,63.52,63.39,63.44,198
2025.08.21,20:45,63.45,63.49,63.43,63.48,95
2025.08.21,21:00,63.47,63.48,63.35,63.40,101
2025.08.21,21:15,63.42,63.46,63.38,63.41,71
2025.08.21,21:30,63.40,63.44,63.37,63.41,68
2025.08.21,21:45,63.40,63.46,63.36,63.40,71
2025.08.21,22:00,63.41,63.43,63.37,63.42,60
2025.08.21,22:15,63.41,63.46,63.41,63.46,35
2025.08.21,22:30,63.46,63.48,63.42,63.44,58
2025.08.21,22:45,63.42,63.50,63.42,63.47,74
2025.08.22,00:00,63.45,63.49,63.40,63.44,70
2025.08.22,00:15,63.45,63.48,63.43,63.48,18
2025.08.22,00:30,63.46,63.48,63.43,63.44,33
2025.08.22,00:45,63.44,63.48,63.44,63.48,14
2025.08.22,01:00,63.45,63.48,63.45,63.48,7
2025.08.22,01:15,63.46,63.49,63.45,63.45,12
2025.08.22,01:30,63.47,63.48,63.46,63.47,10
2025.08.22,01:45,63.46,63.48,63.45,63.48,11
2025.08.22,02:00,63.48,63.52,63.45,63.45,100
2025.08.22,02:15,63.46,63.53,63.45,63.49,54
2025.08.22,02:30,63.52,63.52,63.48,63.50,31
2025.08.22,02:45,63.48,63.51,63.46,63.47,48
2025.08.22,03:00,63.50,63.50,63.35,63.35,359
2025.08.22,03:15,63.36,63.39,63.31,63.34,134
2025.08.22,03:30,63.37,63.38,63.31,63.33,129
2025.08.22,03:45,63.33,63.37,63.30,63.34,96
2025.08.22,04:00,63.32,63.42,63.31,63.39,107
2025.08.22,04:15,63.38,63.40,63.34,63.35,51
2025.08.22,04:30,63.38,63.44,63.35,63.42,126
2025.08.22,04:45,63.43,63.43,63.36,63.38,95
2025.08.22,05:00,63.37,63.45,63.31,63.43,128
2025.08.22,05:15,63.46,63.48,63.40,63.42,107
2025.08.22,05:30,63.43,63.46,63.39,63.40,59
2025.08.22,05:45,63.39,63.42,63.37,63.39,31
2025.08.22,06:00,63.40,63.43,63.39,63.42,36
2025.08.22,06:15,63.40,63.46,63.37,63.44,39
2025.08.22,06:30,63.45,63.52,63.43,63.50,62
2025.08.22,06:45,63.49,63.52,63.46,63.50,45
2025.08.22,07:00,63.49,63.50,63.43,63.48,65
2025.08.22,07:15,63.46,63.52,63.43,63.45,45
2025.08.22,07:30,63.47,63.54,63.42,63.53,172
2025.08.22,07:45,63.50,63.61,63.50,63.60,139
2025.08.22,08:00,63.60,63.65,63.54,63.59,128
2025.08.22,08:15,63.58,63.67,63.57,63.66,126
2025.08.22,08:30,63.67,63.70,63.57,63.58,152
2025.08.22,08:45,63.57,63.69,63.57,63.63,177
2025.08.22,09:00,63.65,63.73,63.41,63.42,309
2025.08.22,09:15,63.41,63.67,63.39,63.64,278
2025.08.22,09:30,63.63,63.82,63.62,63.75,249
2025.08.22,09:45,63.72,63.78,63.59,63.59,206
2025.08.22,10:00,63.61,63.67,63.54,63.64,292
2025.08.22,10:15,63.65,63.70,63.47,63.53,396
2025.08.22,10:30,63.56,63.58,63.33,63.41,266
2025.08.22,10:45,63.39,63.48,63.36,63.42,185
2025.08.22,11:00,63.43,63.56,63.35,63.54,270
2025.08.22,11:15,63.56,63.59,63.44,63.50,198
2025.08.22,11:30,63.49,63.52,63.31,63.34,163
2025.08.22,11:45,63.33,63.40,63.31,63.38,116
2025.08.22,12:00,63.39,63.41,63.28,63.38,132
2025.08.22,12:15,63.36,63.51,63.32,63.49,184
2025.08.22,12:30,63.48,63.49,63.39,63.42,111
2025.08.22,12:45,63.42,63.56,63.39,63.52,170
2025.08.22,13:00,63.53,63.74,63.49,63.70,231
2025.08.22,13:15,63.72,63.85,63.69,63.82,170
2025.08.22,13:30,63.81,63.81,63.62,63.65,273
2025.08.22,13:45,63.62,63.70,63.60,63.64,141
2025.08.22,14:00,63.66,63.71,63.54,63.59,211
2025.08.22,14:15,63.61,63.64,63.53,63.59,165
2025.08.22,14:30,63.58,63.68,63.58,63.61,189
2025.08.22,14:45,63.63,63.74,63.61,63.66,185
2025.08.22,15:00,63.60,63.70,63.49,63.60,406
2025.08.22,15:15,63.60,63.63,63.50,63.56,252
2025.08.22,15:30,63.53,63.71,63.51,63.68,245
2025.08.22,15:45,63.71,63.79,63.63,63.64,214
2025.08.22,16:00,63.64,63.90,63.53,63.81,731
2025.08.22,16:15,63.81,63.90,63.60,63.73,490
2025.08.22,16:30,63.72,63.91,63.71,63.81,411
2025.08.22,16:45,63.81,63.82,63.58,63.71,499
2025.08.22,17:00,63.72,63.82,63.42,63.45,616
2025.08.22,17:15,63.47,63.65,63.45,63.63,412
2025.08.22,17:30,63.64,63.66,63.36,63.39,427
2025.08.22,17:45,63.42,63.67,63.36,63.60,359
2025.08.22,18:00,63.61,63.64,63.45,63.45,318
2025.08.22,18:15,63.44,63.58,63.40,63.50,395
2025.08.22,18:30,63.51,63.70,63.48,63.60,204
2025.08.22,18:45,63.62,63.69,63.56,63.59,194
2025.08.22,19:00,63.57,63.68,63.52,63.67,225
2025.08.22,19:15,63.67,63.67,63.52,63.59,190
2025.08.22,19:30,63.56,63.79,63.55,63.71,313
2025.08.22,19:45,63.69,63.78,63.60,63.62,327
2025.08.22,20:00,63.61,63.76,63.57,63.74,198
2025.08.22,20:15,63.77,63.78,63.60,63.67,387
2025.08.22,20:30,63.66,63.79,63.62,63.78,167
2025.08.22,20:45,63.77,63.82,63.76,63.81,69
2025.08.22,21:00,63.78,63.82,63.76,63.81,97
2025.08.22,21:15,63.80,63.84,63.75,63.84,60
2025.08.22,21:30,63.81,63.83,63.75,63.79,89
2025.08.22,21:45,63.77,63.83,63.75,63.79,116
2025.08.25,00:00,63.86,63.86,63.72,63.78,124
2025.08.25,00:15,63.77,63.77,63.70,63.72,47
2025.08.25,00:30,63.73,63.75,63.71,63.75,39
2025.08.25,00:45,63.72,63.77,63.72,63.73,23
2025.08.25,01:00,63.73,63.77,63.72,63.76,30
2025.08.25,01:15,63.76,63.76,63.73,63.75,19
2025.08.25,01:30,63.75,63.75,63.72,63.72,10
2025.08.25,01:45,63.75,63.75,63.71,63.72,12
2025.08.25,02:00,63.72,63.79,63.71,63.73,87
2025.08.25,02:15,63.75,63.76,63.71,63.75,45
2025.08.25,02:30,63.75,63.75,63.70,63.73,18
2025.08.25,02:45,63.73,63.79,63.71,63.76,63
2025.08.25,03:00,63.77,63.79,63.66,63.70,252
2025.08.25,03:15,63.71,63.74,63.68,63.72,146
2025.08.25,03:30,63.72,63.73,63.51,63.59,342
2025.08.25,03:45,63.61,63.67,63.57,63.59,145
2025.08.25,04:00,63.62,63.76,63.59,63.74,129
2025.08.25,04:15,63.74,63.83,63.74,63.82,59
2025.08.25,04:30,63.82,63.87,63.76,63.78,126
2025.08.25,04:45,63.77,63.81,63.66,63.72,101
2025.08.25,05:00,63.71,63.75,63.66,63.73,169
2025.08.25,05:15,63.71,63.74,63.68,63.72,106
2025.08.25,05:30,63.71,63.73,63.68,63.73,24
2025.08.25,05:45,63.72,63.77,63.71,63.75,28
2025.08.25,06:00,63.76,63.78,63.75,63.78,10
2025.08.25,06:15,63.79,63.80,63.76,63.77,19
2025.08.25,06:30,63.78,63.78,63.70,63.73,35
2025.08.25,06:45,63.72,63.76,63.71,63.73,26
2025.08.25,07:00,63.71,63.76,63.68,63.68,36
2025.08.25,07:15,63.67,63.70,63.63,63.64,65
2025.08.25,07:30,63.65,63.71,63.62,63.68,101
2025.08.25,07:45,63.68,63.83,63.65,63.81,126
2025.08.25,08:00,63.80,63.91,63.79,63.80,137
2025.08.25,08:15,63.81,63.86,63.79,63.86,106
2025.08.25,08:30,63.84,63.87,63.71,63.71,143
2025.08.25,08:45,63.72,63.85,63.64,63.76,166
2025.08.25,09:00,63.75,63.78,63.63,63.66,213
2025.08.25,09:15,63.68,63.69,63.58,63.68,129
2025.08.25,09:30,63.69,63.77,63.64,63.76,132
2025.08.25,09:45,63.76,63.86,63.73,63.76,213
2025.08.25,10:00,63.75,63.88,63.73,63.84,191
2025.08.25,10:15,63.82,63.95,63.81,63.88,298
2025.08.25,10:30,63.92,64.01,63.85,63.93,255
2025.08.25,10:45,63.94,63.98,63.84,63.97,177
2025.08.25,11:00,63.95,63.98,63.80,63.88,153
2025.08.25,11:15,63.85,63.94,63.78,63.91,134
2025.08.25,11:30,63.91,63.97,63.86,63.90,167
2025.08.25,11:45,63.89,63.96,63.85,63.95,146
2025.08.25,12:00,63.92,64.17,63.92,64.13,192
2025.08.25,12:15,64.12,64.14,64.00,64.06,149
2025.08.25,12:30,64.07,64.17,64.05,64.10,145
2025.08.25,12:45,64.12,64.12,64.01,64.08,164
2025.08.25,13:00,64.04,64.16,64.03,64.13,139
2025.08.25,13:15,64.16,64.19,64.11,64.17,106
2025.08.25,13:30,64.15,64.18,64.09,64.11,184
2025.08.25,13:45,64.11,64.12,64.06,64.07,135
2025.08.25,14:00,64.08,64.11,64.06,64.11,62
2025.08.25,14:15,64.08,64.11,63.97,64.02,146
2025.08.25,14:30,64.03,64.12,64.00,64.10,102
2025.08.25,14:45,64.11,64.11,64.01,64.02,83
2025.08.25,15:00,64.04,64.12,63.95,64.11,300
2025.08.25,15:15,64.11,64.34,64.09,64.30,293
2025.08.25,15:30,64.31,64.70,64.27,64.61,476
2025.08.25,15:45,64.64,64.69,64.50,64.52,451
2025.08.25,16:00,64.51,64.62,64.48,64.53,209
2025.08.25,16:15,64.54,64.63,64.50,64.61,179
2025.08.25,16:30,64.63,64.69,64.59,64.63,199
2025.08.25,16:45,64.66,64.71,64.56,64.65,265
2025.08.25,17:00,64.66,64.75,64.63,64.65,194
2025.08.25,17:15,64.65,64.75,64.61,64.68,268
2025.08.25,17:30,64.66,64.96,64.64,64.92,316
2025.08.25,17:45,64.93,64.96,64.87,64.93,239
2025.08.25,18:00,64.91,64.95,64.82,64.90,204
2025.08.25,18:15,64.89,64.95,64.86,64.94,121
2025.08.25,18:30,64.95,65.07,64.94,65.04,218
2025.08.25,18:45,65.02,65.09,65.01,65.04,179
2025.08.25,19:00,65.05,65.05,64.92,64.98,159
2025.08.25,19:15,64.99,65.01,64.88,64.99,201
2025.08.25,19:30,64.98,65.01,64.90,64.93,152
2025.08.25,19:45,64.95,64.98,64.90,64.96,153
2025.08.25,20:00,64.94,64.97,64.73,64.82,257
2025.08.25,20:15,64.83,64.90,64.69,64.78,341
2025.08.25,20:30,64.76,64.88,64.70,64.76,133
2025.08.25,20:45,64.77,64.80,64.73,64.75,66
2025.08.25,21:00,64.72,64.76,64.65,64.66,71
2025.08.25,21:15,64.67,64.71,64.66,64.66,39
2025.08.25,21:30,64.67,64.71,64.62,64.69,74
2025.08.25,21:45,64.70,64.79,64.66,64.76,65
2025.08.25,22:00,64.75,64.80,64.75,64.75,51
2025.08.25,22:15,64.74,64.74,64.69,64.71,57
2025.08.25,22:30,64.72,64.76,64.70,64.72,31
2025.08.25,22:45,64.72,64.77,64.71,64.75,52
2025.08.26,00:00,64.76,64.76,64.67,64.73,64
2025.08.26,00:15,64.72,64.75,64.71,64.73,8
2025.08.26,00:30,64.73,64.73,64.70,64.72,21
2025.08.26,00:45,64.72,64.72,64.70,64.71,14
2025.08.26,01:00,64.71,64.71,64.68,64.68,11
2025.08.26,01:15,64.71,64.71,64.68,64.70,11
2025.08.26,01:30,64.70,64.70,64.66,64.69,21
2025.08.26,01:45,64.66,64.73,64.66,64.70,19
2025.08.26,02:00,64.68,64.71,64.58,64.61,168
2025.08.26,02:15,64.62,64.62,64.50,64.51,109
2025.08.26,02:30,64.51,64.55,64.39,64.42,146
2025.08.26,02:45,64.41,64.45,64.35,64.40,158
2025.08.26,03:00,64.40,64.46,64.37,64.44,226
2025.08.26,03:15,64.46,64.48,64.40,64.44,170
2025.08.26,03:30,64.43,64.47,64.42,64.43,82
2025.08.26,03:45,64.43,64.48,64.43,64.43,97
2025.08.26,04:00,64.43,64.51,64.39,64.44,123
2025.08.26,04:15,64.41,64.46,64.40,64.43,51
2025.08.26,04:30,64.44,64.54,64.42,64.53,143
2025.08.26,04:45,64.54,64.54,64.49,64.51,108
2025.08.26,05:00,64.50,64.52,64.42,64.49,114
2025.08.26,05:15,64.47,64.50,64.44,64.46,85
2025.08.26,05:30,64.47,64.50,64.44,64.47,54
2025.08.26,05:45,64.49,64.50,64.47,64.48,17
2025.08.26,06:00,64.46,64.50,64.44,64.49,42
2025.08.26,06:15,64.46,64.51,64.45,64.45,36
2025.08.26,06:30,64.44,64.47,64.42,64.44,39
2025.08.26,06:45,64.43,64.47,64.42,64.45,23
2025.08.26,07:00,64.42,64.47,64.42,64.45,47
2025.08.26,07:15,64.45,64.49,64.43,64.43,76
2025.08.26,07:30,64.44,64.46,64.38,64.42,133
2025.08.26,07:45,64.41,64.45,64.38,64.40,80
2025.08.26,08:00,64.41,64.51,64.37,64.40,212
2025.08.26,08:15,64.40,64.41,64.30,64.40,141
2025.08.26,08:30,64.39,64.42,64.27,64.33,137
2025.08.26,08:45,64.34,64.42,64.29,64.40,192
2025.08.26,09:00,64.38,64.46,64.23,64.27,245
2025.08.26,09:15,64.27,64.31,64.19,64.30,188
2025.08.26,09:30,64.31,64.34,64.25,64.34,149
2025.08.26,09:45,64.33,64.33,64.12,64.16,252
2025.08.26,10:00,64.15,64.24,63.99,64.19,316
2025.08.26,10:15,64.17,64.31,64.15,64.19,401
2025.08.26,10:30,64.21,64.25,64.02,64.07,305
2025.08.26,10:45,64.08,64.10,63.98,64.03,157
2025.08.26,11:00,64.02,64.02,63.85,63.99,230
2025.08.26,11:15,63.98,64.06,63.94,63.97,186
2025.08.26,11:30,63.98,63.98,63.64,63.74,335
2025.08.26,11:45,63.71,63.75,63.65,63.69,152
2025.08.26,12:00,63.70,63.75,63.62,63.66,195
2025.08.26,12:15,63.67,63.77,63.67,63.71,186
2025.08.26,12:30,63.69,63.73,63.59,63.60,127
2025.08.26,12:45,63.59,63.66,63.56,63.59,164
2025.08.26,13:00,63.60,63.71,63.55,63.71,223
2025.08.26,13:15,63.69,63.78,63.68,63.73,150
2025.08.26,13:30,63.71,63.76,63.64,63.67,146
2025.08.26,13:45,63.64,63.70,63.59,63.62,206
2025.08.26,14:00,63.63,63.68,63.57,63.65,213
2025.08.26,14:15,63.65,63.73,63.60,63.69,248
2025.08.26,14:30,63.68,63.75,63.60,63.69,235
2025.08.26,14:45,63.68,63.77,63.62,63.69,193
2025.08.26,15:00,63.73,63.85,63.71,63.76,360
2025.08.26,15:15,63.74,63.83,63.72,63.77,186
2025.08.26,15:30,63.76,63.87,63.69,63.77,317
2025.08.26,15:45,63.78,63.90,63.78,63.84,258
2025.08.26,16:00,63.84,64.11,63.84,64.06,329
2025.08.26,16:15,64.08,64.15,63.96,64.14,264
2025.08.26,16:30,64.13,64.24,64.07,64.13,284
2025.08.26,16:45,64.11,64.11,63.80,63.87,356
2025.08.26,17:00,63.86,63.87,63.26,63.44,884
2025.08.26,17:15,63.42,63.61,63.39,63.48,583
2025.08.26,17:30,63.45,63.52,63.33,63.41,402
2025.08.26,17:45,63.41,63.48,63.34,63.47,352
2025.08.26,18:00,63.47,63.51,63.32,63.36,339
2025.08.26,18:15,63.35,63.42,63.25,63.32,328
2025.08.26,18:30,63.31,63.42,63.28,63.40,260
2025.08.26,18:45,63.37,63.41,63.30,63.33,231
2025.08.26,19:00,63.31,63.40,63.28,63.33,191
2025.08.26,19:15,63.33,63.37,63.25,63.30,151
2025.08.26,19:30,63.30,63.37,63.27,63.30,222
2025.08.26,19:45,63.33,63.37,63.28,63.32,183
2025.08.26,20:00,63.33,63.41,63.29,63.36,220
2025.08.26,20:15,63.34,63.38,63.13,63.22,331
2025.08.26,20:30,63.25,63.32,63.19,63.29,115
2025.08.26,20:45,63.27,63.31,63.24,63.28,75
2025.08.26,21:00,63.27,63.29,63.21,63.23,94
2025.08.26,21:15,63.25,63.28,63.23,63.27,82
2025.08.26,21:30,63.28,63.37,63.25,63.35,55
2025.08.26,21:45,63.35,63.35,63.28,63.30,53
2025.08.26,22:00,63.31,63.38,63.29,63.36,53
2025.08.26,22:15,63.35,63.37,63.32,63.34,51
2025.08.26,22:30,63.33,63.36,63.29,63.29,116
2025.08.26,22:45,63.31,63.34,63.27,63.28,96
2025.08.27,00:00,63.29,63.37,63.28,63.37,63
2025.08.27,00:15,63.36,63.38,63.32,63.33,36
2025.08.27,00:30,63.36,63.41,63.33,63.38,31
2025.08.27,00:45,63.41,63.43,63.39,63.43,18
2025.08.27,01:00,63.41,63.45,63.41,63.42,12
2025.08.27,01:15,63.43,63.45,63.41,63.45,14
2025.08.27,01:30,63.44,63.44,63.42,63.42,3
2025.08.27,01:45,63.41,63.44,63.41,63.43,21
2025.08.27,02:00,63.42,63.44,63.35,63.37,95
2025.08.27,02:15,63.37,63.39,63.32,63.33,53
2025.08.27,02:30,63.35,63.36,63.32,63.36,41
2025.08.27,02:45,63.34,63.37,63.31,63.31,40
2025.08.27,03:00,63.33,63.34,63.17,63.18,245
2025.08.27,03:15,63.18,63.25,63.17,63.22,141
2025.08.27,03:30,63.19,63.26,63.14,63.15,246
2025.08.27,03:45,63.16,63.19,63.13,63.16,184
2025.08.27,04:00,63.17,63.20,63.15,63.17,119
2025.08.27,04:15,63.15,63.24,63.15,63.21,35
2025.08.27,04:30,63.22,63.26,63.17,63.23,242
2025.08.27,04:45,63.21,63.36,63.21,63.33,171
2025.08.27,05:00,63.31,63.35,63.28,63.31,81
2025.08.27,05:15,63.30,63.30,63.25,63.29,102
2025.08.27,05:30,63.29,63.30,63.26,63.28,13
2025.08.27,05:45,63.27,63.32,63.25,63.25,38
2025.08.27,06:00,63.26,63.29,63.24,63.27,48
2025.08.27,06:15,63.27,63.30,63.24,63.28,30
2025.08.27,06:30,63.28,63.28,63.23,63.25,28
2025.08.27,06:45,63.24,63.25,63.21,63.25,14
2025.08.27,07:00,63.23,63.28,63.21,63.23,35
2025.08.27,07:15,63.24,63.30,63.21,63.25,37
2025.08.27,07:30,63.24,63.26,63.19,63.21,139
2025.08.27,07:45,63.21,63.24,63.08,63.15,163
2025.08.27,08:00,63.15,63.28,63.15,63.23,140
2025.08.27,08:15,63.25,63.25,63.01,63.02,220
2025.08.27,08:30,63.04,63.23,63.02,63.14,296
2025.08.27,08:45,63.11,63.31,63.08,63.17,285
2025.08.27,09:00,63.19,63.27,63.07,63.07,250
2025.08.27,09:15,63.06,63.09,62.98,63.03,272
2025.08.27,09:30,63.05,63.13,63.00,63.06,213
2025.08.27,09:45,63.05,63.23,63.03,63.19,280
2025.08.27,10:00,63.17,63.27,63.11,63.17,275
2025.08.27,10:15,63.16,63.28,63.15,63.15,425
2025.08.27,10:30,63.12,63.18,63.02,63.05,297
2025.08.27,10:45,63.04,63.07,62.94,62.99,238
2025.08.27,11:00,62.98,63.05,62.95,62.97,192
2025.08.27,11:15,62.95,63.07,62.94,62.99,186
2025.08.27,11:30,63.00,63.11,62.96,62.99,266
2025.08.27,11:45,62.99,63.23,62.97,63.19,295
2025.08.27,12:00,63.20,63.21,63.02,63.13,247
2025.08.27,12:15,63.14,63.23,63.11,63.14,185
2025.08.27,12:30,63.14,63.18,62.99,63.05,187
2025.08.27,12:45,63.06,63.16,63.03,63.12,155
2025.08.27,13:00,63.11,63.20,63.08,63.12,161
2025.08.27,13:15,63.10,63.28,63.10,63.26,153
2025.08.27,13:30,63.26,63.42,63.21,63.40,209
2025.08.27,13:45,63.40,63.53,63.37,63.45,273
2025.08.27,14:00,63.43,63.47,63.38,63.44,210
2025.08.27,14:15,63.43,63.47,63.33,63.47,210
2025.08.27,14:30,63.48,63.58,63.43,63.54,200
2025.08.27,14:45,63.51,63.63,63.44,63.61,202
2025.08.27,15:00,63.64,63.76,63.39,63.44,521
2025.08.27,15:15,63.42,63.48,63.33,63.41,248
2025.08.27,15:30,63.41,63.55,63.38,63.43,357
2025.08.27,15:45,63.42,63.71,63.41,63.67,397
2025.08.27,16:00,63.63,63.67,63.57,63.62,331
2025.08.27,16:15,63.63,63.71,63.59,63.66,283
2025.08.27,16:30,63.68,64.00,63.65,63.78,662
2025.08.27,16:45,63.78,63.81,63.69,63.76,389
2025.08.27,17:00,63.79,63.86,63.60,63.74,448
2025.08.27,17:15,63.71,63.75,63.45,63.56,430
2025.08.27,17:30,63.56,63.67,63.52,63.65,361
2025.08.27,17:45,63.68,63.89,63.64,63.84,363
2025.08.27,18:00,63.85,63.96,63.82,63.94,280
2025.08.27,18:15,63.93,63.99,63.89,63.91,254
2025.08.27,18:30,63.92,63.99,63.76,63.92,279
2025.08.27,18:45,63.93,63.94,63.77,63.89,296
2025.08.27,19:00,63.89,63.91,63.78,63.90,273
2025.08.27,19:15,63.89,63.97,63.82,63.97,216
2025.08.27,19:30,63.95,64.00,63.88,63.89,143
2025.08.27,19:45,63.91,63.98,63.89,63.90,118
2025.08.27,20:00,63.90,64.18,63.90,64.11,274
2025.08.27,20:15,64.11,64.16,64.02,64.14,375
2025.08.27,20:30,64.13,64.22,64.06,64.06,164
2025.08.27,20:45,64.06,64.09,63.92,63.94,78
2025.08.27,21:00,63.96,63.97,63.89,63.93,134
2025.08.27,21:15,63.93,63.95,63.87,63.91,72
2025.08.27,21:30,63.90,63.93,63.87,63.93,34
2025.08.27,21:45,63.90,63.92,63.83,63.86,62
2025.08.27,22:00,63.86,63.86,63.83,63.83,25
2025.08.27,22:15,63.82,63.86,63.77,63.82,110
2025.08.27,22:30,63.80,63.83,63.78,63.79,46
2025.08.27,22:45,63.80,63.87,63.78,63.84,69
2025.08.28,00:00,63.85,63.85,63.74,63.76,87
2025.08.28,00:15,63.78,63.80,63.74,63.79,38
2025.08.28,00:30,63.76,63.81,63.75,63.77,29
2025.08.28,00:45,63.77,63.78,63.75,63.78,22
2025.08.28,01:00,63.75,63.78,63.75,63.78,13
2025.08.28,01:15,63.76,63.79,63.75,63.77,11
2025.08.28,01:30,63.75,63.78,63.75,63.78,16
2025.08.28,01:45,63.75,63.80,63.74,63.80,41
2025.08.28,02:00,63.78,63.82,63.68,63.81,148
2025.08.28,02:15,63.79,63.83,63.75,63.77,69
2025.08.28,02:30,63.78,63.82,63.75,63.76,50
2025.08.28,02:45,63.79,63.79,63.75,63.78,44
2025.08.28,03:00,63.78,63.81,63.69,63.75,247
2025.08.28,03:15,63.78,63.79,63.72,63.76,88
2025.08.28,03:30,63.77,63.78,63.69,63.70,124
2025.08.28,03:45,63.72,63.80,63.69,63.78,105
2025.08.28,04:00,63.77,63.77,63.69,63.72,119
2025.08.28,04:15,63.74,63.75,63.66,63.69,30
2025.08.28,04:30,63.67,63.69,63.61,63.67,103
2025.08.28,04:45,63.64,63.70,63.63,63.66,89
2025.08.28,05:00,63.64,63.71,63.62,63.65,107
2025.08.28,05:15,63.64,63.66,63.60,63.63,98
2025.08.28,05:30,63.62,63.65,63.61,63.64,42
2025.08.28,05:45,63.63,63.65,63.60,63.61,22
2025.08.28,06:00,63.61,63.62,63.53,63.57,69
2025.08.28,06:15,63.57,63.63,63.53,63.62,36
2025.08.28,06:30,63.61,63.65,63.60,63.62,43
2025.08.28,06:45,63.64,63.65,63.53,63.56,53
2025.08.28,07:00,63.53,63.60,63.48,63.58,70
2025.08.28,07:15,63.54,63.56,63.51,63.54,39
2025.08.28,07:30,63.52,63.58,63.50,63.52,126
2025.08.28,07:45,63.53,63.59,63.48,63.56,161
2025.08.28,08:00,63.55,63.65,63.54,63.57,170
2025.08.28,08:15,63.56,63.58,63.50,63.57,144
2025.08.28,08:30,63.58,63.71,63.56,63.60,188
2025.08.28,08:45,63.60,63.70,63.60,63.66,175
2025.08.28,09:00,63.68,63.68,63.51,63.58,246
2025.08.28,09:15,63.60,63.77,63.58,63.70,251
2025.08.28,09:30,63.68,63.99,63.67,63.97,288
2025.08.28,09:45,63.95,63.98,63.75,63.77,210
2025.08.28,10:00,63.76,63.96,63.74,63.94,285
2025.08.28,10:15,63.94,63.96,63.60,63.66,388
2025.08.28,10:30,63.67,63.74,63.62,63.64,345
2025.08.28,10:45,63.62,63.67,63.54,63.64,241
2025.08.28,11:00,63.64,63.86,63.64,63.82,261
2025.08.28,11:15,63.80,63.84,63.70,63.71,210
2025.08.28,11:30,63.68,63.85,63.66,63.74,221
2025.08.28,11:45,63.74,63.78,63.64,63.78,191
2025.08.28,12:00,63.75,64.00,63.74,63.91,236
2025.08.28,12:15,63.92,63.97,63.88,63.93,132
2025.08.28,12:30,63.95,63.96,63.81,63.90,190
2025.08.28,12:45,63.88,63.92,63.81,63.89,151
2025.08.28,13:00,63.88,64.05,63.81,63.99,193
2025.08.28,13:15,63.96,64.12,63.96,64.06,163
2025.08.28,13:30,64.07,64.17,64.06,64.11,167
2025.08.28,13:45,64.09,64.12,64.04,64.05,166
2025.08.28,14:00,64.06,64.09,63.99,64.06,175
2025.08.28,14:15,64.04,64.09,63.97,64.02,155
2025.08.28,14:30,64.01,64.07,63.89,63.97,229
2025.08.28,14:45,63.97,64.11,63.96,64.10,190
2025.08.28,15:00,64.09,64.11,63.94,63.97,387
2025.08.28,15:15,64.00,64.11,63.94,64.06,230
2025.08.28,15:30,64.05,64.06,63.72,63.86,494
2025.08.28,15:45,63.86,63.88,63.68,63.75,342
2025.08.28,16:00,63.73,63.80,63.42,63.44,490
2025.08.28,16:15,63.43,63.61,63.41,63.48,372
2025.08.28,16:30,63.48,63.74,63.45,63.66,382
2025.08.28,16:45,63.67,63.80,63.60,63.74,327
2025.08.28,17:00,63.73,63.86,63.68,63.84,321
2025.08.28,17:15,63.83,63.91,63.74,63.81,354
2025.08.28,17:30,63.80,63.81,63.34,63.57,528
2025.08.28,17:45,63.56,63.70,63.48,63.63,271
2025.08.28,18:00,63.64,63.68,63.52,63.64,202
2025.08.28,18:15,63.62,63.77,63.59,63.62,258
2025.08.28,18:30,63.63,63.69,63.52,63.58,250
2025.08.28,18:45,63.59,63.67,63.54,63.56,183
2025.08.28,19:00,63.55,63.64,63.51,63.60,217
2025.08.28,19:15,63.57,63.61,63.51,63.55,147
2025.08.28,19:30,63.57,63.89,63.56,63.85,335
2025.08.28,19:45,63.86,64.34,63.84,64.29,605
2025.08.28,20:00,64.30,64.54,64.29,64.48,653
2025.08.28,20:15,64.49,64.62,64.46,64.62,612
2025.08.28,20:30,64.60,64.68,64.43,64.46,268
2025.08.28,20:45,64.44,64.47,64.20,64.25,233
2025.08.28,21:00,64.26,64.35,64.24,64.30,130
2025.08.28,21:15,64.27,64.40,64.26,64.34,90
2025.08.28,21:30,64.35,64.35,64.19,64.24,108
2025.08.28,21:45,64.24,64.33,64.22,64.31,110
2025.08.28,22:00,64.30,64.35,64.29,64.34,81
2025.08.28,22:15,64.32,64.38,64.29,64.30,78
2025.08.28,22:30,64.33,64.33,64.27,64.30,67
2025.08.28,22:45,64.28,64.32,64.25,64.30,89
2025.08.29,00:00,64.23,64.30,64.16,64.26,136
2025.08.29,00:15,64.26,64.26,64.22,64.25,20
2025.08.29,00:30,64.26,64.29,64.24,64.25,21
2025.08.29,00:45,64.25,64.25,64.15,64.20,28
2025.08.29,01:00,64.20,64.24,64.20,64.24,31
2025.08.29,01:15,64.23,64.24,64.20,64.23,19
2025.08.29,01:30,64.21,64.22,64.16,64.20,40
2025.08.29,01:45,64.19,64.20,64.16,64.17,52
2025.08.29,02:00,64.18,64.24,64.10,64.24,132
2025.08.29,02:15,64.25,64.27,64.20,64.24,61
2025.08.29,02:30,64.24,64.24,64.18,64.22,38
2025.08.29,02:45,64.24,64.25,64.17,64.18,32
2025.08.29,03:00,64.21,64.23,64.13,64.15,145
2025.08.29,03:15,64.15,64.20,64.09,64.15,84
2025.08.29,03:30,64.12,64.20,64.11,64.13,98
2025.08.29,03:45,64.12,64.16,64.08,64.10,113
2025.08.29,04:00,64.08,64.11,64.01,64.02,117
2025.08.29,04:15,64.03,64.08,64.02,64.05,31
2025.08.29,04:30,64.04,64.13,64.03,64.10,80
2025.08.29,04:45,64.12,64.13,64.05,64.07,133
2025.08.29,05:00,64.10,64.14,64.08,64.11,49
2025.08.29,05:15,64.11,64.19,64.09,64.17,70
2025.08.29,05:30,64.14,64.20,64.13,64.15,73
2025.08.29,05:45,64.15,64.21,64.15,64.20,59
2025.08.29,06:00,64.19,64.24,64.17,64.23,41
2025.08.29,06:15,64.20,64.23,64.18,64.23,32
2025.08.29,06:30,64.22,64.22,64.18,64.21,28
2025.08.29,06:45,64.19,64.22,64.16,64.19,50
2025.08.29,07:00,64.20,64.20,64.14,64.17,56
2025.08.29,07:15,64.17,64.19,64.14,64.17,88
2025.08.29,07:30,64.18,64.32,64.17,64.28,125
2025.08.29,07:45,64.28,64.30,64.22,64.27,86
2025.08.29,08:00,64.25,64.37,64.22,64.34,116
2025.08.29,08:15,64.32,64.38,64.31,64.33,129
2025.08.29,08:30,64.33,64.40,64.15,64.16,147
2025.08.29,08:45,64.14,64.24,64.10,64.23,122
2025.08.29,09:00,64.20,64.23,64.01,64.11,252
2025.08.29,09:15,64.12,64.14,64.04,64.06,167
2025.08.29,09:30,64.03,64.18,64.02,64.17,199
2025.08.29,09:45,64.18,64.36,64.13,64.25,226
2025.08.29,10:00,64.23,64.34,64.17,64.29,352
2025.08.29,10:15,64.27,64.39,64.17,64.32,425
2025.08.29,10:30,64.29,64.41,64.12,64.18,376
2025.08.29,10:45,64.17,64.34,64.10,64.16,355
2025.08.29,11:00,64.16,64.29,64.08,64.10,280
2025.08.29,11:15,64.11,64.16,63.98,64.01,252
2025.08.29,11:30,64.01,64.31,63.98,64.25,362
2025.08.29,11:45,64.24,64.29,64.17,64.24,224
2025.08.29,12:00,64.23,64.27,64.08,64.22,211
2025.08.29,12:15,64.22,64.34,64.16,64.16,167
2025.08.29,12:30,64.16,64.32,64.14,64.31,149
2025.08.29,12:45,64.30,64.41,64.28,64.31,234
2025.08.29,13:00,64.32,64.39,64.29,64.35,158
2025.08.29,13:15,64.33,64.41,64.28,64.33,221
2025.08.29,13:30,64.34,64.37,64.24,64.37,154
2025.08.29,13:45,64.40,64.42,64.26,64.40,173
2025.08.29,14:00,64.39,64.40,64.31,64.37,173
2025.08.29,14:15,64.38,64.47,64.31,64.34,196
2025.08.29,14:30,64.34,64.45,64.33,64.42,217
2025.08.29,14:45,64.43,64.55,64.42,64.49,186
2025.08.29,15:00,64.48,64.51,64.26,64.37,388
2025.08.29,15:15,64.36,64.44,64.31,64.42,299
2025.08.29,15:30,64.42,64.47,64.33,64.44,351
2025.08.29,15:45,64.41,64.47,64.25,64.35,391
2025.08.29,16:00,64.37,64.48,64.11,64.19,439
2025.08.29,16:15,64.17,64.19,64.02,64.10,427
2025.08.29,16:30,64.08,64.12,63.90,64.00,417
2025.08.29,16:45,63.99,64.12,63.92,64.09,368
2025.08.29,17:00,64.11,64.14,63.91,64.03,338
2025.08.29,17:15,64.04,64.11,63.97,64.05,387
2025.08.29,17:30,64.02,64.08,63.94,64.08,308
2025.08.29,17:45,64.09,64.32,64.04,64.19,313
2025.08.29,18:00,64.19,64.21,64.01,64.06,260
2025.08.29,18:15,64.07,64.11,64.02,64.09,249
2025.08.29,18:30,64.10,64.10,63.87,63.91,262
2025.08.29,18:45,63.94,64.02,63.92,63.98,162
2025.08.29,19:00,63.97,64.08,63.93,64.01,160
2025.08.29,19:15,64.02,64.15,63.93,64.01,217
2025.08.29,19:30,64.03,64.03,63.90,63.97,168
2025.08.29,19:45,63.95,64.05,63.95,64.02,250
2025.08.29,20:00,64.01,64.06,63.94,63.99,198
2025.08.29,20:15,63.97,64.11,63.94,64.00,346
2025.08.29,20:30,63.97,64.03,63.93,63.97,152
2025.08.29,20:45,63.98,64.01,63.93,64.00,89
2025.08.29,21:00,63.99,64.00,63.91,63.93,89
2025.08.29,21:15,63.94,64.03,63.91,63.96,123
2025.08.29,21:30,63.96,63.99,63.91,63.97,69
2025.08.29,21:45,63.97,63.99,63.93,63.94,87
2025.09.01,00:00,63.95,63.99,63.90,63.94,157
2025.09.01,00:15,63.95,63.97,63.93,63.94,34
2025.09.01,00:30,63.96,64.00,63.93,63.93,46
2025.09.01,00:45,63.92,63.96,63.92,63.96,17
2025.09.01,01:00,63.93,63.96,63.91,63.92,22
2025.09.01,01:15,63.91,63.93,63.89,63.92,31
2025.09.01,01:30,63.92,63.92,63.90,63.90,10
2025.09.01,01:45,63.94,63.96,63.92,63.95,16
2025.09.01,02:00,63.94,63.95,63.87,63.95,65
2025.09.01,02:15,63.92,63.95,63.89,63.90,28
2025.09.01,02:30,63.92,63.92,63.83,63.85,44
2025.09.01,02:45,63.87,63.93,63.86,63.88,41
2025.09.01,03:00,63.88,63.90,63.75,63.80,202
2025.09.01,03:15,63.78,63.81,63.71,63.77,122
2025.09.01,03:30,63.75,63.77,63.65,63.72,160
2025.09.01,03:45,63.71,63.77,63.69,63.73,116
2025.09.01,04:00,63.70,63.74,63.64,63.71,167
2025.09.01,04:15,63.71,63.81,63.69,63.79,80
2025.09.01,04:30,63.77,63.80,63.73,63.80,116
2025.09.01,04:45,63.81,63.81,63.71,63.77,115
2025.09.01,05:00,63.75,63.78,63.73,63.76,133
2025.09.01,05:15,63.79,63.81,63.73,63.77,88
2025.09.01,05:30,63.76,63.78,63.74,63.78,32
2025.09.01,05:45,63.78,63.78,63.72,63.73,25
2025.09.01,06:00,63.75,63.75,63.70,63.73,41
2025.09.01,06:15,63.74,63.74,63.71,63.73,25
2025.09.01,06:30,63.70,63.73,63.69,63.71,22
2025.09.01,06:45,63.72,63.73,63.71,63.71,11
2025.09.01,07:00,63.73,63.76,63.70,63.73,29
2025.09.01,07:15,63.74,63.78,63.73,63.76,31
2025.09.01,07:30,63.77,63.79,63.69,63.73,106
2025.09.01,07:45,63.72,63.81,63.67,63.78,112
2025.09.01,08:00,63.79,64.04,63.77,64.04,179
2025.09.01,08:15,64.02,64.15,64.02,64.11,188
2025.09.01,08:30,64.09,64.16,64.05,64.15,138
2025.09.01,08:45,64.16,64.19,64.08,64.11,164
2025.09.01,09:00,64.14,64.33,64.04,64.30,216
2025.09.01,09:15,64.31,64.34,64.26,64.32,163
2025.09.01,09:30,64.31,64.40,64.31,64.36,159
2025.09.01,09:45,64.37,64.41,64.25,64.28,205
2025.09.01,10:00,64.29,64.33,64.16,64.28,226
2025.09.01,10:15,64.27,64.35,64.26,64.29,253
2025.09.01,10:30,64.27,64.33,64.23,64.30,209
2025.09.01,10:45,64.29,64.48,64.28,64.44,124
2025.09.01,11:00,64.48,64.76,64.47,64.74,280
2025.09.01,11:15,64.75,64.78,64.63,64.66,194
2025.09.01,11:30,64.67,64.73,64.64,64.68,233
2025.09.01,11:45,64.70,64.74,64.64,64.70,181
2025.09.01,12:00,64.71,64.71,64.57,64.61,182
2025.09.01,12:15,64.62,64.67,64.60,64.64,139
2025.09.01,12:30,64.63,64.63,64.53,64.56,130
2025.09.01,12:45,64.55,64.65,64.55,64.62,148
2025.09.01,13:00,64.62,64.71,64.60,64.69,134
2025.09.01,13:15,64.67,64.70,64.60,64.62,124
2025.09.01,13:30,64.61,64.68,64.61,64.63,97
2025.09.01,13:45,64.64,64.71,64.61,64.69,81
2025.09.01,14:00,64.70,64.83,64.68,64.82,182
2025.09.01,14:15,64.80,64.85,64.72,64.78,201
2025.09.01,14:30,64.79,64.85,64.74,64.83,150
2025.09.01,14:45,64.83,64.84,64.75,64.80,112
2025.09.01,15:00,64.78,64.80,64.63,64.64,237
2025.09.01,15:15,64.67,64.82,64.65,64.76,194
2025.09.01,15:30,64.75,64.80,64.65,64.74,190
2025.09.01,15:45,64.72,64.86,64.70,64.82,218
2025.09.01,16:00,64.79,64.84,64.71,64.74,167
2025.09.01,16:15,64.76,64.76,64.64,64.70,150
2025.09.01,16:30,64.68,64.73,64.64,64.71,221
2025.09.01,16:45,64.71,64.73,64.64,64.67,181
2025.09.01,17:00,64.65,64.86,64.65,64.84,233
2025.09.01,17:15,64.84,64.87,64.57,64.65,444
2025.09.01,17:30,64.65,64.78,64.61,64.74,256
2025.09.01,17:45,64.77,64.82,64.71,64.71,146
2025.09.01,18:00,64.71,64.79,64.66,64.73,196
2025.09.01,18:15,64.70,64.79,64.68,64.70,93
2025.09.01,18:30,64.71,64.71,64.59,64.61,128
2025.09.01,18:45,64.61,64.70,64.58,64.68,171
2025.09.01,19:00,64.65,64.71,64.61,64.65,147
2025.09.01,19:15,64.66,64.68,64.64,64.67,52
2025.09.01,19:30,64.67,64.68,64.61,64.66,70
2025.09.01,19:45,64.64,64.65,64.61,64.62,32
2025.09.01,20:00,64.61,64.66,64.59,64.66,45
2025.09.01,20:15,64.63,64.67,64.59,64.59,111
2025.09.02,00:00,64.62,64.64,64.45,64.56,123
2025.09.02,00:15,64.55,64.60,64.53,64.55,45
2025.09.02,00:30,64.53,64.55,64.51,64.53,28
2025.09.02,00:45,64.54,64.56,64.52,64.54,10
2025.09.02,01:00,64.55,64.57,64.54,64.55,17
2025.09.02,01:15,64.58,64.58,64.54,64.57,9
2025.09.02,01:30,64.55,64.62,64.55,64.59,31
2025.09.02,01:45,64.61,64.64,64.59,64.61,29
2025.09.02,02:00,64.62,64.75,64.59,64.74,172
2025.09.02,02:15,64.75,64.80,64.72,64.78,72
2025.09.02,02:30,64.78,64.83,64.74,64.75,71
2025.09.02,02:45,64.76,64.83,64.75,64.81,48
2025.09.02,03:00,64.82,64.94,64.80,64.90,235
2025.09.02,03:15,64.92,64.98,64.90,64.94,130
2025.09.02,03:30,64.93,65.08,64.93,65.01,200
2025.09.02,03:45,65.02,65.06,64.98,64.98,116
2025.09.02,04:00,64.97,64.99,64.87,64.94,157
2025.09.02,04:15,64.92,64.95,64.90,64.93,60
2025.09.02,04:30,64.95,64.97,64.88,64.92,135
2025.09.02,04:45,64.94,64.99,64.92,64.95,114
2025.09.02,05:00,64.94,64.99,64.92,64.94,168
2025.09.02,05:15,64.94,64.96,64.86,64.91,127
2025.09.02,05:30,64.89,64.92,64.88,64.92,47
2025.09.02,05:45,64.92,64.98,64.90,64.94,59
2025.09.02,06:00,64.95,64.96,64.91,64.91,32
2025.09.02,06:15,64.91,64.94,64.89,64.93,35
2025.09.02,06:30,64.90,64.92,64.86,64.87,43
2025.09.02,06:45,64.91,64.93,64.86,64.87,31
2025.09.02,07:00,64.86,64.90,64.84,64.88,66
2025.09.02,07:15,64.88,64.94,64.88,64.93,39
2025.09.02,07:30,64.93,64.94,64.89,64.90,110
2025.09.02,07:45,64.90,64.98,64.90,64.95,93
2025.09.02,08:00,64.94,65.09,64.93,65.00,159
2025.09.02,08:15,65.00,65.01,64.84,64.93,144
2025.09.02,08:30,64.96,65.04,64.93,64.99,136
2025.09.02,08:45,64.98,65.07,64.91,65.05,197
2025.09.02,09:00,65.06,65.26,65.06,65.18,295
2025.09.02,09:15,65.19,65.26,65.17,65.22,213
2025.09.02,09:30,65.21,65.27,65.12,65.15,235
2025.09.02,09:45,65.16,65.22,65.12,65.20,157
2025.09.02,10:00,65.18,65.35,65.18,65.23,357
2025.09.02,10:15,65.21,65.37,65.20,65.33,262
2025.09.02,10:30,65.32,65.68,65.28,65.66,544
2025.09.02,10:45,65.65,65.81,65.58,65.78,482
2025.09.02,11:00,65.77,65.77,65.64,65.70,334
2025.09.02,11:15,65.70,65.89,65.70,65.88,276
2025.09.02,11:30,65.86,65.88,65.74,65.81,227
2025.09.02,11:45,65.78,66.02,65.78,65.93,261
2025.09.02,12:00,65.95,66.00,65.87,65.91,230
2025.09.02,12:15,65.91,65.94,65.82,65.87,232
2025.09.02,12:30,65.85,65.92,65.83,65.87,201
2025.09.02,12:45,65.85,65.93,65.83,65.90,134
2025.09.02,13:00,65.88,65.94,65.69,65.71,323
2025.09.02,13:15,65.74,65.79,65.69,65.74,167
2025.09.02,13:30,65.77,65.84,65.74,65.75,230
2025.09.02,13:45,65.75,65.79,65.70,65.73,154
2025.09.02,14:00,65.74,65.82,65.67,65.70,240
2025.09.02,14:15,65.71,65.77,65.39,65.42,378
2025.09.02,14:30,65.41,65.50,64.89,64.89,567
2025.09.02,14:45,64.90,65.00,64.49,64.52,567
2025.09.02,15:00,64.53,64.86,64.47,64.82,705
2025.09.02,15:15,64.83,65.16,64.80,64.99,522
2025.09.02,15:30,65.00,65.03,64.64,64.78,678
2025.09.02,15:45,64.79,65.01,64.78,64.96,533
2025.09.02,16:00,64.94,65.08,64.87,64.93,516
2025.09.02,16:15,64.95,65.06,64.83,64.83,447
2025.09.02,16:30,64.85,64.90,64.71,64.86,452
2025.09.02,16:45,64.87,65.28,64.85,65.19,519
2025.09.02,17:00,65.20,65.40,65.11,65.30,483
2025.09.02,17:15,65.31,65.35,65.16,65.23,545
2025.09.02,17:30,65.23,65.55,65.22,65.50,400
2025.09.02,17:45,65.48,65.52,65.34,65.40,358
2025.09.02,18:00,65.41,65.65,65.36,65.65,341
2025.09.02,18:15,65.66,65.66,65.53,65.57,278
2025.09.02,18:30,65.60,65.67,65.53,65.63,260
2025.09.02,18:45,65.66,65.76,65.58,65.66,302
2025.09.02,19:00,65.65,65.70,65.49,65.56,213
2025.09.02,19:15,65.57,65.70,65.54,65.66,202
2025.09.02,19:30,65.69,65.73,65.60,65.70,204
2025.09.02,19:45,65.68,65.74,65.53,65.57,243
2025.09.02,20:00,65.58,65.68,65.48,65.58,316
2025.09.02,20:15,65.59,65.66,65.48,65.59,415
2025.09.02,20:30,65.59,65.62,65.48,65.56,194
2025.09.02,20:45,65.53,65.58,65.48,65.56,81
2025.09.02,21:00,65.56,65.70,65.53,65.65,147
2025.09.02,21:15,65.66,65.69,65.60,65.63,70
2025.09.02,21:30,65.62,65.65,65.59,65.60,62
2025.09.02,21:45,65.62,65.63,65.57,65.59,62
2025.09.02,22:00,65.58,65.65,65.58,65.61,74
2025.09.02,22:15,65.60,65.61,65.50,65.55,97
2025.09.02,22:30,65.54,65.56,65.48,65.55,69
2025.09.02,22:45,65.53,65.64,65.53,65.62,130
2025.09.03,00:00,65.61,65.61,65.46,65.56,71
2025.09.03,00:15,65.54,65.59,65.54,65.54,37
2025.09.03,00:30,65.56,65.59,65.55,65.59,30
2025.09.03,00:45,65.56,65.59,65.55,65.56,24
2025.09.03,01:00,65.59,65.64,65.58,65.62,28
2025.09.03,01:15,65.63,65.63,65.58,65.59,26
2025.09.03,01:30,65.58,65.59,65.54,65.58,16
2025.09.03,01:45,65.56,65.60,65.55,65.55,22
2025.09.03,02:00,65.58,65.62,65.52,65.57,105
2025.09.03,02:15,65.56,65.62,65.55,65.59,59
2025.09.03,02:30,65.60,65.63,65.60,65.62,19
2025.09.03,02:45,65.61,65.66,65.60,65.61,53
2025.09.03,03:00,65.62,65.66,65.58,65.64,218
2025.09.03,03:15,65.62,65.69,65.58,65.69,131
2025.09.03,03:30,65.69,65.72,65.59,65.60,146
2025.09.03,03:45,65.60,65.63,65.56,65.59,99
2025.09.03,04:00,65.58,65.61,65.53,65.55,87
2025.09.03,04:15,65.58,65.63,65.57,65.61,45
2025.09.03,04:30,65.57,65.58,65.50,65.53,139
2025.09.03,04:45,65.54,65.58,65.49,65.51,109
2025.09.03,05:00,65.54,65.55,65.45,65.49,98
2025.09.03,05:15,65.48,65.50,65.39,65.39,114
2025.09.03,05:30,65.41,65.44,65.32,65.36,91
2025.09.03,05:45,65.35,65.41,65.35,65.38,39
2025.09.03,06:00,65.38,65.40,65.35,65.38,51
2025.09.03,06:15,65.35,65.41,65.35,65.38,45
2025.09.03,06:30,65.39,65.44,65.38,65.40,34
2025.09.03,06:45,65.40,65.43,65.39,65.42,31
2025.09.03,07:00,65.41,65.43,65.38,65.41,32
2025.09.03,07:15,65.41,65.46,65.41,65.44,50
2025.09.03,07:30,65.43,65.46,65.35,65.37,81
2025.09.03,07:45,65.38,65.39,65.31,65.36,107
2025.09.03,08:00,65.34,65.45,65.31,65.36,141
2025.09.03,08:15,65.35,65.38,65.31,65.36,125
2025.09.03,08:30,65.37,65.46,65.33,65.45,139
2025.09.03,08:45,65.45,65.48,65.34,65.38,162
2025.09.03,09:00,65.40,65.46,65.26,65.34,254
2025.09.03,09:15,65.32,65.35,65.24,65.28,220
2025.09.03,09:30,65.26,65.33,65.22,65.26,249
2025.09.03,09:45,65.25,65.32,65.21,65.32,164
2025.09.03,10:00,65.30,65.32,65.16,65.31,298
2025.09.03,10:15,65.29,65.46,65.23,65.37,350
2025.09.03,10:30,65.35,65.53,65.32,65.49,287
2025.09.03,10:45,65.48,65.50,65.33,65.40,225
2025.09.03,11:00,65.39,65.40,65.17,65.21,335
2025.09.03,11:15,65.22,65.34,65.16,65.19,301
2025.09.03,11:30,65.20,65.20,64.30,64.53,1202
2025.09.03,11:45,64.53,64.58,64.31,64.40,579
2025.09.03,12:00,64.40,64.46,64.12,64.30,660
2025.09.03,12:15,64.32,64.38,64.21,64.29,338
2025.09.03,12:30,64.27,64.31,64.17,64.25,246
2025.09.03,12:45,64.23,64.26,64.01,64.11,310
2025.09.03,13:00,64.12,64.35,64.11,64.14,371
2025.09.03,13:15,64.15,64.36,64.10,64.32,301
2025.09.03,13:30,64.31,64.44,64.30,64.34,307
2025.09.03,13:45,64.37,64.37,64.21,64.24,204
2025.09.03,14:00,64.23,64.31,64.13,64.16,275
2025.09.03,14:15,64.15,64.17,64.05,64.09,305
2025.09.03,14:30,64.08,64.33,64.06,64.31,312
2025.09.03,14:45,64.31,64.43,64.28,64.41,316
2025.09.03,15:00,64.41,64.47,64.29,64.33,637
2025.09.03,15:15,64.32,64.63,64.22,64.61,655
2025.09.03,15:30,64.60,64.70,64.37,64.41,706
2025.09.03,15:45,64.38,64.43,64.14,64.23,607
2025.09.03,16:00,64.20,64.22,63.86,63.91,726
2025.09.03,16:15,63.94,64.08,63.89,63.89,427
2025.09.03,16:30,63.89,64.01,63.87,63.98,373
2025.09.03,16:45,63.97,64.08,63.91,63.96,451
2025.09.03,17:00,63.95,64.02,63.90,63.92,330
2025.09.03,17:15,63.93,63.97,63.78,63.82,459
2025.09.03,17:30,63.80,64.02,63.79,63.99,471
2025.09.03,17:45,64.01,64.78,63.96,64.68,1116
2025.09.03,18:00,64.70,64.77,64.23,64.37,814
2025.09.03,18:15,64.35,64.41,64.12,64.21,467
2025.09.03,18:30,64.23,64.30,64.16,64.25,312
2025.09.03,18:45,64.22,64.22,63.94,63.96,316
2025.09.03,19:00,63.99,64.01,63.88,63.96,273
2025.09.03,19:15,63.99,64.07,63.88,63.89,260
2025.09.03,19:30,63.89,63.96,63.84,63.85,234
2025.09.03,19:45,63.86,63.88,63.70,63.82,376
2025.09.03,20:00,63.83,63.93,63.80,63.82,327
2025.09.03,20:15,63.85,64.00,63.82,63.98,312
2025.09.03,20:30,63.97,63.99,63.80,63.86,148
2025.09.03,20:45,63.86,63.89,63.80,63.82,70
2025.09.03,21:00,63.83,63.85,63.78,63.82,104
2025.09.03,21:15,63.84,63.85,63.75,63.75,78
2025.09.03,21:30,63.78,63.85,63.75,63.83,84
2025.09.03,21:45,63.86,63.96,63.85,63.92,97
2025.09.03,22:00,63.92,63.95,63.90,63.91,67
2025.09.03,22:15,63.90,63.92,63.86,63.89,32
2025.09.03,22:30,63.90,63.95,63.81,63.88,172
2025.09.03,22:45,63.86,63.87,63.72,63.77,146
2025.09.04,00:00,63.77,63.83,63.75,63.76,68
2025.09.04,00:15,63.75,63.81,63.73,63.80,58
2025.09.04,00:30,63.78,63.82,63.77,63.78,38
2025.09.04,00:45,63.78,63.80,63.76,63.77,27
2025.09.04,01:00,63.76,63.79,63.74,63.77,24
2025.09.04,01:15,63.75,63.78,63.74,63.75,26
2025.09.04,01:30,63.76,63.78,63.74,63.77,13
2025.09.04,01:45,63.76,63.78,63.74,63.78,11
2025.09.04,02:00,63.77,63.77,63.65,63.70,128
2025.09.04,02:15,63.70,63.71,63.62,63.69,79
2025.09.04,02:30,63.66,63.74,63.65,63.69,73
2025.09.04,02:45,63.69,63.76,63.69,63.73,62
2025.09.04,03:00,63.72,63.72,63.55,63.66,242
2025.09.04,03:15,63.68,63.69,63.59,63.62,128
2025.09.04,03:30,63.60,63.65,63.53,63.58,170
2025.09.04,03:45,63.58,63.60,63.54,63.59,119
2025.09.04,04:00,63.59,63.61,63.51,63.51,95
2025.09.04,04:15,63.53,63.56,63.49,63.54,69
2025.09.04,04:30,63.53,63.60,63.52,63.58,140
2025.09.04,04:45,63.60,63.66,63.54,63.64,154
2025.09.04,05:00,63.61,63.65,63.57,63.60,174
2025.09.04,05:15,63.59,63.63,63.56,63.59,132
2025.09.04,05:30,63.61,63.61,63.49,63.55,71
2025.09.04,05:45,63.52,63.56,63.44,63.51,73
2025.09.04,06:00,63.53,63.53,63.43,63.46,42
2025.09.04,06:15,63.47,63.53,63.46,63.50,58
2025.09.04,06:30,63.51,63.53,63.47,63.51,29
2025.09.04,06:45,63.52,63.53,63.49,63.51,18
2025.09.04,07:00,63.52,63.53,63.47,63.48,62
2025.09.04,07:15,63.48,63.52,63.45,63.47,56
2025.09.04,07:30,63.48,63.50,63.39,63.44,188
2025.09.04,07:45,63.45,63.56,63.42,63.42,161
2025.09.04,08:00,63.48,63.53,63.36,63.50,228
2025.09.04,08:15,63.49,63.50,63.35,63.39,183
2025.09.04,08:30,63.39,63.42,63.23,63.32,249
2025.09.04,08:45,63.29,63.31,63.18,63.22,269
2025.09.04,09:00,63.22,63.28,63.02,63.24,389
2025.09.04,09:15,63.25,63.35,63.18,63.19,286
2025.09.04,09:30,63.21,63.32,63.14,63.32,208
2025.09.04,09:45,63.32,63.32,63.06,63.11,202
2025.09.04,10:00,63.12,63.27,63.07,63.18,302
2025.09.04,10:15,63.20,63.71,63.16,63.40,1169
2025.09.04,10:30,63.39,63.42,63.27,63.27,445
2025.09.04,10:45,63.26,63.41,63.26,63.34,288
2025.09.04,11:00,63.31,63.40,63.17,63.22,308
2025.09.04,11:15,63.23,63.33,63.11,63.27,202
2025.09.04,11:30,63.26,63.29,63.15,63.24,226
2025.09.04,11:45,63.25,63.30,63.16,63.21,209
2025.09.04,12:00,63.20,63.31,63.17,63.23,232
2025.09.04,12:15,63.22,63.22,63.11,63.14,194
2025.09.04,12:30,63.15,63.18,62.87,62.92,323
2025.09.04,12:45,62.95,63.01,62.90,62.93,229
2025.09.04,13:00,62.93,63.21,62.88,63.19,298
2025.09.04,13:15,63.17,63.31,63.15,63.29,212
2025.09.04,13:30,63.30,63.46,63.30,63.39,285
2025.09.04,13:45,63.38,63.40,63.27,63.35,199
2025.09.04,14:00,63.34,63.40,63.25,63.30,252
2025.09.04,14:15,63.30,63.37,63.24,63.34,273
2025.09.04,14:30,63.34,63.35,63.16,63.17,283
2025.09.04,14:45,63.21,63.26,63.15,63.20,236
2025.09.04,15:00,63.22,63.30,62.74,63.02,741
2025.09.04,15:15,63.03,63.20,62.99,63.11,508
2025.09.04,15:30,63.12,63.36,63.09,63.26,525
2025.09.04,15:45,63.26,63.29,63.12,63.16,325
2025.09.04,16:00,63.15,63.30,62.97,63.07,622
2025.09.04,16:15,63.05,63.44,63.02,63.33,669
2025.09.04,16:30,63.33,63.38,63.18,63.31,466
2025.09.04,16:45,63.30,63.57,63.30,63.50,468
2025.09.04,17:00,63.49,63.57,63.44,63.50,388
2025.09.04,17:15,63.52,63.58,63.44,63.55,361
2025.09.04,17:30,63.55,63.69,63.43,63.44,455
2025.09.04,17:45,63.45,63.48,63.33,63.43,282
2025.09.04,18:00,63.42,63.60,63.26,63.53,565
2025.09.04,18:15,63.51,63.66,63.39,63.57,327
2025.09.04,18:30,63.60,63.64,63.56,63.62,230
2025.09.04,18:45,63.63,63.66,63.54,63.59,226
2025.09.04,19:00,63.58,63.67,63.55,63.64,194
2025.09.04,19:15,63.67,63.68,63.41,63.55,269
2025.09.04,19:30,63.55,63.56,63.43,63.47,219
2025.09.04,19:45,63.49,63.62,63.48,63.55,228
2025.09.04,20:00,63.54,63.63,63.46,63.49,220
2025.09.04,20:15,63.50,63.57,63.36,63.43,437
2025.09.04,20:30,63.44,63.46,63.36,63.41,136
2025.09.04,20:45,63.42,63.46,63.37,63.40,77
2025.09.04,21:00,63.42,63.42,63.30,63.31,141
2025.09.04,21:15,63.31,63.37,63.29,63.34,80
2025.09.04,21:30,63.35,63.37,63.25,63.27,98
2025.09.04,21:45,63.26,63.33,63.23,63.32,107
2025.09.04,22:00,63.31,63.34,63.27,63.29,59
2025.09.04,22:15,63.28,63.35,63.25,63.34,60
2025.09.04,22:30,63.31,63.36,63.24,63.26,77
2025.09.04,22:45,63.26,63.34,63.24,63.32,70
2025.09.05,00:00,63.32,63.34,63.22,63.30,82
2025.09.05,00:15,63.31,63.36,63.30,63.31,53
2025.09.05,00:30,63.32,63.36,63.22,63.22,55
2025.09.05,00:45,63.25,63.29,63.24,63.26,19
2025.09.05,01:00,63.25,63.28,63.25,63.27,19
2025.09.05,01:15,63.29,63.32,63.27,63.29,24
2025.09.05,01:30,63.30,63.34,63.27,63.30,39
2025.09.05,01:45,63.30,63.33,63.28,63.30,21
2025.09.05,02:00,63.30,63.30,63.22,63.29,74
2025.09.05,02:15,63.31,63.32,63.24,63.27,56
2025.09.05,02:30,63.25,63.32,63.25,63.30,30
2025.09.05,02:45,63.29,63.32,63.26,63.26,34
2025.09.05,03:00,63.27,63.31,63.18,63.20,231
2025.09.05,03:15,63.20,63.22,63.10,63.16,126
2025.09.05,03:30,63.13,63.21,63.11,63.20,132
2025.09.05,03:45,63.17,63.23,63.14,63.21,97
2025.09.05,04:00,63.20,63.24,63.15,63.20,140
2025.09.05,04:15,63.20,63.28,63.18,63.25,45
2025.09.05,04:30,63.25,63.36,63.22,63.31,118
2025.09.05,04:45,63.31,63.35,63.28,63.31,76
2025.09.05,05:00,63.31,63.36,63.29,63.35,69
2025.09.05,05:15,63.34,63.36,63.29,63.32,102
2025.09.05,05:30,63.33,63.37,63.29,63.34,30
2025.09.05,05:45,63.33,63.34,63.29,63.32,20
2025.09.05,06:00,63.29,63.35,63.29,63.33,38
2025.09.05,06:15,63.33,63.39,63.31,63.31,53
2025.09.05,06:30,63.31,63.35,63.28,63.35,31
2025.09.05,06:45,63.34,63.34,63.29,63.32,16
2025.09.05,07:00,63.32,63.34,63.27,63.27,24
2025.09.05,07:15,63.28,63.31,63.27,63.30,26
2025.09.05,07:30,63.32,63.38,63.26,63.35,131
2025.09.05,07:45,63.34,63.40,63.31,63.34,91
2025.09.05,08:00,63.33,63.41,63.20,63.28,208
2025.09.05,08:15,63.25,63.30,63.10,63.24,176
2025.09.05,08:30,63.25,63.33,63.20,63.21,170
2025.09.05,08:45,63.24,63.24,63.04,63.18,218
2025.09.05,09:00,63.19,63.19,63.02,63.16,255
2025.09.05,09:15,63.16,63.22,63.05,63.09,175
2025.09.05,09:30,63.12,63.26,63.11,63.20,214
2025.09.05,09:45,63.19,63.26,63.08,63.14,176
2025.09.05,10:00,63.15,63.19,63.03,63.10,285
2025.09.05,10:15,63.10,63.22,63.08,63.20,341
2025.09.05,10:30,63.18,63.35,63.17,63.21,389
2025.09.05,10:45,63.22,63.39,63.19,63.35,218
2025.09.05,11:00,63.37,63.48,63.30,63.38,276
2025.09.05,11:15,63.39,63.41,63.19,63.30,204
2025.09.05,11:30,63.28,63.43,63.13,63.36,242
2025.09.05,11:45,63.36,63.43,63.32,63.36,139
2025.09.05,12:00,63.35,63.36,63.22,63.32,177
2025.09.05,12:15,63.32,63.32,63.13,63.15,249
2025.09.05,12:30,63.14,63.20,62.98,62.99,268
2025.09.05,12:45,63.01,63.04,62.77,62.87,326
2025.09.05,13:00,62.88,63.00,62.86,62.98,266
2025.09.05,13:15,62.95,63.11,62.95,63.05,174
2025.09.05,13:30,63.07,63.11,62.99,63.10,154
2025.09.05,13:45,63.10,63.13,62.84,62.87,217
2025.09.05,14:00,62.87,62.96,62.65,62.74,402
2025.09.05,14:15,62.73,62.80,62.66,62.73,321
2025.09.05,14:30,62.74,62.87,62.56,62.61,588
2025.09.05,14:45,62.63,62.74,61.76,62.16,1327
2025.09.05,15:00,62.16,62.35,61.93,61.94,931
2025.09.05,15:15,61.96,62.42,61.94,62.38,808
2025.09.05,15:30,62.37,62.37,62.09,62.12,643
2025.09.05,15:45,62.10,62.20,62.01,62.10,515
2025.09.05,16:00,62.11,62.11,61.87,61.94,565
2025.09.05,16:15,61.93,62.05,61.85,61.88,512
2025.09.05,16:30,61.91,62.03,61.84,61.87,549
2025.09.05,16:45,61.87,62.02,61.67,61.77,560
2025.09.05,17:00,61.81,61.92,61.53,61.60,522
2025.09.05,17:15,61.61,61.66,61.46,61.51,491
2025.09.05,17:30,61.50,61.74,61.45,61.64,455
2025.09.05,17:45,61.64,61.68,61.47,61.51,422
2025.09.05,18:00,61.52,61.57,61.47,61.53,291
2025.09.05,18:15,61.51,61.57,61.44,61.54,245
2025.09.05,18:30,61.53,61.69,61.53,61.65,290
2025.09.05,18:45,61.67,61.84,61.64,61.84,267
2025.09.05,19:00,61.83,61.86,61.72,61.79,227
2025.09.05,19:15,61.79,61.83,61.67,61.74,261
2025.09.05,19:30,61.71,61.73,61.58,61.64,192
2025.09.05,19:45,61.63,61.78,61.60,61.72,193
2025.09.05,20:00,61.71,61.81,61.70,61.77,258
2025.09.05,20:15,61.78,61.96,61.78,61.85,347
2025.09.05,20:30,61.87,61.99,61.84,61.97,150
2025.09.05,20:45,61.96,62.08,61.96,62.06,157
2025.09.05,21:00,62.05,62.06,61.99,62.05,80
2025.09.05,21:15,62.06,62.06,61.97,61.98,100
2025.09.05,21:30,62.00,62.02,61.91,62.02,105
2025.09.05,21:45,62.01,62.05,61.95,62.00,93
2025.09.08,00:00,61.99,62.36,61.88,61.96,675
2025.09.08,00:15,61.94,62.04,61.90,61.90,131
2025.09.08,00:30,61.91,61.95,61.84,61.91,149
2025.09.08,00:45,61.92,61.96,61.83,61.96,116
2025.09.08,01:00,61.93,62.08,61.90,62.01,162
2025.09.08,01:15,62.00,62.12,62.00,62.06,125
2025.09.08,01:30,62.04,62.13,61.98,62.12,96
2025.09.08,01:45,62.10,62.21,62.09,62.20,100
2025.09.08,02:00,62.22,62.28,62.15,62.17,183
2025.09.08,02:15,62.17,62.21,62.13,62.14,78
2025.09.08,02:30,62.15,62.20,62.10,62.15,86
2025.09.08,02:45,62.16,62.22,62.14,62.18,52
2025.09.08,03:00,62.19,62.43,62.10,62.40,470
2025.09.08,03:15,62.39,62.49,62.35,62.46,325
2025.09.08,03:30,62.45,62.68,62.45,62.65,288
2025.09.08,03:45,62.64,62.68,62.55,62.60,227
2025.09.08,04:00,62.57,62.63,62.50,62.53,208
2025.09.08,04:15,62.52,62.56,62.49,62.52,80
2025.09.08,04:30,62.54,62.64,62.53,62.58,188
2025.09.08,04:45,62.59,62.63,62.55,62.60,87
2025.09.08,05:00,62.62,62.63,62.56,62.57,81
2025.09.08,05:15,62.58,62.64,62.56,62.60,108
2025.09.08,05:30,62.61,62.62,62.56,62.61,134
2025.09.08,05:45,62.59,62.62,62.58,62.61,55
2025.09.08,06:00,62.59,62.64,62.57,62.60,75
2025.09.08,06:15,62.59,62.60,62.56,62.57,59
2025.09.08,06:30,62.58,62.60,62.54,62.58,96
2025.09.08,06:45,62.55,62.60,62.54,62.56,39
2025.09.08,07:00,62.57,62.63,62.55,62.63,45
2025.09.08,07:15,62.61,62.65,62.57,62.61,64
2025.09.08,07:30,62.59,62.64,62.58,62.62,128
2025.09.08,07:45,62.62,62.84,62.61,62.81,245
2025.09.08,08:00,62.81,62.95,62.71,62.93,232
2025.09.08,08:15,62.95,63.05,62.93,63.01,277
2025.09.08,08:30,63.00,63.07,62.98,63.00,233
2025.09.08,08:45,62.98,63.05,62.94,62.95,254
2025.09.08,09:00,62.94,63.02,62.89,62.97,280
2025.09.08,09:15,62.97,63.01,62.85,62.90,228
2025.09.08,09:30,62.89,62.92,62.81,62.88,240
2025.09.08,09:45,62.86,62.88,62.77,62.80,195
2025.09.08,10:00,62.78,62.89,62.72,62.86,288
2025.09.08,10:15,62.87,62.91,62.78,62.88,313
2025.09.08,10:30,62.88,62.93,62.76,62.91,309
2025.09.08,10:45,62.88,62.98,62.85,62.90,227
2025.09.08,11:00,62.90,63.12,62.88,63.10,271
2025.09.08,11:15,63.08,63.12,63.02,63.04,213
2025.09.08,11:30,63.06,63.12,62.97,63.09,213
2025.09.08,11:45,63.09,63.15,63.06,63.12,214
2025.09.08,12:00,63.11,63.20,63.05,63.11,238
2025.09.08,12:15,63.10,63.13,63.04,63.06,171
2025.09.08,12:30,63.03,63.22,62.96,63.10,300
2025.09.08,12:45,63.13,63.18,62.96,63.10,274
2025.09.08,13:00,63.13,63.16,63.01,63.07,176
2025.09.08,13:15,63.10,63.16,63.04,63.10,151
2025.09.08,13:30,63.13,63.13,62.92,62.97,230
2025.09.08,13:45,62.98,63.31,62.97,63.20,336
2025.09.08,14:00,63.18,63.24,63.16,63.20,223
2025.09.08,14:15,63.19,63.24,63.16,63.21,167
2025.09.08,14:30,63.22,63.22,63.02,63.10,235
2025.09.08,14:45,63.07,63.13,62.93,62.98,304
2025.09.08,15:00,62.97,63.04,62.80,62.87,486
2025.09.08,15:15,62.87,62.92,62.74,62.76,364
2025.09.08,15:30,62.75,62.80,62.42,62.42,550
2025.09.08,15:45,62.41,62.43,62.02,62.04,756
2025.09.08,16:00,62.05,62.34,61.92,62.21,646
2025.09.08,16:15,62.25,62.27,62.14,62.16,334
2025.09.08,16:30,62.17,62.28,62.10,62.24,462
2025.09.08,16:45,62.26,62.41,62.16,62.23,403
2025.09.08,17:00,62.23,62.55,62.20,62.55,374
2025.09.08,17:15,62.53,62.63,62.45,62.46,392
2025.09.08,17:30,62.47,62.56,62.32,62.38,419
2025.09.08,17:45,62.38,62.53,62.36,62.42,314
2025.09.08,18:00,62.41,62.52,62.32,62.36,232
2025.09.08,18:15,62.35,62.35,62.24,62.28,209
2025.09.08,18:30,62.29,62.31,62.21,62.27,212
2025.09.08,18:45,62.24,62.27,62.16,62.22,158
2025.09.08,19:00,62.22,62.33,62.20,62.30,193
2025.09.08,19:15,62.32,62.37,62.27,62.35,129
2025.09.08,19:30,62.35,62.43,62.30,62.33,134
2025.09.08,19:45,62.33,62.38,62.17,62.20,245
2025.09.08,20:00,62.21,62.23,62.15,62.20,267
2025.09.08,20:15,62.20,62.41,62.16,62.24,417
2025.09.08,20:30,62.23,62.36,62.23,62.34,120
2025.09.08,20:45,62.37,62.37,62.30,62.30,68
2025.09.08,21:00,62.30,62.36,62.29,62.33,61
2025.09.08,21:15,62.33,62.39,62.33,62.35,34
2025.09.08,21:30,62.37,62.38,62.33,62.37,38
2025.09.08,21:45,62.36,62.38,62.33,62.37,59
2025.09.08,22:00,62.36,62.41,62.35,62.41,56
2025.09.08,22:15,62.41,62.46,62.40,62.43,33
2025.09.08,22:30,62.40,62.45,62.40,62.43,23
2025.09.08,22:45,62.44,62.46,62.39,62.44,35
2025.09.09,00:00,62.42,62.45,62.38,62.42,46
2025.09.09,00:15,62.43,62.43,62.39,62.43,12
2025.09.09,00:30,62.42,62.44,62.39,62.41,31
2025.09.09,00:45,62.40,62.43,62.40,62.41,14
2025.09.09,01:00,62.41,62.47,62.41,62.43,16
2025.09.09,01:15,62.45,62.46,62.43,62.44,13
2025.09.09,01:30,62.44,62.46,62.43,62.45,14
2025.09.09,01:45,62.42,62.45,62.42,62.42,39
2025.09.09,02:00,62.45,62.49,62.40,62.43,128
2025.09.09,02:15,62.43,62.45,62.37,62.40,42
2025.09.09,02:30,62.39,62.42,62.37,62.41,28
2025.09.09,02:45,62.42,62.43,62.39,62.40,25
2025.09.09,03:00,62.43,62.43,62.36,62.38,140
2025.09.09,03:15,62.39,62.43,62.35,62.39,99
2025.09.09,03:30,62.40,62.53,62.39,62.49,95
2025.09.09,03:45,62.49,62.54,62.46,62.48,82
2025.09.09,04:00,62.47,62.53,62.46,62.53,65
2025.09.09,04:15,62.50,62.61,62.50,62.54,77
2025.09.09,04:30,62.56,62.61,62.55,62.57,73
2025.09.09,04:45,62.57,62.59,62.54,62.54,71
2025.09.09,05:00,62.57,62.63,62.54,62.54,46
2025.09.09,05:15,62.57,62.59,62.51,62.53,121
2025.09.09,05:30,62.53,62.57,62.52,62.55,33
2025.09.09,05:45,62.55,62.59,62.55,62.57,32
2025.09.09,06:00,62.55,62.65,62.55,62.65,63
2025.09.09,06:15,62.63,62.65,62.60,62.65,52
2025.09.09,06:30,62.65,62.68,62.63,62.68,27
2025.09.09,06:45,62.68,62.72,62.65,62.72,61
2025.09.09,07:00,62.72,62.72,62.66,62.69,66
2025.09.09,07:15,62.68,62.71,62.65,62.68,60
2025.09.09,07:30,62.66,62.69,62.62,62.68,172
2025.09.09,07:45,62.66,62.68,62.61,62.63,156
2025.09.09,08:00,62.61,62.83,62.58,62.77,241
2025.09.09,08:15,62.77,62.77,62.63,62.71,166
2025.09.09,08:30,62.68,62.85,62.67,62.76,172
2025.09.09,08:45,62.77,62.82,62.71,62.74,167
2025.09.09,09:00,62.76,62.84,62.69,62.81,193
2025.09.09,09:15,62.78,62.97,62.76,62.96,223
2025.09.09,09:30,62.97,62.98,62.87,62.89,171
2025.09.09,09:45,62.88,62.90,62.77,62.87,221
2025.09.09,10:00,62.86,63.01,62.83,62.96,261
2025.09.09,10:15,62.97,63.12,62.94,63.06,346
2025.09.09,10:30,63.08,63.15,63.01,63.11,318
2025.09.09,10:45,63.11,63.15,62.94,62.96,256
2025.09.09,11:00,62.98,62.98,62.68,62.80,360
2025.09.09,11:15,62.84,63.01,62.82,62.90,271
2025.09.09,11:30,62.91,62.92,62.75,62.79,241
2025.09.09,11:45,62.78,62.80,62.62,62.68,252
2025.09.09,12:00,62.67,62.78,62.62,62.77,236
2025.09.09,12:15,62.78,62.78,62.67,62.72,152
2025.09.09,12:30,62.73,62.78,62.66,62.70,194
2025.09.09,12:45,62.69,62.76,62.57,62.71,199
2025.09.09,13:00,62.72,62.81,62.66,62.73,184
2025.09.09,13:15,62.75,62.80,62.71,62.78,161
2025.09.09,13:30,62.77,62.83,62.74,62.75,125
2025.09.09,13:45,62.74,62.86,62.74,62.80,192
2025.09.09,14:00,62.82,62.92,62.78,62.89,235
2025.09.09,14:15,62.88,62.97,62.87,62.92,181
2025.09.09,14:30,62.91,62.96,62.76,62.82,242
2025.09.09,14:45,62.81,63.02,62.77,62.85,318
2025.09.09,15:00,62.84,63.49,62.80,63.25,1309
2025.09.09,15:15,63.24,63.41,63.10,63.19,768
2025.09.09,15:30,63.16,63.29,62.99,63.19,746
2025.09.09,15:45,63.22,63.35,63.05,63.31,552
2025.09.09,16:00,63.31,63.34,63.02,63.19,661
2025.09.09,16:15,63.19,63.30,63.11,63.28,366
2025.09.09,16:30,63.27,63.44,63.14,63.29,576
2025.09.09,16:45,63.28,63.39,63.19,63.36,376
2025.09.09,17:00,63.36,63.64,63.25,63.39,681
2025.09.09,17:15,63.41,63.42,63.16,63.18,502
2025.09.09,17:30,63.15,63.16,62.90,62.94,599
2025.09.09,17:45,62.93,63.01,62.86,62.93,398
2025.09.09,18:00,62.90,62.95,62.73,62.79,428
2025.09.09,18:15,62.79,62.88,62.74,62.79,283
2025.09.09,18:30,62.80,62.90,62.75,62.80,209
2025.09.09,18:45,62.79,62.82,62.67,62.76,195
2025.09.09,19:00,62.77,62.83,62.73,62.80,154
2025.09.09,19:15,62.81,62.93,62.77,62.87,183
2025.09.09,19:30,62.89,62.90,62.71,62.77,228
2025.09.09,19:45,62.75,62.79,62.65,62.68,266
2025.09.09,20:00,62.67,62.69,62.59,62.67,181
2025.09.09,20:15,62.66,62.68,62.52,62.62,311
2025.09.09,20:30,62.60,62.71,62.53,62.71,171
2025.09.09,20:45,62.69,62.71,62.66,62.68,92
2025.09.09,21:00,62.70,62.72,62.66,62.71,77
2025.09.09,21:15,62.70,62.72,62.67,62.70,68
2025.09.09,21:30,62.71,62.76,62.67,62.75,76
2025.09.09,21:45,62.74,62.76,62.63,62.67,87
2025.09.09,22:00,62.65,62.68,62.61,62.63,64
2025.09.09,22:15,62.66,62.70,62.64,62.66,56
2025.09.09,22:30,62.65,62.74,62.60,62.66,157
2025.09.09,22:45,62.65,62.78,62.64,62.75,147
2025.09.10,00:00,62.73,62.79,62.69,62.76,58
2025.09.10,00:15,62.78,62.79,62.75,62.79,17
2025.09.10,00:30,62.77,62.83,62.77,62.82,42
2025.09.10,00:45,62.82,63.06,62.82,63.04,151
2025.09.10,01:00,63.02,63.05,62.94,62.98,67
2025.09.10,01:15,62.96,63.13,62.96,63.06,95
2025.09.10,01:30,63.04,63.10,63.03,63.03,28
2025.09.10,01:45,63.05,63.10,63.00,63.00,109
2025.09.10,02:00,63.02,63.07,62.91,62.91,241
2025.09.10,02:15,62.93,62.99,62.91,62.98,64
2025.09.10,02:30,62.96,63.05,62.96,63.02,93
2025.09.10,02:45,63.01,63.07,62.97,63.07,96
2025.09.10,03:00,63.07,63.12,63.00,63.06,235
2025.09.10,03:15,63.05,63.08,62.99,63.02,119
2025.09.10,03:30,63.02,63.10,62.99,63.09,90
2025.09.10,03:45,63.07,63.15,63.07,63.13,86
2025.09.10,04:00,63.12,63.21,63.10,63.18,117
2025.09.10,04:15,63.16,63.18,63.11,63.16,31
2025.09.10,04:30,63.15,63.17,63.08,63.11,127
2025.09.10,04:45,63.11,63.14,63.08,63.13,62
2025.09.10,05:00,63.14,63.17,63.10,63.13,107
2025.09.10,05:15,63.12,63.22,63.11,63.17,92
2025.09.10,05:30,63.17,63.21,63.14,63.15,82
2025.09.10,05:45,63.17,63.21,63.13,63.19,48
2025.09.10,06:00,63.20,63.21,63.17,63.19,25
2025.09.10,06:15,63.19,63.25,63.17,63.23,63
2025.09.10,06:30,63.20,63.28,63.19,63.27,58
2025.09.10,06:45,63.26,63.27,63.22,63.27,34
2025.09.10,07:00,63.28,63.33,63.25,63.33,103
2025.09.10,07:15,63.31,63.36,63.30,63.33,92
2025.09.10,07:30,63.33,63.36,63.21,63.25,132
2025.09.10,07:45,63.27,63.34,63.23,63.26,111
2025.09.10,08:00,63.27,63.29,63.18,63.21,164
2025.09.10,08:15,63.22,63.36,63.12,63.33,242
2025.09.10,08:30,63.35,63.42,63.17,63.20,245
2025.09.10,08:45,63.19,63.26,63.15,63.22,291
2025.09.10,09:00,63.23,63.31,63.15,63.29,245
2025.09.10,09:15,63.28,63.32,63.09,63.12,297
2025.09.10,09:30,63.10,63.13,63.04,63.09,233
2025.09.10,09:45,63.11,63.20,63.07,63.13,152
2025.09.10,10:00,63.14,63.16,63.03,63.13,232
2025.09.10,10:15,63.16,63.34,63.14,63.27,331
2025.09.10,10:30,63.26,63.30,63.08,63.26,345
2025.09.10,10:45,63.26,63.32,63.21,63.24,268
2025.09.10,11:00,63.25,63.31,63.23,63.26,215
2025.09.10,11:15,63.25,63.29,62.95,63.00,287
2025.09.10,11:30,63.00,63.10,62.96,63.07,207
2025.09.10,11:45,63.07,63.10,62.99,63.00,168
2025.09.10,12:00,63.02,63.05,62.91,63.04,197
2025.09.10,12:15,63.02,63.17,63.02,63.14,226
2025.09.10,12:30,63.12,63.19,63.09,63.17,124
2025.09.10,12:45,63.18,63.25,63.10,63.23,137
2025.09.10,13:00,63.23,63.31,63.18,63.27,169
2025.09.10,13:15,63.26,63.32,63.22,63.24,166
2025.09.10,13:30,63.26,63.28,63.17,63.21,150
2025.09.10,13:45,63.21,63.26,63.18,63.20,182
2025.09.10,14:00,63.21,63.34,63.19,63.27,168
2025.09.10,14:15,63.26,63.48,63.26,63.37,287
2025.09.10,14:30,63.38,63.38,63.19,63.29,342
2025.09.10,14:45,63.29,63.31,63.14,63.23,312
2025.09.10,15:00,63.24,63.43,63.18,63.35,419
2025.09.10,15:15,63.34,63.37,63.02,63.09,354
2025.09.10,15:30,63.09,63.16,63.04,63.14,301
2025.09.10,15:45,63.14,63.26,63.11,63.21,345
2025.09.10,16:00,63.24,63.34,63.23,63.31,209
2025.09.10,16:15,63.30,63.45,63.30,63.33,312
2025.09.10,16:30,63.20,63.27,62.95,62.99,863
2025.09.10,16:45,62.98,63.36,62.96,63.23,540
2025.09.10,17:00,63.25,63.73,63.19,63.55,862
2025.09.10,17:15,63.52,63.67,63.52,63.57,702
2025.09.10,17:30,63.58,63.78,63.48,63.62,513
2025.09.10,17:45,63.61,63.99,63.61,63.96,574
2025.09.10,18:00,63.95,64.07,63.90,63.94,412
2025.09.10,18:15,63.97,64.02,63.90,63.96,344
2025.09.10,18:30,63.97,64.04,63.91,63.91,197
2025.09.10,18:45,63.92,63.99,63.88,63.97,158
2025.09.10,19:00,63.95,63.96,63.78,63.82,203
2025.09.10,19:15,63.83,63.92,63.78,63.81,191
2025.09.10,19:30,63.83,63.85,63.70,63.76,231
2025.09.10,19:45,63.75,63.78,63.69,63.72,216
2025.09.10,20:00,63.76,63.82,63.71,63.82,175
2025.09.10,20:15,63.81,63.81,63.61,63.63,294
2025.09.10,20:30,63.66,63.80,63.65,63.75,143
2025.09.10,20:45,63.76,63.78,63.72,63.77,59
2025.09.10,21:00,63.75,63.85,63.72,63.79,97
2025.09.10,21:15,63.78,63.84,63.74,63.75,72
2025.09.10,21:30,63.76,63.82,63.74,63.80,51
2025.09.10,21:45,63.79,63.81,63.75,63.75,77
2025.09.10,22:00,63.77,63.78,63.70,63.72,52
2025.09.10,22:15,63.70,63.75,63.70,63.73,28
2025.09.10,22:30,63.71,63.74,63.70,63.72,22
2025.09.10,22:45,63.69,63.75,63.68,63.73,79
2025.09.11,00:00,63.78,63.78,63.66,63.69,65
2025.09.11,00:15,63.70,63.72,63.68,63.72,9
2025.09.11,00:30,63.73,63.76,63.71,63.75,23
2025.09.11,00:45,63.72,63.76,63.72,63.76,20
2025.09.11,01:00,63.76,63.77,63.73,63.77,17
2025.09.11,01:15,63.74,63.76,63.73,63.74,6
2025.09.11,01:30,63.76,63.77,63.74,63.77,6
2025.09.11,01:45,63.76,63.76,63.73,63.73,5
2025.09.11,02:00,63.73,63.78,63.72,63.74,80
2025.09.11,02:15,63.73,63.75,63.71,63.73,37
2025.09.11,02:30,63.71,63.75,63.70,63.72,35
2025.09.11,02:45,63.73,63.74,63.70,63.72,29
2025.09.11,03:00,63.71,63.72,63.60,63.62,150
2025.09.11,03:15,63.61,63.66,63.59,63.63,92
2025.09.11,03:30,63.64,63.65,63.61,63.65,36
2025.09.11,03:45,63.66,63.70,63.62,63.66,82
2025.09.11,04:00,63.68,63.70,63.64,63.67,63
2025.09.11,04:15,63.65,63.69,63.64,63.65,18
2025.09.11,04:30,63.66,63.69,63.58,63.62,50
2025.09.11,04:45,63.62,63.64,63.58,63.61,73
2025.09.11,05:00,63.63,63.65,63.59,63.61,70
2025.09.11,05:15,63.61,63.61,63.53,63.57,90
2025.09.11,05:30,63.59,63.62,63.57,63.60,28
2025.09.11,05:45,63.60,63.60,63.54,63.55,22
2025.09.11,06:00,63.53,63.58,63.52,63.53,24
2025.09.11,06:15,63.55,63.55,63.48,63.49,28
2025.09.11,06:30,63.53,63.53,63.49,63.53,30
2025.09.11,06:45,63.54,63.54,63.51,63.52,12
2025.09.11,07:00,63.51,63.51,63.40,63.43,37
2025.09.11,07:15,63.43,63.47,63.41,63.46,29
2025.09.11,07:30,63.45,63.47,63.39,63.43,118
2025.09.11,07:45,63.41,63.50,63.41,63.47,103
2025.09.11,08:00,63.45,63.57,63.45,63.51,151
2025.09.11,08:15,63.50,63.59,63.50,63.58,111
2025.09.11,08:30,63.56,63.60,63.48,63.56,129
2025.09.11,08:45,63.56,63.62,63.50,63.54,116
2025.09.11,09:00,63.56,63.60,63.47,63.53,203
2025.09.11,09:15,63.54,63.56,63.47,63.49,162
2025.09.11,09:30,63.52,63.60,63.48,63.55,145
2025.09.11,09:45,63.54,63.56,63.46,63.54,137
2025.09.11,10:00,63.57,63.65,63.51,63.56,291
2025.09.11,10:15,63.53,63.55,63.32,63.38,403
2025.09.11,10:30,63.36,63.43,63.16,63.20,334
2025.09.11,10:45,63.19,63.40,63.18,63.37,203
2025.09.11,11:00,63.34,63.41,63.26,63.41,262
2025.09.11,11:15,63.40,63.56,63.37,63.49,233
2025.09.11,11:30,63.49,63.52,63.38,63.38,194
2025.09.11,11:45,63.39,63.44,63.32,63.35,125
2025.09.11,12:00,63.34,63.37,63.12,63.20,289
2025.09.11,12:15,63.20,63.25,63.17,63.20,116
2025.09.11,12:30,63.19,63.22,63.07,63.12,211
2025.09.11,12:45,63.12,63.20,63.07,63.11,122
2025.09.11,13:00,63.13,63.18,63.10,63.10,165
2025.09.11,13:15,63.11,63.14,63.02,63.06,202
2025.09.11,13:30,63.03,63.03,62.85,62.95,259
2025.09.11,13:45,62.97,63.02,62.93,62.98,161
2025.09.11,14:00,62.98,63.02,62.91,62.95,224
2025.09.11,14:15,62.96,63.00,62.72,62.89,299
2025.09.11,14:30,62.88,62.92,62.71,62.83,497
2025.09.11,14:45,62.80,62.86,62.66,62.76,278
2025.09.11,15:00,62.74,62.75,62.27,62.41,714
2025.09.11,15:15,62.40,62.57,62.38,62.43,444
2025.09.11,15:30,62.40,62.56,62.31,62.52,501
2025.09.11,15:45,62.51,62.76,62.46,62.73,435
2025.09.11,16:00,62.73,62.75,62.43,62.50,388
2025.09.11,16:15,62.51,62.58,62.44,62.45,497
2025.09.11,16:30,62.46,62.54,62.34,62.46,409
2025.09.11,16:45,62.45,62.54,62.37,62.51,288
2025.09.11,17:00,62.53,62.59,62.42,62.54,307
2025.09.11,17:15,62.57,62.64,62.44,62.46,441
2025.09.11,17:30,62.45,62.54,62.30,62.41,345
2025.09.11,17:45,62.39,62.56,62.36,62.47,252
2025.09.11,18:00,62.48,62.50,62.33,62.39,226
2025.09.11,18:15,62.38,62.42,62.36,62.38,158
2025.09.11,18:30,62.39,62.49,62.37,62.48,132
2025.09.11,18:45,62.48,62.48,62.39,62.45,125
2025.09.11,19:00,62.47,62.47,62.36,62.45,159
2025.09.11,19:15,62.44,62.46,62.37,62.41,117
2025.09.11,19:30,62.43,62.59,62.41,62.51,148
2025.09.11,19:45,62.52,62.58,62.40,62.47,174
2025.09.11,20:00,62.44,62.46,62.23,62.30,222
2025.09.11,20:15,62.32,62.49,62.32,62.33,328
2025.09.11,20:30,62.36,62.39,62.23,62.28,178
2025.09.11,20:45,62.29,62.31,62.24,62.25,91
2025.09.11,21:00,62.26,62.30,62.23,62.28,85
2025.09.11,21:15,62.25,62.30,62.23,62.26,56
2025.09.11,21:30,62.26,62.27,62.23,62.25,29
2025.09.11,21:45,62.26,62.26,62.20,62.24,82
2025.09.11,22:00,62.24,62.31,62.22,62.29,78
2025.09.11,22:15,62.28,62.29,62.24,62.25,32
2025.09.11,22:30,62.25,62.31,62.25,62.28,31
2025.09.11,22:45,62.29,62.31,62.23,62.25,116
2025.09.12,00:00,62.24,62.31,62.22,62.27,52
2025.09.12,00:15,62.30,62.30,62.26,62.30,29
2025.09.12,00:30,62.27,62.28,62.21,62.23,17
2025.09.12,00:45,62.22,62.24,62.16,62.23,40
2025.09.12,01:00,62.22,62.23,62.17,62.18,38
2025.09.12,01:15,62.19,62.22,62.16,62.17,28
2025.09.12,01:30,62.17,62.20,62.16,62.18,13
2025.09.12,01:45,62.19,62.20,62.17,62.17,18
2025.09.12,02:00,62.18,62.19,62.05,62.06,167
2025.09.12,02:15,62.07,62.10,62.03,62.05,76
2025.09.12,02:30,62.05,62.07,62.02,62.05,72
2025.09.12,02:45,62.03,62.08,62.02,62.04,44
2025.09.12,03:00,62.05,62.09,61.99,62.05,180
2025.09.12,03:15,62.05,62.06,61.98,62.02,111
2025.09.12,03:30,62.01,62.03,61.94,62.00,95
2025.09.12,03:45,62.00,62.02,61.83,61.84,136
2025.09.12,04:00,61.85,61.90,61.83,61.87,142
2025.09.12,04:15,61.88,61.92,61.85,61.91,43
2025.09.12,04:30,61.91,61.91,61.81,61.86,119
2025.09.12,04:45,61.83,61.87,61.77,61.78,186
2025.09.12,05:00,61.79,61.79,61.74,61.78,172
2025.09.12,05:15,61.76,61.85,61.76,61.78,134
2025.09.12,05:30,61.78,61.84,61.74,61.80,80
2025.09.12,05:45,61.79,61.85,61.79,61.83,41
2025.09.12,06:00,61.82,61.87,61.81,61.84,46
2025.09.12,06:15,61.85,61.87,61.83,61.84,20
2025.09.12,06:30,61.83,61.87,61.81,61.82,49
2025.09.12,06:45,61.81,61.84,61.78,61.80,42
2025.09.12,07:00,61.79,61.84,61.77,61.82,30
2025.09.12,07:15,61.83,61.90,61.83,61.87,53
2025.09.12,07:30,61.84,61.90,61.81,61.87,77
2025.09.12,07:45,61.88,61.92,61.85,61.85,121
2025.09.12,08:00,61.85,61.88,61.72,61.78,230
2025.09.12,08:15,61.78,61.89,61.77,61.81,136
2025.09.12,08:30,61.81,61.84,61.73,61.77,137
2025.09.12,08:45,61.76,61.79,61.68,61.74,236
2025.09.12,09:00,61.73,61.96,61.67,61.93,310
2025.09.12,09:15,61.93,61.96,61.77,61.84,240
2025.09.12,09:30,61.83,61.97,61.80,61.94,219
2025.09.12,09:45,61.91,62.15,61.88,62.06,266
2025.09.12,10:00,62.07,62.18,62.05,62.18,266
2025.09.12,10:15,62.14,62.21,62.06,62.21,316
2025.09.12,10:30,62.18,62.33,62.14,62.24,359
2025.09.12,10:45,62.26,62.43,62.23,62.33,282
2025.09.12,11:00,62.32,62.57,62.31,62.50,247
2025.09.12,11:15,62.51,62.81,62.49,62.71,316
2025.09.12,11:30,62.71,62.82,62.65,62.72,300
2025.09.12,11:45,62.73,62.74,62.54,62.55,262
2025.09.12,12:00,62.58,62.66,62.55,62.66,215
2025.09.12,12:15,62.65,62.77,62.62,62.71,177
2025.09.12,12:30,62.74,62.81,62.71,62.79,190
2025.09.12,12:45,62.76,63.02,62.75,62.98,379
2025.09.12,13:00,62.98,63.13,62.92,63.08,398
2025.09.12,13:15,63.09,63.17,63.04,63.15,264
2025.09.12,13:30,63.13,63.37,63.11,63.29,382
2025.09.12,13:45,63.28,63.42,63.23,63.41,368
2025.09.12,14:00,63.40,63.52,63.39,63.46,349
2025.09.12,14:15,63.49,63.95,63.41,63.75,658
2025.09.12,14:30,63.75,63.88,63.27,63.55,1365
2025.09.12,14:45,63.54,63.65,63.45,63.51,503
2025.09.12,15:00,63.51,63.55,63.26,63.47,897
2025.09.12,15:15,63.50,63.50,63.14,63.22,529
2025.09.12,15:30,63.24,63.52,63.18,63.33,674
2025.09.12,15:45,63.34,63.39,63.26,63.34,400
2025.09.12,16:00,63.34,63.41,63.23,63.36,348
2025.09.12,16:15,63.35,63.48,63.35,63.47,216
2025.09.12,16:30,63.45,63.49,63.20,63.27,307
2025.09.12,16:45,63.28,63.33,63.15,63.29,339
2025.09.12,17:00,63.30,63.42,63.26,63.36,274
2025.09.12,17:15,63.37,63.50,63.32,63.39,327
2025.09.12,17:30,63.36,63.45,63.22,63.26,280
2025.09.12,17:45,63.25,63.29,63.19,63.21,245
2025.09.12,18:00,63.24,63.29,63.19,63.24,264
2025.09.12,18:15,63.22,63.26,62.96,62.99,244
2025.09.12,18:30,62.98,62.98,62.70,62.73,287
2025.09.12,18:45,62.73,62.81,62.55,62.55,310
2025.09.12,19:00,62.55,62.64,62.51,62.59,273
2025.09.12,19:15,62.58,62.60,62.50,62.52,138
2025.09.12,19:30,62.52,62.61,62.43,62.46,176
2025.09.12,19:45,62.47,62.58,62.46,62.52,230
2025.09.12,20:00,62.51,62.60,62.48,62.56,255
2025.09.12,20:15,62.57,62.72,62.55,62.65,413
2025.09.12,20:30,62.67,62.67,62.52,62.52,151
2025.09.12,20:45,62.53,62.57,62.52,62.52,73
2025.09.12,21:00,62.54,62.59,62.47,62.53,94
2025.09.12,21:15,62.53,62.58,62.49,62.51,64
2025.09.12,21:30,62.52,62.59,62.49,62.57,58
2025.09.12,21:45,62.60,62.60,62.48,62.51,78
2025.09.15,00:00,63.00,63.00,62.50,62.55,295
2025.09.15,00:15,62.56,62.60,62.51,62.59,116
2025.09.15,00:30,62.59,62.62,62.57,62.59,64
2025.09.15,00:45,62.60,62.69,62.56,62.66,85
2025.09.15,01:00,62.65,62.70,62.61,62.62,76
2025.09.15,01:15,62.63,62.68,62.62,62.66,42
2025.09.15,01:30,62.67,62.68,62.63,62.64,51
2025.09.15,01:45,62.67,62.67,62.64,62.65,18
2025.09.15,02:00,62.66,62.82,62.64,62.80,141
2025.09.15,02:15,62.80,62.80,62.75,62.78,46
2025.09.15,02:30,62.78,62.80,62.76,62.78,34
2025.09.15,02:45,62.78,62.85,62.78,62.82,45
2025.09.15,03:00,62.83,62.95,62.83,62.93,313
2025.09.15,03:15,62.92,62.97,62.89,62.97,123
2025.09.15,03:30,62.97,63.04,62.95,63.01,146
2025.09.15,03:45,62.98,63.01,62.97,63.00,101
2025.09.15,04:00,63.00,63.01,62.95,62.99,125
2025.09.15,04:15,62.98,63.01,62.96,62.99,53
2025.09.15,04:30,62.97,63.03,62.93,63.02,153
2025.09.15,04:45,63.02,63.03,62.98,63.00,149
2025.09.15,05:00,63.00,63.03,62.95,63.00,102
2025.09.15,05:15,63.01,63.13,62.98,63.10,185
2025.09.15,05:30,63.11,63.12,63.05,63.09,74
2025.09.15,05:45,63.11,63.11,63.04,63.05,44
2025.09.15,06:00,63.06,63.07,63.03,63.03,21
2025.09.15,06:15,63.03,63.06,63.00,63.03,33
2025.09.15,06:30,63.02,63.07,63.00,63.03,25
2025.09.15,06:45,63.02,63.04,63.00,63.01,39
2025.09.15,07:00,63.02,63.04,62.98,63.01,43
2025.09.15,07:15,63.01,63.06,63.01,63.04,43
2025.09.15,07:30,63.02,63.08,63.01,63.05,145
2025.09.15,07:45,63.04,63.11,63.02,63.07,99
2025.09.15,08:00,63.08,63.23,63.06,63.14,170
2025.09.15,08:15,63.13,63.17,63.06,63.08,130
2025.09.15,08:30,63.09,63.15,63.06,63.11,106
2025.09.15,08:45,63.12,63.12,62.88,62.88,227
2025.09.15,09:00,62.87,62.93,62.79,62.91,229
2025.09.15,09:15,62.93,63.05,62.91,62.98,143
2025.09.15,09:30,62.96,63.05,62.92,62.96,133
2025.09.15,09:45,62.97,63.00,62.87,62.97,188
2025.09.15,10:00,63.00,63.05,62.93,63.02,250
2025.09.15,10:15,62.99,63.05,62.88,63.01,317
2025.09.15,10:30,62.99,63.02,62.89,62.92,331
2025.09.15,10:45,62.94,63.03,62.91,63.00,244
2025.09.15,11:00,62.99,63.00,62.75,62.88,270
2025.09.15,11:15,62.89,62.97,62.83,62.88,197
2025.09.15,11:30,62.90,63.05,62.85,63.03,182
2025.09.15,11:45,63.02,63.09,62.96,62.99,153
2025.09.15,12:00,62.97,63.01,62.85,62.90,170
2025.09.15,12:15,62.90,62.93,62.84,62.91,163
2025.09.15,12:30,62.91,62.94,62.71,62.73,190
2025.09.15,12:45,62.72,62.79,62.72,62.75,170
2025.09.15,13:00,62.76,62.83,62.71,62.79,222
2025.09.15,13:15,62.80,62.85,62.75,62.84,135
2025.09.15,13:30,62.83,63.04,62.80,62.99,158
2025.09.15,13:45,63.00,63.01,62.89,62.92,164
2025.09.15,14:00,62.92,63.02,62.86,62.99,140
2025.09.15,14:15,62.99,63.02,62.87,62.87,205
2025.09.15,14:30,62.88,63.05,62.84,63.01,259
2025.09.15,14:45,63.04,63.04,62.89,62.92,234
2025.09.15,15:00,62.93,63.24,62.91,63.17,539
2025.09.15,15:15,63.19,63.33,63.15,63.29,455
2025.09.15,15:30,63.29,63.34,63.13,63.21,348
2025.09.15,15:45,63.21,63.37,63.20,63.32,283
2025.09.15,16:00,63.34,63.43,63.31,63.37,267
2025.09.15,16:15,63.34,63.43,63.34,63.41,224
2025.09.15,16:30,63.42,63.64,63.35,63.43,637
2025.09.15,16:45,63.42,63.61,63.38,63.42,375
2025.09.15,17:00,63.43,63.44,63.19,63.32,470
2025.09.15,17:15,63.32,63.37,63.18,63.22,351
2025.09.15,17:30,63.23,63.31,63.20,63.28,247
2025.09.15,17:45,63.28,63.31,63.04,63.10,326
2025.09.15,18:00,63.09,63.16,63.02,63.10,225
2025.09.15,18:15,63.11,63.26,63.08,63.24,183
2025.09.15,18:30,63.24,63.30,63.16,63.17,183
2025.09.15,18:45,63.19,63.24,63.16,63.19,120
2025.09.15,19:00,63.22,63.32,63.22,63.30,127
2025.09.15,19:15,63.30,63.38,63.28,63.31,197
2025.09.15,19:30,63.32,63.46,63.25,63.45,188
2025.09.15,19:45,63.44,63.46,63.28,63.31,155
2025.09.15,20:00,63.30,63.32,63.17,63.23,232
2025.09.15,20:15,63.24,63.31,63.20,63.27,212
2025.09.15,20:30,63.30,63.38,63.28,63.31,139
2025.09.15,20:45,63.30,63.33,63.28,63.33,47
2025.09.15,21:00,63.31,63.31,63.25,63.27,37
2025.09.15,21:15,63.26,63.29,63.22,63.24,42
2025.09.15,21:30,63.25,63.30,63.24,63.29,46
2025.09.15,21:45,63.30,63.35,63.28,63.30,63
2025.09.15,22:00,63.30,63.34,63.28,63.31,61
2025.09.15,22:15,63.32,63.34,63.29,63.30,19
2025.09.15,22:30,63.29,63.32,63.28,63.28,19
2025.09.15,22:45,63.28,63.31,63.23,63.28,64
2025.09.16,00:00,63.23,63.35,63.23,63.32,69
2025.09.16,00:15,63.35,63.35,63.29,63.34,45
2025.09.16,00:30,63.35,63.35,63.30,63.32,36
2025.09.16,00:45,63.33,63.33,63.30,63.33,11
2025.09.16,01:00,63.33,63.34,63.29,63.31,14
2025.09.16,01:15,63.29,63.32,63.29,63.30,13
2025.09.16,01:30,63.33,63.33,63.29,63.30,9
2025.09.16,01:45,63.30,63.31,63.29,63.29,8
2025.09.16,02:00,63.29,63.36,63.28,63.34,91
2025.09.16,02:15,63.32,63.37,63.32,63.33,40
2025.09.16,02:30,63.33,63.36,63.32,63.34,30
2025.09.16,02:45,63.33,63.34,63.29,63.31,40
2025.09.16,03:00,63.32,63.51,63.31,63.47,235
2025.09.16,03:15,63.46,63.49,63.40,63.46,144
2025.09.16,03:30,63.45,63.50,63.42,63.43,115
2025.09.16,03:45,63.43,63.49,63.40,63.41,100
2025.09.16,04:00,63.41,63.50,63.41,63.47,83
2025.09.16,04:15,63.44,63.50,63.44,63.49,28
2025.09.16,04:30,63.48,63.51,63.41,63.45,97
2025.09.16,04:45,63.44,63.47,63.39,63.43,117
2025.09.16,05:00,63.42,63.46,63.38,63.43,64
2025.09.16,05:15,63.43,63.46,63.41,63.42,59
2025.09.16,05:30,63.44,63.45,63.37,63.42,42
2025.09.16,05:45,63.41,63.46,63.39,63.44,48
2025.09.16,06:00,63.44,63.47,63.43,63.46,21
2025.09.16,06:15,63.45,63.48,63.42,63.44,34
2025.09.16,06:30,63.45,63.46,63.43,63.44,14
2025.09.16,06:45,63.45,63.48,63.43,63.45,40
2025.09.16,07:00,63.44,63.47,63.41,63.43,68
2025.09.16,07:15,63.42,63.44,63.37,63.40,63
2025.09.16,07:30,63.40,63.44,63.31,63.39,138
2025.09.16,07:45,63.40,63.46,63.34,63.43,114
2025.09.16,08:00,63.45,63.54,63.39,63.43,164
2025.09.16,08:15,63.40,63.46,63.39,63.45,109
2025.09.16,08:30,63.42,63.46,63.37,63.42,150
2025.09.16,08:45,63.39,63.42,63.20,63.30,232
2025.09.16,09:00,63.29,63.29,62.94,62.98,377
2025.09.16,09:15,62.97,63.13,62.96,63.10,211
2025.09.16,09:30,63.08,63.10,62.95,63.02,187
2025.09.16,09:45,63.05,63.11,62.99,63.06,202
2025.09.16,10:00,63.04,63.11,62.99,63.04,188
2025.09.16,10:15,63.06,63.25,63.02,63.25,307
2025.09.16,10:30,63.26,63.27,62.89,62.95,463
2025.09.16,10:45,62.92,63.01,62.90,62.96,223
2025.09.16,11:00,62.95,63.04,62.88,63.01,260
2025.09.16,11:15,63.02,63.12,62.93,62.95,237
2025.09.16,11:30,62.92,63.12,62.91,63.08,220
2025.09.16,11:45,63.11,63.19,63.06,63.14,189
2025.09.16,12:00,63.12,63.23,63.11,63.19,223
2025.09.16,12:15,63.20,63.27,63.16,63.18,207
2025.09.16,12:30,63.17,63.28,63.17,63.23,145
2025.09.16,12:45,63.24,63.35,63.23,63.30,133
2025.09.16,13:00,63.31,63.56,63.26,63.56,246
2025.09.16,13:15,63.55,63.70,63.51,63.70,316
2025.09.16,13:30,63.68,63.75,63.68,63.68,176
2025.09.16,13:45,63.71,63.74,63.57,63.61,220
2025.09.16,14:00,63.64,63.91,63.60,63.81,381
2025.09.16,14:15,63.80,63.99,63.76,63.93,411
2025.09.16,14:30,63.92,64.08,63.90,64.05,390
2025.09.16,14:45,64.06,64.20,64.01,64.11,369
2025.09.16,15:00,64.09,64.14,63.89,64.05,570
2025.09.16,15:15,64.07,64.16,64.00,64.05,339
2025.09.16,15:30,64.09,64.30,64.04,64.13,419
2025.09.16,15:45,64.15,64.19,64.03,64.07,368
2025.09.16,16:00,64.05,64.14,63.79,63.99,517
2025.09.16,16:15,63.99,64.19,63.99,64.17,294
2025.09.16,16:30,64.16,64.28,64.14,64.22,323
2025.09.16,16:45,64.23,64.33,64.11,64.30,321
2025.09.16,17:00,64.31,64.46,64.25,64.39,376
2025.09.16,17:15,64.41,64.44,64.22,64.37,417
2025.09.16,17:30,64.38,64.45,64.35,64.40,285
2025.09.16,17:45,64.41,64.55,64.37,64.51,246
2025.09.16,18:00,64.50,64.53,64.42,64.48,172
2025.09.16,18:15,64.46,64.55,64.45,64.50,163
2025.09.16,18:30,64.48,64.54,64.47,64.50,166
2025.09.16,18:45,64.52,64.57,64.46,64.52,197
2025.09.16,19:00,64.49,64.59,64.49,64.55,135
2025.09.16,19:15,64.54,64.71,64.53,64.68,136
2025.09.16,19:30,64.71,64.73,64.58,64.70,191
2025.09.16,19:45,64.71,64.75,64.65,64.68,195
2025.09.16,20:00,64.67,64.68,64.50,64.57,257
2025.09.16,20:15,64.58,64.58,64.47,64.53,292
2025.09.16,20:30,64.54,64.60,64.50,64.53,177
2025.09.16,20:45,64.50,64.55,64.46,64.47,63
2025.09.16,21:00,64.47,64.51,64.39,64.49,107
2025.09.16,21:15,64.46,64.53,64.46,64.50,52
2025.09.16,21:30,64.50,64.61,64.48,64.56,69
2025.09.16,21:45,64.55,64.60,64.53,64.57,87
2025.09.16,22:00,64.54,64.60,64.53,64.55,45
2025.09.16,22:15,64.54,64.57,64.52,64.52,59
2025.09.16,22:30,64.54,64.58,64.51,64.52,112
2025.09.16,22:45,64.53,64.60,64.51,64.53,85
2025.09.17,00:00,64.24,64.24,64.09,64.17,40
2025.09.17,00:15,64.16,64.23,64.13,64.21,75
2025.09.17,00:30,64.21,64.28,64.21,64.27,41
2025.09.17,00:45,64.27,64.30,64.25,64.29,37
2025.09.17,01:00,64.28,64.28,64.19,64.24,23
2025.09.17,01:15,64.22,64.25,64.22,64.24,10
2025.09.17,01:30,64.23,64.25,64.23,64.23,20
2025.09.17,01:45,64.25,64.27,64.22,64.25,27
2025.09.17,02:00,64.27,64.28,64.17,64.21,132
2025.09.17,02:15,64.19,64.23,64.18,64.18,31
2025.09.17,02:30,64.19,64.21,64.15,64.16,48
2025.09.17,02:45,64.17,64.19,64.13,64.17,74
2025.09.17,03:00,64.17,64.18,64.10,64.12,200
2025.09.17,03:15,64.11,64.18,64.10,64.16,132
2025.09.17,03:30,64.15,64.18,64.05,64.06,133
2025.09.17,03:45,64.05,64.14,64.05,64.10,130
2025.09.17,04:00,64.09,64.12,64.05,64.07,105
2025.09.17,04:15,64.09,64.10,64.04,64.06,70
2025.09.17,04:30,64.03,64.08,64.03,64.07,73
2025.09.17,04:45,64.06,64.08,64.05,64.08,58
2025.09.17,05:00,64.07,64.08,64.03,64.03,48
2025.09.17,05:15,64.04,64.07,64.01,64.06,75
2025.09.17,05:30,64.03,64.08,64.01,64.04,86
2025.09.17,05:45,64.07,64.07,63.99,64.02,64
2025.09.17,06:00,64.00,64.05,63.99,64.02,103
2025.09.17,06:15,64.05,64.07,64.02,64.03,35
2025.09.17,06:30,64.04,64.09,64.03,64.05,63
2025.09.17,06:45,64.07,64.09,64.04,64.07,57
2025.09.17,07:00,64.04,64.07,64.02,64.02,13
2025.09.17,07:15,64.01,64.04,64.01,64.02,21
2025.09.17,07:30,64.03,64.05,63.95,64.03,108
2025.09.17,07:45,64.01,64.09,64.01,64.02,153
2025.09.17,08:00,64.05,64.17,64.02,64.08,143
2025.09.17,08:15,64.07,64.10,63.94,64.03,229
2025.09.17,08:30,64.04,64.09,64.02,64.07,127
2025.09.17,08:45,64.08,64.16,64.02,64.06,139
2025.09.17,09:00,64.05,64.08,63.91,63.95,244
2025.09.17,09:15,63.97,64.00,63.91,63.92,147
2025.09.17,09:30,63.92,63.97,63.87,63.92,129
2025.09.17,09:45,63.93,63.97,63.79,63.82,204
2025.09.17,10:00,63.83,63.89,63.77,63.79,206
2025.09.17,10:15,63.78,63.87,63.75,63.80,221
2025.09.17,10:30,63.78,63.83,63.60,63.63,347
2025.09.17,10:45,63.65,63.77,63.63,63.75,173
2025.09.17,11:00,63.73,63.89,63.71,63.85,207
2025.09.17,11:15,63.86,63.87,63.66,63.70,142
2025.09.17,11:30,63.73,63.81,63.70,63.79,143
2025.09.17,11:45,63.81,63.81,63.69,63.70,142
2025.09.17,12:00,63.71,63.77,63.68,63.75,130
2025.09.17,12:15,63.75,63.76,63.60,63.65,141
2025.09.17,12:30,63.64,63.67,63.47,63.53,234
2025.09.17,12:45,63.54,63.63,63.51,63.63,172
2025.09.17,13:00,63.61,63.70,63.55,63.66,196
2025.09.17,13:15,63.62,63.68,63.60,63.62,159
2025.09.17,13:30,63.64,63.77,63.61,63.72,187
2025.09.17,13:45,63.72,63.87,63.71,63.84,175
2025.09.17,14:00,63.87,63.96,63.84,63.95,183
2025.09.17,14:15,63.97,63.97,63.86,63.94,191
2025.09.17,14:30,63.94,63.94,63.78,63.84,249
2025.09.17,14:45,63.86,63.93,63.81,63.84,148
2025.09.17,15:00,63.85,63.98,63.83,63.95,365
2025.09.17,15:15,63.98,64.06,63.94,64.01,297
2025.09.17,15:30,63.98,64.09,63.89,63.95,283
2025.09.17,15:45,63.96,64.04,63.90,64.04,231
2025.09.17,16:00,64.02,64.14,64.00,64.12,261
2025.09.17,16:15,64.12,64.19,64.06,64.09,251
2025.09.17,16:30,64.07,64.24,63.76,63.88,849
2025.09.17,16:45,63.90,64.04,63.83,64.01,434
2025.09.17,17:00,63.98,64.06,63.79,63.82,405
2025.09.17,17:15,63.81,63.83,63.66,63.75,430
2025.09.17,17:30,63.74,64.00,63.63,63.94,438
2025.09.17,17:45,63.97,64.09,63.93,63.95,377
2025.09.17,18:00,63.95,64.08,63.91,63.96,304
2025.09.17,18:15,63.97,64.07,63.94,63.96,247
2025.09.17,18:30,63.95,63.98,63.83,63.89,221
2025.09.17,18:45,63.88,63.97,63.85,63.91,187
2025.09.17,19:00,63.93,64.00,63.88,63.98,172
2025.09.17,19:15,63.97,63.99,63.92,63.94,180
2025.09.17,19:30,63.93,64.00,63.90,63.91,159
2025.09.17,19:45,63.91,64.02,63.84,63.95,239
2025.09.17,20:00,63.97,63.98,63.60,63.63,683
2025.09.17,20:15,63.64,63.72,63.60,63.72,594
2025.09.17,20:30,63.70,63.78,63.57,63.58,581
2025.09.17,20:45,63.60,63.65,63.33,63.41,533
2025.09.17,21:00,63.44,63.55,63.40,63.47,446
2025.09.17,21:15,63.45,63.63,63.44,63.61,270
2025.09.17,21:30,63.61,63.63,63.54,63.60,157
2025.09.17,21:45,63.60,63.65,63.53,63.58,206
2025.09.17,22:00,63.60,63.68,63.56,63.64,86
2025.09.17,22:15,63.66,63.72,63.64,63.70,49
2025.09.17,22:30,63.67,63.72,63.64,63.64,60
2025.09.17,22:45,63.66,63.66,63.60,63.62,81
2025.09.18,00:00,63.59,63.65,63.57,63.63,53
2025.09.18,00:15,63.62,63.73,63.62,63.72,33
2025.09.18,00:30,63.74,63.77,63.73,63.76,42
2025.09.18,00:45,63.74,63.78,63.74,63.78,14
2025.09.18,01:00,63.77,63.79,63.76,63.77,14
2025.09.18,01:15,63.77,63.78,63.72,63.75,20
2025.09.18,01:30,63.76,63.80,63.75,63.75,18
2025.09.18,01:45,63.76,63.79,63.73,63.75,30
2025.09.18,02:00,63.73,63.73,63.64,63.64,120
2025.09.18,02:15,63.63,63.66,63.57,63.59,56
2025.09.18,02:30,63.57,63.61,63.52,63.59,68
2025.09.18,02:45,63.60,63.60,63.46,63.46,114
2025.09.18,03:00,63.46,63.49,63.33,63.44,316
2025.09.18,03:15,63.41,63.44,63.34,63.37,151
2025.09.18,03:30,63.39,63.40,63.26,63.29,268
2025.09.18,03:45,63.29,63.37,63.23,63.34,221
2025.09.18,04:00,63.33,63.41,63.32,63.39,144
2025.09.18,04:15,63.40,63.42,63.38,63.42,67
2025.09.18,04:30,63.40,63.48,63.40,63.44,148
2025.09.18,04:45,63.43,63.52,63.43,63.48,101
2025.09.18,05:00,63.48,63.58,63.48,63.57,118
2025.09.18,05:15,63.57,63.60,63.51,63.58,106
2025.09.18,05:30,63.55,63.61,63.55,63.60,66
2025.09.18,05:45,63.59,63.63,63.54,63.57,82
2025.09.18,06:00,63.55,63.60,63.54,63.55,38
2025.09.18,06:15,63.56,63.56,63.46,63.48,45
2025.09.18,06:30,63.49,63.50,63.43,63.45,61
2025.09.18,06:45,63.46,63.48,63.44,63.47,42
2025.09.18,07:00,63.44,63.46,63.41,63.43,24
2025.09.18,07:15,63.44,63.45,63.37,63.41,47
2025.09.18,07:30,63.38,63.47,63.36,63.42,159
2025.09.18,07:45,63.45,63.45,63.34,63.38,140
2025.09.18,08:00,63.37,63.39,63.28,63.37,191
2025.09.18,08:15,63.36,63.50,63.36,63.39,187
2025.09.18,08:30,63.38,63.48,63.32,63.38,183
2025.09.18,08:45,63.37,63.46,63.37,63.40,177
2025.09.18,09:00,63.41,63.56,63.38,63.43,213
2025.09.18,09:15,63.43,63.43,63.23,63.27,280
2025.09.18,09:30,63.28,63.35,63.22,63.33,211
2025.09.18,09:45,63.32,63.38,63.26,63.33,184
2025.09.18,10:00,63.34,63.48,63.27,63.45,242
2025.09.18,10:15,63.44,63.73,63.44,63.60,350
2025.09.18,10:30,63.61,63.81,63.57,63.78,318
2025.09.18,10:45,63.78,63.90,63.74,63.84,234
2025.09.18,11:00,63.82,63.86,63.38,63.38,367
2025.09.18,11:15,63.38,63.50,63.35,63.42,198
2025.09.18,11:30,63.43,63.46,63.20,63.25,265
2025.09.18,11:45,63.27,63.28,63.10,63.15,287
2025.09.18,12:00,63.12,63.25,63.08,63.23,289
2025.09.18,12:15,63.24,63.63,63.22,63.63,233
2025.09.18,12:30,63.61,63.69,63.55,63.55,281
2025.09.18,12:45,63.57,63.61,63.51,63.56,139
2025.09.18,13:00,63.58,63.80,63.58,63.71,260
2025.09.18,13:15,63.71,63.80,63.71,63.80,148
2025.09.18,13:30,63.79,64.09,63.78,64.07,297
2025.09.18,13:45,64.06,64.09,63.98,63.99,234
2025.09.18,14:00,64.02,64.12,63.92,64.09,322
2025.09.18,14:15,64.06,64.09,63.98,64.00,154
2025.09.18,14:30,64.02,64.06,63.89,64.04,257
2025.09.18,14:45,64.01,64.04,63.79,63.79,281
2025.09.18,15:00,63.79,63.88,63.53,63.76,676
2025.09.18,15:15,63.77,63.84,63.65,63.71,330
2025.09.18,15:30,63.72,63.86,63.63,63.78,437
2025.09.18,15:45,63.77,63.77,63.57,63.74,401
2025.09.18,16:00,63.73,64.13,63.73,64.10,406
2025.09.18,16:15,64.12,64.19,63.92,63.92,374
2025.09.18,16:30,63.95,63.99,63.85,63.91,293
2025.09.18,16:45,63.93,63.96,63.73,63.77,361
2025.09.18,17:00,63.80,63.96,63.26,63.37,883
2025.09.18,17:15,63.37,63.41,63.16,63.29,635
2025.09.18,17:30,63.30,63.37,63.20,63.32,348
2025.09.18,17:45,63.31,63.52,63.24,63.46,373
2025.09.18,18:00,63.48,63.48,63.23,63.29,301
2025.09.18,18:15,63.26,63.33,63.20,63.27,179
2025.09.18,18:30,63.27,63.37,63.25,63.36,183
2025.09.18,18:45,63.37,63.37,63.21,63.24,179
2025.09.18,19:00,63.23,63.26,63.03,63.09,289
2025.09.18,19:15,63.08,63.16,63.06,63.08,150
2025.09.18,19:30,63.08,63.12,63.00,63.03,184
2025.09.18,19:45,63.04,63.13,63.03,63.11,271
2025.09.18,20:00,63.10,63.30,63.08,63.19,326
2025.09.18,20:15,63.20,63.28,63.16,63.26,254
2025.09.18,20:30,63.25,63.35,63.22,63.32,158
2025.09.18,20:45,63.30,63.42,63.30,63.42,120
2025.09.18,21:00,63.41,63.43,63.32,63.34,124
2025.09.18,21:15,63.37,63.37,63.31,63.33,65
2025.09.18,21:30,63.36,63.38,63.31,63.33,42
2025.09.18,21:45,63.32,63.37,63.32,63.36,82
2025.09.18,22:00,63.37,63.39,63.33,63.35,94
2025.09.18,22:15,63.36,63.36,63.29,63.31,77
2025.09.18,22:30,63.30,63.32,63.26,63.29,44
2025.09.18,22:45,63.30,63.35,63.28,63.29,77
2025.09.19,00:00,63.28,63.31,63.19,63.21,39
2025.09.19,00:15,63.22,63.24,63.21,63.22,10
2025.09.19,00:30,63.24,63.28,63.23,63.25,27
2025.09.19,00:45,63.26,63.26,63.21,63.21,146
2025.09.19,01:00,63.20,63.24,63.18,63.20,10
2025.09.19,01:15,63.19,63.22,63.19,63.21,10
2025.09.19,01:30,63.19,63.22,63.19,63.22,9
2025.09.19,01:45,63.20,63.22,63.18,63.22,10
2025.09.19,02:00,63.22,63.28,63.16,63.27,96
2025.09.19,02:15,63.27,63.27,63.21,63.24,26
2025.09.19,02:30,63.25,63.26,63.18,63.18,37
2025.09.19,02:45,63.20,63.30,63.17,63.24,80
2025.09.19,03:00,63.23,63.33,63.19,63.29,271
2025.09.19,03:15,63.27,63.34,63.23,63.31,154
2025.09.19,03:30,63.31,63.33,63.27,63.31,124
2025.09.19,03:45,63.32,63.34,63.26,63.29,97
2025.09.19,04:00,63.30,63.31,63.12,63.13,240
2025.09.19,04:15,63.14,63.20,63.11,63.16,49
2025.09.19,04:30,63.19,63.21,63.13,63.17,166
2025.09.19,04:45,63.15,63.21,63.12,63.15,142
2025.09.19,05:00,63.13,63.16,63.10,63.13,134
2025.09.19,05:15,63.11,63.14,63.08,63.09,59
2025.09.19,05:30,63.08,63.17,63.08,63.17,41
2025.09.19,05:45,63.14,63.17,63.11,63.15,30
2025.09.19,06:00,63.15,63.15,63.08,63.09,32
2025.09.19,06:15,63.08,63.10,63.00,63.05,68
2025.09.19,06:30,63.03,63.06,63.02,63.03,41
2025.09.19,06:45,63.01,63.06,63.01,63.05,33
2025.09.19,07:00,63.05,63.14,63.05,63.10,49
2025.09.19,07:15,63.09,63.11,63.05,63.08,66
2025.09.19,07:30,63.07,63.07,62.84,62.89,151
2025.09.19,07:45,62.89,62.97,62.87,62.92,165
2025.09.19,08:00,62.94,63.06,62.92,63.04,138
2025.09.19,08:15,63.02,63.08,62.97,63.00,157
2025.09.19,08:30,63.01,63.06,62.96,62.99,146
2025.09.19,08:45,63.00,63.09,62.95,63.04,177
2025.09.19,09:00,63.06,63.25,63.04,63.17,337
2025.09.19,09:15,63.19,63.22,63.14,63.15,163
2025.09.19,09:30,63.16,63.18,63.04,63.04,170
2025.09.19,09:45,63.06,63.08,62.86,62.88,237
2025.09.19,10:00,62.89,62.95,62.82,62.90,243
2025.09.19,10:15,62.92,62.98,62.80,62.85,293
2025.09.19,10:30,62.84,62.85,62.69,62.81,324
2025.09.19,10:45,62.80,62.83,62.68,62.71,251
2025.09.19,11:00,62.70,62.82,62.57,62.60,281
2025.09.19,11:15,62.61,62.72,62.57,62.72,217
2025.09.19,11:30,62.69,62.79,62.56,62.61,309
2025.09.19,11:45,62.58,62.74,62.58,62.66,205
2025.09.19,12:00,62.67,62.69,62.58,62.60,190
2025.09.19,12:15,62.63,62.64,62.51,62.60,167
2025.09.19,12:30,62.59,62.89,62.57,62.89,240
2025.09.19,12:45,62.88,63.06,62.80,62.87,237
2025.09.19,13:00,62.88,63.01,62.81,62.99,184
2025.09.19,13:15,62.98,63.08,62.96,63.05,134
2025.09.19,13:30,63.05,63.14,63.01,63.04,182
2025.09.19,13:45,63.03,63.21,62.90,62.91,336
2025.09.19,14:00,62.93,62.95,62.78,62.81,348
2025.09.19,14:15,62.78,62.90,62.77,62.80,227
2025.09.19,14:30,62.79,62.95,62.78,62.89,252
2025.09.19,14:45,62.90,63.01,62.81,62.96,228
2025.09.19,15:00,62.98,63.00,62.59,62.64,499
2025.09.19,15:15,62.62,62.80,62.60,62.72,272
2025.09.19,15:30,62.74,62.92,62.63,62.70,441
2025.09.19,15:45,62.67,62.84,62.64,62.76,372
2025.09.19,16:00,62.78,62.87,62.57,62.86,426
2025.09.19,16:15,62.83,63.05,62.81,63.05,335
2025.09.19,16:30,63.05,63.18,62.66,62.67,429
2025.09.19,16:45,62.69,62.81,62.68,62.74,259
2025.09.19,17:00,62.74,62.76,62.59,62.66,295
2025.09.19,17:15,62.64,62.75,62.44,62.49,396
2025.09.19,17:30,62.50,62.56,62.20,62.39,572
2025.09.19,17:45,62.41,62.58,62.39,62.47,368
2025.09.19,18:00,62.48,62.57,62.41,62.46,339
2025.09.19,18:15,62.45,62.56,62.42,62.49,206
2025.09.19,18:30,62.51,62.54,62.38,62.44,179
2025.09.19,18:45,62.45,62.50,62.39,62.40,143
2025.09.19,19:00,62.43,62.53,62.36,62.46,156
2025.09.19,19:15,62.43,62.48,62.33,62.45,142
2025.09.19,19:30,62.43,62.54,62.41,62.48,191
2025.09.19,19:45,62.47,62.56,62.45,62.53,173
2025.09.19,20:00,62.50,62.56,62.38,62.38,293
2025.09.19,20:15,62.41,62.43,62.34,62.39,266
2025.09.19,20:30,62.40,62.40,62.33,62.40,200
2025.09.19,20:45,62.41,62.43,62.35,62.40,100
2025.09.19,21:00,62.41,62.43,62.36,62.40,105
2025.09.19,21:15,62.42,62.42,62.36,62.39,91
2025.09.19,21:30,62.38,62.39,62.33,62.37,86
2025.09.19,21:45,62.36,62.38,62.30,62.34,124
2025.09.22,00:00,62.31,62.51,62.29,62.47,236
2025.09.22,00:15,62.50,62.51,62.46,62.47,70
2025.09.22,00:30,62.48,62.50,62.43,62.44,62
2025.09.22,00:45,62.44,62.51,62.44,62.50,38
2025.09.22,01:00,62.50,62.51,62.46,62.48,57
2025.09.22,01:15,62.48,62.51,62.48,62.49,15
2025.09.22,01:30,62.50,62.52,62.48,62.49,20
2025.09.22,01:45,62.52,62.53,62.48,62.53,35
2025.09.22,02:00,62.52,62.55,62.48,62.50,102
2025.09.22,02:15,62.51,62.56,62.51,62.52,61
2025.09.22,02:30,62.51,62.57,62.50,62.56,41
2025.09.22,02:45,62.56,62.61,62.54,62.59,46
2025.09.22,03:00,62.56,62.64,62.53,62.62,167
2025.09.22,03:15,62.65,62.74,62.61,62.72,98
2025.09.22,03:30,62.71,62.78,62.66,62.71,123
2025.09.22,03:45,62.72,62.74,62.67,62.68,126
2025.09.22,04:00,62.68,62.79,62.68,62.79,95
2025.09.22,04:15,62.78,62.79,62.73,62.78,57
2025.09.22,04:30,62.78,62.80,62.69,62.72,104
2025.09.22,04:45,62.69,62.75,62.69,62.69,157
2025.09.22,05:00,62.70,62.78,62.68,62.75,121
2025.09.22,05:15,62.74,62.78,62.71,62.77,74
2025.09.22,05:30,62.75,62.82,62.75,62.80,43
2025.09.22,05:45,62.79,62.81,62.77,62.79,18
2025.09.22,06:00,62.77,62.80,62.74,62.77,30
2025.09.22,06:15,62.75,62.77,62.74,62.77,10
2025.09.22,06:30,62.74,62.78,62.74,62.78,11
2025.09.22,06:45,62.77,62.80,62.75,62.79,31
2025.09.22,07:00,62.77,62.86,62.77,62.86,33
2025.09.22,07:15,62.84,62.87,62.81,62.85,51
2025.09.22,07:30,62.85,62.91,62.77,62.79,126
2025.09.22,07:45,62.79,62.82,62.75,62.76,88
2025.09.22,08:00,62.79,62.81,62.72,62.74,177
2025.09.22,08:15,62.75,62.83,62.71,62.79,106
2025.09.22,08:30,62.76,62.99,62.76,62.92,182
2025.09.22,08:45,62.91,62.94,62.82,62.83,162
2025.09.22,09:00,62.83,62.89,62.73,62.76,236
2025.09.22,09:15,62.75,62.82,62.67,62.81,162
2025.09.22,09:30,62.83,62.97,62.78,62.94,211
2025.09.22,09:45,62.93,62.97,62.73,62.76,206
2025.09.22,10:00,62.77,62.80,62.69,62.76,249
2025.09.22,10:15,62.76,62.76,62.65,62.76,381
2025.09.22,10:30,62.76,62.77,62.46,62.50,349
2025.09.22,10:45,62.49,62.56,62.44,62.47,168
2025.09.22,11:00,62.47,62.53,62.38,62.38,213
2025.09.22,11:15,62.41,62.45,62.35,62.37,194
2025.09.22,11:30,62.37,62.37,62.25,62.27,251
2025.09.22,11:45,62.29,62.32,62.20,62.26,167
2025.09.22,12:00,62.24,62.26,62.10,62.18,244
2025.09.22,12:15,62.19,62.20,62.03,62.06,210
2025.09.22,12:30,62.05,62.12,61.97,61.97,185
2025.09.22,12:45,61.98,62.01,61.88,61.94,266
2025.09.22,13:00,61.93,61.94,61.83,61.93,164
2025.09.22,13:15,61.92,62.04,61.88,61.99,160
2025.09.22,13:30,62.00,62.06,61.90,61.93,138
2025.09.22,13:45,61.93,61.99,61.84,61.87,124
2025.09.22,14:00,61.86,62.03,61.82,61.95,204
2025.09.22,14:15,61.93,62.02,61.80,61.82,207
2025.09.22,14:30,61.79,61.90,61.79,61.89,215
2025.09.22,14:45,61.86,61.91,61.68,61.75,249
2025.09.22,15:00,61.76,61.82,61.59,61.69,506
2025.09.22,15:15,61.68,61.75,61.62,61.74,281
2025.09.22,15:30,61.71,61.96,61.66,61.89,501
2025.09.22,15:45,61.88,61.98,61.85,61.90,220
2025.09.22,16:00,61.91,62.00,61.83,61.84,291
2025.09.22,16:15,61.86,61.99,61.86,61.91,277
2025.09.22,16:30,61.89,62.11,61.89,62.03,234
2025.09.22,16:45,62.04,62.17,62.01,62.14,193
2025.09.22,17:00,62.17,62.20,62.01,62.09,319
2025.09.22,17:15,62.07,62.24,62.03,62.18,383
2025.09.22,17:30,62.20,62.24,62.09,62.21,335
2025.09.22,17:45,62.20,62.25,62.13,62.16,148
2025.09.22,18:00,62.17,62.23,62.10,62.13,117
2025.09.22,18:15,62.12,62.18,62.08,62.13,116
2025.09.22,18:30,62.11,62.18,62.05,62.07,149
2025.09.22,18:45,62.06,62.18,62.06,62.14,185
2025.09.22,19:00,62.12,62.36,62.12,62.22,243
2025.09.22,19:15,62.24,62.36,62.21,62.32,175
2025.09.22,19:30,62.34,62.42,62.28,62.38,150
2025.09.22,19:45,62.38,62.38,62.26,62.27,157
2025.09.22,20:00,62.27,62.29,62.05,62.18,183
2025.09.22,20:15,62.19,62.35,62.14,62.24,270
2025.09.22,20:30,62.23,62.33,62.22,62.30,131
2025.09.22,20:45,62.32,62.34,62.26,62.28,77
2025.09.22,21:00,62.29,62.32,62.27,62.32,61
2025.09.22,21:15,62.31,62.34,62.27,62.29,39
2025.09.22,21:30,62.28,62.30,62.26,62.29,27
2025.09.22,21:45,62.28,62.30,62.26,62.27,43
2025.09.22,22:00,62.28,62.35,62.26,62.34,41
2025.09.22,22:15,62.33,62.36,62.31,62.34,41
2025.09.22,22:30,62.36,62.38,62.31,62.32,38
2025.09.22,22:45,62.35,62.35,62.29,62.34,66
2025.09.23,00:00,62.35,62.36,62.29,62.32,44
2025.09.23,00:15,62.32,62.34,62.30,62.32,14
2025.09.23,00:30,62.33,62.34,62.30,62.30,11
2025.09.23,00:45,62.32,62.32,62.25,62.25,33
2025.09.23,01:00,62.24,62.28,62.20,62.28,37
2025.09.23,01:15,62.27,62.29,62.27,62.28,4
2025.09.23,01:30,62.28,62.31,62.26,62.28,16
2025.09.23,01:45,62.29,62.34,62.29,62.34,19
2025.09.23,02:00,62.33,62.39,62.31,62.33,74
2025.09.23,02:15,62.30,62.32,62.28,62.29,27
2025.09.23,02:30,62.30,62.30,62.26,62.28,17
2025.09.23,02:45,62.28,62.29,62.24,62.24,30
2025.09.23,03:00,62.24,62.24,62.10,62.16,192
2025.09.23,03:15,62.18,62.25,62.15,62.16,120
2025.09.23,03:30,62.15,62.17,62.07,62.08,168
2025.09.23,03:45,62.09,62.12,62.01,62.01,157
2025.09.23,04:00,62.01,62.05,61.96,62.01,77
2025.09.23,04:15,61.98,62.02,61.95,61.96,71
2025.09.23,04:30,61.97,62.00,61.90,61.98,137
2025.09.23,04:45,61.97,62.02,61.92,61.93,112
2025.09.23,05:00,61.96,61.96,61.87,61.90,116
2025.09.23,05:15,61.91,61.94,61.88,61.89,60
2025.09.23,05:30,61.90,61.93,61.88,61.90,24
2025.09.23,05:45,61.93,61.93,61.88,61.88,23
2025.09.23,06:00,61.90,61.90,61.86,61.88,22
2025.09.23,06:15,61.91,61.99,61.88,61.99,68
2025.09.23,06:30,61.98,61.98,61.94,61.97,26
2025.09.23,06:45,61.94,61.96,61.92,61.93,22
2025.09.23,07:00,61.91,61.94,61.91,61.93,8
2025.09.23,07:15,61.92,62.04,61.92,62.02,41
2025.09.23,07:30,62.02,62.05,61.91,61.93,118
2025.09.23,07:45,61.93,61.93,61.83,61.90,149
2025.09.23,08:00,61.87,61.94,61.84,61.88,100
2025.09.23,08:15,61.88,62.08,61.88,62.05,108
2025.09.23,08:30,62.07,62.13,61.89,61.93,185
2025.09.23,08:45,61.92,61.98,61.84,61.98,105
2025.09.23,09:00,61.95,62.03,61.84,62.03,202
2025.09.23,09:15,62.00,62.14,61.97,62.06,167
2025.09.23,09:30,62.07,62.08,61.97,62.00,118
2025.09.23,09:45,62.01,62.23,62.00,62.21,181
2025.09.23,10:00,62.23,62.30,62.16,62.28,175
2025.09.23,10:15,62.26,62.33,62.10,62.19,271
2025.09.23,10:30,62.18,62.24,61.92,62.10,335
2025.09.23,10:45,62.10,62.20,62.06,62.18,150
2025.09.23,11:00,62.19,62.51,62.14,62.44,303
2025.09.23,11:15,62.43,62.59,62.43,62.54,222
2025.09.23,11:30,62.55,62.66,62.53,62.64,194
2025.09.23,11:45,62.64,62.68,62.57,62.65,162
2025.09.23,12:00,62.65,62.67,62.61,62.62,72
2025.09.23,12:15,62.62,62.93,62.62,62.87,373
2025.09.23,12:30,62.88,63.02,62.77,63.00,245
2025.09.23,12:45,63.03,63.03,62.90,62.95,231
2025.09.23,13:00,62.94,63.00,62.85,62.90,245
2025.09.23,13:15,62.88,63.02,62.87,62.99,141
2025.09.23,13:30,63.00,63.05,62.87,62.87,189
2025.09.23,13:45,62.88,63.00,62.83,63.00,129
2025.09.23,14:00,63.01,63.07,62.95,62.98,159
2025.09.23,14:15,62.96,63.14,62.92,63.11,201
2025.09.23,14:30,63.12,63.17,63.01,63.07,223
2025.09.23,14:45,63.06,63.10,62.98,63.07,188
2025.09.23,15:00,63.09,63.15,62.96,63.11,435
2025.09.23,15:15,63.10,63.14,63.04,63.06,184
2025.09.23,15:30,63.07,63.19,63.02,63.08,300
2025.09.23,15:45,63.09,63.33,63.03,63.31,420
2025.09.23,16:00,63.32,63.44,63.30,63.35,352
2025.09.23,16:15,63.36,63.60,63.28,63.46,348
2025.09.23,16:30,63.48,63.63,63.35,63.57,660
2025.09.23,16:45,63.54,63.61,63.49,63.56,352
2025.09.23,17:00,63.57,63.71,63.51,63.67,402
2025.09.23,17:15,63.68,63.86,63.65,63.79,376
2025.09.23,17:30,63.81,63.87,63.59,63.63,311
2025.09.23,17:45,63.66,63.66,63.54,63.57,278
2025.09.23,18:00,63.60,63.66,63.48,63.50,171
2025.09.23,18:15,63.50,63.52,63.40,63.43,181
2025.09.23,18:30,63.46,63.54,63.38,63.42,195
2025.09.23,18:45,63.40,63.45,63.29,63.33,147
2025.09.23,19:00,63.36,63.49,63.33,63.40,218
2025.09.23,19:15,63.41,63.44,63.26,63.33,163
2025.09.23,19:30,63.31,63.41,63.21,63.23,219
2025.09.23,19:45,63.23,63.29,63.17,63.28,161
2025.09.23,20:00,63.29,63.32,63.21,63.27,183
2025.09.23,20:15,63.28,63.42,63.26,63.39,262
2025.09.23,20:30,63.41,63.52,63.39,63.50,136
2025.09.23,20:45,63.50,63.55,63.48,63.53,103
2025.09.23,21:00,63.52,63.73,63.52,63.68,207
2025.09.23,21:15,63.71,63.77,63.61,63.65,160
2025.09.23,21:30,63.64,63.71,63.63,63.70,101
2025.09.23,21:45,63.69,63.71,63.66,63.67,90
2025.09.23,22:00,63.68,63.70,63.60,63.60,73
2025.09.23,22:15,63.62,63.62,63.56,63.59,50
2025.09.23,22:30,63.62,63.66,63.59,63.59,83
2025.09.23,22:45,63.61,63.66,63.59,63.65,59
2025.09.24,00:00,63.61,63.71,63.59,63.69,90
2025.09.24,00:15,63.68,63.73,63.65,63.68,25
2025.09.24,00:30,63.67,63.82,63.67,63.82,67
2025.09.24,00:45,63.79,63.83,63.78,63.81,39
2025.09.24,01:00,63.79,63.81,63.75,63.75,37
2025.09.24,01:15,63.76,63.77,63.74,63.77,12
2025.09.24,01:30,63.78,63.78,63.74,63.77,12
2025.09.24,01:45,63.76,63.76,63.71,63.72,14
2025.09.24,02:00,63.73,63.73,63.62,63.62,120
2025.09.24,02:15,63.61,63.69,63.61,63.69,47
2025.09.24,02:30,63.69,63.73,63.68,63.68,33
2025.09.24,02:45,63.70,63.72,63.66,63.72,37
2025.09.24,03:00,63.69,63.73,63.65,63.68,233
2025.09.24,03:15,63.66,63.68,63.57,63.64,117
2025.09.24,03:30,63.64,63.68,63.63,63.67,87
2025.09.24,03:45,63.64,63.67,63.61,63.62,65
2025.09.24,04:00,63.62,63.62,63.51,63.55,95
2025.09.24,04:15,63.57,63.60,63.53,63.54,37
2025.09.24,04:30,63.57,63.58,63.51,63.54,72
2025.09.24,04:45,63.56,63.57,63.52,63.54,34
2025.09.24,05:00,63.55,63.59,63.54,63.58,65
2025.09.24,05:15,63.55,63.61,63.55,63.58,60
2025.09.24,05:30,63.57,63.62,63.55,63.59,21
2025.09.24,05:45,63.56,63.60,63.55,63.59,26
2025.09.24,06:00,63.62,63.62,63.57,63.60,21
2025.09.24,06:15,63.57,63.59,63.52,63.53,17
2025.09.24,06:30,63.54,63.55,63.52,63.53,8
2025.09.24,06:45,63.52,63.55,63.50,63.50,26
2025.09.24,07:00,63.52,63.52,63.43,63.48,48
2025.09.24,07:15,63.47,63.53,63.46,63.47,27
2025.09.24,07:30,63.48,63.59,63.45,63.58,80
2025.09.24,07:45,63.61,63.63,63.48,63.49,120
2025.09.24,08:00,63.52,63.57,63.46,63.47,129
2025.09.24,08:15,63.50,63.50,63.39,63.43,141
2025.09.24,08:30,63.43,63.52,63.41,63.46,119
2025.09.24,08:45,63.47,63.58,63.44,63.52,161
2025.09.24,09:00,63.53,63.59,63.43,63.53,208
2025.09.24,09:15,63.54,63.58,63.48,63.55,111
2025.09.24,09:30,63.56,63.84,63.56,63.84,219
2025.09.24,09:45,63.82,63.82,63.68,63.76,117
2025.09.24,10:00,63.77,63.81,63.52,63.57,215
2025.09.24,10:15,63.55,63.63,63.42,63.42,290
2025.09.24,10:30,63.42,63.46,63.23,63.27,284
2025.09.24,10:45,63.28,63.42,63.24,63.39,197
2025.09.24,11:00,63.38,63.65,63.34,63.55,253
2025.09.24,11:15,63.56,63.66,63.53,63.64,159
2025.09.24,11:30,63.64,63.72,63.54,63.70,229
2025.09.24,11:45,63.69,63.79,63.67,63.77,178
2025.09.24,12:00,63.76,64.05,63.76,64.03,249
2025.09.24,12:15,64.06,64.07,63.92,63.98,284
2025.09.24,12:30,63.98,64.19,63.95,64.06,210
2025.09.24,12:45,64.10,64.10,63.98,64.03,185
2025.09.24,13:00,64.02,64.18,64.01,64.11,167
2025.09.24,13:15,64.08,64.14,64.05,64.13,133
2025.09.24,13:30,64.12,64.12,63.96,64.08,206
2025.09.24,13:45,64.09,64.16,64.06,64.14,122
2025.09.24,14:00,64.15,64.20,64.12,64.16,197
2025.09.24,14:15,64.17,64.32,64.15,64.27,256
2025.09.24,14:30,64.28,64.45,64.23,64.27,278
2025.09.24,14:45,64.29,64.32,64.19,64.24,222
2025.09.24,15:00,64.22,64.44,64.15,64.34,391
2025.09.24,15:15,64.36,64.40,64.31,64.36,218
2025.09.24,15:30,64.35,64.44,64.28,64.33,296
2025.09.24,15:45,64.31,64.43,64.28,64.37,179
2025.09.24,16:00,64.37,64.46,64.33,64.38,249
2025.09.24,16:15,64.37,64.46,64.33,64.37,272
2025.09.24,16:30,64.38,64.41,64.09,64.25,596
2025.09.24,16:45,64.27,64.56,64.26,64.54,322
2025.09.24,17:00,64.53,64.74,64.53,64.64,550
2025.09.24,17:15,64.62,64.71,64.53,64.61,317
2025.09.24,17:30,64.61,64.80,64.56,64.77,384
2025.09.24,17:45,64.76,64.84,64.70,64.71,340
2025.09.24,18:00,64.70,64.78,64.57,64.72,295
2025.09.24,18:15,64.73,64.75,64.62,64.69,198
2025.09.24,18:30,64.65,64.79,64.65,64.76,156
2025.09.24,18:45,64.76,64.81,64.72,64.77,129
2025.09.24,19:00,64.78,64.95,64.78,64.91,177
2025.09.24,19:15,64.92,65.04,64.89,64.93,147
2025.09.24,19:30,64.92,65.02,64.89,64.96,187
2025.09.24,19:45,64.96,64.97,64.87,64.90,147
2025.09.24,20:00,64.92,64.94,64.79,64.83,241
2025.09.24,20:15,64.84,65.00,64.81,64.97,293
2025.09.24,20:30,65.00,65.04,64.91,64.92,214
2025.09.24,20:45,64.91,64.93,64.78,64.85,96
2025.09.24,21:00,64.85,64.87,64.77,64.79,130
2025.09.24,21:15,64.81,64.85,64.78,64.79,86
2025.09.24,21:30,64.82,64.83,64.77,64.79,90
2025.09.24,21:45,64.79,64.83,64.79,64.81,52
2025.09.24,22:00,64.78,64.84,64.77,64.80,65
2025.09.24,22:15,64.79,64.81,64.77,64.79,30
2025.09.24,22:30,64.80,64.83,64.77,64.78,34
2025.09.24,22:45,64.77,64.83,64.77,64.82,52
2025.09.25,00:00,64.78,64.79,64.69,64.72,89
2025.09.25,00:15,64.73,64.76,64.71,64.73,23
2025.09.25,00:30,64.76,64.77,64.69,64.75,81
2025.09.25,00:45,64.75,64.76,64.72,64.73,40
2025.09.25,01:00,64.75,64.75,64.68,64.69,30
2025.09.25,01:15,64.69,64.71,64.68,64.70,23
2025.09.25,01:30,64.68,64.73,64.67,64.70,26
2025.09.25,01:45,64.72,64.73,64.68,64.72,34
2025.09.25,02:00,64.72,64.81,64.65,64.81,162
2025.09.25,02:15,64.80,64.85,64.77,64.84,55
2025.09.25,02:30,64.81,64.88,64.80,64.87,61
2025.09.25,02:45,64.84,64.91,64.84,64.88,58
2025.09.25,03:00,64.89,64.90,64.71,64.74,182
2025.09.25,03:15,64.72,64.78,64.69,64.77,125
2025.09.25,03:30,64.74,64.76,64.67,64.70,89
2025.09.25,03:45,64.71,64.73,64.66,64.69,51
2025.09.25,04:00,64.68,64.71,64.64,64.70,77
2025.09.25,04:15,64.69,64.71,64.67,64.70,24
2025.09.25,04:30,64.70,64.74,64.67,64.73,71
2025.09.25,04:45,64.72,64.79,64.71,64.75,88
2025.09.25,05:00,64.74,64.77,64.70,64.73,80
2025.09.25,05:15,64.75,64.76,64.65,64.65,82
2025.09.25,05:30,64.68,64.71,64.63,64.69,64
2025.09.25,05:45,64.70,64.73,64.67,64.71,45
2025.09.25,06:00,64.71,64.73,64.67,64.70,34
2025.09.25,06:15,64.68,64.71,64.65,64.67,24
2025.09.25,06:30,64.67,64.69,64.65,64.67,25
2025.09.25,06:45,64.68,64.70,64.65,64.68,25
2025.09.25,07:00,64.65,64.68,64.64,64.66,33
2025.09.25,07:15,64.66,64.67,64.59,64.61,52
2025.09.25,07:30,64.62,64.73,64.59,64.72,85
2025.09.25,07:45,64.70,64.76,64.67,64.73,92
2025.09.25,08:00,64.75,64.78,64.67,64.70,164
2025.09.25,08:15,64.71,64.79,64.69,64.72,110
2025.09.25,08:30,64.71,64.84,64.71,64.81,162
2025.09.25,08:45,64.83,64.89,64.78,64.81,156
2025.09.25,09:00,64.80,64.84,64.72,64.73,227
2025.09.25,09:15,64.71,64.78,64.56,64.62,280
2025.09.25,09:30,64.64,64.67,64.44,64.55,269
2025.09.25,09:45,64.58,64.73,64.57,64.65,186
2025.09.25,10:00,64.66,64.72,64.42,64.47,263
2025.09.25,10:15,64.46,64.53,64.40,64.47,354
2025.09.25,10:30,64.48,64.54,64.36,64.43,292
2025.09.25,10:45,64.43,64.48,64.24,64.30,273
2025.09.25,11:00,64.30,64.41,64.25,64.36,223
2025.09.25,11:15,64.33,64.48,64.33,64.48,215
2025.09.25,11:30,64.47,64.65,64.47,64.63,249
2025.09.25,11:45,64.63,64.63,64.52,64.59,227
2025.09.25,12:00,64.58,64.71,64.51,64.68,174
2025.09.25,12:15,64.68,64.73,64.55,64.58,169
2025.09.25,12:30,64.59,64.60,64.42,64.59,183
2025.09.25,12:45,64.59,64.82,64.50,64.76,496
2025.09.25,13:00,64.77,64.83,64.59,64.66,455
2025.09.25,13:15,64.67,64.73,64.54,64.62,290
2025.09.25,13:30,64.62,64.83,64.62,64.76,271
2025.09.25,13:45,64.79,64.80,64.61,64.67,299
2025.09.25,14:00,64.64,64.69,64.44,64.53,425
2025.09.25,14:15,64.54,64.59,64.41,64.56,320
2025.09.25,14:30,64.57,64.70,64.51,64.65,396
2025.09.25,14:45,64.66,64.72,64.53,64.54,262
2025.09.25,15:00,64.55,64.56,64.40,64.46,451
2025.09.25,15:15,64.48,64.51,64.33,64.47,458
2025.09.25,15:30,64.44,64.49,64.10,64.14,552
2025.09.25,15:45,64.13,64.28,64.10,64.20,393
2025.09.25,16:00,64.22,64.31,64.04,64.23,460
2025.09.25,16:15,64.21,64.24,64.08,64.16,261
2025.09.25,16:30,64.17,64.32,64.14,64.23,295
2025.09.25,16:45,64.24,64.26,64.13,64.17,304
2025.09.25,17:00,64.20,64.58,64.16,64.56,421
2025.09.25,17:15,64.57,64.84,64.55,64.77,523
2025.09.25,17:30,64.80,64.92,64.72,64.90,332
2025.09.25,17:45,64.89,64.96,64.76,64.85,325
2025.09.25,18:00,64.84,64.85,64.68,64.74,303
2025.09.25,18:15,64.76,64.79,64.63,64.71,315
2025.09.25,18:30,64.72,64.81,64.65,64.71,274
2025.09.25,18:45,64.70,64.71,64.60,64.68,266
2025.09.25,19:00,64.67,65.00,64.58,64.85,331
2025.09.25,19:15,64.84,64.98,64.75,64.92,455
2025.09.25,19:30,64.94,64.99,64.79,64.88,312
2025.09.25,19:45,64.91,65.02,64.79,64.79,287
2025.09.25,20:00,64.80,64.99,64.73,64.95,324
2025.09.25,20:15,64.96,65.01,64.90,64.98,294
2025.09.25,20:30,64.99,65.19,64.95,65.14,288
2025.09.25,20:45,65.15,65.25,65.12,65.22,169
2025.09.25,21:00,65.21,65.27,65.15,65.19,220
2025.09.25,21:15,65.17,65.23,65.14,65.15,140
2025.09.25,21:30,65.18,65.23,65.10,65.12,99
2025.09.25,21:45,65.13,65.33,65.12,65.31,123
2025.09.25,22:00,65.30,65.32,65.25,65.29,101
2025.09.25,22:15,65.28,65.30,65.16,65.19,95
2025.09.25,22:30,65.19,65.24,65.16,65.22,79
2025.09.25,22:45,65.20,65.26,65.19,65.20,67
2025.09.26,00:00,65.20,65.28,65.17,65.27,84
2025.09.26,00:15,65.24,65.28,65.23,65.26,41
2025.09.26,00:30,65.26,65.34,65.25,65.33,56
2025.09.26,00:45,65.32,65.34,65.28,65.31,71
2025.09.26,01:00,65.29,65.33,65.21,65.27,49
2025.09.26,01:15,65.24,65.27,65.21,65.23,41
2025.09.26,01:30,65.24,65.28,65.23,65.26,23
2025.09.26,01:45,65.27,65.31,65.23,65.24,47
2025.09.26,02:00,65.26,65.30,65.20,65.22,104
2025.09.26,02:15,65.22,65.25,65.18,65.20,74
2025.09.26,02:30,65.19,65.26,65.19,65.21,66
2025.09.26,02:45,65.23,65.28,65.20,65.25,38
2025.09.26,03:00,65.24,65.25,65.18,65.20,157
2025.09.26,03:15,65.21,65.21,65.15,65.18,135
2025.09.26,03:30,65.18,65.31,65.18,65.31,104
2025.09.26,03:45,65.30,65.39,65.26,65.30,94
2025.09.26,04:00,65.31,65.33,65.25,65.28,85
2025.09.26,04:15,65.30,65.31,65.25,65.28,41
2025.09.26,04:30,65.28,65.32,65.26,65.26,105
2025.09.26,04:45,65.25,65.28,65.20,65.22,109
2025.09.26,05:00,65.21,65.26,65.14,65.16,90
2025.09.26,05:15,65.16,65.22,65.13,65.18,85
2025.09.26,05:30,65.18,65.21,65.15,65.20,54
2025.09.26,05:45,65.20,65.23,65.16,65.16,22
2025.09.26,06:00,65.18,65.19,65.13,65.19,51
2025.09.26,06:15,65.18,65.25,65.16,65.19,81
2025.09.26,06:30,65.22,65.23,65.19,65.21,23
2025.09.26,06:45,65.22,65.22,65.15,65.16,34
2025.09.26,07:00,65.16,65.20,65.13,65.19,61
2025.09.26,07:15,65.20,65.27,65.19,65.25,66
2025.09.26,07:30,65.23,65.26,65.15,65.24,160
2025.09.26,07:45,65.22,65.24,65.14,65.19,131
2025.09.26,08:00,65.18,65.27,65.18,65.26,111
2025.09.26,08:15,65.27,65.31,65.22,65.28,127
2025.09.26,08:30,65.25,65.37,65.25,65.34,117
2025.09.26,08:45,65.36,65.39,65.12,65.16,283
2025.09.26,09:00,65.14,65.23,65.08,65.15,300
2025.09.26,09:15,65.12,65.15,65.02,65.07,267
2025.09.26,09:30,65.08,65.30,65.05,65.19,307
2025.09.26,09:45,65.18,65.24,65.02,65.08,343
2025.09.26,10:00,65.08,65.14,65.01,65.06,289
2025.09.26,10:15,65.08,65.17,65.03,65.12,349
2025.09.26,10:30,65.13,65.16,64.96,65.15,330
2025.09.26,10:45,65.16,65.17,65.08,65.14,178
2025.09.26,11:00,65.11,65.16,65.03,65.06,226
2025.09.26,11:15,65.06,65.09,64.81,64.83,317
2025.09.26,11:30,64.84,64.89,64.79,64.87,227
2025.09.26,11:45,64.85,64.87,64.70,64.73,188
2025.09.26,12:00,64.72,64.76,64.64,64.67,152
2025.09.26,12:15,64.65,64.77,64.63,64.74,174
2025.09.26,12:30,64.73,64.87,64.66,64.87,175
2025.09.26,12:45,64.87,64.92,64.80,64.82,168
2025.09.26,13:00,64.83,65.01,64.80,64.99,215
2025.09.26,13:15,65.00,65.04,64.94,65.00,158
2025.09.26,13:30,65.02,65.12,64.86,64.86,240
2025.09.26,13:45,64.89,64.93,64.80,64.84,167
2025.09.26,14:00,64.82,64.90,64.76,64.85,219
2025.09.26,14:15,64.86,64.97,64.81,64.95,156
2025.09.26,14:30,64.97,65.17,64.96,65.13,299
2025.09.26,14:45,65.13,65.34,65.12,65.19,256
2025.09.26,15:00,65.22,65.44,65.22,65.41,372
2025.09.26,15:15,65.42,65.42,65.29,65.31,279
2025.09.26,15:30,65.33,65.45,65.21,65.43,313
2025.09.26,15:45,65.42,65.56,65.40,65.50,337
2025.09.26,16:00,65.50,65.98,65.50,65.94,651
2025.09.26,16:15,65.96,66.13,65.79,65.86,535
2025.09.26,16:30,65.86,66.15,65.85,66.13,434
2025.09.26,16:45,66.10,66.37,66.04,66.33,491
2025.09.26,17:00,66.33,66.40,66.20,66.21,480
2025.09.26,17:15,66.24,66.40,66.16,66.32,489
2025.09.26,17:30,66.32,66.37,66.23,66.28,330
2025.09.26,17:45,66.29,66.35,66.11,66.16,365
2025.09.26,18:00,66.15,66.20,66.05,66.07,280
2025.09.26,18:15,66.10,66.10,65.84,65.88,478
2025.09.26,18:30,65.85,65.93,65.84,65.88,300
2025.09.26,18:45,65.88,65.93,65.75,65.84,256
2025.09.26,19:00,65.82,65.89,65.37,65.50,450
2025.09.26,19:15,65.50,65.65,65.48,65.55,335
2025.09.26,19:30,65.58,65.66,65.49,65.66,219
2025.09.26,19:45,65.66,65.76,65.56,65.60,324
2025.09.26,20:00,65.63,65.66,65.42,65.51,401
2025.09.26,20:15,65.51,65.75,65.49,65.67,410
2025.09.26,20:30,65.70,65.78,65.58,65.60,205
2025.09.26,20:45,65.57,65.76,65.50,65.53,278
2025.09.26,21:00,65.50,65.53,65.37,65.48,196
2025.09.26,21:15,65.49,65.53,65.44,65.49,117
2025.09.26,21:30,65.47,65.49,65.38,65.44,100
2025.09.26,21:45,65.42,65.44,65.22,65.26,162
2025.09.29,00:00,65.04,65.08,64.85,65.05,557
2025.09.29,00:15,65.07,65.09,65.00,65.04,106
2025.09.29,00:30,65.03,65.09,65.01,65.06,78
2025.09.29,00:45,65.08,65.12,65.07,65.09,96
2025.09.29,01:00,65.10,65.10,64.99,65.00,121
2025.09.29,01:15,64.99,65.03,64.98,64.98,93
2025.09.29,01:30,64.98,65.06,64.97,65.06,84
2025.09.29,01:45,65.04,65.17,65.04,65.11,107
2025.09.29,02:00,65.11,65.13,65.00,65.10,113
2025.09.29,02:15,65.09,65.11,65.02,65.04,68
2025.09.29,02:30,65.05,65.08,65.02,65.04,38
2025.09.29,02:45,65.06,65.14,65.00,65.11,74
2025.09.29,03:00,65.11,65.25,65.02,65.22,288
2025.09.29,03:15,65.22,65.26,65.11,65.12,199
2025.09.29,03:30,65.09,65.15,65.04,65.09,171
2025.09.29,03:45,65.06,65.12,65.04,65.08,172
2025.09.29,04:00,65.09,65.15,65.00,65.14,103
2025.09.29,04:15,65.14,65.27,65.08,65.21,116
2025.09.29,04:30,65.22,65.31,65.20,65.30,126
2025.09.29,04:45,65.28,65.33,65.22,65.27,96
2025.09.29,05:00,65.27,65.32,65.23,65.28,96
2025.09.29,05:15,65.26,65.31,65.25,65.26,79
2025.09.29,05:30,65.25,65.28,65.18,65.22,77
2025.09.29,05:45,65.20,65.23,65.17,65.22,20
2025.09.29,06:00,65.21,65.23,65.18,65.22,40
2025.09.29,06:15,65.22,65.32,65.22,65.28,51
2025.09.29,06:30,65.27,65.36,65.25,65.35,53
2025.09.29,06:45,65.33,65.36,65.30,65.33,41
2025.09.29,07:00,65.32,65.36,65.26,65.29,60
2025.09.29,07:15,65.30,65.31,65.24,65.28,74
2025.09.29,07:30,65.31,65.34,65.28,65.28,98
2025.09.29,07:45,65.30,65.31,65.23,65.27,108
2025.09.29,08:00,65.26,65.30,65.18,65.29,121
2025.09.29,08:15,65.28,65.29,65.19,65.22,209
2025.09.29,08:30,65.20,65.26,65.06,65.24,224
2025.09.29,08:45,65.26,65.39,65.20,65.27,181
2025.09.29,09:00,65.29,65.29,65.02,65.06,277
2025.09.29,09:15,65.05,65.10,64.88,64.91,223
2025.09.29,09:30,64.93,64.98,64.87,64.92,253
2025.09.29,09:45,64.92,65.03,64.88,64.95,197
2025.09.29,10:00,64.94,64.95,64.76,64.80,354
2025.09.29,10:15,64.83,64.88,64.69,64.85,383
2025.09.29,10:30,64.86,64.89,64.72,64.80,338
2025.09.29,10:45,64.82,65.01,64.81,64.99,319
2025.09.29,11:00,64.96,64.97,64.72,64.81,304
2025.09.29,11:15,64.79,64.82,64.62,64.68,258
2025.09.29,11:30,64.66,64.77,64.56,64.76,286
2025.09.29,11:45,64.73,64.79,64.53,64.57,293
2025.09.29,12:00,64.56,64.67,64.53,64.58,261
2025.09.29,12:15,64.56,64.63,64.47,64.55,267
2025.09.29,12:30,64.55,64.59,64.42,64.48,197
2025.09.29,12:45,64.49,64.51,64.40,64.46,175
2025.09.29,13:00,64.46,64.50,64.33,64.36,181
2025.09.29,13:15,64.37,64.48,64.33,64.45,228
2025.09.29,13:30,64.44,64.54,64.43,64.50,207
2025.09.29,13:45,64.49,64.50,64.39,64.44,241
2025.09.29,14:00,64.42,64.49,64.25,64.29,303
2025.09.29,14:15,64.30,64.48,64.15,64.44,349
2025.09.29,14:30,64.43,64.48,64.29,64.46,252
2025.09.29,14:45,64.44,64.58,64.43,64.47,360
2025.09.29,15:00,64.50,64.50,64.11,64.13,614
2025.09.29,15:15,64.14,64.14,63.75,63.89,589
2025.09.29,15:30,63.88,63.99,63.78,63.82,577
2025.09.29,15:45,63.84,63.86,63.59,63.64,503
2025.09.29,16:00,63.66,63.83,63.58,63.66,481
2025.09.29,16:15,63.64,63.70,63.58,63.60,318
2025.09.29,16:30,63.59,63.81,63.59,63.70,336
2025.09.29,16:45,63.73,63.74,63.53,63.58,304
2025.09.29,17:00,63.58,63.63,63.32,63.38,435
2025.09.29,17:15,63.37,63.50,63.28,63.30,460
2025.09.29,17:30,63.27,63.35,63.09,63.29,506
2025.09.29,17:45,63.30,63.35,63.23,63.25,293
2025.09.29,18:00,63.28,63.36,63.25,63.32,244
2025.09.29,18:15,63.30,63.36,63.22,63.32,156
2025.09.29,18:30,63.31,63.42,63.27,63.32,180
2025.09.29,18:45,63.31,63.39,63.27,63.28,143
2025.09.29,19:00,63.28,63.29,63.15,63.16,183
2025.09.29,19:15,63.15,63.20,63.09,63.12,145
2025.09.29,19:30,63.14,63.15,62.99,63.05,178
2025.09.29,19:45,63.07,63.08,62.99,63.04,187
2025.09.29,20:00,63.02,63.18,62.97,63.16,263
2025.09.29,20:15,63.15,63.48,63.10,63.44,370
2025.09.29,20:30,63.45,63.46,63.20,63.24,263
2025.09.29,20:45,63.26,63.28,63.18,63.20,118
2025.09.29,21:00,63.19,63.25,63.17,63.20,108
2025.09.29,21:15,63.21,63.21,63.10,63.11,166
2025.09.29,21:30,63.14,63.19,63.09,63.19,113
2025.09.29,21:45,63.16,63.22,63.15,63.19,80
2025.09.29,22:00,63.19,63.24,63.15,63.18,82
2025.09.29,22:15,63.19,63.22,63.12,63.15,57
2025.09.29,22:30,63.13,63.17,63.11,63.13,70
2025.09.29,22:45,63.12,63.19,63.08,63.19,83
2025.09.30,00:00,63.13,63.19,63.06,63.08,87
2025.09.30,00:15,63.09,63.11,63.07,63.10,22
2025.09.30,00:30,63.07,63.11,63.07,63.11,49
2025.09.30,00:45,63.09,63.12,63.09,63.12,13
2025.09.30,01:00,63.09,63.13,63.08,63.13,17
2025.09.30,01:15,63.11,63.13,63.10,63.10,15
2025.09.30,01:30,63.11,63.12,63.10,63.11,5
2025.09.30,01:45,63.10,63.13,63.07,63.09,48
2025.09.30,02:00,63.07,63.09,63.00,63.03,127
2025.09.30,02:15,63.04,63.08,63.00,63.08,54
2025.09.30,02:30,63.05,63.08,63.01,63.03,36
2025.09.30,02:45,63.05,63.08,63.03,63.06,51
2025.09.30,03:00,63.03,63.11,63.00,63.02,240
2025.09.30,03:15,63.02,63.14,63.00,63.11,194
2025.09.30,03:30,63.09,63.15,63.08,63.15,170
2025.09.30,03:45,63.12,63.20,63.10,63.18,183
2025.09.30,04:00,63.15,63.18,63.04,63.10,156
2025.09.30,04:15,63.08,63.11,63.04,63.07,27
2025.09.30,04:30,63.07,63.09,63.03,63.07,92
2025.09.30,04:45,63.08,63.08,63.02,63.04,100
2025.09.30,05:00,63.05,63.06,62.93,62.96,135
2025.09.30,05:15,62.97,63.00,62.90,62.91,164
2025.09.30,05:30,62.93,62.98,62.92,62.97,70
2025.09.30,05:45,62.96,63.10,62.96,63.08,42
2025.09.30,06:00,63.07,63.13,63.02,63.05,81
2025.09.30,06:15,63.05,63.08,63.04,63.08,25
2025.09.30,06:30,63.07,63.09,63.04,63.04,36
2025.09.30,06:45,63.05,63.10,63.03,63.07,66
2025.09.30,07:00,63.07,63.14,63.04,63.14,70
2025.09.30,07:15,63.12,63.15,63.08,63.10,78
2025.09.30,07:30,63.08,63.22,63.01,63.21,246
2025.09.30,07:45,63.20,63.20,63.14,63.17,132
2025.09.30,08:00,63.16,63.24,63.12,63.12,134
2025.09.30,08:15,63.11,63.21,63.04,63.15,152
2025.09.30,08:30,63.16,63.16,63.07,63.11,111
2025.09.30,08:45,63.11,63.20,63.07,63.15,196
2025.09.30,09:00,63.14,63.18,62.94,63.00,345
2025.09.30,09:15,63.05,63.07,62.70,62.72,333
2025.09.30,09:30,62.72,62.83,62.64,62.74,341
2025.09.30,09:45,62.74,62.86,62.70,62.73,297
2025.09.30,10:00,62.74,62.80,62.60,62.68,305
2025.09.30,10:15,62.66,62.72,62.58,62.60,332
2025.09.30,10:30,62.61,62.69,62.42,62.68,482
2025.09.30,10:45,62.71,62.98,62.69,62.95,389
2025.09.30,11:00,62.94,63.00,62.82,62.88,360
2025.09.30,11:15,62.86,63.01,62.72,62.79,326
2025.09.30,11:30,62.81,62.85,62.70,62.83,284
2025.09.30,11:45,62.82,62.82,62.64,62.67,233
2025.09.30,12:00,62.67,62.85,62.60,62.83,319
2025.09.30,12:15,62.84,62.91,62.66,62.89,306
2025.09.30,12:30,62.87,63.11,62.87,62.99,335
2025.09.30,12:45,62.99,63.01,62.88,62.92,143
2025.09.30,13:00,62.93,63.03,62.91,62.98,165
2025.09.30,13:15,62.97,62.99,62.85,62.95,223
2025.09.30,13:30,62.92,62.98,62.81,62.90,222
2025.09.30,13:45,62.88,62.93,62.21,62.28,544
2025.09.30,14:00,62.26,62.35,62.01,62.25,1183
2025.09.30,14:15,62.24,62.47,62.21,62.25,644
2025.09.30,14:30,62.26,62.26,62.04,62.09,535
2025.09.30,14:45,62.08,62.44,62.05,62.35,647
2025.09.30,15:00,62.34,62.69,62.29,62.56,691
2025.09.30,15:15,62.56,62.76,62.45,62.58,567
2025.09.30,15:30,62.59,62.61,62.37,62.41,477
2025.09.30,15:45,62.40,62.78,62.40,62.69,389
2025.09.30,16:00,62.70,62.75,62.46,62.50,447
2025.09.30,16:15,62.49,62.64,62.43,62.45,343
2025.09.30,16:30,62.44,62.49,62.25,62.33,485
2025.09.30,16:45,62.34,62.34,62.20,62.22,315
2025.09.30,17:00,62.20,62.43,62.19,62.33,482
2025.09.30,17:15,62.37,62.57,62.31,62.45,447
2025.09.30,17:30,62.46,62.99,62.38,62.95,706
2025.09.30,17:45,62.95,63.01,62.61,62.74,997
2025.09.30,18:00,62.72,62.90,62.70,62.76,417
2025.09.30,18:15,62.79,62.96,62.71,62.85,389
2025.09.30,18:30,62.85,62.88,62.69,62.79,297
2025.09.30,18:45,62.78,62.85,62.67,62.71,299
2025.09.30,19:00,62.71,62.74,62.61,62.61,183
2025.09.30,19:15,62.62,62.65,62.54,62.59,174
2025.09.30,19:30,62.58,62.61,62.47,62.48,212
2025.09.30,19:45,62.48,62.52,62.36,62.39,274
2025.09.30,20:00,62.40,62.45,62.35,62.41,245
2025.09.30,20:15,62.40,62.48,62.31,62.34,347
2025.09.30,20:30,62.35,62.53,62.32,62.50,223
2025.09.30,20:45,62.51,62.57,62.48,62.54,125
2025.09.30,21:00,62.55,62.61,62.54,62.57,125
2025.09.30,21:15,62.57,62.60,62.52,62.54,136
2025.09.30,21:30,62.55,62.55,62.48,62.48,81
2025.09.30,21:45,62.50,62.57,62.47,62.49,122
2025.09.30,22:00,62.50,62.53,62.45,62.49,83
2025.09.30,22:15,62.51,62.57,62.48,62.51,47
2025.09.30,22:30,62.48,62.54,62.44,62.46,100
2025.09.30,22:45,62.43,62.46,62.37,62.42,94
2025.10.01,00:00,62.45,62.54,62.40,62.53,134
2025.10.01,00:15,62.52,62.54,62.43,62.44,62
2025.10.01,00:30,62.45,62.49,62.45,62.46,51
2025.10.01,00:45,62.48,62.49,62.45,62.48,47
2025.10.01,01:00,62.48,62.48,62.44,62.45,34
2025.10.01,01:15,62.44,62.48,62.44,62.47,16
2025.10.01,01:30,62.49,62.50,62.46,62.46,46
2025.10.01,01:45,62.46,62.50,62.46,62.47,26
2025.10.01,02:00,62.47,62.58,62.42,62.45,156
2025.10.01,02:15,62.42,62.44,62.29,62.32,84
2025.10.01,02:30,62.31,62.34,62.27,62.32,83
2025.10.01,02:45,62.32,62.32,62.18,62.18,61
2025.10.01,03:00,62.19,62.48,62.19,62.43,210
2025.10.01,03:15,62.45,62.53,62.41,62.46,111
2025.10.01,03:30,62.46,62.51,62.41,62.50,47
2025.10.01,03:45,62.47,62.50,62.44,62.47,96
2025.10.01,04:00,62.45,62.51,62.43,62.50,81
2025.10.01,04:15,62.49,62.55,62.44,62.53,97
2025.10.01,04:30,62.52,62.54,62.45,62.45,80
2025.10.01,04:45,62.48,62.48,62.40,62.43,43
2025.10.01,05:00,62.44,62.47,62.41,62.45,67
2025.10.01,05:15,62.43,62.47,62.41,62.43,49
2025.10.01,05:30,62.44,62.45,62.37,62.44,78
2025.10.01,05:45,62.44,62.53,62.41,62.50,95
2025.10.01,06:00,62.49,62.53,62.47,62.51,60
2025.10.01,06:15,62.51,62.56,62.48,62.53,42
2025.10.01,06:30,62.52,62.55,62.48,62.52,51
2025.10.01,06:45,62.51,62.60,62.51,62.59,69
2025.10.01,07:00,62.58,62.64,62.57,62.62,89
2025.10.01,07:15,62.59,62.64,62.54,62.56,93
2025.10.01,07:30,62.54,62.58,62.48,62.50,57
2025.10.01,07:45,62.47,62.49,62.41,62.43,31
2025.10.01,08:00,62.40,62.48,62.40,62.46,71
2025.10.01,08:15,62.46,62.56,62.44,62.56,128
2025.10.01,08:30,62.53,62.64,62.44,62.58,218
2025.10.01,08:45,62.61,62.63,62.52,62.57,246
2025.10.01,09:00,62.56,62.77,62.52,62.77,322
2025.10.01,09:15,62.74,62.80,62.63,62.76,235
2025.10.01,09:30,62.75,62.83,62.69,62.74,164
2025.10.01,09:45,62.75,62.78,62.65,62.76,235
2025.10.01,10:00,62.73,62.86,62.71,62.86,386
2025.10.01,10:15,62.83,62.89,62.50,62.53,470
2025.10.01,10:30,62.52,62.64,61.99,62.16,635
2025.10.01,10:45,62.14,62.22,62.07,62.19,385
2025.10.01,11:00,62.16,62.25,61.88,61.94,393
2025.10.01,11:15,61.92,62.00,61.72,61.77,478
2025.10.01,11:30,61.79,61.88,61.65,61.68,385
2025.10.01,11:45,61.72,61.86,61.61,61.84,362
2025.10.01,12:00,61.83,62.30,61.83,62.20,335
2025.10.01,12:15,62.21,62.34,62.17,62.28,275
2025.10.01,12:30,62.31,62.38,62.12,62.12,247
2025.10.01,12:45,62.11,62.26,62.06,62.20,250
2025.10.01,13:00,62.19,62.19,61.99,62.02,257
2025.10.01,13:15,62.01,62.16,61.97,62.13,188
2025.10.01,13:30,62.16,62.21,61.97,62.01,244
2025.10.01,13:45,62.01,62.12,61.99,62.09,212
2025.10.01,14:00,62.12,62.16,61.99,62.07,318
2025.10.01,14:15,62.06,62.12,61.87,61.99,487
2025.10.01,14:30,61.96,61.99,61.84,61.91,306
2025.10.01,14:45,61.92,61.97,61.75,61.86,366
2025.10.01,15:00,61.87,62.12,61.67,61.89,632
2025.10.01,15:15,61.92,61.92,61.52,61.56,434
2025.10.01,15:30,61.54,61.69,61.37,61.59,713
2025.10.01,15:45,61.58,61.58,61.40,61.54,431
2025.10.01,16:00,61.54,61.61,61.43,61.57,435
2025.10.01,16:15,61.57,61.90,61.53,61.87,507
2025.10.01,16:30,61.90,61.90,61.53,61.74,940
2025.10.01,16:45,61.73,61.99,61.70,61.83,622
2025.10.01,17:00,61.85,61.95,61.43,61.52,698
2025.10.01,17:15,61.51,62.06,61.47,61.97,647
2025.10.01,17:30,61.95,62.03,61.71,61.77,593
2025.10.01,17:45,61.76,61.82,61.64,61.78,378
2025.10.01,18:00,61.76,62.09,61.74,62.04,387
2025.10.01,18:15,62.08,62.28,62.04,62.13,463
2025.10.01,18:30,62.16,62.22,61.94,61.99,374
2025.10.01,18:45,62.00,62.00,61.75,61.79,303
2025.10.01,19:00,61.80,61.93,61.77,61.79,293
2025.10.01,19:15,61.80,61.97,61.80,61.84,225
2025.10.01,19:30,61.83,61.88,61.71,61.76,202
2025.10.01,19:45,61.75,61.81,61.67,61.76,196
2025.10.01,20:00,61.77,61.89,61.67,61.78,301
2025.10.01,20:15,61.79,61.85,61.68,61.77,315
2025.10.01,20:30,61.77,61.87,61.70,61.86,177
2025.10.01,20:45,61.86,61.98,61.86,61.92,122
2025.10.01,21:00,61.92,61.97,61.90,61.94,109
2025.10.01,21:15,61.97,62.02,61.95,61.99,114
2025.10.01,21:30,62.00,62.10,61.97,62.01,120
2025.10.01,21:45,62.01,62.03,61.93,61.95,70
2025.10.01,22:00,61.95,62.00,61.90,61.90,80
2025.10.01,22:15,61.92,61.92,61.76,61.81,106
2025.10.01,22:30,61.81,61.84,61.76,61.79,60
2025.10.01,22:45,61.80,61.82,61.71,61.79,126
2025.10.02,00:00,61.75,61.79,61.66,61.71,66
2025.10.02,00:15,61.70,61.71,61.67,61.69,21
2025.10.02,00:30,61.67,61.69,61.60,61.60,59
2025.10.02,00:45,61.61,61.65,61.56,61.59,43
2025.10.02,01:00,61.57,61.80,61.57,61.71,139
2025.10.02,01:15,61.72,61.93,61.71,61.84,94
2025.10.02,01:30,61.84,61.86,61.80,61.83,27
2025.10.02,01:45,61.84,61.92,61.80,61.82,66
2025.10.02,02:00,61.84,62.49,61.79,61.97,533
2025.10.02,02:15,62.00,62.10,61.94,61.98,198
2025.10.02,02:30,61.97,61.99,61.91,61.94,89
2025.10.02,02:45,61.94,62.00,61.88,61.92,119
2025.10.02,03:00,61.93,61.98,61.87,61.92,288
2025.10.02,03:15,61.92,61.95,61.88,61.94,98
2025.10.02,03:30,61.93,62.04,61.92,62.03,82
2025.10.02,03:45,62.01,62.11,62.01,62.06,108
2025.10.02,04:00,62.07,62.10,62.04,62.08,66
2025.10.02,04:15,62.11,62.14,62.05,62.13,109
2025.10.02,04:30,62.10,62.24,62.10,62.21,140
2025.10.02,04:45,62.21,62.27,62.12,62.16,124
2025.10.02,05:00,62.15,62.19,61.99,62.04,90
2025.10.02,05:15,62.02,62.09,62.02,62.04,58
2025.10.02,05:30,62.04,62.09,62.03,62.09,44
2025.10.02,05:45,62.07,62.11,62.03,62.10,72
2025.10.02,06:00,62.13,62.14,62.07,62.08,110
2025.10.02,06:15,62.07,62.11,62.05,62.07,44
2025.10.02,06:30,62.08,62.11,62.06,62.10,46
2025.10.02,06:45,62.09,62.10,62.01,62.02,67
2025.10.02,07:00,62.05,62.14,62.03,62.10,75
2025.10.02,07:15,62.09,62.23,62.08,62.17,115
2025.10.02,07:30,62.14,62.20,62.07,62.09,114
2025.10.02,07:45,62.08,62.11,62.03,62.07,143
2025.10.02,08:00,62.06,62.07,61.90,62.00,233
2025.10.02,08:15,61.97,61.99,61.88,61.92,178
2025.10.02,08:30,61.93,61.98,61.80,61.84,161
2025.10.02,08:45,61.81,61.91,61.78,61.85,164
2025.10.02,09:00,61.86,61.88,61.69,61.75,280
2025.10.02,09:15,61.72,62.02,61.68,61.99,281
2025.10.02,09:30,61.99,61.99,61.79,61.95,250
2025.10.02,09:45,61.94,61.95,61.84,61.88,241
2025.10.02,10:00,61.85,61.98,61.72,61.91,395
2025.10.02,10:15,61.88,62.06,61.74,61.79,520
2025.10.02,10:30,61.76,61.92,61.73,61.87,445
2025.10.02,10:45,61.89,61.97,61.77,61.86,349
2025.10.02,11:00,61.85,61.88,61.59,61.65,395
2025.10.02,11:15,61.64,61.67,61.41,61.49,379
2025.10.02,11:30,61.46,61.66,61.42,61.42,387
2025.10.02,11:45,61.41,61.46,61.20,61.36,448
2025.10.02,12:00,61.37,61.55,61.31,61.49,425
2025.10.02,12:15,61.51,61.53,61.31,61.36,319
2025.10.02,12:30,61.38,61.59,61.35,61.55,293
2025.10.02,12:45,61.52,61.72,61.48,61.50,298
2025.10.02,13:00,61.51,61.56,61.39,61.56,326
2025.10.02,13:15,61.53,61.59,61.35,61.36,212
2025.10.02,13:30,61.35,61.44,61.29,61.38,262
2025.10.02,13:45,61.37,61.57,61.37,61.50,226
2025.10.02,14:00,61.47,61.54,61.36,61.46,304
2025.10.02,14:15,61.48,61.52,61.39,61.47,241
2025.10.02,14:30,61.49,61.52,61.33,61.38,286
2025.10.02,14:45,61.36,61.49,61.33,61.43,349
2025.10.02,15:00,61.42,61.42,61.04,61.25,716
2025.10.02,15:15,61.26,61.27,61.14,61.21,321
2025.10.02,15:30,61.23,61.61,61.19,61.56,571
2025.10.02,15:45,61.53,61.65,61.40,61.47,538
2025.10.02,16:00,61.49,61.82,61.36,61.56,833
2025.10.02,16:15,61.54,61.56,61.18,61.21,650
2025.10.02,16:30,61.20,61.29,60.95,61.07,548
2025.10.02,16:45,61.06,61.09,60.93,60.98,423
2025.10.02,17:00,61.00,61.08,60.94,61.03,412
2025.10.02,17:15,61.02,61.11,60.84,60.89,410
2025.10.02,17:30,60.91,60.91,60.65,60.74,479
2025.10.02,17:45,60.72,60.88,60.72,60.79,352
2025.10.02,18:00,60.79,60.86,60.66,60.68,208
2025.10.02,18:15,60.67,60.68,60.40,60.43,467
2025.10.02,18:30,60.40,60.65,60.39,60.62,327
2025.10.02,18:45,60.60,60.63,60.53,60.59,203
2025.10.02,19:00,60.60,60.64,60.53,60.59,155
2025.10.02,19:15,60.57,60.66,60.54,60.59,188
2025.10.02,19:30,60.60,60.63,60.49,60.52,156
2025.10.02,19:45,60.50,60.51,60.39,60.40,202
2025.10.02,20:00,60.41,60.54,60.37,60.49,267
2025.10.02,20:15,60.51,60.58,60.40,60.45,337
2025.10.02,20:30,60.46,60.60,60.43,60.53,127
2025.10.02,20:45,60.50,60.54,60.50,60.51,48
2025.10.02,21:00,60.51,60.57,60.51,60.56,74
2025.10.02,21:15,60.57,60.58,60.52,60.52,55
2025.10.02,21:30,60.53,60.58,60.53,60.53,67
2025.10.02,21:45,60.56,60.64,60.53,60.60,85
2025.10.02,22:00,60.60,60.75,60.60,60.67,131
2025.10.02,22:15,60.67,60.77,60.67,60.73,86
2025.10.02,22:30,60.75,60.77,60.68,60.70,78
2025.10.02,22:45,60.69,60.72,60.58,60.69,147
2025.10.03,00:00,60.69,60.76,60.64,60.70,111
2025.10.03,00:15,60.72,60.74,60.65,60.65,62
2025.10.03,00:30,60.68,60.68,60.64,60.65,25
2025.10.03,00:45,60.66,60.69,60.64,60.67,30
2025.10.03,01:00,60.65,60.68,60.64,60.64,31
2025.10.03,01:15,60.66,60.69,60.61,60.68,40
2025.10.03,01:30,60.67,60.70,60.65,60.67,38
2025.10.03,01:45,60.67,60.72,60.67,60.70,26
2025.10.03,02:00,60.71,60.71,60.60,60.62,190
2025.10.03,02:15,60.65,60.69,60.58,60.60,74
2025.10.03,02:30,60.60,60.62,60.57,60.60,38
2025.10.03,02:45,60.58,60.65,60.58,60.63,56
2025.10.03,03:00,60.61,60.79,60.61,60.78,151
2025.10.03,03:15,60.79,60.80,60.67,60.68,114
2025.10.03,03:30,60.70,60.74,60.67,60.72,55
2025.10.03,03:45,60.75,60.77,60.70,60.71,53
2025.10.03,04:00,60.70,60.73,60.67,60.71,53
2025.10.03,04:15,60.71,60.72,60.65,60.65,57
2025.10.03,04:30,60.68,60.70,60.66,60.67,63
2025.10.03,04:45,60.66,60.73,60.63,60.68,67
2025.10.03,05:00,60.69,60.82,60.68,60.79,93
2025.10.03,05:15,60.79,60.79,60.72,60.76,65
2025.10.03,05:30,60.78,60.86,60.77,60.82,169
2025.10.03,05:45,60.80,60.83,60.78,60.81,32
2025.10.03,06:00,60.80,60.83,60.76,60.80,28
2025.10.03,06:15,60.81,60.84,60.80,60.82,26
2025.10.03,06:30,60.82,60.85,60.80,60.84,29
2025.10.03,06:45,60.83,60.88,60.81,60.85,40
2025.10.03,07:00,60.84,60.92,60.83,60.91,44
2025.10.03,07:15,60.89,60.99,60.87,60.96,103
2025.10.03,07:30,60.96,60.99,60.90,60.93,124
2025.10.03,07:45,60.92,61.00,60.89,60.97,99
2025.10.03,08:00,60.97,61.08,60.94,61.05,180
2025.10.03,08:15,61.05,61.10,61.00,61.00,162
2025.10.03,08:30,60.99,61.20,60.94,61.17,198
2025.10.03,08:45,61.18,61.18,61.07,61.11,207
2025.10.03,09:00,61.08,61.23,61.05,61.19,247
2025.10.03,09:15,61.20,61.21,60.95,60.97,250
2025.10.03,09:30,61.00,61.12,60.92,61.07,297
2025.10.03,09:45,61.06,61.13,60.93,60.96,230
2025.10.03,10:00,60.94,61.14,60.94,61.08,315
2025.10.03,10:15,61.05,61.08,60.88,61.01,451
2025.10.03,10:30,61.04,61.33,60.98,61.30,405
2025.10.03,10:45,61.29,61.37,61.23,61.36,288
2025.10.03,11:00,61.34,61.38,61.14,61.21,351
2025.10.03,11:15,61.20,61.24,61.03,61.13,343
2025.10.03,11:30,61.13,61.19,60.97,60.97,330
2025.10.03,11:45,60.99,61.01,60.71,60.81,308
2025.10.03,12:00,60.82,60.96,60.74,60.85,321
2025.10.03,12:15,60.86,60.97,60.79,60.91,224
2025.10.03,12:30,60.90,60.90,60.73,60.78,217
2025.10.03,12:45,60.75,60.81,60.69,60.73,250
2025.10.03,13:00,60.72,60.95,60.67,60.83,357
2025.10.03,13:15,60.85,60.88,60.79,60.83,238
2025.10.03,13:30,60.82,60.82,60.61,60.63,236
2025.10.03,13:45,60.62,60.74,60.62,60.67,195
2025.10.03,14:00,60.61,60.70,60.59,60.64,227
2025.10.03,14:15,60.63,60.80,60.59,60.71,233
2025.10.03,14:30,60.70,60.74,60.53,60.67,379
2025.10.03,14:45,60.68,60.87,60.66,60.83,288
2025.10.03,15:00,60.83,60.84,60.64,60.78,486
2025.10.03,15:15,60.79,60.94,60.70,60.79,387
2025.10.03,15:30,60.78,61.01,60.76,60.83,467
2025.10.03,15:45,60.84,60.95,60.71,60.90,406
2025.10.03,16:00,60.89,61.09,60.72,61.01,578
2025.10.03,16:15,61.02,61.24,60.98,61.14,584
2025.10.03,16:30,61.13,61.15,60.94,61.02,378
2025.10.03,16:45,61.03,61.22,60.96,61.00,365
2025.10.03,17:00,61.02,61.22,61.00,61.19,415
2025.10.03,17:15,61.18,61.26,60.98,61.21,560
2025.10.03,17:30,61.22,61.24,60.88,60.93,516
2025.10.03,17:45,60.93,61.09,60.92,61.02,428
2025.10.03,18:00,61.02,61.17,61.02,61.10,307
2025.10.03,18:15,61.07,61.20,60.98,61.02,287
2025.10.03,18:30,61.01,61.19,61.00,61.15,268
2025.10.03,18:45,61.13,61.19,61.08,61.14,214
2025.10.03,19:00,61.12,61.15,61.00,61.08,231
2025.10.03,19:15,61.06,61.17,61.06,61.15,177
2025.10.03,19:30,61.14,61.19,61.07,61.08,193
2025.10.03,19:45,61.07,61.16,61.03,61.14,205
2025.10.03,20:00,61.15,61.17,61.00,61.04,285
2025.10.03,20:15,61.03,61.06,60.77,60.82,293
2025.10.03,20:30,60.85,60.90,60.79,60.82,168
2025.10.03,20:45,60.81,60.82,60.67,60.78,82
2025.10.03,21:00,60.79,60.86,60.76,60.80,65
2025.10.03,21:15,60.79,60.84,60.78,60.81,61
2025.10.03,21:30,60.81,60.86,60.77,60.82,78
2025.10.03,21:45,60.81,60.86,60.71,60.73,169
2025.10.06,00:00,61.17,61.81,61.00,61.42,802
2025.10.06,00:15,61.41,61.55,61.35,61.50,389
2025.10.06,00:30,61.51,61.56,61.38,61.40,207
2025.10.06,00:45,61.39,61.43,61.33,61.41,137
2025.10.06,01:00,61.42,61.46,61.37,61.43,161
2025.10.06,01:15,61.40,61.52,61.39,61.49,167
2025.10.06,01:30,61.52,61.55,61.48,61.55,119
2025.10.06,01:45,61.55,61.61,61.50,61.59,197
2025.10.06,02:00,61.59,61.76,61.50,61.71,295
2025.10.06,02:15,61.74,61.80,61.70,61.77,200
2025.10.06,02:30,61.79,61.82,61.72,61.74,147
2025.10.06,02:45,61.74,61.79,61.72,61.78,57
2025.10.06,03:00,61.75,61.76,61.65,61.70,110
2025.10.06,03:15,61.67,61.74,61.67,61.72,53
2025.10.06,03:30,61.72,61.76,61.69,61.76,59
2025.10.06,03:45,61.76,61.79,61.72,61.79,56
2025.10.06,04:00,61.78,61.80,61.73,61.77,75
2025.10.06,04:15,61.74,61.81,61.74,61.76,62
2025.10.06,04:30,61.78,61.79,61.73,61.78,32
2025.10.06,04:45,61.79,61.79,61.71,61.76,44
2025.10.06,05:00,61.75,61.78,61.73,61.77,41
2025.10.06,05:15,61.76,61.79,61.72,61.75,45
2025.10.06,05:30,61.74,61.81,61.72,61.81,28
2025.10.06,05:45,61.78,61.81,61.75,61.80,56
2025.10.06,06:00,61.78,61.87,61.78,61.82,72
2025.10.06,06:15,61.79,61.91,61.75,61.88,74
2025.10.06,06:30,61.87,61.87,61.82,61.85,45
2025.10.06,06:45,61.85,61.88,61.83,61.86,54
2025.10.06,07:00,61.85,61.86,61.56,61.60,159
2025.10.06,07:15,61.61,61.74,61.55,61.70,120
2025.10.06,07:30,61.74,61.77,61.64,61.66,100
2025.10.06,07:45,61.65,61.76,61.65,61.71,103
2025.10.06,08:00,61.70,61.70,61.49,61.52,229
2025.10.06,08:15,61.52,61.58,61.45,61.49,170
2025.10.06,08:30,61.50,61.59,61.44,61.53,184
2025.10.06,08:45,61.54,61.73,61.51,61.72,292
2025.10.06,09:00,61.69,62.03,61.69,61.89,442
2025.10.06,09:15,61.86,61.94,61.75,61.78,262
2025.10.06,09:30,61.79,61.87,61.60,61.64,377
2025.10.06,09:45,61.61,61.71,61.53,61.57,296
2025.10.06,10:00,61.56,61.68,61.51,61.61,454
2025.10.06,10:15,61.61,61.68,61.48,61.54,440
2025.10.06,10:30,61.55,61.98,61.50,61.96,423
2025.10.06,10:45,61.94,61.97,61.80,61.89,298
2025.10.06,11:00,61.89,61.92,61.79,61.84,258
2025.10.06,11:15,61.87,61.90,61.78,61.85,181
2025.10.06,11:30,61.86,62.06,61.81,61.89,353
2025.10.06,11:45,61.88,62.04,61.83,61.98,198
2025.10.06,12:00,62.01,62.06,61.95,62.02,182
2025.10.06,12:15,62.03,62.10,61.96,62.02,220
2025.10.06,12:30,62.00,62.03,61.82,61.88,224
2025.10.06,12:45,61.88,61.89,61.68,61.72,186
2025.10.06,13:00,61.69,61.72,61.61,61.70,204
2025.10.06,13:15,61.69,61.76,61.56,61.63,222
2025.10.06,13:30,61.61,61.65,61.32,61.33,287
2025.10.06,13:45,61.35,61.35,61.01,61.25,513
2025.10.06,14:00,61.24,61.42,61.23,61.41,300
2025.10.06,14:15,61.40,61.52,61.37,61.47,281
2025.10.06,14:30,61.46,61.64,61.46,61.49,297
2025.10.06,14:45,61.49,61.54,61.33,61.37,253
2025.10.06,15:00,61.38,61.51,61.22,61.48,448
2025.10.06,15:15,61.45,61.47,61.29,61.31,291
2025.10.06,15:30,61.30,61.46,61.23,61.41,550
2025.10.06,15:45,61.44,61.90,61.38,61.88,617
2025.10.06,16:00,61.89,61.90,61.47,61.58,640
2025.10.06,16:15,61.54,61.69,61.53,61.61,342
2025.10.06,16:30,61.63,61.64,61.46,61.49,422
2025.10.06,16:45,61.50,61.50,61.23,61.28,490
2025.10.06,17:00,61.29,61.43,61.16,61.41,477
2025.10.06,17:15,61.43,61.73,61.35,61.68,515
2025.10.06,17:30,61.69,61.84,61.59,61.65,492
2025.10.06,17:45,61.62,61.78,61.57,61.71,380
2025.10.06,18:00,61.71,61.87,61.60,61.86,284
2025.10.06,18:15,61.87,61.97,61.82,61.91,362
2025.10.06,18:30,61.92,61.92,61.76,61.82,211
2025.10.06,18:45,61.83,61.85,61.61,61.63,198
2025.10.06,19:00,61.64,61.66,61.49,61.51,251
2025.10.06,19:15,61.52,61.69,61.47,61.65,168
2025.10.06,19:30,61.65,61.80,61.62,61.64,202
2025.10.06,19:45,61.66,61.77,61.65,61.71,155
2025.10.06,20:00,61.72,61.84,61.65,61.69,216
2025.10.06,20:15,61.70,61.70,61.56,61.67,260
2025.10.06,20:30,61.66,61.69,61.59,61.60,90
2025.10.06,20:45,61.60,61.72,61.60,61.67,70
2025.10.06,21:00,61.68,61.72,61.64,61.69,92
2025.10.06,21:15,61.71,61.74,61.65,61.73,77
2025.10.06,21:30,61.73,61.80,61.73,61.77,41
2025.10.06,21:45,61.77,61.77,61.70,61.75,59
2025.10.06,22:00,61.73,61.82,61.72,61.79,49
2025.10.06,22:15,61.80,61.81,61.75,61.76,29
2025.10.06,22:30,61.76,61.78,61.69,61.69,50
2025.10.06,22:45,61.71,61.73,61.61,61.72,84
2025.10.07,00:00,61.73,61.82,61.70,61.73,75
2025.10.07,00:15,61.73,61.75,61.71,61.71,20
2025.10.07,00:30,61.70,61.73,61.68,61.69,14
2025.10.07,00:45,61.66,61.69,61.66,61.69,10
2025.10.07,01:00,61.66,61.73,61.63,61.69,26
2025.10.07,01:15,61.69,61.72,61.68,61.71,19
2025.10.07,01:30,61.68,61.71,61.67,61.70,13
2025.10.07,01:45,61.69,61.70,61.66,61.67,8
2025.10.07,02:00,61.66,61.72,61.63,61.68,112
2025.10.07,02:15,61.65,61.68,61.63,61.64,39
2025.10.07,02:30,61.64,61.71,61.64,61.70,27
2025.10.07,02:45,61.71,61.71,61.64,61.69,17
2025.10.07,03:00,61.67,61.76,61.67,61.73,54
2025.10.07,03:15,61.72,61.74,61.68,61.73,39
2025.10.07,03:30,61.72,61.82,61.71,61.75,59
2025.10.07,03:45,61.77,61.77,61.72,61.75,34
2025.10.07,04:00,61.73,61.81,61.73,61.78,68
2025.10.07,04:15,61.79,61.82,61.76,61.82,52
2025.10.07,04:30,61.80,61.89,61.80,61.86,80
2025.10.07,04:45,61.88,61.91,61.86,61.88,35
2025.10.07,05:00,61.89,61.92,61.87,61.92,36
2025.10.07,05:15,61.92,61.93,61.87,61.87,37
2025.10.07,05:30,61.86,61.88,61.83,61.87,37
2025.10.07,05:45,61.85,61.89,61.85,61.89,19
2025.10.07,06:00,61.86,61.86,61.82,61.85,24
2025.10.07,06:15,61.83,61.87,61.82,61.82,29
2025.10.07,06:30,61.83,61.84,61.77,61.77,42
2025.10.07,06:45,61.78,61.78,61.67,61.69,81
2025.10.07,07:00,61.71,61.75,61.67,61.70,62
2025.10.07,07:15,61.68,61.78,61.68,61.76,64
2025.10.07,07:30,61.74,61.86,61.74,61.83,92
2025.10.07,07:45,61.82,61.95,61.82,61.90,111
2025.10.07,08:00,61.90,61.95,61.88,61.89,107
2025.10.07,08:15,61.88,61.95,61.81,61.93,114
2025.10.07,08:30,61.94,62.03,61.89,61.91,145
2025.10.07,08:45,61.90,61.94,61.76,61.82,188
2025.10.07,09:00,61.81,61.88,61.73,61.84,263
2025.10.07,09:15,61.81,61.84,61.61,61.64,267
2025.10.07,09:30,61.63,61.66,61.48,61.59,266
2025.10.07,09:45,61.57,61.74,61.54,61.64,233
2025.10.07,10:00,61.63,61.89,61.59,61.80,325
2025.10.07,10:15,61.80,61.89,61.76,61.84,379
2025.10.07,10:30,61.82,61.84,61.55,61.61,333
2025.10.07,10:45,61.60,61.63,61.46,61.47,241
2025.10.07,11:00,61.49,61.50,61.32,61.37,317
2025.10.07,11:15,61.38,61.41,61.28,61.30,232
2025.10.07,11:30,61.28,61.53,61.25,61.50,335
2025.10.07,11:45,61.52,61.57,61.37,61.53,246
2025.10.07,12:00,61.51,61.65,61.44,61.52,185
2025.10.07,12:15,61.50,61.59,61.46,61.58,142
2025.10.07,12:30,61.57,61.61,61.47,61.59,201
2025.10.07,12:45,61.60,61.71,61.56,61.58,125
2025.10.07,13:00,61.57,61.82,61.55,61.69,257
2025.10.07,13:15,61.70,61.78,61.70,61.75,184
2025.10.07,13:30,61.75,61.77,61.59,61.63,168
2025.10.07,13:45,61.63,61.82,61.57,61.70,239
2025.10.07,14:00,61.72,61.77,61.59,61.71,247
2025.10.07,14:15,61.68,61.79,61.56,61.60,269
2025.10.07,14:30,61.62,61.63,61.34,61.39,334
2025.10.07,14:45,61.40,61.46,61.30,61.32,261
2025.10.07,15:00,61.31,61.32,60.71,61.16,1071
2025.10.07,15:15,61.16,61.45,61.15,61.40,536
2025.10.07,15:30,61.38,61.78,61.33,61.74,801
2025.10.07,15:45,61.72,61.87,61.65,61.66,503
2025.10.07,16:00,61.68,61.71,61.27,61.34,537
2025.10.07,16:15,61.34,61.39,61.17,61.25,519
2025.10.07,16:30,61.26,61.47,61.22,61.37,498
2025.10.07,16:45,61.34,61.67,61.34,61.60,535
2025.10.07,17:00,61.59,61.67,61.40,61.48,434
2025.10.07,17:15,61.47,61.64,61.46,61.61,452
2025.10.07,17:30,61.60,61.79,61.57,61.70,445
2025.10.07,17:45,61.71,61.72,61.44,61.53,402
2025.10.07,18:00,61.54,61.61,61.43,61.50,413
2025.10.07,18:15,61.49,61.50,61.36,61.40,320
2025.10.07,18:30,61.40,61.52,61.35,61.41,338
2025.10.07,18:45,61.40,61.49,61.39,61.43,219
2025.10.07,19:00,61.46,61.50,61.39,61.44,199
2025.10.07,19:15,61.45,61.49,61.38,61.45,216
2025.10.07,19:30,61.44,61.57,61.44,61.57,217
2025.10.07,19:45,61.54,61.71,61.51,61.52,227
2025.10.07,20:00,61.52,61.64,61.50,61.58,230
2025.10.07,20:15,61.56,61.79,61.55,61.72,368
2025.10.07,20:30,61.72,61.91,61.70,61.85,172
2025.10.07,20:45,61.84,61.98,61.84,61.97,118
2025.10.07,21:00,61.97,62.03,61.92,61.94,109
2025.10.07,21:15,61.92,61.99,61.92,61.99,77
2025.10.07,21:30,62.00,62.05,61.97,62.05,67
2025.10.07,21:45,62.03,62.09,62.03,62.07,62
2025.10.07,22:00,62.08,62.08,61.99,62.01,81
2025.10.07,22:15,62.01,62.04,61.98,62.00,57
2025.10.07,22:30,61.99,62.09,61.99,62.04,78
2025.10.07,22:45,62.07,62.10,62.01,62.03,86
2025.10.08,00:00,62.04,62.19,62.04,62.18,79
2025.10.08,00:15,62.16,62.18,62.08,62.09,38
2025.10.08,00:30,62.11,62.16,62.09,62.16,20
2025.10.08,00:45,62.13,62.16,62.11,62.16,22
2025.10.08,01:00,62.15,62.16,62.11,62.12,25
2025.10.08,01:15,62.11,62.15,62.11,62.13,17
2025.10.08,01:30,62.13,62.14,62.10,62.13,33
2025.10.08,01:45,62.11,62.16,62.11,62.12,20
2025.10.08,02:00,62.14,62.14,62.05,62.10,137
2025.10.08,02:15,62.09,62.17,62.09,62.14,32
2025.10.08,02:30,62.13,62.18,62.13,62.14,46
2025.10.08,02:45,62.14,62.20,62.14,62.17,37
2025.10.08,03:00,62.17,62.17,62.13,62.14,40
2025.10.08,03:15,62.14,62.23,62.14,62.22,48
2025.10.08,03:30,62.24,62.25,62.18,62.20,54
2025.10.08,03:45,62.21,62.24,62.19,62.19,45
2025.10.08,04:00,62.22,62.24,62.19,62.24,32
2025.10.08,04:15,62.25,62.33,62.25,62.31,51
2025.10.08,04:30,62.28,62.31,62.26,62.26,64
2025.10.08,04:45,62.27,62.28,62.22,62.28,25
2025.10.08,05:00,62.25,62.35,62.25,62.30,51
2025.10.08,05:15,62.29,62.33,62.27,62.30,72
2025.10.08,05:30,62.27,62.29,62.21,62.26,204
2025.10.08,05:45,62.23,62.28,62.22,62.24,63
2025.10.08,06:00,62.22,62.27,62.22,62.25,48
2025.10.08,06:15,62.24,62.27,62.21,62.23,55
2025.10.08,06:30,62.22,62.24,62.16,62.20,57
2025.10.08,06:45,62.18,62.22,62.18,62.20,22
2025.10.08,07:00,62.22,62.23,62.18,62.19,20
2025.10.08,07:15,62.19,62.28,62.19,62.28,61
2025.10.08,07:30,62.26,62.30,62.24,62.25,64
2025.10.08,07:45,62.25,62.30,62.24,62.25,99
2025.10.08,08:00,62.27,62.30,62.24,62.27,107
2025.10.08,08:15,62.26,62.42,62.22,62.25,165
2025.10.08,08:30,62.22,62.39,62.22,62.34,167
2025.10.08,08:45,62.33,62.39,62.24,62.37,179
2025.10.08,09:00,62.37,62.41,62.28,62.40,257
2025.10.08,09:15,62.37,62.44,62.32,62.34,228
2025.10.08,09:30,62.36,62.38,62.22,62.26,216
2025.10.08,09:45,62.24,62.38,62.21,62.32,201
2025.10.08,10:00,62.33,62.36,62.17,62.30,295
2025.10.08,10:15,62.30,62.30,62.10,62.23,436
2025.10.08,10:30,62.24,62.34,62.16,62.30,279
2025.10.08,10:45,62.30,62.37,62.19,62.27,286
2025.10.08,11:00,62.25,62.42,62.21,62.38,241
2025.10.08,11:15,62.36,62.64,62.35,62.56,374
2025.10.08,11:30,62.56,62.61,62.48,62.56,270
2025.10.08,11:45,62.57,62.59,62.47,62.49,199
2025.10.08,12:00,62.50,62.58,62.46,62.52,208
2025.10.08,12:15,62.55,62.60,62.39,62.39,229
2025.10.08,12:30,62.38,62.45,62.27,62.42,292
2025.10.08,12:45,62.41,62.47,62.36,62.44,198
2025.10.08,13:00,62.40,62.60,62.40,62.57,169
2025.10.08,13:15,62.56,62.62,62.53,62.54,148
2025.10.08,13:30,62.54,62.62,62.52,62.55,114
2025.10.08,13:45,62.54,62.71,62.53,62.65,133
2025.10.08,14:00,62.66,62.80,62.56,62.77,349
2025.10.08,14:15,62.79,62.80,62.68,62.72,232
2025.10.08,14:30,62.71,62.79,62.70,62.71,170
2025.10.08,14:45,62.69,62.72,62.56,62.59,216
2025.10.08,15:00,62.55,62.67,62.33,62.33,476
2025.10.08,15:15,62.34,62.37,62.08,62.35,520
2025.10.08,15:30,62.35,62.47,62.26,62.34,376
2025.10.08,15:45,62.33,62.38,62.18,62.21,231
2025.10.08,16:00,62.22,62.46,62.16,62.46,381
2025.10.08,16:15,62.47,62.56,62.39,62.45,297
2025.10.08,16:30,62.40,62.49,62.10,62.37,720
2025.10.08,16:45,62.35,62.55,62.25,62.54,341
2025.10.08,17:00,62.52,62.74,62.52,62.69,400
2025.10.08,17:15,62.68,62.91,62.67,62.77,426
2025.10.08,17:30,62.80,62.88,62.63,62.77,389
2025.10.08,17:45,62.76,62.88,62.73,62.83,305
2025.10.08,18:00,62.81,62.91,62.64,62.68,231
2025.10.08,18:15,62.68,62.70,62.41,62.51,336
2025.10.08,18:30,62.49,62.64,62.47,62.56,235
2025.10.08,18:45,62.55,62.66,62.52,62.60,184
2025.10.08,19:00,62.63,62.75,62.57,62.71,166
2025.10.08,19:15,62.69,62.79,62.63,62.76,202
2025.10.08,19:30,62.77,62.77,62.62,62.65,120
2025.10.08,19:45,62.66,62.73,62.64,62.71,119
2025.10.08,20:00,62.70,62.75,62.55,62.59,203
2025.10.08,20:15,62.60,62.64,62.48,62.54,374
2025.10.08,20:30,62.56,62.62,62.51,62.52,130
2025.10.08,20:45,62.53,62.56,62.36,62.36,106
2025.10.08,21:00,62.38,62.41,62.36,62.36,79
2025.10.08,21:15,62.39,62.43,62.35,62.42,76
2025.10.08,21:30,62.39,62.42,62.35,62.37,62
2025.10.08,21:45,62.38,62.44,62.36,62.38,92
2025.10.08,22:00,62.36,62.41,62.34,62.38,39
2025.10.08,22:15,62.38,62.43,62.34,62.34,34
2025.10.08,22:30,62.39,62.40,62.34,62.39,40
2025.10.08,22:45,62.36,62.39,62.25,62.29,69
2025.10.09,00:00,62.30,62.33,62.02,62.13,153
2025.10.09,00:15,62.11,62.21,62.11,62.20,49
2025.10.09,00:30,62.19,62.23,62.16,62.18,21
2025.10.09,00:45,62.19,62.22,62.12,62.16,51
2025.10.09,01:00,62.17,62.18,61.92,61.95,147
2025.10.09,01:15,61.93,62.04,61.91,61.96,127
2025.10.09,01:30,61.97,62.00,61.91,61.94,84
2025.10.09,01:45,61.97,62.06,61.96,62.05,61
2025.10.09,02:00,62.04,62.08,61.92,61.92,188
2025.10.09,02:15,61.91,61.94,61.83,61.88,94
2025.10.09,02:30,61.90,61.96,61.88,61.92,103
2025.10.09,02:45,61.93,61.95,61.90,61.94,60
2025.10.09,03:00,61.94,62.07,61.79,61.99,671
2025.10.09,03:15,61.97,62.13,61.97,62.11,290
2025.10.09,03:30,62.11,62.16,61.98,62.07,303
2025.10.09,03:45,62.08,62.12,62.03,62.07,241
2025.10.09,04:00,62.07,62.13,62.02,62.11,280
2025.10.09,04:15,62.11,62.14,62.07,62.12,86
2025.10.09,04:30,62.12,62.16,61.95,62.04,286
2025.10.09,04:45,62.01,62.08,62.00,62.02,131
2025.10.09,05:00,62.02,62.10,62.02,62.10,120
2025.10.09,05:15,62.09,62.12,62.05,62.08,113
2025.10.09,05:30,62.06,62.17,62.06,62.13,154
2025.10.09,05:45,62.15,62.16,62.09,62.10,53
2025.10.09,06:00,62.12,62.17,62.11,62.16,59
2025.10.09,06:15,62.16,62.20,62.13,62.20,42
2025.10.09,06:30,62.19,62.20,62.13,62.14,47
2025.10.09,06:45,62.13,62.19,62.13,62.15,43
2025.10.09,07:00,62.16,62.27,62.16,62.23,73
2025.10.09,07:15,62.22,62.25,62.21,62.25,51
2025.10.09,07:30,62.24,62.63,62.23,62.60,464
2025.10.09,07:45,62.60,62.63,62.49,62.60,370
2025.10.09,08:00,62.61,62.62,62.46,62.47,220
2025.10.09,08:15,62.47,62.56,62.41,62.50,224
2025.10.09,08:30,62.51,62.59,62.48,62.56,186
2025.10.09,08:45,62.56,62.63,62.51,62.61,267
2025.10.09,09:00,62.60,62.65,62.53,62.64,254
2025.10.09,09:15,62.61,62.75,62.61,62.71,199
2025.10.09,09:30,62.73,62.76,62.64,62.67,144
2025.10.09,09:45,62.66,62.73,62.57,62.73,185
2025.10.09,10:00,62.69,62.82,62.62,62.66,264
2025.10.09,10:15,62.67,62.71,62.48,62.48,436
2025.10.09,10:30,62.51,62.75,62.51,62.65,335
2025.10.09,10:45,62.63,62.78,62.62,62.69,212
2025.10.09,11:00,62.71,62.80,62.66,62.80,259
2025.10.09,11:15,62.80,62.86,62.60,62.61,300
2025.10.09,11:30,62.62,62.64,62.34,62.35,387
2025.10.09,11:45,62.38,62.54,62.32,62.37,294
2025.10.09,12:00,62.37,62.40,62.07,62.11,427
2025.10.09,12:15,62.12,62.23,62.04,62.15,250
2025.10.09,12:30,62.12,62.22,62.10,62.16,196
2025.10.09,12:45,62.17,62.21,62.10,62.14,170
2025.10.09,13:00,62.15,62.32,62.13,62.31,297
2025.10.09,13:15,62.31,62.34,62.23,62.29,216
2025.10.09,13:30,62.32,62.35,62.22,62.32,175
2025.10.09,13:45,62.33,62.46,62.22,62.25,213
2025.10.09,14:00,62.24,62.30,62.15,62.30,268
2025.10.09,14:15,62.30,62.46,62.28,62.42,280
2025.10.09,14:30,62.45,62.63,62.39,62.58,298
2025.10.09,14:45,62.58,62.62,62.44,62.55,270
2025.10.09,15:00,62.57,62.84,62.53,62.81,449
2025.10.09,15:15,62.81,62.81,62.58,62.62,378
2025.10.09,15:30,62.61,62.69,62.42,62.57,427
2025.10.09,15:45,62.56,62.62,62.23,62.27,524
2025.10.09,16:00,62.26,62.57,62.19,62.41,612
2025.10.09,16:15,62.40,62.44,62.19,62.31,517
2025.10.09,16:30,62.28,62.35,62.06,62.32,548
2025.10.09,16:45,62.34,62.37,62.18,62.27,391
2025.10.09,17:00,62.26,62.46,62.15,62.28,470
2025.10.09,17:15,62.30,62.41,62.15,62.17,522
2025.10.09,17:30,62.15,62.30,62.13,62.17,455
2025.10.09,17:45,62.16,62.20,61.88,61.90,445
2025.10.09,18:00,61.90,62.07,61.89,62.01,342
2025.10.09,18:15,62.02,62.02,61.79,61.83,261
2025.10.09,18:30,61.81,61.87,61.61,61.66,371
2025.10.09,18:45,61.63,61.66,61.37,61.42,410
2025.10.09,19:00,61.42,61.54,61.39,61.39,334
2025.10.09,19:15,61.40,61.47,61.29,61.29,261
2025.10.09,19:30,61.30,61.39,61.23,61.35,254
2025.10.09,19:45,61.36,61.45,61.28,61.44,199
2025.10.09,20:00,61.43,61.47,61.37,61.40,273
2025.10.09,20:15,61.41,61.55,61.40,61.55,366
2025.10.09,20:30,61.53,61.55,61.35,61.41,238
2025.10.09,20:45,61.38,61.44,61.30,61.34,108
2025.10.09,21:00,61.35,61.36,61.23,61.30,123
2025.10.09,21:15,61.29,61.36,61.28,61.34,100
2025.10.09,21:30,61.33,61.51,61.33,61.45,143
2025.10.09,21:45,61.45,61.48,61.41,61.43,83
2025.10.09,22:00,61.45,61.48,61.42,61.45,68
2025.10.09,22:15,61.42,61.45,61.40,61.41,29
2025.10.09,22:30,61.43,61.48,61.41,61.46,47
2025.10.09,22:45,61.49,61.55,61.46,61.50,71
2025.10.10,00:00,61.49,61.52,61.43,61.44,95
2025.10.10,00:15,61.43,61.51,61.43,61.51,45
2025.10.10,00:30,61.49,61.51,61.47,61.50,37
2025.10.10,00:45,61.48,61.52,61.48,61.50,51
2025.10.10,01:00,61.53,61.59,61.51,61.55,58
2025.10.10,01:15,61.57,61.59,61.56,61.56,28
2025.10.10,01:30,61.57,61.63,61.57,61.59,56
2025.10.10,01:45,61.60,61.61,61.55,61.58,36
2025.10.10,02:00,61.57,61.62,61.50,61.59,114
2025.10.10,02:15,61.59,61.63,61.53,61.59,77
2025.10.10,02:30,61.62,61.64,61.57,61.62,68
2025.10.10,02:45,61.60,61.65,61.59,61.65,65
2025.10.10,03:00,61.64,61.67,61.51,61.55,183
2025.10.10,03:15,61.56,61.59,61.51,61.51,101
2025.10.10,03:30,61.53,61.58,61.43,61.48,150
2025.10.10,03:45,61.50,61.62,61.48,61.57,104
2025.10.10,04:00,61.57,61.60,61.53,61.59,119
2025.10.10,04:15,61.57,61.60,61.54,61.59,50
2025.10.10,04:30,61.58,61.63,61.53,61.56,90
2025.10.10,04:45,61.54,61.56,61.44,61.52,125
2025.10.10,05:00,61.49,61.52,61.42,61.45,159
2025.10.10,05:15,61.44,61.49,61.42,61.45,106
2025.10.10,05:30,61.47,61.52,61.39,61.41,109
2025.10.10,05:45,61.42,61.44,61.36,61.36,43
2025.10.10,06:00,61.37,61.38,61.32,61.34,42
2025.10.10,06:15,61.33,61.34,61.26,61.28,52
2025.10.10,06:30,61.26,61.30,61.24,61.28,26
2025.10.10,06:45,61.25,61.29,61.21,61.21,27
2025.10.10,07:00,61.23,61.30,61.21,61.27,33
2025.10.10,07:15,61.28,61.38,61.25,61.35,63
2025.10.10,07:30,61.33,61.39,61.30,61.37,148
2025.10.10,07:45,61.34,61.39,61.30,61.37,137
2025.10.10,08:00,61.37,61.39,61.19,61.27,164
2025.10.10,08:15,61.28,61.42,61.21,61.24,237
2025.10.10,08:30,61.23,61.32,61.11,61.25,263
2025.10.10,08:45,61.24,61.27,61.11,61.14,313
2025.10.10,09:00,61.14,61.14,61.01,61.05,345
2025.10.10,09:15,61.07,61.25,61.03,61.21,255
2025.10.10,09:30,61.21,61.28,61.13,61.25,260
2025.10.10,09:45,61.22,61.34,61.18,61.24,264
2025.10.10,10:00,61.24,61.47,61.22,61.44,338
2025.10.10,10:15,61.43,61.48,61.29,61.36,397
2025.10.10,10:30,61.34,61.48,61.10,61.19,367
2025.10.10,10:45,61.18,61.33,61.15,61.25,212
2025.10.10,11:00,61.24,61.26,61.05,61.16,411
2025.10.10,11:15,61.16,61.17,60.96,61.10,300
2025.10.10,11:30,61.09,61.30,61.00,61.22,323
2025.10.10,11:45,61.21,61.24,61.12,61.14,134
2025.10.10,12:00,61.12,61.16,60.91,60.91,244
2025.10.10,12:15,60.93,60.94,60.71,60.73,247
2025.10.10,12:30,60.70,60.83,60.66,60.74,300
2025.10.10,12:45,60.75,60.79,60.67,60.67,188
2025.10.10,13:00,60.69,60.77,60.67,60.76,197
2025.10.10,13:15,60.75,60.90,60.74,60.79,230
2025.10.10,13:30,60.77,60.82,60.65,60.67,193
2025.10.10,13:45,60.68,60.71,60.60,60.65,185
2025.10.10,14:00,60.64,60.67,60.44,60.48,354
2025.10.10,14:15,60.49,60.66,60.47,60.63,264
2025.10.10,14:30,60.64,60.65,60.46,60.51,310
2025.10.10,14:45,60.50,60.57,60.14,60.27,613
2025.10.10,15:00,60.24,60.28,59.73,59.75,1000
2025.10.10,15:15,59.78,59.95,59.55,59.94,866
2025.10.10,15:30,59.94,60.34,59.82,60.21,968
2025.10.10,15:45,60.22,60.34,60.14,60.17,723
2025.10.10,16:00,60.19,60.27,59.87,59.90,663
2025.10.10,16:15,59.87,60.06,59.79,59.85,569
2025.10.10,16:30,59.85,60.07,59.81,60.02,499
2025.10.10,16:45,60.06,60.51,60.03,60.09,919
2025.10.10,17:00,60.11,60.13,59.65,59.78,1647
2025.10.10,17:15,59.77,59.80,59.25,59.30,1165
2025.10.10,17:30,59.31,59.51,59.13,59.51,884
2025.10.10,17:45,59.51,59.62,58.89,58.91,923
2025.10.10,18:00,58.91,59.13,58.68,58.97,895
2025.10.10,18:15,58.95,59.03,58.81,58.97,745
2025.10.10,18:30,58.98,59.07,58.88,58.96,672
2025.10.10,18:45,58.96,59.10,58.84,58.89,577
2025.10.10,19:00,58.91,59.08,58.88,59.05,412
2025.10.10,19:15,59.07,59.07,58.85,58.90,408
2025.10.10,19:30,58.92,59.04,58.87,58.96,380
2025.10.10,19:45,58.94,59.10,58.89,58.94,454
2025.10.10,20:00,58.92,58.96,58.68,58.80,448
2025.10.10,20:15,58.81,58.94,58.77,58.93,523
2025.10.10,20:30,58.91,58.92,58.70,58.85,302
2025.10.10,20:45,58.87,58.87,58.74,58.76,205
2025.10.10,21:00,58.76,58.95,58.76,58.86,255
2025.10.10,21:15,58.85,58.90,58.76,58.78,170
2025.10.10,21:30,58.80,58.86,58.75,58.84,172
2025.10.10,21:45,58.83,58.95,58.77,58.83,254
2025.10.13,00:00,59.10,59.81,58.97,59.29,1349
2025.10.13,00:15,59.30,59.71,59.30,59.58,406
2025.10.13,00:30,59.57,59.59,59.34,59.36,256
2025.10.13,00:45,59.37,59.39,59.26,59.31,199
2025.10.13,01:00,59.31,59.48,59.20,59.45,250
2025.10.13,01:15,59.46,59.51,59.41,59.48,142
2025.10.13,01:30,59.49,59.57,59.46,59.54,125
2025.10.13,01:45,59.54,59.63,59.50,59.59,133
2025.10.13,02:00,59.59,59.69,59.37,59.45,308
2025.10.13,02:15,59.48,59.63,59.43,59.63,232
2025.10.13,02:30,59.64,59.79,59.59,59.77,187
2025.10.13,02:45,59.80,59.81,59.66,59.69,175
2025.10.13,03:00,59.70,59.81,59.58,59.76,663
2025.10.13,03:15,59.74,59.86,59.66,59.77,389
2025.10.13,03:30,59.78,59.90,59.78,59.88,282
2025.10.13,03:45,59.90,59.97,59.83,59.90,281
2025.10.13,04:00,59.88,59.97,59.86,59.95,230
2025.10.13,04:15,59.92,59.95,59.86,59.90,123
2025.10.13,04:30,59.90,60.00,59.89,59.94,177
2025.10.13,04:45,59.93,59.98,59.79,59.81,198
2025.10.13,05:00,59.80,59.89,59.77,59.85,129
2025.10.13,05:15,59.88,59.91,59.82,59.82,154
2025.10.13,05:30,59.83,59.83,59.72,59.77,175
2025.10.13,05:45,59.74,59.76,59.66,59.69,157
2025.10.13,06:00,59.72,59.78,59.69,59.76,57
2025.10.13,06:15,59.75,59.79,59.70,59.72,80
2025.10.13,06:30,59.72,59.74,59.67,59.68,81
2025.10.13,06:45,59.69,59.69,59.62,59.63,43
2025.10.13,07:00,59.62,59.79,59.60,59.79,89
2025.10.13,07:15,59.76,59.82,59.72,59.72,75
2025.10.13,07:30,59.73,59.80,59.67,59.72,262
2025.10.13,07:45,59.73,59.82,59.67,59.78,230
2025.10.13,08:00,59.76,59.81,59.67,59.78,326
2025.10.13,08:15,59.77,59.81,59.70,59.71,229
2025.10.13,08:30,59.72,59.83,59.67,59.76,270
2025.10.13,08:45,59.77,59.86,59.73,59.83,319
2025.10.13,09:00,59.81,59.81,59.57,59.75,438
2025.10.13,09:15,59.74,59.92,59.72,59.81,317
2025.10.13,09:30,59.83,59.89,59.76,59.79,280
2025.10.13,09:45,59.80,59.85,59.71,59.75,259
2025.10.13,10:00,59.75,59.92,59.68,59.89,458
2025.10.13,10:15,59.88,59.94,59.64,59.68,530
2025.10.13,10:30,59.68,59.80,59.63,59.76,380
2025.10.13,10:45,59.76,60.03,59.73,60.00,355
2025.10.13,11:00,60.01,60.06,59.85,59.98,268
2025.10.13,11:15,59.97,60.07,59.94,59.96,266
2025.10.13,11:30,59.96,60.04,59.91,60.03,260
2025.10.13,11:45,60.00,60.16,60.00,60.09,245
2025.10.13,12:00,60.08,60.10,59.93,60.03,281
2025.10.13,12:15,60.01,60.15,59.90,59.91,284
2025.10.13,12:30,59.90,59.99,59.84,59.89,293
2025.10.13,12:45,59.88,60.03,59.85,59.96,229
2025.10.13,13:00,59.94,60.11,59.84,59.86,481
2025.10.13,13:15,59.87,59.96,59.86,59.90,218
2025.10.13,13:30,59.88,59.99,59.83,59.84,267
2025.10.13,13:45,59.86,59.89,59.66,59.76,326
2025.10.13,14:00,59.76,59.82,59.59,59.60,345
2025.10.13,14:15,59.60,59.66,59.31,59.35,442
2025.10.13,14:30,59.37,59.53,59.34,59.47,365
2025.10.13,14:45,59.46,59.57,59.36,59.36,403
2025.10.13,15:00,59.39,59.55,59.30,59.43,623
2025.10.13,15:15,59.44,59.69,59.43,59.58,461
2025.10.13,15:30,59.57,59.59,59.19,59.25,755
2025.10.13,15:45,59.26,59.79,59.19,59.76,640
2025.10.13,16:00,59.77,59.86,59.68,59.79,561
2025.10.13,16:15,59.79,60.01,59.71,59.97,507
2025.10.13,16:30,59.98,60.08,59.78,59.92,497
2025.10.13,16:45,59.92,59.97,59.83,59.95,555
2025.10.13,17:00,59.95,60.01,59.64,59.87,541
2025.10.13,17:15,59.86,59.93,59.54,59.57,466
2025.10.13,17:30,59.59,59.70,59.43,59.50,404
2025.10.13,17:45,59.52,59.52,59.40,59.48,378
2025.10.13,18:00,59.44,59.64,59.44,59.62,390
2025.10.13,18:15,59.60,59.69,59.53,59.59,341
2025.10.13,18:30,59.56,59.63,59.53,59.60,192
2025.10.13,18:45,59.62,59.70,59.56,59.66,246
2025.10.13,19:00,59.67,59.73,59.60,59.67,244
2025.10.13,19:15,59.66,59.77,59.64,59.70,146
2025.10.13,19:30,59.71,59.81,59.70,59.78,155
2025.10.13,19:45,59.75,59.77,59.64,59.72,184
2025.10.13,20:00,59.72,59.73,59.65,59.71,212
2025.10.13,20:15,59.70,59.71,59.43,59.48,528
2025.10.13,20:30,59.47,59.62,59.41,59.54,244
2025.10.13,20:45,59.55,59.55,59.43,59.44,70
2025.10.13,21:00,59.44,59.62,59.44,59.61,74
2025.10.13,21:15,59.62,59.70,59.60,59.67,69
2025.10.13,21:30,59.68,59.72,59.65,59.66,57
2025.10.13,21:45,59.65,59.67,59.61,59.66,56
2025.10.13,22:00,59.66,59.72,59.61,59.70,83
2025.10.13,22:15,59.68,59.69,59.53,59.56,91
2025.10.13,22:30,59.57,59.62,59.55,59.56,57
2025.10.13,22:45,59.58,59.62,59.48,59.54,136
2025.10.14,00:00,59.55,59.64,59.53,59.61,58
2025.10.14,00:15,59.62,59.64,59.59,59.59,22
2025.10.14,00:30,59.62,59.66,59.60,59.66,39
2025.10.14,00:45,59.64,59.66,59.63,59.66,25
2025.10.14,01:00,59.66,59.66,59.61,59.64,13
2025.10.14,01:15,59.62,59.66,59.62,59.63,9
2025.10.14,01:30,59.65,59.66,59.62,59.64,30
2025.10.14,01:45,59.62,59.65,59.62,59.64,13
2025.10.14,02:00,59.64,59.71,59.62,59.68,91
2025.10.14,02:15,59.68,59.78,59.68,59.78,67
2025.10.14,02:30,59.75,59.79,59.72,59.74,61
2025.10.14,02:45,59.73,59.79,59.68,59.77,48
2025.10.14,03:00,59.75,59.79,59.65,59.70,252
2025.10.14,03:15,59.68,59.74,59.68,59.69,133
2025.10.14,03:30,59.72,59.81,59.71,59.78,143
2025.10.14,03:45,59.77,59.77,59.67,59.70,200
2025.10.14,04:00,59.68,59.74,59.65,59.67,181
2025.10.14,04:15,59.70,59.75,59.66,59.68,89
2025.10.14,04:30,59.66,59.70,59.61,59.67,250
2025.10.14,04:45,59.66,59.69,59.60,59.61,187
2025.10.14,05:00,59.62,59.67,59.57,59.64,161
2025.10.14,05:15,59.67,59.67,59.60,59.66,163
2025.10.14,05:30,59.67,59.71,59.65,59.66,82
2025.10.14,05:45,59.66,59.72,59.66,59.69,45
2025.10.14,06:00,59.70,59.71,59.65,59.69,72
2025.10.14,06:15,59.68,59.68,59.42,59.43,172
2025.10.14,06:30,59.46,59.54,59.43,59.52,122
2025.10.14,06:45,59.50,59.52,59.46,59.49,88
2025.10.14,07:00,59.50,59.50,59.41,59.47,176
2025.10.14,07:15,59.47,59.49,59.41,59.45,91
2025.10.14,07:30,59.44,59.45,59.17,59.23,445
2025.10.14,07:45,59.24,59.34,59.09,59.15,424
2025.10.14,08:00,59.12,59.36,59.06,59.33,345
2025.10.14,08:15,59.36,59.39,59.18,59.24,268
2025.10.14,08:30,59.25,59.27,59.07,59.12,287
2025.10.14,08:45,59.09,59.15,59.01,59.05,280
2025.10.14,09:00,59.04,59.07,58.81,58.90,443
2025.10.14,09:15,58.87,58.98,58.72,58.76,383
2025.10.14,09:30,58.75,58.77,58.44,58.49,626
2025.10.14,09:45,58.50,58.67,58.38,58.65,552
2025.10.14,10:00,58.63,58.68,58.26,58.46,718
2025.10.14,10:15,58.43,58.59,58.34,58.40,465
2025.10.14,10:30,58.42,58.42,58.06,58.18,609
2025.10.14,10:45,58.15,58.42,58.09,58.29,573
2025.10.14,11:00,58.26,58.27,58.12,58.19,478
2025.10.14,11:15,58.20,58.25,57.98,58.25,390
2025.10.14,11:30,58.23,58.37,58.06,58.12,436
2025.10.14,11:45,58.12,58.41,58.08,58.31,400
2025.10.14,12:00,58.33,58.42,58.14,58.16,361
2025.10.14,12:15,58.16,58.30,58.09,58.18,324
2025.10.14,12:30,58.19,58.19,57.71,57.76,569
2025.10.14,12:45,57.73,57.80,57.66,57.75,422
2025.10.14,13:00,57.77,58.08,57.77,58.02,480
2025.10.14,13:15,58.03,58.21,57.99,58.07,363
2025.10.14,13:30,58.04,58.30,58.04,58.20,289
2025.10.14,13:45,58.18,58.33,58.17,58.26,352
2025.10.14,14:00,58.29,58.37,58.15,58.18,396
2025.10.14,14:15,58.17,58.18,58.02,58.07,310
2025.10.14,14:30,58.07,58.24,58.01,58.18,430
2025.10.14,14:45,58.17,58.21,57.96,58.06,384
2025.10.14,15:00,58.08,58.37,58.04,58.23,776
2025.10.14,15:15,58.22,58.58,58.21,58.54,578
2025.10.14,15:30,58.54,58.71,58.17,58.21,1013
2025.10.14,15:45,58.21,58.46,58.20,58.37,811
2025.10.14,16:00,58.36,58.40,58.10,58.27,764
2025.10.14,16:15,58.26,58.47,58.24,58.27,577
2025.10.14,16:30,58.27,58.53,58.23,58.24,418
2025.10.14,16:45,58.25,58.47,58.23,58.27,545
2025.10.14,17:00,58.28,58.39,58.21,58.31,587
2025.10.14,17:15,58.28,58.43,58.15,58.24,551
2025.10.14,17:30,58.21,58.25,58.00,58.17,753
2025.10.14,17:45,58.20,58.61,58.18,58.52,724
2025.10.14,18:00,58.49,58.66,58.47,58.57,422
2025.10.14,18:15,58.56,58.77,58.50,58.66,345
2025.10.14,18:30,58.68,58.85,58.66,58.70,406
2025.10.14,18:45,58.71,58.85,58.66,58.68,289
2025.10.14,19:00,58.69,58.82,58.68,58.76,191
2025.10.14,19:15,58.78,58.91,58.75,58.87,268
2025.10.14,19:30,58.88,58.97,58.77,58.92,283
2025.10.14,19:45,58.89,58.93,58.76,58.79,349
2025.10.14,20:00,58.80,58.84,58.60,58.72,375
2025.10.14,20:15,58.75,58.80,58.65,58.69,347
2025.10.14,20:30,58.70,58.81,58.69,58.75,172
2025.10.14,20:45,58.73,58.87,58.73,58.80,115
2025.10.14,21:00,58.83,58.85,58.66,58.69,68
2025.10.14,21:15,58.70,58.74,58.68,58.69,66
2025.10.14,21:30,58.71,58.71,58.35,58.37,523
2025.10.14,21:45,58.38,58.46,58.36,58.44,290
2025.10.14,22:00,58.41,58.52,58.41,58.46,169
2025.10.14,22:15,58.47,58.64,58.47,58.63,69
2025.10.14,22:30,58.66,58.70,58.63,58.64,56
2025.10.14,22:45,58.66,58.68,58.54,58.57,104
2025.10.15,00:00,58.20,58.37,58.17,58.31,98
2025.10.15,00:15,58.31,58.33,58.27,58.27,64
2025.10.15,00:30,58.28,58.31,58.22,58.26,44
2025.10.15,00:45,58.25,58.28,58.25,58.26,13
2025.10.15,01:00,58.27,58.29,58.21,58.26,32
2025.10.15,01:15,58.24,58.32,58.24,58.30,35
2025.10.15,01:30,58.30,58.31,58.26,58.28,19
2025.10.15,01:45,58.28,58.29,58.21,58.21,50
2025.10.15,02:00,58.23,58.24,58.16,58.21,143
2025.10.15,02:15,58.21,58.21,58.13,58.18,84
2025.10.15,02:30,58.16,58.23,58.13,58.23,98
2025.10.15,02:45,58.23,58.24,58.18,58.22,38
2025.10.15,03:00,58.21,58.25,58.16,58.20,208
2025.10.15,03:15,58.20,58.26,58.18,58.20,149
2025.10.15,03:30,58.21,58.21,58.10,58.16,170
2025.10.15,03:45,58.15,58.23,58.14,58.21,162
2025.10.15,04:00,58.22,58.24,58.18,58.22,209
2025.10.15,04:15,58.22,58.31,58.21,58.25,86
2025.10.15,04:30,58.28,58.28,58.10,58.11,215
2025.10.15,04:45,58.13,58.14,58.02,58.02,171
2025.10.15,05:00,58.05,58.05,57.93,58.00,237
2025.10.15,05:15,57.99,58.10,57.97,58.06,121
2025.10.15,05:30,58.06,58.24,58.06,58.18,177
2025.10.15,05:45,58.16,58.18,58.06,58.07,105
2025.10.15,06:00,58.07,58.10,58.02,58.06,186
2025.10.15,06:15,58.09,58.13,58.07,58.13,41
2025.10.15,06:30,58.12,58.14,58.08,58.10,64
2025.10.15,06:45,58.12,58.12,58.07,58.08,70
2025.10.15,07:00,58.08,58.21,58.08,58.19,132
2025.10.15,07:15,58.22,58.22,58.13,58.15,122
2025.10.15,07:30,58.14,58.15,58.08,58.13,240
2025.10.15,07:45,58.13,58.21,58.09,58.17,177
2025.10.15,08:00,58.15,58.32,58.13,58.30,186
2025.10.15,08:15,58.32,58.41,58.25,58.28,268
2025.10.15,08:30,58.25,58.32,58.18,58.24,212
2025.10.15,08:45,58.22,58.38,58.22,58.33,252
2025.10.15,09:00,58.33,58.33,58.10,58.13,284
2025.10.15,09:15,58.14,58.21,58.03,58.13,221
2025.10.15,09:30,58.12,58.26,58.06,58.24,265
2025.10.15,09:45,58.23,58.29,58.16,58.23,206
2025.10.15,10:00,58.24,58.37,58.22,58.34,366
2025.10.15,10:15,58.34,58.44,58.30,58.31,416
2025.10.15,10:30,58.31,58.39,58.15,58.16,301
2025.10.15,10:45,58.16,58.23,58.08,58.19,264
2025.10.15,11:00,58.22,58.38,58.19,58.27,342
2025.10.15,11:15,58.27,58.32,58.18,58.26,254
2025.10.15,11:30,58.25,58.29,58.08,58.13,298
2025.10.15,11:45,58.14,58.28,58.11,58.25,252
2025.10.15,12:00,58.24,58.36,58.21,58.35,202
2025.10.15,12:15,58.35,58.37,58.23,58.26,230
2025.10.15,12:30,58.27,58.27,58.12,58.14,275
2025.10.15,12:45,58.16,58.30,58.13,58.27,178
2025.10.15,13:00,58.24,58.27,58.14,58.18,207
2025.10.15,13:15,58.20,58.33,58.16,58.31,208
2025.10.15,13:30,58.33,58.43,58.30,58.32,210
2025.10.15,13:45,58.31,58.41,58.23,58.35,266
2025.10.15,14:00,58.38,58.58,58.31,58.57,290
2025.10.15,14:15,58.56,58.72,58.55,58.64,437
2025.10.15,14:30,58.64,58.68,58.50,58.54,304
2025.10.15,14:45,58.56,58.91,58.53,58.84,487
2025.10.15,15:00,58.81,58.84,58.62,58.71,593
2025.10.15,15:15,58.69,58.77,58.57,58.63,410
2025.10.15,15:30,58.66,58.75,58.47,58.49,657
2025.10.15,15:45,58.51,58.57,58.33,58.40,642
2025.10.15,16:00,58.41,58.49,58.39,58.45,492
2025.10.15,16:15,58.43,58.47,58.33,58.35,402
2025.10.15,16:30,58.34,58.48,58.31,58.46,451
2025.10.15,16:45,58.46,58.47,58.16,58.20,412
2025.10.15,17:00,58.18,58.25,57.93,57.94,567
2025.10.15,17:15,57.96,58.05,57.84,57.97,657
2025.10.15,17:30,57.99,58.03,57.85,57.96,518
2025.10.15,17:45,57.97,58.05,57.89,57.95,421
2025.10.15,18:00,57.95,58.02,57.77,57.90,460
2025.10.15,18:15,57.91,57.93,57.76,57.84,376
2025.10.15,18:30,57.85,57.87,57.76,57.85,349
2025.10.15,18:45,57.88,58.09,57.84,58.08,235
2025.10.15,19:00,58.07,58.13,57.84,57.86,397
2025.10.15,19:15,57.87,57.97,57.79,57.88,432
2025.10.15,19:30,57.88,58.03,57.87,57.99,357
2025.10.15,19:45,57.97,57.99,57.88,57.91,277
2025.10.15,20:00,57.91,57.94,57.85,57.93,340
2025.10.15,20:15,57.94,57.94,57.75,57.83,371
2025.10.15,20:30,57.83,58.02,57.80,57.99,260
2025.10.15,20:45,58.00,58.13,57.99,58.11,161
2025.10.15,21:00,58.10,58.12,58.04,58.10,115
2025.10.15,21:15,58.10,58.20,58.07,58.17,115
2025.10.15,21:30,58.17,58.17,58.02,58.04,95
2025.10.15,21:45,58.03,58.06,57.98,58.02,87
2025.10.15,22:00,58.02,58.16,58.00,58.12,191
2025.10.15,22:15,58.09,58.31,58.09,58.25,178
2025.10.15,22:30,58.24,58.35,58.21,58.27,330
2025.10.15,22:45,58.25,58.33,58.24,58.30,134
2025.10.16,00:00,58.25,58.38,58.25,58.30,95
2025.10.16,00:15,58.28,58.35,58.28,58.29,40
2025.10.16,00:30,58.28,58.31,58.21,58.21,43
2025.10.16,00:45,58.23,58.23,58.18,58.19,32
2025.10.16,01:00,58.20,58.20,58.13,58.13,67
2025.10.16,01:15,58.12,58.17,58.11,58.15,49
2025.10.16,01:30,58.14,58.16,58.07,58.16,51
2025.10.16,01:45,58.15,58.23,58.14,58.20,45
2025.10.16,02:00,58.20,58.52,58.19,58.50,197
2025.10.16,02:15,58.50,58.51,58.34,58.37,115
2025.10.16,02:30,58.34,58.36,58.27,58.34,146
2025.10.16,02:45,58.35,58.36,58.29,58.32,65
2025.10.16,03:00,58.33,58.39,58.24,58.28,261
2025.10.16,03:15,58.29,58.31,58.19,58.20,138
2025.10.16,03:30,58.20,58.27,58.19,58.27,188
2025.10.16,03:45,58.24,58.30,58.22,58.24,105
2025.10.16,04:00,58.23,58.30,58.23,58.25,112
2025.10.16,04:15,58.26,58.30,58.23,58.26,106
2025.10.16,04:30,58.25,58.27,58.17,58.21,146
2025.10.16,04:45,58.20,58.24,58.17,58.24,117
2025.10.16,05:00,58.23,58.27,58.19,58.25,93
2025.10.16,05:15,58.24,58.33,58.22,58.26,197
2025.10.16,05:30,58.23,58.30,58.21,58.28,164
2025.10.16,05:45,58.27,58.38,58.24,58.37,136
2025.10.16,06:00,58.37,58.40,58.32,58.38,96
2025.10.16,06:15,58.38,58.39,58.32,58.32,52
2025.10.16,06:30,58.33,58.37,58.31,58.35,61
2025.10.16,06:45,58.33,58.36,58.32,58.35,46
2025.10.16,07:00,58.33,58.39,58.28,58.31,81
2025.10.16,07:15,58.30,58.32,58.15,58.18,128
2025.10.16,07:30,58.20,58.31,58.16,58.27,203
2025.10.16,07:45,58.28,58.31,58.19,58.29,176
2025.10.16,08:00,58.27,58.33,58.25,58.25,151
2025.10.16,08:15,58.25,58.36,58.23,58.34,147
2025.10.16,08:30,58.34,58.44,58.30,58.34,202
2025.10.16,08:45,58.37,58.38,58.30,58.34,200
2025.10.16,09:00,58.35,58.37,58.26,58.30,321
2025.10.16,09:15,58.32,58.42,58.20,58.36,260
2025.10.16,09:30,58.36,58.46,58.31,58.36,310
2025.10.16,09:45,58.37,58.61,58.36,58.53,387
2025.10.16,10:00,58.54,58.57,58.23,58.31,463
2025.10.16,10:15,58.33,58.33,58.19,58.25,445
2025.10.16,10:30,58.28,58.37,58.23,58.28,373
2025.10.16,10:45,58.29,58.34,58.12,58.20,362
2025.10.16,11:00,58.21,58.32,58.15,58.20,352
2025.10.16,11:15,58.19,58.23,58.09,58.11,246
2025.10.16,11:30,58.09,58.22,58.01,58.10,297
2025.10.16,11:45,58.10,58.11,57.99,58.02,289
2025.10.16,12:00,58.01,58.14,57.98,58.09,351
2025.10.16,12:15,58.10,58.15,58.00,58.03,247
2025.10.16,12:30,58.04,58.22,57.99,58.16,258
2025.10.16,12:45,58.16,58.22,58.11,58.16,199
2025.10.16,13:00,58.17,58.34,58.15,58.30,231
2025.10.16,13:15,58.31,58.41,58.25,58.39,221
2025.10.16,13:30,58.40,58.46,58.28,58.29,256
2025.10.16,13:45,58.30,58.32,58.16,58.16,201
2025.10.16,14:00,58.17,58.22,58.11,58.13,230
2025.10.16,14:15,58.12,58.17,58.05,58.16,270
2025.10.16,14:30,58.16,58.22,58.07,58.17,309
2025.10.16,14:45,58.18,58.23,58.06,58.07,212
2025.10.16,15:00,58.06,58.09,57.93,58.03,460
2025.10.16,15:15,58.03,58.18,58.00,58.14,342
2025.10.16,15:30,58.11,58.20,57.86,57.90,586
2025.10.16,15:45,57.89,57.97,57.79,57.94,502
2025.10.16,16:00,57.97,57.98,57.77,57.80,526
2025.10.16,16:15,57.79,57.95,57.78,57.91,401
2025.10.16,16:30,57.88,57.93,57.76,57.80,414
2025.10.16,16:45,57.80,57.91,57.74,57.87,398
2025.10.16,17:00,57.90,58.16,57.88,58.07,550
2025.10.16,17:15,58.04,58.15,57.73,57.74,558
2025.10.16,17:30,57.77,57.78,57.24,57.33,860
2025.10.16,17:45,57.32,57.71,57.30,57.62,700
2025.10.16,18:00,57.64,57.97,57.60,57.87,1032
2025.10.16,18:15,57.85,57.86,57.67,57.71,589
2025.10.16,18:30,57.72,57.72,57.44,57.47,915
2025.10.16,18:45,57.49,57.49,57.02,57.31,1059
2025.10.16,19:00,57.30,57.43,57.05,57.17,1031
2025.10.16,19:15,57.18,57.24,56.99,57.01,803
2025.10.16,19:30,56.99,57.18,56.95,57.02,527
2025.10.16,19:45,57.02,57.02,56.88,56.92,533
2025.10.16,20:00,56.93,57.04,56.83,56.89,543
2025.10.16,20:15,56.92,57.04,56.76,57.00,667
2025.10.16,20:30,57.03,57.22,56.98,57.18,506
2025.10.16,20:45,57.19,57.20,57.00,57.11,275
2025.10.16,21:00,57.11,57.13,57.03,57.10,202
2025.10.16,21:15,57.08,57.11,56.97,56.97,200
2025.10.16,21:30,56.97,56.99,56.92,56.99,139
2025.10.16,21:45,56.98,57.10,56.95,57.04,178
2025.10.16,22:00,57.05,57.07,56.94,56.95,140
2025.10.16,22:15,56.97,57.08,56.96,57.05,83
2025.10.16,22:30,57.08,57.08,56.98,56.99,77
2025.10.16,22:45,57.01,57.02,56.85,56.93,174
2025.10.17,00:00,56.99,57.08,56.97,57.04,83
2025.10.17,00:15,57.05,57.06,57.00,57.03,36
2025.10.17,00:30,57.01,57.04,57.00,57.01,36
2025.10.17,00:45,57.01,57.07,56.98,57.01,55
2025.10.17,01:00,57.02,57.02,56.94,56.99,60
2025.10.17,01:15,56.96,57.01,56.96,56.99,18
2025.10.17,01:30,56.99,56.99,56.94,56.96,26
2025.10.17,01:45,56.94,56.98,56.89,56.90,75
2025.10.17,02:00,56.90,56.93,56.84,56.84,197
2025.10.17,02:15,56.84,56.94,56.83,56.91,131
2025.10.17,02:30,56.89,56.95,56.85,56.95,99
2025.10.17,02:45,56.92,56.98,56.91,56.97,88
2025.10.17,03:00,56.96,56.97,56.82,56.89,406
2025.10.17,03:15,56.87,56.95,56.86,56.92,148
2025.10.17,03:30,56.92,56.93,56.75,56.77,185
2025.10.17,03:45,56.80,56.81,56.61,56.62,279
2025.10.17,04:00,56.61,56.65,56.50,56.60,287
2025.10.17,04:15,56.62,56.73,56.60,56.68,118
2025.10.17,04:30,56.69,56.78,56.65,56.75,167
2025.10.17,04:45,56.75,56.87,56.75,56.82,202
2025.10.17,05:00,56.80,56.84,56.74,56.79,170
2025.10.17,05:15,56.77,56.86,56.77,56.83,205
2025.10.17,05:30,56.83,56.90,56.77,56.82,218
2025.10.17,05:45,56.80,56.84,56.70,56.82,117
2025.10.17,06:00,56.81,57.00,56.78,56.99,90
2025.10.17,06:15,56.97,57.00,56.88,56.93,238
2025.10.17,06:30,56.93,57.00,56.85,56.90,250
2025.10.17,06:45,56.91,56.97,56.77,56.78,172
2025.10.17,07:00,56.80,56.84,56.75,56.82,117
2025.10.17,07:15,56.79,56.88,56.79,56.83,127
2025.10.17,07:30,56.83,56.88,56.75,56.85,282
2025.10.17,07:45,56.85,56.86,56.74,56.79,159
2025.10.17,08:00,56.76,56.82,56.68,56.69,227
2025.10.17,08:15,56.70,56.85,56.69,56.85,197
2025.10.17,08:30,56.86,56.94,56.78,56.81,273
2025.10.17,08:45,56.78,56.81,56.54,56.58,332
2025.10.17,09:00,56.53,56.67,56.45,56.54,551
2025.10.17,09:15,56.56,56.66,56.43,56.52,515
2025.10.17,09:30,56.51,56.64,56.42,56.56,504
2025.10.17,09:45,56.58,56.79,56.56,56.66,431
2025.10.17,10:00,56.65,56.74,56.59,56.61,443
2025.10.17,10:15,56.62,56.65,56.47,56.50,429
2025.10.17,10:30,56.52,56.52,56.24,56.37,532
2025.10.17,10:45,56.35,56.47,56.30,56.31,351
2025.10.17,11:00,56.32,56.42,56.17,56.40,465
2025.10.17,11:15,56.40,56.52,56.33,56.41,354
2025.10.17,11:30,56.39,56.53,56.33,56.39,324
2025.10.17,11:45,56.36,56.38,56.12,56.33,450
2025.10.17,12:00,56.36,56.44,56.30,56.37,282
2025.10.17,12:15,56.36,56.42,56.26,56.39,315
2025.10.17,12:30,56.41,56.76,56.39,56.72,412
2025.10.17,12:45,56.73,56.82,56.58,56.65,385
2025.10.17,13:00,56.64,57.05,56.60,56.98,645
2025.10.17,13:15,57.01,57.05,56.73,56.91,667
2025.10.17,13:30,56.91,57.03,56.83,56.98,452
2025.10.17,13:45,56.97,57.07,56.88,57.02,380
2025.10.17,14:00,57.03,57.20,56.97,57.04,561
2025.10.17,14:15,57.02,57.08,56.93,57.02,423
2025.10.17,14:30,57.04,57.26,57.04,57.21,564
2025.10.17,14:45,57.21,57.28,57.13,57.14,401
2025.10.17,15:00,57.13,57.18,56.82,57.07,777
2025.10.17,15:15,57.10,57.16,56.94,56.96,574
2025.10.17,15:30,56.95,57.09,56.68,56.89,1069
2025.10.17,15:45,56.90,57.14,56.86,56.89,815
2025.10.17,16:00,56.90,57.05,56.81,56.99,841
2025.10.17,16:15,57.02,57.11,56.86,56.97,617
2025.10.17,16:30,56.95,57.07,56.80,56.91,640
2025.10.17,16:45,56.92,57.11,56.88,57.00,627
2025.10.17,17:00,57.01,57.23,56.78,56.78,766
2025.10.17,17:15,56.79,56.98,56.76,56.92,583
2025.10.17,17:30,56.91,57.08,56.83,56.97,597
2025.10.17,17:45,56.96,57.15,56.93,57.06,541
2025.10.17,18:00,57.06,57.16,56.97,57.10,318
2025.10.17,18:15,57.11,57.20,56.99,57.04,338
2025.10.17,18:30,57.05,57.07,56.87,56.88,261
2025.10.17,18:45,56.87,56.94,56.75,56.83,290
2025.10.17,19:00,56.82,57.00,56.74,56.96,315
2025.10.17,19:15,56.93,56.98,56.83,56.83,257
2025.10.17,19:30,56.86,57.02,56.85,57.02,313
2025.10.17,19:45,57.01,57.17,56.98,57.01,464
2025.10.17,20:00,56.98,57.19,56.98,57.17,419
2025.10.17,20:15,57.16,57.31,57.08,57.08,688
2025.10.17,20:30,57.11,57.26,57.07,57.13,260
2025.10.17,20:45,57.14,57.19,57.13,57.13,115
2025.10.17,21:00,57.16,57.19,57.06,57.14,101
2025.10.17,21:15,57.13,57.25,57.10,57.21,127
2025.10.17,21:30,57.20,57.21,57.15,57.20,116
2025.10.17,21:45,57.18,57.20,57.09,57.10,100
2025.10.20,00:00,57.31,57.42,57.10,57.41,416
2025.10.20,00:15,57.41,57.43,57.32,57.33,137
2025.10.20,00:30,57.33,57.36,57.21,57.21,99
2025.10.20,00:45,57.20,57.21,57.07,57.12,121
2025.10.20,01:00,57.12,57.21,57.12,57.14,76
2025.10.20,01:15,57.17,57.17,57.05,57.06,70
2025.10.20,01:30,57.05,57.06,56.95,56.98,70
2025.10.20,01:45,56.98,56.98,56.92,56.93,78
2025.10.20,02:00,56.94,57.00,56.87,56.87,138
2025.10.20,02:15,56.88,56.95,56.87,56.90,129
2025.10.20,02:30,56.90,56.99,56.87,56.98,81
2025.10.20,02:45,56.98,57.01,56.95,56.96,80
2025.10.20,03:00,56.95,57.04,56.84,56.99,325
2025.10.20,03:15,57.02,57.06,56.91,56.93,154
2025.10.20,03:30,56.92,56.92,56.73,56.80,287
2025.10.20,03:45,56.81,56.89,56.76,56.89,109
2025.10.20,04:00,56.88,56.99,56.86,56.95,151
2025.10.20,04:15,56.96,56.98,56.94,56.98,48
2025.10.20,04:30,56.99,57.00,56.91,56.97,117
2025.10.20,04:45,56.97,57.03,56.90,56.91,94
2025.10.20,05:00,56.94,56.97,56.88,56.96,87
2025.10.20,05:15,56.95,56.98,56.88,56.91,104
2025.10.20,05:30,56.92,56.98,56.89,56.98,97
2025.10.20,05:45,56.98,57.01,56.94,56.94,46
2025.10.20,06:00,56.94,56.96,56.88,56.90,59
2025.10.20,06:15,56.91,56.92,56.88,56.88,50
2025.10.20,06:30,56.91,56.96,56.89,56.93,58
2025.10.20,06:45,56.95,56.99,56.93,56.97,46
2025.10.20,07:00,56.97,56.98,56.88,56.89,59
2025.10.20,07:15,56.92,56.93,56.86,56.86,48
2025.10.20,07:30,56.87,56.88,56.81,56.86,89
2025.10.20,07:45,56.84,56.86,56.78,56.81,61
2025.10.20,08:00,56.81,56.83,56.54,56.60,190
2025.10.20,08:15,56.58,56.71,56.58,56.64,166
2025.10.20,08:30,56.64,56.72,56.59,56.70,142
2025.10.20,08:45,56.68,56.71,56.59,56.60,177
2025.10.20,09:00,56.59,56.75,56.57,56.71,289
2025.10.20,09:15,56.73,56.89,56.69,56.77,226
2025.10.20,09:30,56.75,56.87,56.70,56.76,178
2025.10.20,09:45,56.77,56.78,56.59,56.63,176
2025.10.20,10:00,56.64,56.80,56.62,56.68,310
2025.10.20,10:15,56.67,56.87,56.63,56.75,379
2025.10.20,10:30,56.75,56.89,56.63,56.86,286
2025.10.20,10:45,56.83,56.97,56.83,56.92,241
2025.10.20,11:00,56.92,56.95,56.79,56.93,239
2025.10.20,11:15,56.92,57.03,56.91,57.01,152
2025.10.20,11:30,57.00,57.06,56.84,56.87,185
2025.10.20,11:45,56.89,56.96,56.80,56.84,205
2025.10.20,12:00,56.82,57.04,56.82,57.02,196
2025.10.20,12:15,57.00,57.03,56.89,56.92,168
2025.10.20,12:30,56.89,56.92,56.74,56.79,210
2025.10.20,12:45,56.77,56.81,56.66,56.74,131
2025.10.20,13:00,56.73,56.73,56.52,56.54,224
2025.10.20,13:15,56.56,56.72,56.53,56.69,178
2025.10.20,13:30,56.69,56.69,56.61,56.65,140
2025.10.20,13:45,56.68,56.78,56.65,56.72,148
2025.10.20,14:00,56.70,56.80,56.68,56.71,206
2025.10.20,14:15,56.71,56.82,56.69,56.71,190
2025.10.20,14:30,56.73,56.82,56.63,56.65,236
2025.10.20,14:45,56.65,56.75,56.50,56.55,320
2025.10.20,15:00,56.57,56.57,55.95,56.14,1047
2025.10.20,15:15,56.15,56.38,56.14,56.31,422
2025.10.20,15:30,56.32,56.69,56.28,56.58,671
2025.10.20,15:45,56.57,56.75,56.52,56.53,470
2025.10.20,16:00,56.56,56.75,56.51,56.71,373
2025.10.20,16:15,56.72,56.75,56.46,56.46,353
2025.10.20,16:30,56.47,56.52,56.35,56.51,281
2025.10.20,16:45,56.49,56.61,56.43,56.55,379
2025.10.20,17:00,56.54,56.70,56.52,56.64,461
2025.10.20,17:15,56.62,56.88,56.60,56.63,441
2025.10.20,17:30,56.66,56.81,56.40,56.45,446
2025.10.20,17:45,56.44,56.51,56.33,56.47,439
2025.10.20,18:00,56.48,56.63,56.46,56.58,328
2025.10.20,18:15,56.58,56.66,56.57,56.60,272
2025.10.20,18:30,56.63,56.64,56.49,56.61,240
2025.10.20,18:45,56.62,56.66,56.57,56.59,210
2025.10.20,19:00,56.60,56.84,56.60,56.81,277
2025.10.20,19:15,56.83,56.84,56.52,56.53,241
2025.10.20,19:30,56.53,56.94,56.52,56.91,242
2025.10.20,19:45,56.92,56.98,56.87,56.88,300
2025.10.20,20:00,56.90,56.91,56.81,56.88,261
2025.10.20,20:15,56.89,57.06,56.89,57.02,361
2025.10.20,20:30,57.02,57.04,56.89,56.94,140
2025.10.20,20:45,56.97,57.00,56.87,56.89,77
2025.10.20,21:00,56.91,56.91,56.79,56.87,84
2025.10.20,21:15,56.88,56.98,56.87,56.94,64
2025.10.20,21:30,56.93,57.01,56.92,56.99,94
2025.10.20,21:45,56.99,57.02,56.93,56.98,111
2025.10.20,22:00,57.00,57.02,56.97,56.98,95
2025.10.20,22:15,57.00,57.02,56.97,56.97,36
2025.10.20,22:30,56.97,56.97,56.88,56.91,84
2025.10.20,22:45,56.90,56.96,56.83,56.93,98
2025.10.21,00:00,56.90,56.94,56.88,56.92,35
2025.10.21,00:15,56.91,56.93,56.90,56.93,23
2025.10.21,00:30,56.93,56.98,56.92,56.95,38
2025.10.21,00:45,56.94,56.97,56.91,56.93,33
2025.10.21,01:00,56.94,56.95,56.89,56.92,38
2025.10.21,01:15,56.91,56.93,56.88,56.92,20
2025.10.21,01:30,56.93,56.93,56.90,56.90,5
2025.10.21,01:45,56.90,56.97,56.90,56.97,14
2025.10.21,02:00,56.94,56.97,56.85,56.87,92
2025.10.21,02:15,56.87,57.01,56.84,56.97,29
2025.10.21,02:30,56.96,56.99,56.92,56.96,45
2025.10.21,02:45,56.96,56.96,56.93,56.94,17
2025.10.21,03:00,56.94,56.98,56.80,56.81,182
2025.10.21,03:15,56.83,56.83,56.61,56.61,153
2025.10.21,03:30,56.62,56.71,56.58,56.68,104
2025.10.21,03:45,56.65,56.81,56.65,56.80,69
2025.10.21,04:00,56.78,56.88,56.74,56.85,112
2025.10.21,04:15,56.86,56.90,56.83,56.86,36
2025.10.21,04:30,56.83,56.86,56.79,56.81,103
2025.10.21,04:45,56.82,56.84,56.76,56.79,103
2025.10.21,05:00,56.79,56.82,56.77,56.77,72
2025.10.21,05:15,56.79,56.84,56.76,56.81,43
2025.10.21,05:30,56.82,56.85,56.80,56.82,33
2025.10.21,05:45,56.84,56.84,56.79,56.84,27
2025.10.21,06:00,56.83,56.90,56.81,56.86,61
2025.10.21,06:15,56.87,56.88,56.81,56.82,43
2025.10.21,06:30,56.81,56.85,56.80,56.83,31
2025.10.21,06:45,56.82,56.87,56.78,56.85,47
2025.10.21,07:00,56.84,56.96,56.83,56.94,81
2025.10.21,07:15,56.95,57.02,56.94,56.97,99
2025.10.21,07:30,56.99,57.11,56.95,57.11,168
2025.10.21,07:45,57.08,57.09,56.99,56.99,95
2025.10.21,08:00,57.02,57.19,56.97,57.14,172
2025.10.21,08:15,57.13,57.18,57.03,57.11,142
2025.10.21,08:30,57.12,57.14,57.00,57.01,208
2025.10.21,08:45,57.02,57.04,56.84,56.87,181
2025.10.21,09:00,56.87,56.87,56.65,56.74,297
2025.10.21,09:15,56.76,56.79,56.67,56.77,212
2025.10.21,09:30,56.76,56.79,56.67,56.73,152
2025.10.21,09:45,56.71,56.81,56.67,56.72,161
2025.10.21,10:00,56.70,56.89,56.70,56.86,271
2025.10.21,10:15,56.87,57.01,56.84,56.94,401
2025.10.21,10:30,56.95,57.05,56.91,57.01,310
2025.10.21,10:45,57.02,57.27,57.00,57.15,301
2025.10.21,11:00,57.17,57.20,56.96,56.99,280
2025.10.21,11:15,56.95,57.01,56.94,56.99,163
2025.10.21,11:30,56.96,57.13,56.94,57.11,233
2025.10.21,11:45,57.11,57.37,57.08,57.34,342
2025.10.21,12:00,57.33,57.55,57.31,57.50,367
2025.10.21,12:15,57.50,57.55,57.46,57.47,251
2025.10.21,12:30,57.49,57.61,57.49,57.57,184
2025.10.21,12:45,57.57,57.59,57.43,57.49,197
2025.10.21,13:00,57.49,57.59,57.47,57.57,167
2025.10.21,13:15,57.57,57.66,57.42,57.46,210
2025.10.21,13:30,57.46,57.49,57.30,57.33,191
2025.10.21,13:45,57.34,57.42,57.32,57.36,210
2025.10.21,14:00,57.37,57.47,57.33,57.47,165
2025.10.21,14:15,57.46,57.47,57.38,57.44,182
2025.10.21,14:30,57.42,57.74,57.41,57.72,254
2025.10.21,14:45,57.72,57.75,57.43,57.43,310
2025.10.21,15:00,57.45,57.45,57.07,57.10,540
2025.10.21,15:15,57.08,57.26,56.98,57.15,498
2025.10.21,15:30,57.17,57.19,56.73,56.79,673
2025.10.21,15:45,56.78,56.82,56.39,56.40,740
2025.10.21,16:00,56.40,56.73,56.32,56.69,690
2025.10.21,16:15,56.70,57.01,56.69,56.76,576
2025.10.21,16:30,56.78,56.79,56.59,56.62,480
2025.10.21,16:45,56.61,56.84,56.59,56.81,403
2025.10.21,17:00,56.82,57.02,56.73,57.00,470
2025.10.21,17:15,56.98,57.43,56.96,57.22,673
2025.10.21,17:30,57.25,57.31,57.12,57.29,486
2025.10.21,17:45,57.27,57.37,57.22,57.32,363
2025.10.21,18:00,57.32,57.45,57.21,57.37,449
2025.10.21,18:15,57.38,57.54,57.32,57.45,262
2025.10.21,18:30,57.46,58.04,57.28,57.48,716
2025.10.21,18:45,57.49,57.52,57.16,57.17,446
2025.10.21,19:00,57.19,57.20,56.95,57.19,447
2025.10.21,19:15,57.18,57.47,57.14,57.47,267
2025.10.21,19:30,57.45,57.51,57.26,57.30,235
2025.10.21,19:45,57.27,57.33,57.19,57.22,197
2025.10.21,20:00,57.19,57.23,57.11,57.20,234
2025.10.21,20:15,57.19,57.30,57.14,57.21,387
2025.10.21,20:30,57.23,57.34,57.19,57.28,179
2025.10.21,20:45,57.27,57.33,57.25,57.31,110
2025.10.21,21:00,57.28,57.35,57.27,57.31,114
2025.10.21,21:15,57.31,57.35,57.28,57.35,85
2025.10.21,21:30,57.35,57.35,57.28,57.33,84
2025.10.21,21:45,57.33,57.42,57.32,57.38,108
2025.10.21,22:00,57.40,57.54,57.38,57.51,67
2025.10.21,22:15,57.50,57.57,57.47,57.54,60
2025.10.21,22:30,57.55,57.60,57.50,57.58,151
2025.10.21,22:45,57.57,57.59,57.50,57.56,92
2025.10.22,00:00,57.51,57.56,57.51,57.55,28
2025.10.22,00:15,57.55,57.62,57.52,57.56,33
2025.10.22,00:30,57.57,57.61,57.55,57.57,30
2025.10.22,00:45,57.57,57.59,57.54,57.55,60
2025.10.22,01:00,57.55,57.62,57.55,57.57,25
2025.10.22,01:15,57.56,57.57,57.53,57.55,19
2025.10.22,01:30,57.54,57.58,57.53,57.54,18
2025.10.22,01:45,57.53,57.55,57.50,57.51,34
2025.10.22,02:00,57.53,57.56,57.39,57.42,143
2025.10.22,02:15,57.41,57.46,57.38,57.43,64
2025.10.22,02:30,57.44,57.52,57.42,57.45,96
2025.10.22,02:45,57.43,57.49,57.39,57.41,61
2025.10.22,03:00,57.40,57.42,57.32,57.37,258
2025.10.22,03:15,57.34,57.43,57.31,57.38,197
2025.10.22,03:30,57.40,57.48,57.38,57.44,202
2025.10.22,03:45,57.42,57.47,57.40,57.40,91
2025.10.22,04:00,57.42,57.52,57.40,57.51,138
2025.10.22,04:15,57.49,57.57,57.49,57.54,38
2025.10.22,04:30,57.52,57.61,57.50,57.58,181
2025.10.22,04:45,57.60,57.75,57.59,57.68,157
2025.10.22,05:00,57.69,58.01,57.69,57.95,409
2025.10.22,05:15,57.94,58.36,57.90,58.35,975
2025.10.22,05:30,58.36,58.37,58.15,58.22,355
2025.10.22,05:45,58.19,58.26,58.14,58.15,178
2025.10.22,06:00,58.16,58.21,58.12,58.19,114
2025.10.22,06:15,58.18,58.25,58.17,58.19,132
2025.10.22,06:30,58.20,58.26,58.19,58.24,106
2025.10.22,06:45,58.21,58.23,58.18,58.18,40
2025.10.22,07:00,58.19,58.23,58.16,58.20,91
2025.10.22,07:15,58.22,58.30,58.20,58.25,136
2025.10.22,07:30,58.28,58.34,58.18,58.27,481
2025.10.22,07:45,58.26,58.32,58.22,58.22,252
2025.10.22,08:00,58.22,58.29,58.17,58.26,202
2025.10.22,08:15,58.25,58.37,58.22,58.30,316
2025.10.22,08:30,58.31,58.48,58.28,58.40,265
2025.10.22,08:45,58.41,58.45,58.25,58.28,328
2025.10.22,09:00,58.27,58.33,58.21,58.24,350
2025.10.22,09:15,58.24,58.28,58.02,58.04,320
2025.10.22,09:30,58.05,58.18,58.04,58.07,278
2025.10.22,09:45,58.09,58.22,58.03,58.14,319
2025.10.22,10:00,58.13,58.26,58.11,58.18,324
2025.10.22,10:15,58.21,58.23,58.10,58.13,381
2025.10.22,10:30,58.17,58.35,58.08,58.33,485
2025.10.22,10:45,58.34,58.41,58.19,58.23,328
2025.10.22,11:00,58.24,58.32,58.03,58.11,388
2025.10.22,11:15,58.11,58.22,58.07,58.13,265
2025.10.22,11:30,58.15,58.20,58.11,58.16,230
2025.10.22,11:45,58.14,58.25,58.12,58.13,198
2025.10.22,12:00,58.12,58.14,57.90,58.03,344
2025.10.22,12:15,58.06,58.06,57.94,58.03,188
2025.10.22,12:30,58.06,58.10,57.98,58.04,231
2025.10.22,12:45,58.06,58.38,58.06,58.29,310
2025.10.22,13:00,58.26,58.39,58.23,58.35,243
2025.10.22,13:15,58.35,58.46,58.34,58.43,243
2025.10.22,13:30,58.45,58.52,58.32,58.32,198
2025.10.22,13:45,58.34,58.34,58.15,58.29,289
2025.10.22,14:00,58.30,58.49,58.30,58.42,202
2025.10.22,14:15,58.44,58.47,58.37,58.43,222
2025.10.22,14:30,58.40,58.58,58.38,58.44,310
2025.10.22,14:45,58.46,58.50,58.16,58.19,427
2025.10.22,15:00,58.17,58.53,58.13,58.46,547
2025.10.22,15:15,58.44,58.57,58.39,58.43,328
2025.10.22,15:30,58.44,58.67,58.43,58.63,630
2025.10.22,15:45,58.66,58.79,58.59,58.72,465
2025.10.22,16:00,58.71,58.78,58.52,58.57,427
2025.10.22,16:15,58.54,58.63,58.47,58.59,393
2025.10.22,16:30,58.62,58.69,58.41,58.56,677
2025.10.22,16:45,58.57,58.71,58.54,58.58,430
2025.10.22,17:00,58.55,58.70,58.40,58.43,587
2025.10.22,17:15,58.44,58.51,58.28,58.32,656
2025.10.22,17:30,58.33,58.81,58.32,58.79,510
2025.10.22,17:45,58.79,58.89,58.72,58.72,393
2025.10.22,18:00,58.72,58.74,58.56,58.63,403
2025.10.22,18:15,58.64,58.72,58.57,58.62,297
2025.10.22,18:30,58.61,58.69,58.25,58.67,1097
2025.10.22,18:45,58.68,58.83,58.59,58.67,545
2025.10.22,19:00,58.64,58.73,58.51,58.53,385
2025.10.22,19:15,58.50,58.63,58.46,58.49,347
2025.10.22,19:30,58.52,58.56,58.43,58.43,255
2025.10.22,19:45,58.44,58.53,58.36,58.42,318
2025.10.22,20:00,58.43,58.55,58.36,58.49,313
2025.10.22,20:15,58.51,58.55,58.42,58.50,381
2025.10.22,20:30,58.48,58.62,58.43,58.59,220
2025.10.22,20:45,58.56,58.60,58.50,58.55,120
2025.10.22,21:00,58.58,58.94,58.54,58.89,548
2025.10.22,21:15,58.90,59.60,58.85,59.54,929
2025.10.22,21:30,59.54,59.68,59.31,59.66,777
2025.10.22,21:45,59.63,59.82,59.34,59.40,688
2025.10.22,22:00,59.37,59.40,59.10,59.21,613
2025.10.22,22:15,59.22,59.34,58.87,59.26,735
2025.10.22,22:30,59.25,59.65,59.14,59.47,456
2025.10.22,22:45,59.48,59.56,59.08,59.36,778
2025.10.23,00:00,59.94,59.96,59.64,59.72,373
2025.10.23,00:15,59.75,59.82,59.69,59.76,154
2025.10.23,00:30,59.75,59.86,59.72,59.75,126
2025.10.23,00:45,59.77,59.90,59.70,59.76,161
2025.10.23,01:00,59.78,60.13,59.76,60.11,234
2025.10.23,01:15,60.11,60.13,59.84,59.92,218
2025.10.23,01:30,59.91,60.00,59.90,59.97,133
2025.10.23,01:45,59.96,60.08,59.90,60.06,185
2025.10.23,02:00,60.06,60.23,60.06,60.18,445
2025.10.23,02:15,60.19,60.25,60.12,60.12,220
2025.10.23,02:30,60.12,60.18,60.11,60.13,167
2025.10.23,02:45,60.14,60.16,59.88,59.95,232
2025.10.23,03:00,59.94,59.97,59.72,59.76,703
2025.10.23,03:15,59.79,59.86,59.75,59.86,279
2025.10.23,03:30,59.83,59.98,59.81,59.85,233
2025.10.23,03:45,59.82,59.88,59.70,59.78,225
2025.10.23,04:00,59.80,59.91,59.74,59.86,291
2025.10.23,04:15,59.88,59.90,59.80,59.89,129
2025.10.23,04:30,59.89,59.91,59.73,59.85,294
2025.10.23,04:45,59.86,60.13,59.83,60.07,289
2025.10.23,05:00,60.04,60.10,59.95,60.08,233
2025.10.23,05:15,60.10,60.34,60.06,60.14,641
2025.10.23,05:30,60.13,60.20,60.01,60.12,400
2025.10.23,05:45,60.10,60.23,60.07,60.23,273
2025.10.23,06:00,60.23,60.41,60.20,60.38,301
2025.10.23,06:15,60.36,60.40,60.30,60.37,192
2025.10.23,06:30,60.35,60.58,60.33,60.56,207
2025.10.23,06:45,60.57,60.58,60.38,60.43,235
2025.10.23,07:00,60.44,60.62,60.41,60.59,231
2025.10.23,07:15,60.59,60.84,60.54,60.77,460
2025.10.23,07:30,60.79,60.86,60.57,60.71,702
2025.10.23,07:45,60.71,60.89,60.71,60.87,445
2025.10.23,08:00,60.88,60.88,60.54,60.62,476
2025.10.23,08:15,60.62,60.78,60.61,60.67,461
2025.10.23,08:30,60.69,60.79,60.53,60.58,475
2025.10.23,08:45,60.59,60.62,60.36,60.42,536
2025.10.23,09:00,60.45,60.52,60.36,60.47,469
2025.10.23,09:15,60.48,60.60,60.39,60.53,526
2025.10.23,09:30,60.56,60.68,60.49,60.55,489
2025.10.23,09:45,60.52,60.64,60.39,60.42,516
2025.10.23,10:00,60.44,60.65,60.37,60.52,501
2025.10.23,10:15,60.53,60.86,60.49,60.80,574
2025.10.23,10:30,60.82,61.19,60.75,61.17,661
2025.10.23,10:45,61.19,61.34,61.07,61.32,664
2025.10.23,11:00,61.33,61.44,61.29,61.42,520
2025.10.23,11:15,61.43,61.57,61.38,61.43,507
2025.10.23,11:30,61.44,61.74,61.35,61.73,502
2025.10.23,11:45,61.74,61.79,61.65,61.76,384
2025.10.23,12:00,61.75,61.80,61.57,61.79,427
2025.10.23,12:15,61.80,61.87,61.49,61.54,542
2025.10.23,12:30,61.52,61.78,61.44,61.75,534
2025.10.23,12:45,61.74,61.82,61.56,61.60,415
2025.10.23,13:00,61.59,61.92,61.58,61.90,489
2025.10.23,13:15,61.87,62.07,61.71,61.71,525
2025.10.23,13:30,61.71,61.80,61.30,61.38,694
2025.10.23,13:45,61.38,61.61,61.36,61.58,540
2025.10.23,14:00,61.57,61.65,61.42,61.46,446
2025.10.23,14:15,61.47,61.65,61.36,61.39,498
2025.10.23,14:30,61.38,61.49,61.26,61.27,593
2025.10.23,14:45,61.26,61.73,61.09,61.70,1002
2025.10.23,15:00,61.73,62.11,61.57,61.83,1670
2025.10.23,15:15,61.84,61.91,61.09,61.44,1359
2025.10.23,15:30,61.43,61.60,61.25,61.52,1111
2025.10.23,15:45,61.50,61.68,61.48,61.65,596
2025.10.23,16:00,61.64,61.67,61.36,61.38,571
2025.10.23,16:15,61.40,61.60,61.27,61.60,740
2025.10.23,16:30,61.59,61.59,61.34,61.50,523
2025.10.23,16:45,61.49,61.55,61.27,61.43,558
2025.10.23,17:00,61.44,61.48,61.21,61.28,643
2025.10.23,17:15,61.29,61.64,61.28,61.60,578
2025.10.23,17:30,61.60,61.94,61.40,61.79,1008
2025.10.23,17:45,61.79,62.03,61.69,62.02,545
2025.10.23,18:00,62.01,62.18,61.76,61.87,709
2025.10.23,18:15,61.88,61.97,61.69,61.92,498
2025.10.23,18:30,61.88,61.99,61.88,61.96,302
2025.10.23,18:45,61.93,62.02,61.87,62.01,295
2025.10.23,19:00,61.99,62.09,61.55,61.82,688
2025.10.23,19:15,61.82,61.92,61.78,61.87,252
2025.10.23,19:30,61.88,61.97,61.81,61.90,286
2025.10.23,19:45,61.91,61.92,61.46,61.68,601
2025.10.23,20:00,61.68,61.85,61.54,61.76,508
2025.10.23,20:15,61.74,61.84,61.65,61.75,462
2025.10.23,20:30,61.77,61.85,61.66,61.71,278
2025.10.23,20:45,61.68,61.76,61.55,61.70,221
2025.10.23,21:00,61.71,61.76,61.63,61.73,161
2025.10.23,21:15,61.74,61.79,61.67,61.70,130
2025.10.23,21:30,61.67,61.71,61.62,61.67,118
2025.10.23,21:45,61.65,61.68,61.53,61.61,180
2025.10.23,22:00,61.62,61.68,61.56,61.62,149
2025.10.23,22:15,61.63,61.69,61.62,61.68,94
2025.10.23,22:30,61.67,61.70,61.61,61.66,118
2025.10.23,22:45,61.65,61.77,61.62,61.74,155
2025.10.24,00:00,61.73,61.77,61.57,61.61,85
2025.10.24,00:15,61.61,61.67,61.61,61.66,22
2025.10.24,00:30,61.66,61.67,61.62,61.64,29
2025.10.24,00:45,61.62,61.71,61.62,61.71,34
2025.10.24,01:00,61.71,61.72,61.62,61.62,28
2025.10.24,01:15,61.61,61.63,61.60,61.62,14
2025.10.24,01:30,61.62,61.62,61.55,61.56,33
2025.10.24,01:45,61.57,61.67,61.56,61.64,39
2025.10.24,02:00,61.64,61.65,61.51,61.53,185
2025.10.24,02:15,61.54,61.71,61.47,61.68,210
2025.10.24,02:30,61.68,61.69,61.60,61.62,82
2025.10.24,02:45,61.59,61.62,61.55,61.60,89
2025.10.24,03:00,61.59,61.59,61.49,61.56,333
2025.10.24,03:15,61.57,61.57,61.43,61.46,196
2025.10.24,03:30,61.43,61.47,61.36,61.38,197
2025.10.24,03:45,61.37,61.39,61.24,61.24,269
2025.10.24,04:00,61.27,61.41,61.21,61.38,223
2025.10.24,04:15,61.39,61.44,61.29,61.32,92
2025.10.24,04:30,61.29,61.39,61.28,61.31,277
2025.10.24,04:45,61.29,61.39,61.29,61.38,150
2025.10.24,05:00,61.39,61.45,61.31,61.36,207
2025.10.24,05:15,61.38,61.54,61.34,61.50,180
2025.10.24,05:30,61.51,61.51,61.32,61.38,153
2025.10.24,05:45,61.35,61.47,61.35,61.42,67
2025.10.24,06:00,61.39,61.48,61.38,61.44,104
2025.10.24,06:15,61.46,61.54,61.46,61.52,91
2025.10.24,06:30,61.51,61.59,61.48,61.53,80
2025.10.24,06:45,61.53,61.55,61.47,61.51,36
2025.10.24,07:00,61.52,61.58,61.49,61.53,74
2025.10.24,07:15,61.55,61.58,61.45,61.51,67
2025.10.24,07:30,61.52,61.58,61.49,61.54,177
2025.10.24,07:45,61.55,61.57,61.45,61.49,129
2025.10.24,08:00,61.49,61.59,61.46,61.59,166
2025.10.24,08:15,61.60,61.66,61.45,61.52,203
2025.10.24,08:30,61.52,61.59,61.40,61.43,211
2025.10.24,08:45,61.45,61.48,61.36,61.43,234
2025.10.24,09:00,61.42,61.49,61.34,61.43,268
2025.10.24,09:15,61.44,61.62,61.40,61.60,249
2025.10.24,09:30,61.58,61.84,61.58,61.84,271
2025.10.24,09:45,61.86,61.99,61.78,61.97,341
2025.10.24,10:00,61.96,62.01,61.85,61.96,336
2025.10.24,10:15,61.95,62.05,61.86,61.86,468
2025.10.24,10:30,61.88,62.09,61.86,61.89,464
2025.10.24,10:45,61.90,61.90,61.63,61.68,470
2025.10.24,11:00,61.65,61.75,61.59,61.62,375
2025.10.24,11:15,61.62,61.81,61.62,61.70,276
2025.10.24,11:30,61.71,61.76,61.62,61.73,278
2025.10.24,11:45,61.73,61.75,61.59,61.65,253
2025.10.24,12:00,61.64,61.84,61.63,61.72,290
2025.10.24,12:15,61.73,61.81,61.64,61.73,240
2025.10.24,12:30,61.74,61.92,61.72,61.80,240
2025.10.24,12:45,61.78,61.91,61.76,61.88,218
2025.10.24,13:00,61.91,62.09,61.85,62.06,296
2025.10.24,13:15,62.07,62.27,62.06,62.23,342
2025.10.24,13:30,62.22,62.28,62.13,62.23,317
2025.10.24,13:45,62.24,62.45,62.23,62.44,343
2025.10.24,14:00,62.44,62.59,62.06,62.13,542
2025.10.24,14:15,62.15,62.21,62.04,62.09,402
2025.10.24,14:30,62.12,62.20,61.81,61.84,581
2025.10.24,14:45,61.83,61.89,61.69,61.77,433
2025.10.24,15:00,61.78,61.98,61.75,61.92,664
2025.10.24,15:15,61.93,62.11,61.78,61.86,506
2025.10.24,15:30,61.89,62.04,61.85,62.02,497
2025.10.24,15:45,62.04,62.15,62.00,62.08,556
2025.10.24,16:00,62.07,62.37,62.02,62.26,566
2025.10.24,16:15,62.25,62.27,61.90,62.14,552
2025.10.24,16:30,62.15,62.23,62.06,62.20,365
2025.10.24,16:45,62.21,62.36,62.05,62.16,458
2025.10.24,17:00,62.19,62.34,62.09,62.27,432
2025.10.24,17:15,62.30,62.34,62.22,62.26,340
2025.10.24,17:30,62.27,62.40,62.20,62.24,381
2025.10.24,17:45,62.26,62.29,62.12,62.24,368
2025.10.24,18:00,62.26,62.29,62.14,62.24,279
2025.10.24,18:15,62.23,62.26,62.01,62.04,284
2025.10.24,18:30,62.04,62.14,61.97,62.11,336
2025.10.24,18:45,62.09,62.12,61.88,61.91,248
2025.10.24,19:00,61.88,61.93,61.64,61.66,409
2025.10.24,19:15,61.69,61.76,61.64,61.73,326
2025.10.24,19:30,61.72,61.78,61.49,61.54,321
2025.10.24,19:45,61.53,61.66,61.48,61.53,338
2025.10.24,20:00,61.54,61.65,61.44,61.53,351
2025.10.24,20:15,61.51,61.64,61.40,61.44,480
2025.10.24,20:30,61.46,61.69,61.43,61.60,259
2025.10.24,20:45,61.58,61.61,61.48,61.56,168
2025.10.24,21:00,61.55,61.58,61.49,61.50,168
2025.10.24,21:15,61.51,61.55,61.42,61.43,156
2025.10.24,21:30,61.44,61.49,61.39,61.45,118
2025.10.24,21:45,61.45,61.51,61.44,61.48,103
2025.10.26,23:00,61.82,62.05,61.78,61.98,587
2025.10.26,23:15,61.98,62.01,61.91,62.01,173
2025.10.26,23:30,62.01,62.13,61.98,62.06,211
2025.10.26,23:45,62.08,62.16,61.99,62.02,121
2025.10.27,00:00,62.01,62.04,61.95,61.97,119
2025.10.27,00:15,61.97,62.02,61.92,61.93,86
2025.10.27,00:30,61.90,61.91,61.83,61.86,88
2025.10.27,00:45,61.86,61.93,61.86,61.90,79
2025.10.27,01:00,61.91,62.00,61.84,61.98,192
2025.10.27,01:15,61.99,62.01,61.91,61.94,80
2025.10.27,01:30,61.93,62.00,61.85,61.87,74
2025.10.27,01:45,61.86,61.90,61.73,61.73,160
2025.10.27,02:00,61.76,61.77,61.59,61.64,540
2025.10.27,02:15,61.63,61.71,61.57,61.63,332
2025.10.27,02:30,61.62,61.67,61.56,61.61,248
2025.10.27,02:45,61.59,61.64,61.51,61.54,164
2025.10.27,03:00,61.55,61.63,61.52,61.61,230
2025.10.27,03:15,61.59,61.65,61.59,61.62,61
2025.10.27,03:30,61.61,61.74,61.61,61.72,162
2025.10.27,03:45,61.73,61.75,61.69,61.72,103
2025.10.27,04:00,61.71,61.72,61.65,61.71,80
2025.10.27,04:15,61.70,61.73,61.56,61.59,153
2025.10.27,04:30,61.60,61.66,61.60,61.62,65
2025.10.27,04:45,61.61,61.62,61.48,61.50,67
2025.10.27,05:00,61.49,61.54,61.47,61.52,56
2025.10.27,05:15,61.52,61.60,61.50,61.58,54
2025.10.27,05:30,61.56,61.64,61.56,61.61,66
2025.10.27,05:45,61.62,61.76,61.60,61.76,84
2025.10.27,06:00,61.73,61.77,61.68,61.71,75
2025.10.27,06:15,61.71,61.82,61.69,61.78,64
2025.10.27,06:30,61.78,61.82,61.71,61.79,142
2025.10.27,06:45,61.81,61.88,61.78,61.85,181
2025.10.27,07:00,61.84,61.94,61.82,61.83,206
2025.10.27,07:15,61.86,61.94,61.83,61.92,181
2025.10.27,07:30,61.92,61.92,61.71,61.75,192
2025.10.27,07:45,61.76,61.77,61.69,61.71,141
2025.10.27,08:00,61.73,61.79,61.53,61.55,250
2025.10.27,08:15,61.53,61.58,61.35,61.41,334
2025.10.27,08:30,61.41,61.56,61.40,61.53,213
2025.10.27,08:45,61.53,61.63,61.49,61.60,206
2025.10.27,09:00,61.62,61.63,61.43,61.52,353
2025.10.27,09:15,61.51,61.56,61.03,61.08,692
2025.10.27,09:30,61.09,61.25,61.03,61.16,591
2025.10.27,09:45,61.16,61.19,60.68,60.68,575
2025.10.27,10:00,60.71,60.93,60.65,60.88,544
2025.10.27,10:15,60.85,61.00,60.81,60.83,406
2025.10.27,10:30,60.80,61.00,60.80,60.94,368
2025.10.27,10:45,60.95,61.02,60.75,60.79,389
2025.10.27,11:00,60.80,61.17,60.74,61.02,428
2025.10.27,11:15,61.00,61.11,60.96,60.98,391
2025.10.27,11:30,61.00,61.03,60.80,60.85,394
2025.10.27,11:45,60.85,60.91,60.79,60.90,252
2025.10.27,12:00,60.87,61.16,60.87,61.12,395
2025.10.27,12:15,61.12,61.27,61.08,61.23,343
2025.10.27,12:30,61.25,61.40,61.22,61.36,332
2025.10.27,12:45,61.38,61.49,61.30,61.43,263
2025.10.27,13:00,61.42,61.42,61.19,61.28,301
2025.10.27,13:15,61.30,61.46,61.24,61.42,331
2025.10.27,13:30,61.42,61.52,61.42,61.44,314
2025.10.27,13:45,61.47,61.57,61.44,61.53,302
2025.10.27,14:00,61.55,61.80,61.53,61.62,550
2025.10.27,14:15,61.62,61.77,61.32,61.50,444
2025.10.27,14:30,61.52,61.65,61.41,61.63,631
2025.10.27,14:45,61.61,61.88,61.53,61.79,446
2025.10.27,15:00,61.81,61.81,61.54,61.60,507
2025.10.27,15:15,61.59,61.67,61.46,61.57,434
2025.10.27,15:30,61.56,61.90,61.55,61.84,530
2025.10.27,15:45,61.86,61.98,61.72,61.90,392
2025.10.27,16:00,61.89,62.02,61.83,61.95,314
2025.10.27,16:15,61.96,61.97,61.72,61.77,398
2025.10.27,16:30,61.78,61.79,61.55,61.57,644
2025.10.27,16:45,61.56,61.76,61.55,61.65,378
2025.10.27,17:00,61.63,61.70,61.49,61.61,378
2025.10.27,17:15,61.62,61.74,61.52,61.65,607
2025.10.27,17:30,61.66,61.74,61.52,61.66,446
2025.10.27,17:45,61.65,61.71,61.43,61.57,449
2025.10.27,18:00,61.59,61.70,61.55,61.69,360
2025.10.27,18:15,61.67,61.70,61.45,61.50,275
2025.10.27,18:30,61.49,61.54,61.33,61.37,387
2025.10.27,18:45,61.38,61.52,61.32,61.45,333
2025.10.27,19:00,61.44,61.46,61.31,61.36,284
2025.10.27,19:15,61.35,61.40,61.11,61.32,497
2025.10.27,19:30,61.31,61.45,61.26,61.43,221
2025.10.27,19:45,61.42,61.51,61.37,61.40,133
2025.10.27,20:00,61.39,61.48,61.37,61.37,118
2025.10.27,20:15,61.38,61.42,61.33,61.39,67
2025.10.27,20:30,61.36,61.41,61.33,61.35,68
2025.10.27,20:45,61.33,61.41,61.29,61.39,59
2025.10.27,21:00,61.40,61.51,61.34,61.49,94
2025.10.27,21:15,61.50,61.58,61.49,61.56,93
2025.10.27,21:30,61.57,61.60,61.52,61.59,51
2025.10.27,21:45,61.58,61.62,61.50,61.55,101
2025.10.27,23:00,61.51,61.51,61.43,61.43,34
2025.10.27,23:15,61.42,61.46,61.42,61.42,18
2025.10.27,23:30,61.43,61.46,61.40,61.43,25
2025.10.27,23:45,61.42,61.42,61.32,61.32,40
2025.10.28,00:00,61.33,61.34,61.26,61.28,48
2025.10.28,00:15,61.26,61.34,61.25,61.26,41
2025.10.28,00:30,61.28,61.31,61.27,61.31,33
2025.10.28,00:45,61.30,61.30,61.24,61.24,46
2025.10.28,01:00,61.26,61.27,61.08,61.09,156
2025.10.28,01:15,61.11,61.18,61.10,61.11,60
2025.10.28,01:30,61.11,61.17,61.09,61.15,55
2025.10.28,01:45,61.17,61.19,61.08,61.10,70
2025.10.28,02:00,61.11,61.29,61.09,61.22,342
2025.10.28,02:15,61.22,61.31,61.21,61.26,195
2025.10.28,02:30,61.24,61.28,61.23,61.26,140
2025.10.28,02:45,61.26,61.37,61.24,61.33,146
2025.10.28,03:00,61.33,61.38,61.32,61.37,95
2025.10.28,03:15,61.34,61.35,61.27,61.30,39
2025.10.28,03:30,61.32,61.35,61.16,61.22,191
2025.10.28,03:45,61.24,61.32,61.20,61.26,177
2025.10.28,04:00,61.27,61.32,61.23,61.29,185
2025.10.28,04:15,61.29,61.33,61.27,61.32,91
2025.10.28,04:30,61.31,61.33,61.28,61.32,49
2025.10.28,04:45,61.32,61.33,61.23,61.25,38
2025.10.28,05:00,61.22,61.27,61.21,61.22,50
2025.10.28,05:15,61.23,61.23,61.11,61.14,64
2025.10.28,05:30,61.14,61.18,61.13,61.15,67
2025.10.28,05:45,61.15,61.17,61.11,61.15,33
2025.10.28,06:00,61.14,61.17,61.06,61.09,94
2025.10.28,06:15,61.12,61.21,61.10,61.19,95
2025.10.28,06:30,61.19,61.27,61.12,61.14,214
2025.10.28,06:45,61.15,61.22,61.14,61.20,115
2025.10.28,07:00,61.20,61.23,61.06,61.11,221
2025.10.28,07:15,61.10,61.26,61.08,61.23,196
2025.10.28,07:30,61.25,61.28,61.16,61.17,209
2025.10.28,07:45,61.19,61.21,61.04,61.07,285
2025.10.28,08:00,61.08,61.31,61.08,61.15,271
2025.10.28,08:15,61.18,61.23,61.10,61.21,233
2025.10.28,08:30,61.22,61.24,60.95,61.00,301
2025.10.28,08:45,60.99,61.01,60.47,60.52,709
2025.10.28,09:00,60.53,60.56,60.23,60.37,852
2025.10.28,09:15,60.36,60.48,60.10,60.12,821
2025.10.28,09:30,60.11,60.20,59.91,60.08,820
2025.10.28,09:45,60.11,60.23,60.03,60.23,390
2025.10.28,10:00,60.20,60.29,60.06,60.11,527
2025.10.28,10:15,60.10,60.38,60.06,60.11,569
2025.10.28,10:30,60.08,60.28,60.07,60.18,377
2025.10.28,10:45,60.19,60.36,60.12,60.35,393
2025.10.28,11:00,60.34,60.46,60.26,60.30,429
2025.10.28,11:15,60.32,60.52,60.30,60.38,309
2025.10.28,11:30,60.39,60.61,60.37,60.59,299
2025.10.28,11:45,60.60,60.65,60.36,60.41,383
2025.10.28,12:00,60.42,60.45,60.30,60.40,318
2025.10.28,12:15,60.38,60.55,60.38,60.55,245
2025.10.28,12:30,60.54,60.67,60.36,60.40,360
2025.10.28,12:45,60.40,60.55,60.32,60.47,296
2025.10.28,13:00,60.47,60.64,60.47,60.59,275
2025.10.28,13:15,60.57,60.62,60.33,60.40,381
2025.10.28,13:30,60.39,60.50,60.24,60.24,252
2025.10.28,13:45,60.25,60.37,60.05,60.24,442
2025.10.28,14:00,60.25,60.62,60.25,60.58,804
2025.10.28,14:15,60.59,60.67,60.45,60.53,396
2025.10.28,14:30,60.53,60.68,60.47,60.65,654
2025.10.28,14:45,60.65,60.74,60.54,60.56,497
2025.10.28,15:00,60.54,60.69,60.35,60.41,583
2025.10.28,15:15,60.41,60.63,60.35,60.60,405
2025.10.28,15:30,60.60,60.66,60.18,60.30,551
2025.10.28,15:45,60.31,60.35,59.94,59.99,623
2025.10.28,16:00,59.99,60.16,59.95,60.10,508
2025.10.28,16:15,60.09,60.15,59.98,60.00,404
2025.10.28,16:30,60.00,60.06,59.74,59.82,591
2025.10.28,16:45,59.84,60.02,59.81,59.89,572
2025.10.28,17:00,59.88,60.24,59.86,60.14,717
2025.10.28,17:15,60.13,60.25,59.87,59.92,740
2025.10.28,17:30,59.89,60.16,59.82,60.15,642
2025.10.28,17:45,60.15,60.19,60.05,60.06,306
2025.10.28,18:00,60.05,60.16,60.03,60.12,303
2025.10.28,18:15,60.13,60.29,60.09,60.23,261
2025.10.28,18:30,60.26,60.26,60.13,60.20,211
2025.10.28,18:45,60.18,60.27,60.15,60.21,330
2025.10.28,19:00,60.23,60.26,59.99,60.09,443
2025.10.28,19:15,60.07,60.20,59.97,60.15,445
2025.10.28,19:30,60.15,60.16,59.91,59.95,274
2025.10.28,19:45,59.94,60.04,59.90,59.97,168
2025.10.28,20:00,59.99,60.05,59.90,59.97,151
2025.10.28,20:15,59.98,59.99,59.91,59.95,138
2025.10.28,20:30,59.95,59.95,59.88,59.92,166
2025.10.28,20:45,59.89,59.97,59.86,59.95,141
2025.10.28,21:00,59.92,59.96,59.86,59.95,76
2025.10.28,21:15,59.93,59.97,59.92,59.93,84
2025.10.28,21:30,59.93,60.23,59.93,60.18,297
2025.10.28,21:45,60.15,60.20,60.12,60.18,177
2025.10.28,23:00,60.16,60.25,60.15,60.20,81
2025.10.28,23:15,60.18,60.19,60.14,60.17,29
2025.10.28,23:30,60.15,60.17,60.13,60.14,21
2025.10.28,23:45,60.15,60.15,60.10,60.11,22
2025.10.29,00:00,60.13,60.17,60.12,60.15,26
2025.10.29,00:15,60.17,60.24,60.16,60.21,42
2025.10.29,00:30,60.22,60.26,60.22,60.24,15
2025.10.29,00:45,60.21,60.24,60.20,60.20,17
2025.10.29,01:00,60.22,60.25,60.16,60.18,100
2025.10.29,01:15,60.15,60.25,60.15,60.23,39
2025.10.29,01:30,60.24,60.30,60.23,60.26,52
2025.10.29,01:45,60.25,60.29,60.15,60.16,55
2025.10.29,02:00,60.16,60.30,60.16,60.25,239
2025.10.29,02:15,60.22,60.31,60.22,60.30,126
2025.10.29,02:30,60.29,60.36,60.26,60.32,126
2025.10.29,02:45,60.33,60.40,60.27,60.33,107
2025.10.29,03:00,60.31,60.34,60.16,60.17,149
2025.10.29,03:15,60.18,60.21,60.04,60.04,100
2025.10.29,03:30,60.06,60.09,59.93,60.04,254
2025.10.29,03:45,60.01,60.04,59.97,60.01,151
2025.10.29,04:00,60.04,60.07,60.00,60.07,93
2025.10.29,04:15,60.06,60.12,60.02,60.07,95
2025.10.29,04:30,60.07,60.09,59.99,60.09,62
2025.10.29,04:45,60.05,60.16,60.05,60.12,85
2025.10.29,05:00,60.12,60.13,60.04,60.04,43
2025.10.29,05:15,60.04,60.11,60.04,60.06,46
2025.10.29,05:30,60.07,60.09,60.01,60.07,49
2025.10.29,05:45,60.10,60.10,59.99,59.99,17
2025.10.29,06:00,59.97,60.03,59.96,60.01,61
2025.10.29,06:15,60.01,60.09,60.00,60.06,55
2025.10.29,06:30,60.08,60.19,60.07,60.14,148
2025.10.29,06:45,60.16,60.18,60.02,60.11,135
2025.10.29,07:00,60.11,60.24,60.09,60.20,147
2025.10.29,07:15,60.19,60.24,60.13,60.19,154
2025.10.29,07:30,60.18,60.33,60.17,60.29,239
2025.10.29,07:45,60.28,60.36,60.27,60.34,215
2025.10.29,08:00,60.33,60.47,60.32,60.45,244
2025.10.29,08:15,60.47,60.51,60.21,60.23,283
2025.10.29,08:30,60.22,60.40,60.22,60.34,202
2025.10.29,08:45,60.34,60.38,60.24,60.26,191
2025.10.29,09:00,60.25,60.28,60.04,60.07,393
2025.10.29,09:15,60.07,60.10,59.70,59.73,621
2025.10.29,09:30,59.72,59.90,59.68,59.86,570
2025.10.29,09:45,59.83,59.85,59.70,59.72,453
2025.10.29,10:00,59.73,60.02,59.70,59.96,467
2025.10.29,10:15,59.94,59.98,59.87,59.95,296
2025.10.29,10:30,59.96,60.26,59.93,60.23,419
2025.10.29,10:45,60.24,60.36,60.09,60.17,335
2025.10.29,11:00,60.16,60.22,60.07,60.14,261
2025.10.29,11:15,60.16,60.29,60.07,60.25,255
2025.10.29,11:30,60.28,60.39,60.15,60.29,305
2025.10.29,11:45,60.28,60.40,60.28,60.37,263
2025.10.29,12:00,60.34,60.37,60.27,60.30,227
2025.10.29,12:15,60.30,60.51,60.26,60.43,256
2025.10.29,12:30,60.46,60.48,60.35,60.36,212
2025.10.29,12:45,60.36,60.43,60.32,60.38,217
2025.10.29,13:00,60.37,60.37,60.14,60.19,294
2025.10.29,13:15,60.17,60.19,60.01,60.03,288
2025.10.29,13:30,60.02,60.21,60.01,60.21,327
2025.10.29,13:45,60.19,60.22,60.07,60.15,247
2025.10.29,14:00,60.16,60.20,60.03,60.10,416
2025.10.29,14:15,60.11,60.35,60.10,60.35,380
2025.10.29,14:30,60.34,60.48,60.23,60.34,527
2025.10.29,14:45,60.34,60.48,60.31,60.33,377
2025.10.29,15:00,60.34,60.49,60.34,60.48,421
2025.10.29,15:15,60.47,60.56,60.39,60.47,360
2025.10.29,15:30,60.46,60.74,60.46,60.60,819
2025.10.29,15:45,60.62,60.90,60.58,60.87,550
2025.10.29,16:00,60.87,60.98,60.78,60.92,446
2025.10.29,16:15,60.90,60.93,60.78,60.81,392
2025.10.29,16:30,60.81,60.88,60.74,60.84,310
2025.10.29,16:45,60.84,60.93,60.78,60.86,292
2025.10.29,17:00,60.83,60.97,60.73,60.86,418
2025.10.29,17:15,60.88,61.01,60.77,60.86,497
2025.10.29,17:30,60.84,60.91,60.59,60.68,493
2025.10.29,17:45,60.65,60.75,60.56,60.62,305
2025.10.29,18:00,60.63,60.66,60.48,60.65,350
2025.10.29,18:15,60.63,60.70,60.49,60.60,269
2025.10.29,18:30,60.61,60.68,60.52,60.56,200
2025.10.29,18:45,60.54,60.66,60.52,60.64,236
2025.10.29,19:00,60.63,60.69,60.46,60.52,463
2025.10.29,19:15,60.52,60.60,60.42,60.43,468
2025.10.29,19:30,60.43,60.58,60.29,60.46,722
2025.10.29,19:45,60.44,60.57,60.39,60.46,535
2025.10.29,20:00,60.45,60.56,60.36,60.49,417
2025.10.29,20:15,60.50,60.52,60.39,60.43,314
2025.10.29,20:30,60.41,60.43,60.26,60.31,230
2025.10.29,20:45,60.34,60.35,60.28,60.31,167
2025.10.29,21:00,60.31,60.41,60.29,60.41,232
2025.10.29,21:15,60.38,60.41,60.33,60.39,94
2025.10.29,21:30,60.38,60.40,60.35,60.39,44
2025.10.29,21:45,60.38,60.42,60.31,60.36,121
2025.10.29,23:00,60.39,60.40,60.24,60.29,104
2025.10.29,23:15,60.26,60.29,60.24,60.28,37
2025.10.29,23:30,60.25,60.27,60.21,60.24,29
2025.10.29,23:45,60.22,60.25,60.15,60.16,59
2025.10.30,00:00,60.16,60.21,60.11,60.13,59
2025.10.30,00:15,60.14,60.19,60.10,60.14,55
2025.10.30,00:30,60.14,60.17,60.12,60.13,28
2025.10.30,00:45,60.16,60.23,60.13,60.21,59
2025.10.30,01:00,60.23,60.43,60.21,60.30,158
2025.10.30,01:15,60.27,60.37,60.22,60.36,149
2025.10.30,01:30,60.35,60.37,60.30,60.34,85
2025.10.30,01:45,60.33,60.40,60.31,60.38,90
2025.10.30,02:00,60.35,60.39,60.24,60.27,366
2025.10.30,02:15,60.28,60.33,60.24,60.25,179
2025.10.30,02:30,60.26,60.36,60.20,60.29,253
2025.10.30,02:45,60.28,60.29,60.18,60.24,176
2025.10.30,03:00,60.25,60.27,60.13,60.18,179
2025.10.30,03:15,60.17,60.20,60.05,60.08,133
2025.10.30,03:30,60.07,60.17,60.05,60.10,190
2025.10.30,03:45,60.11,60.14,60.06,60.08,164
2025.10.30,04:00,60.07,60.16,60.07,60.15,152
2025.10.30,04:15,60.16,60.23,60.13,60.16,123
2025.10.30,04:30,60.17,60.34,60.15,60.29,188
2025.10.30,04:45,60.30,60.38,60.28,60.37,107
2025.10.30,05:00,60.34,60.41,60.19,60.22,227
2025.10.30,05:15,60.19,60.27,60.11,60.17,187
2025.10.30,05:30,60.17,60.37,59.97,60.02,472
2025.10.30,05:45,60.01,60.22,59.98,60.16,278
2025.10.30,06:00,60.14,60.24,60.08,60.14,204
2025.10.30,06:15,60.15,60.24,60.11,60.22,113
2025.10.30,06:30,60.21,60.25,60.08,60.11,264
2025.10.30,06:45,60.10,60.19,60.07,60.15,171
2025.10.30,07:00,60.15,60.17,60.05,60.08,189
2025.10.30,07:15,60.09,60.12,60.01,60.03,244
2025.10.30,07:30,60.06,60.29,60.06,60.24,270
2025.10.30,07:45,60.23,60.25,60.04,60.09,266
2025.10.30,08:00,60.07,60.18,59.99,60.17,241
2025.10.30,08:15,60.18,60.22,59.96,59.98,305
2025.10.30,08:30,59.99,60.03,59.89,59.97,265
2025.10.30,08:45,59.96,59.96,59.82,59.90,272
2025.10.30,09:00,59.88,60.02,59.87,59.97,331
2025.10.30,09:15,59.97,60.07,59.89,59.92,400
2025.10.30,09:30,59.93,60.15,59.92,60.12,357
2025.10.30,09:45,60.11,60.22,60.03,60.12,321
2025.10.30,10:00,60.12,60.13,59.94,60.01,315
2025.10.30,10:15,60.02,60.21,60.00,60.20,296
2025.10.30,10:30,60.20,60.24,60.03,60.11,253
2025.10.30,10:45,60.10,60.12,60.02,60.08,293
2025.10.30,11:00,60.07,60.28,60.03,60.20,331
2025.10.30,11:15,60.18,60.20,60.05,60.14,217
2025.10.30,11:30,60.12,60.21,60.07,60.15,225
2025.10.30,11:45,60.16,60.18,59.95,60.06,254
2025.10.30,12:00,60.06,60.14,59.96,59.98,223
2025.10.30,12:15,59.97,60.09,59.95,60.04,219
2025.10.30,12:30,60.07,60.18,59.98,60.10,180
2025.10.30,12:45,60.11,60.22,60.06,60.12,225
2025.10.30,13:00,60.11,60.18,60.01,60.06,329
2025.10.30,13:15,60.06,60.09,59.85,60.03,351
2025.10.30,13:30,60.02,60.08,59.80,59.82,363
2025.10.30,13:45,59.83,60.01,59.80,59.96,328
2025.10.30,14:00,59.94,59.94,59.62,59.85,535
2025.10.30,14:15,59.83,59.97,59.72,59.94,328
2025.10.30,14:30,59.96,60.03,59.75,59.92,678
2025.10.30,14:45,59.90,60.09,59.81,59.85,634
2025.10.30,15:00,59.85,60.11,59.80,60.07,745
2025.10.30,15:15,60.08,60.17,60.03,60.11,576
2025.10.30,15:30,60.12,60.27,60.08,60.26,581
2025.10.30,15:45,60.27,60.54,60.27,60.42,730
2025.10.30,16:00,60.39,60.70,60.39,60.66,480
2025.10.30,16:15,60.65,60.68,60.42,60.47,455
2025.10.30,16:30,60.46,60.55,60.36,60.51,469
2025.10.30,16:45,60.48,60.58,60.40,60.44,293
2025.10.30,17:00,60.42,60.68,60.42,60.60,298
2025.10.30,17:15,60.61,60.62,60.45,60.53,411
2025.10.30,17:30,60.54,60.64,60.46,60.60,347
2025.10.30,17:45,60.59,60.71,60.58,60.67,248
2025.10.30,18:00,60.68,60.68,60.54,60.58,203
2025.10.30,18:15,60.59,60.65,60.57,60.61,146
2025.10.30,18:30,60.61,60.77,60.56,60.77,242
2025.10.30,18:45,60.78,60.78,60.58,60.64,267
2025.10.30,19:00,60.65,60.67,60.52,60.55,276
2025.10.30,19:15,60.58,60.67,60.49,60.53,311
2025.10.30,19:30,60.54,60.59,60.36,60.46,252
2025.10.30,19:45,60.45,60.51,60.43,60.45,130
2025.10.30,20:00,60.44,60.48,60.39,60.41,106
2025.10.30,20:15,60.42,60.43,60.35,60.35,145
2025.10.30,20:30,60.37,60.39,60.28,60.30,159
2025.10.30,20:45,60.32,60.33,60.20,60.21,129
2025.10.30,21:00,60.24,60.27,60.19,60.24,82
2025.10.30,21:15,60.22,60.30,60.20,60.27,80
2025.10.30,21:30,60.28,60.29,60.22,60.27,100
2025.10.30,21:45,60.27,60.32,60.25,60.29,102
2025.10.30,23:00,60.27,60.29,60.18,60.22,71
2025.10.30,23:15,60.22,60.28,60.22,60.26,32
2025.10.30,23:30,60.25,60.26,60.20,60.21,21
2025.10.30,23:45,60.24,60.26,60.22,60.24,21
2025.10.31,00:00,60.22,60.27,60.20,60.24,34
2025.10.31,00:15,60.23,60.28,60.22,60.25,31
2025.10.31,00:30,60.25,60.28,60.25,60.25,9
2025.10.31,00:45,60.26,60.29,60.24,60.27,33
2025.10.31,01:00,60.27,60.28,60.16,60.22,132
2025.10.31,01:15,60.22,60.27,60.20,60.25,35
2025.10.31,01:30,60.26,60.27,60.21,60.27,53
2025.10.31,01:45,60.26,60.28,60.25,60.25,32
2025.10.31,02:00,60.25,60.38,60.21,60.38,212
2025.10.31,02:15,60.37,60.38,60.26,60.29,121
2025.10.31,02:30,60.30,60.32,60.23,60.27,141
2025.10.31,02:45,60.26,60.30,60.24,60.26,101
2025.10.31,03:00,60.27,60.31,60.26,60.30,60
2025.10.31,03:15,60.30,60.30,60.17,60.17,65
2025.10.31,03:30,60.20,60.21,60.12,60.19,140
2025.10.31,03:45,60.18,60.26,60.16,60.22,97
2025.10.31,04:00,60.23,60.24,60.14,60.14,75
2025.10.31,04:15,60.15,60.18,60.08,60.10,111
2025.10.31,04:30,60.11,60.16,60.10,60.15,58
2025.10.31,04:45,60.14,60.15,60.10,60.10,22
2025.10.31,05:00,60.09,60.15,60.08,60.13,61
2025.10.31,05:15,60.13,60.17,60.11,60.12,35
2025.10.31,05:30,60.14,60.14,60.08,60.10,16
2025.10.31,05:45,60.11,60.16,60.11,60.13,34
2025.10.31,06:00,60.14,60.17,60.12,60.13,57
2025.10.31,06:15,60.12,60.15,60.05,60.08,34
2025.10.31,06:30,60.04,60.14,60.03,60.12,99
2025.10.31,06:45,60.11,60.12,60.03,60.09,66
2025.10.31,07:00,60.07,60.19,60.05,60.16,130
2025.10.31,07:15,60.15,60.25,60.15,60.18,181
2025.10.31,07:30,60.19,60.21,60.04,60.13,187
2025.10.31,07:45,60.11,60.25,60.08,60.21,176
2025.10.31,08:00,60.24,60.34,60.20,60.26,209
2025.10.31,08:15,60.25,60.38,60.21,60.36,196
2025.10.31,08:30,60.37,60.42,60.26,60.33,212
2025.10.31,08:45,60.36,60.46,60.28,60.41,177
2025.10.31,09:00,60.44,60.46,60.30,60.41,263
2025.10.31,09:15,60.40,60.50,60.33,60.35,357
2025.10.31,09:30,60.37,60.52,60.34,60.43,371
2025.10.31,09:45,60.42,60.45,60.14,60.16,377
2025.10.31,10:00,60.15,60.23,60.00,60.11,380
2025.10.31,10:15,60.10,60.29,60.10,60.27,342
2025.10.31,10:30,60.24,60.31,60.13,60.16,216
2025.10.31,10:45,60.13,60.34,60.07,60.07,274
2025.10.31,11:00,60.10,60.21,60.06,60.07,257
2025.10.31,11:15,60.06,60.28,59.97,60.22,319
2025.10.31,11:30,60.24,60.31,60.18,60.28,279
2025.10.31,11:45,60.29,60.41,60.24,60.36,205
2025.10.31,12:00,60.37,60.44,60.32,60.37,200
2025.10.31,12:15,60.36,60.40,60.26,60.31,204
2025.10.31,12:30,60.28,60.40,60.27,60.38,220
2025.10.31,12:45,60.36,60.43,60.29,60.33,197
2025.10.31,13:00,60.34,60.47,60.30,60.37,311
2025.10.31,13:15,60.38,60.46,60.34,60.40,298
2025.10.31,13:30,60.40,60.86,60.34,60.78,864
2025.10.31,13:45,60.78,60.89,60.55,60.82,661
2025.10.31,14:00,60.80,61.37,60.80,61.17,1042
2025.10.31,14:15,61.15,61.16,60.85,60.94,546
2025.10.31,14:30,60.95,61.12,60.88,61.11,644
2025.10.31,14:45,61.10,61.21,61.03,61.18,613
2025.10.31,15:00,61.19,61.21,60.69,60.76,659
2025.10.31,15:15,60.75,60.80,60.50,60.60,534
2025.10.31,15:30,60.59,60.88,60.59,60.82,506
2025.10.31,15:45,60.80,60.97,60.79,60.92,341
2025.10.31,16:00,60.91,61.00,60.84,60.96,330
2025.10.31,16:15,60.99,61.05,60.83,60.97,387
2025.10.31,16:30,60.94,61.11,60.92,61.05,405
2025.10.31,16:45,61.08,61.09,60.45,60.63,1192
2025.10.31,17:00,60.65,60.71,60.46,60.61,605
2025.10.31,17:15,60.60,60.64,60.46,60.58,567
2025.10.31,17:30,60.57,60.76,60.54,60.69,569
2025.10.31,17:45,60.68,60.82,60.63,60.76,344
2025.10.31,18:00,60.75,60.91,60.74,60.86,308
2025.10.31,18:15,60.85,60.95,60.80,60.92,300
2025.10.31,18:30,60.93,60.99,60.84,60.94,270
2025.10.31,18:45,60.94,60.97,60.86,60.86,241
2025.10.31,19:00,60.89,60.96,60.81,60.83,241
2025.10.31,19:15,60.83,61.01,60.78,60.94,340
2025.10.31,19:30,60.94,61.03,60.92,61.00,124
2025.10.31,19:45,60.99,61.01,60.81,60.84,121
2025.10.31,20:00,60.82,60.88,60.78,60.85,119
2025.10.31,20:15,60.85,60.93,60.85,60.88,110
2025.10.31,20:30,60.86,60.92,60.83,60.86,99
2025.10.31,20:45,60.87,60.90,60.82,60.86,120
2025.10.31,21:00,60.85,60.92,60.82,60.85,111
2025.10.31,21:15,60.84,60.85,60.75,60.83,88
2025.10.31,21:30,60.80,60.87,60.80,60.87,61
2025.10.31,21:45,60.88,60.91,60.83,60.88,133
2025.11.03,00:00,61.40,61.43,61.16,61.34,512
2025.11.03,00:15,61.33,61.38,61.29,61.35,83
2025.11.03,00:30,61.35,61.43,61.33,61.36,137
2025.11.03,00:45,61.35,61.42,61.33,61.39,100
2025.11.03,01:00,61.38,61.40,61.29,61.31,177
2025.11.03,01:15,61.29,61.36,61.29,61.32,69
2025.11.03,01:30,61.31,61.34,61.29,61.32,83
2025.11.03,01:45,61.33,61.33,61.21,61.24,121
2025.11.03,02:00,61.27,61.44,61.19,61.23,516
2025.11.03,02:15,61.22,61.29,61.19,61.23,150
2025.11.03,02:30,61.23,61.24,61.11,61.16,130
2025.11.03,02:45,61.17,61.20,61.11,61.14,103
2025.11.03,03:00,61.16,61.25,61.14,61.21,81
2025.11.03,03:15,61.24,61.28,61.21,61.24,36
2025.11.03,03:30,61.24,61.34,61.24,61.33,110
2025.11.03,03:45,61.32,61.35,61.22,61.22,89
2025.11.03,04:00,61.21,61.25,61.16,61.18,94
2025.11.03,04:15,61.19,61.21,61.11,61.15,83
2025.11.03,04:30,61.12,61.25,61.12,61.20,46
2025.11.03,04:45,61.23,61.25,61.21,61.24,33
2025.11.03,05:00,61.25,61.25,61.14,61.14,54
2025.11.03,05:15,61.17,61.20,61.14,61.20,34
2025.11.03,05:30,61.19,61.19,61.08,61.09,63
2025.11.03,05:45,61.10,61.13,61.08,61.11,42
2025.11.03,06:00,61.10,61.20,61.10,61.20,69
2025.11.03,06:15,61.17,61.21,61.13,61.18,46
2025.11.03,06:30,61.17,61.28,61.16,61.26,194
2025.11.03,06:45,61.25,61.44,61.25,61.41,175
2025.11.03,07:00,61.40,61.43,61.33,61.38,133
2025.11.03,07:15,61.37,61.43,61.33,61.34,202
2025.11.03,07:30,61.36,61.49,61.34,61.37,183
2025.11.03,07:45,61.36,61.44,61.31,61.40,149
2025.11.03,08:00,61.44,61.45,61.31,61.31,194
2025.11.03,08:15,61.32,61.32,61.18,61.26,245
2025.11.03,08:30,61.29,61.42,61.24,61.32,175
2025.11.03,08:45,61.29,61.40,61.24,61.27,235
2025.11.03,09:00,61.26,61.32,61.17,61.22,285
2025.11.03,09:15,61.19,61.22,61.04,61.06,460
2025.11.03,09:30,61.05,61.14,60.95,61.02,314
2025.11.03,09:45,61.01,61.05,60.82,60.85,327
2025.11.03,10:00,60.84,60.88,60.67,60.71,326
2025.11.03,10:15,60.71,60.92,60.69,60.87,268
2025.11.03,10:30,60.84,60.88,60.78,60.83,153
2025.11.03,10:45,60.80,60.98,60.80,60.97,209
2025.11.03,11:00,60.94,60.98,60.82,60.97,265
2025.11.03,11:15,60.95,60.99,60.74,60.91,238
2025.11.03,11:30,60.90,61.21,60.90,61.08,264
2025.11.03,11:45,61.10,61.21,61.07,61.19,238
2025.11.03,12:00,61.17,61.19,60.74,60.75,282
2025.11.03,12:15,60.74,60.81,60.56,60.63,328
2025.11.03,12:30,60.64,60.68,60.58,60.60,184
2025.11.03,12:45,60.60,60.84,60.58,60.81,176
2025.11.03,13:00,60.81,60.93,60.77,60.91,246
2025.11.03,13:15,60.92,60.96,60.80,60.84,199
2025.11.03,13:30,60.83,60.93,60.81,60.90,171
2025.11.03,13:45,60.90,60.99,60.82,60.86,214
2025.11.03,14:00,60.86,60.92,60.76,60.90,377
2025.11.03,14:15,60.88,61.01,60.85,60.96,234
2025.11.03,14:30,60.95,61.03,60.92,60.93,297
2025.11.03,14:45,60.93,60.96,60.82,60.84,346
2025.11.03,15:00,60.82,61.16,60.81,61.07,489
2025.11.03,15:15,61.08,61.08,60.88,60.95,452
2025.11.03,15:30,60.94,60.94,60.58,60.77,696
2025.11.03,15:45,60.76,60.91,60.73,60.85,511
2025.11.03,16:00,60.79,60.96,60.75,60.77,565
2025.11.03,16:15,60.77,60.87,60.49,60.50,479
2025.11.03,16:30,60.53,60.80,60.49,60.79,616
2025.11.03,16:45,60.80,61.01,60.70,60.97,458
2025.11.03,17:00,60.96,61.36,60.94,61.32,649
2025.11.03,17:15,61.34,61.47,61.27,61.31,475
2025.11.03,17:30,61.32,61.43,61.23,61.32,481
2025.11.03,17:45,61.31,61.43,61.28,61.28,267
2025.11.03,18:00,61.27,61.28,61.12,61.18,248
2025.11.03,18:15,61.19,61.32,61.16,61.28,224
2025.11.03,18:30,61.29,61.35,61.25,61.28,155
2025.11.03,18:45,61.25,61.30,61.19,61.25,195
2025.11.03,19:00,61.24,61.30,61.15,61.27,184
2025.11.03,19:15,61.27,61.29,61.21,61.29,158
2025.11.03,19:30,61.28,61.29,61.16,61.20,136
2025.11.03,19:45,61.19,61.20,60.93,60.94,243
2025.11.03,20:00,60.97,60.98,60.72,60.95,344
2025.11.03,20:15,60.94,61.11,60.92,60.97,260
2025.11.03,20:30,60.99,61.06,60.96,61.05,131
2025.11.03,20:45,61.03,61.05,60.94,60.97,75
2025.11.03,21:00,60.98,61.03,60.91,60.96,112
2025.11.03,21:15,60.97,61.05,60.94,61.02,88
2025.11.03,21:30,61.05,61.05,60.97,61.03,62
2025.11.03,21:45,61.04,61.07,60.96,61.07,71
2025.11.03,22:00,61.04,61.06,60.95,61.00,70
2025.11.03,22:15,60.97,61.02,60.96,60.96,37
2025.11.03,22:30,60.99,61.01,60.92,60.99,47
2025.11.03,22:45,61.01,61.03,60.96,61.00,54
2025.11.04,00:00,60.97,61.01,60.91,60.92,42
2025.11.04,00:15,60.91,60.94,60.89,60.93,23
2025.11.04,00:30,60.94,60.96,60.92,60.95,13
2025.11.04,00:45,60.97,60.99,60.96,60.99,22
2025.11.04,01:00,60.98,60.99,60.94,60.96,28
2025.11.04,01:15,60.93,60.96,60.92,60.94,27
2025.11.04,01:30,60.94,60.95,60.86,60.88,33
2025.11.04,01:45,60.89,60.91,60.87,60.87,16
2025.11.04,02:00,60.90,60.95,60.83,60.92,147
2025.11.04,02:15,60.93,60.96,60.90,60.93,78
2025.11.04,02:30,60.93,60.95,60.88,60.94,127
2025.11.04,02:45,60.91,60.96,60.88,60.93,96
2025.11.04,03:00,60.90,60.93,60.83,60.88,85
2025.11.04,03:15,60.89,60.91,60.85,60.85,39
2025.11.04,03:30,60.85,60.87,60.81,60.84,85
2025.11.04,03:45,60.83,60.84,60.76,60.78,67
2025.11.04,04:00,60.76,60.88,60.76,60.83,142
2025.11.04,04:15,60.81,60.87,60.80,60.84,89
2025.11.04,04:30,60.86,60.95,60.84,60.91,121
2025.11.04,04:45,60.91,60.94,60.88,60.92,33
2025.11.04,05:00,60.91,60.92,60.86,60.89,44
2025.11.04,05:15,60.88,60.92,60.86,60.89,52
2025.11.04,05:30,60.88,60.91,60.84,60.86,25
2025.11.04,05:45,60.84,60.88,60.82,60.86,39
2025.11.04,06:00,60.83,60.87,60.79,60.84,58
2025.11.04,06:15,60.85,60.87,60.80,60.86,52
2025.11.04,06:30,60.86,60.89,60.81,60.83,136
2025.11.04,06:45,60.83,60.88,60.79,60.84,188
2025.11.04,07:00,60.84,60.88,60.77,60.81,153
2025.11.04,07:15,60.81,60.87,60.79,60.83,155
2025.11.04,07:30,60.81,60.86,60.78,60.81,142
2025.11.04,07:45,60.80,60.83,60.74,60.76,172
2025.11.04,08:00,60.75,60.85,60.64,60.74,244
2025.11.04,08:15,60.76,60.77,60.65,60.69,168
2025.11.04,08:30,60.68,60.74,60.61,60.66,177
2025.11.04,08:45,60.65,60.70,60.54,60.58,184
2025.11.04,09:00,60.59,60.61,60.38,60.38,373
2025.11.04,09:15,60.39,60.49,60.30,60.44,444
2025.11.04,09:30,60.43,60.51,60.16,60.18,433
2025.11.04,09:45,60.19,60.25,60.03,60.17,348
2025.11.04,10:00,60.19,60.30,60.17,60.21,253
2025.11.04,10:15,60.23,60.31,60.17,60.17,243
2025.11.04,10:30,60.17,60.22,60.08,60.14,272
2025.11.04,10:45,60.14,60.30,60.06,60.11,287
2025.11.04,11:00,60.10,60.10,59.92,59.95,371
2025.11.04,11:15,59.95,60.10,59.95,60.06,220
2025.11.04,11:30,60.08,60.23,60.06,60.16,218
2025.11.04,11:45,60.18,60.18,60.05,60.11,194
2025.11.04,12:00,60.08,60.10,59.99,60.02,198
2025.11.04,12:15,60.01,60.18,59.99,60.10,134
2025.11.04,12:30,60.10,60.19,60.06,60.15,168
2025.11.04,12:45,60.13,60.19,60.09,60.16,134
2025.11.04,13:00,60.16,60.20,60.10,60.19,197
2025.11.04,13:15,60.18,60.19,60.08,60.09,170
2025.11.04,13:30,60.11,60.23,60.09,60.19,218
2025.11.04,13:45,60.20,60.32,60.17,60.24,284
2025.11.04,14:00,60.23,60.28,60.08,60.24,370
2025.11.04,14:15,60.23,60.27,60.13,60.17,271
2025.11.04,14:30,60.19,60.21,60.01,60.10,273
2025.11.04,14:45,60.11,60.15,59.97,59.97,298
2025.11.04,15:00,59.99,60.31,59.99,60.26,510
2025.11.04,15:15,60.27,60.47,60.24,60.38,435
2025.11.04,15:30,60.40,60.45,60.24,60.41,847
2025.11.04,15:45,60.39,60.63,60.33,60.52,569
2025.11.04,16:00,60.52,60.59,60.41,60.58,428
2025.11.04,16:15,60.56,60.62,60.47,60.55,410
2025.11.04,16:30,60.56,60.65,60.49,60.63,411
2025.11.04,16:45,60.64,60.76,60.51,60.75,396
2025.11.04,17:00,60.74,60.83,60.72,60.74,391
2025.11.04,17:15,60.75,60.79,60.59,60.63,477
2025.11.04,17:30,60.66,60.73,60.57,60.59,411
2025.11.04,17:45,60.60,60.75,60.56,60.69,296
2025.11.04,18:00,60.72,60.73,60.58,60.66,273
2025.11.04,18:15,60.66,60.80,60.62,60.69,254
2025.11.04,18:30,60.68,60.69,60.55,60.67,242
2025.11.04,18:45,60.68,60.87,60.65,60.76,347
2025.11.04,19:00,60.75,60.81,60.70,60.72,300
2025.11.04,19:15,60.74,60.85,60.71,60.75,329
2025.11.04,19:30,60.77,60.81,60.48,60.58,286
2025.11.04,19:45,60.57,60.67,60.51,60.62,302
2025.11.04,20:00,60.63,60.71,60.52,60.57,248
2025.11.04,20:15,60.55,60.62,60.46,60.56,429
2025.11.04,20:30,60.54,60.58,60.47,60.55,208
2025.11.04,20:45,60.56,60.68,60.50,60.52,183
2025.11.04,21:00,60.50,60.54,60.39,60.40,123
2025.11.04,21:15,60.41,60.45,60.39,60.42,84
2025.11.04,21:30,60.39,60.47,60.38,60.44,67
2025.11.04,21:45,60.45,60.46,60.32,60.35,127
2025.11.04,22:00,60.37,60.39,60.33,60.33,84
2025.11.04,22:15,60.35,60.37,60.32,60.33,41
2025.11.04,22:30,60.32,60.42,60.30,60.41,135
2025.11.04,22:45,60.42,60.45,60.34,60.44,100
2025.11.05,00:00,60.42,60.42,60.28,60.29,53
2025.11.05,00:15,60.33,60.35,60.29,60.32,41
2025.11.05,00:30,60.32,60.34,60.25,60.29,42
2025.11.05,00:45,60.26,60.29,60.24,60.27,41
2025.11.05,01:00,60.25,60.33,60.25,60.32,74
2025.11.05,01:15,60.30,60.32,60.23,60.25,41
2025.11.05,01:30,60.25,60.26,60.18,60.20,81
2025.11.05,01:45,60.19,60.25,60.18,60.24,58
2025.11.05,02:00,60.25,60.30,60.15,60.15,278
2025.11.05,02:15,60.18,60.18,59.99,60.01,227
2025.11.05,02:30,60.04,60.16,59.99,60.11,189
2025.11.05,02:45,60.10,60.16,60.07,60.09,123
2025.11.05,03:00,60.09,60.15,60.09,60.11,120
2025.11.05,03:15,60.14,60.16,60.09,60.10,101
2025.11.05,03:30,60.08,60.21,60.08,60.21,102
2025.11.05,03:45,60.19,60.25,60.16,60.20,156
2025.11.05,04:00,60.21,60.24,60.18,60.21,108
2025.11.05,04:15,60.22,60.33,60.20,60.32,72
2025.11.05,04:30,60.32,60.39,60.31,60.38,107
2025.11.05,04:45,60.38,60.50,60.36,60.46,138
2025.11.05,05:00,60.45,60.51,60.41,60.48,83
2025.11.05,05:15,60.46,60.49,60.44,60.49,27
2025.11.05,05:30,60.48,60.56,60.47,60.50,63
2025.11.05,05:45,60.51,60.52,60.45,60.47,59
2025.11.05,06:00,60.47,60.51,60.46,60.50,46
2025.11.05,06:15,60.51,60.58,60.49,60.57,49
2025.11.05,06:30,60.56,60.62,60.52,60.59,126
2025.11.05,06:45,60.58,60.65,60.53,60.62,192
2025.11.05,07:00,60.62,60.65,60.58,60.61,159
2025.11.05,07:15,60.63,60.68,60.59,60.59,119
2025.11.05,07:30,60.59,60.69,60.58,60.63,110
2025.11.05,07:45,60.60,60.63,60.51,60.56,168
2025.11.05,08:00,60.54,60.59,60.39,60.50,233
2025.11.05,08:15,60.49,60.50,60.41,60.47,140
2025.11.05,08:30,60.46,60.55,60.45,60.49,228
2025.11.05,08:45,60.49,60.57,60.43,60.55,266
2025.11.05,09:00,60.58,60.58,60.36,60.50,311
2025.11.05,09:15,60.47,60.49,60.36,60.42,389
2025.11.05,09:30,60.43,60.71,60.41,60.62,305
2025.11.05,09:45,60.63,60.68,60.52,60.62,275
2025.11.05,10:00,60.63,60.77,60.61,60.63,326
2025.11.05,10:15,60.61,60.74,60.58,60.72,273
2025.11.05,10:30,60.70,60.99,60.70,60.85,420
2025.11.05,10:45,60.85,60.89,60.77,60.84,202
2025.11.05,11:00,60.85,61.03,60.83,60.97,291
2025.11.05,11:15,60.97,61.04,60.91,60.98,251
2025.11.05,11:30,60.99,61.07,60.94,60.98,265
2025.11.05,11:45,60.98,61.05,60.85,60.89,234
2025.11.05,12:00,60.86,61.02,60.80,60.81,235
2025.11.05,12:15,60.83,60.85,60.63,60.68,233
2025.11.05,12:30,60.70,60.76,60.60,60.61,211
2025.11.05,12:45,60.60,60.65,60.48,60.50,199
2025.11.05,13:00,60.50,60.50,60.14,60.18,460
2025.11.05,13:15,60.20,60.46,60.16,60.37,262
2025.11.05,13:30,60.35,60.41,60.26,60.32,234
2025.11.05,13:45,60.33,60.41,60.28,60.34,198
2025.11.05,14:00,60.32,60.37,60.25,60.29,259
2025.11.05,14:15,60.29,60.33,60.13,60.23,273
2025.11.05,14:30,60.20,60.33,60.17,60.20,322
2025.11.05,14:45,60.21,60.29,60.09,60.22,290
2025.11.05,15:00,60.19,60.20,60.02,60.12,376
2025.11.05,15:15,60.14,60.21,60.06,60.14,251
2025.11.05,15:30,60.13,60.16,60.00,60.14,443
2025.11.05,15:45,60.15,60.23,60.01,60.13,478
2025.11.05,16:00,60.11,60.31,60.09,60.22,495
2025.11.05,16:15,60.22,60.23,60.08,60.19,430
2025.11.05,16:30,60.18,60.49,60.04,60.39,747
2025.11.05,16:45,60.42,60.72,60.33,60.68,692
2025.11.05,17:00,60.71,60.84,60.63,60.64,803
2025.11.05,17:15,60.64,60.70,60.40,60.48,642
2025.11.05,17:30,60.45,60.48,59.89,59.89,836
2025.11.05,17:45,59.87,60.04,59.76,59.77,776
2025.11.05,18:00,59.78,59.87,59.65,59.77,597
2025.11.05,18:15,59.79,59.87,59.74,59.76,299
2025.11.05,18:30,59.74,59.83,59.59,59.78,405
2025.11.05,18:45,59.77,59.83,59.71,59.73,254
2025.11.05,19:00,59.75,59.79,59.65,59.70,277
2025.11.05,19:15,59.72,59.78,59.69,59.70,196
2025.11.05,19:30,59.72,59.77,59.64,59.69,176
2025.11.05,19:45,59.69,59.84,59.68,59.80,229
2025.11.05,20:00,59.79,59.81,59.54,59.67,405
2025.11.05,20:15,59.65,59.68,59.54,59.57,461
2025.11.05,20:30,59.58,59.62,59.51,59.57,187
2025.11.05,20:45,59.55,59.58,59.50,59.55,168
2025.11.05,21:00,59.57,59.65,59.56,59.58,111
2025.11.05,21:15,59.58,59.63,59.57,59.58,74
2025.11.05,21:30,59.59,59.63,59.56,59.61,65
2025.11.05,21:45,59.60,59.63,59.57,59.57,80
2025.11.05,22:00,59.59,59.63,59.57,59.62,80
2025.11.05,22:15,59.62,59.65,59.58,59.61,77
2025.11.05,22:30,59.63,59.63,59.59,59.62,16
2025.11.05,22:45,59.60,59.67,59.56,59.62,88
2025.11.06,00:00,59.66,59.71,59.61,59.63,69
2025.11.06,00:15,59.60,59.67,59.60,59.63,57
2025.11.06,00:30,59.62,59.68,59.61,59.63,68
2025.11.06,00:45,59.64,59.65,59.56,59.56,46
2025.11.06,01:00,59.59,59.64,59.56,59.64,48
2025.11.06,01:15,59.63,59.65,59.59,59.63,71
2025.11.06,01:30,59.62,59.65,59.60,59.62,31
2025.11.06,01:45,59.60,59.64,59.60,59.64,30
2025.11.06,02:00,59.62,59.66,59.53,59.58,237
2025.11.06,02:15,59.58,59.68,59.55,59.61,125
2025.11.06,02:30,59.58,59.71,59.58,59.70,116
2025.11.06,02:45,59.70,59.70,59.59,59.60,86
2025.11.06,03:00,59.61,59.62,59.55,59.60,97
2025.11.06,03:15,59.59,59.72,59.59,59.70,91
2025.11.06,03:30,59.69,59.75,59.67,59.73,123
2025.11.06,03:45,59.72,59.74,59.66,59.74,87
2025.11.06,04:00,59.74,59.76,59.68,59.68,85
2025.11.06,04:15,59.70,59.73,59.67,59.72,70
2025.11.06,04:30,59.70,59.77,59.70,59.74,43
2025.11.06,04:45,59.76,59.80,59.73,59.80,50
2025.11.06,05:00,59.76,59.86,59.75,59.86,52
2025.11.06,05:15,59.85,59.86,59.77,59.79,50
2025.11.06,05:30,59.77,59.80,59.76,59.78,25
2025.11.06,05:45,59.79,59.80,59.74,59.77,61
2025.11.06,06:00,59.76,59.84,59.76,59.84,44
2025.11.06,06:15,59.84,59.86,59.81,59.86,80
2025.11.06,06:30,59.83,59.87,59.81,59.83,119
2025.11.06,06:45,59.83,59.87,59.80,59.84,65
2025.11.06,07:00,59.83,59.91,59.82,59.90,123
2025.11.06,07:15,59.89,59.91,59.80,59.83,122
2025.11.06,07:30,59.83,59.84,59.74,59.79,139
2025.11.06,07:45,59.79,59.93,59.78,59.93,153
2025.11.06,08:00,59.93,59.98,59.85,59.88,180
2025.11.06,08:15,59.89,59.89,59.77,59.86,215
2025.11.06,08:30,59.85,59.90,59.81,59.83,208
2025.11.06,08:45,59.85,59.88,59.74,59.75,233
2025.11.06,09:00,59.75,59.77,59.44,59.55,412
2025.11.06,09:15,59.55,59.75,59.52,59.74,468
2025.11.06,09:30,59.73,60.07,59.71,60.01,528
2025.11.06,09:45,60.03,60.32,60.01,60.29,459
2025.11.06,10:00,60.31,60.39,60.20,60.25,409
2025.11.06,10:15,60.21,60.48,60.19,60.45,338
2025.11.06,10:30,60.46,60.50,60.18,60.18,343
2025.11.06,10:45,60.17,60.23,60.03,60.09,379
2025.11.06,11:00,60.10,60.18,60.05,60.06,422
2025.11.06,11:15,60.05,60.11,59.95,59.98,412
2025.11.06,11:30,60.01,60.14,59.89,60.10,329
2025.11.06,11:45,60.11,60.14,60.01,60.12,286
2025.11.06,12:00,60.13,60.18,59.99,60.02,290
2025.11.06,12:15,60.05,60.10,59.96,60.03,227
2025.11.06,12:30,60.02,60.04,59.85,59.90,282
2025.11.06,12:45,59.91,59.99,59.88,59.90,262
2025.11.06,13:00,59.92,60.12,59.92,59.97,323
2025.11.06,13:15,59.98,60.06,59.91,59.99,246
2025.11.06,13:30,59.98,60.12,59.93,60.06,260
2025.11.06,13:45,60.07,60.14,60.05,60.08,313
2025.11.06,14:00,60.10,60.12,59.90,59.98,561
2025.11.06,14:15,59.95,60.15,59.95,60.13,330
2025.11.06,14:30,60.10,60.12,59.98,60.05,270
2025.11.06,14:45,60.07,60.09,59.69,59.76,461
2025.11.06,15:00,59.74,59.84,59.51,59.60,655
2025.11.06,15:15,59.62,59.63,59.17,59.21,937
2025.11.06,15:30,59.20,59.44,59.15,59.22,836
2025.11.06,15:45,59.23,59.32,59.11,59.14,704
2025.11.06,16:00,59.13,59.20,58.95,59.01,892
2025.11.06,16:15,59.01,59.20,58.97,59.03,654
2025.11.06,16:30,59.02,59.05,58.81,58.83,602
2025.11.06,16:45,58.82,59.18,58.81,59.09,782
2025.11.06,17:00,59.10,59.33,59.08,59.30,672
2025.11.06,17:15,59.31,59.39,59.16,59.33,702
2025.11.06,17:30,59.33,59.39,58.98,59.02,669
2025.11.06,17:45,59.00,59.09,58.91,58.98,493
2025.11.06,18:00,58.99,59.09,58.94,58.95,499
2025.11.06,18:15,58.95,59.03,58.92,59.03,328
2025.11.06,18:30,59.02,59.14,58.97,59.13,340
2025.11.06,18:45,59.12,59.30,59.10,59.25,321
2025.11.06,19:00,59.24,59.35,59.06,59.09,391
2025.11.06,19:15,59.06,59.27,59.03,59.18,285
2025.11.06,19:30,59.21,59.42,59.21,59.34,254
2025.11.06,19:45,59.35,59.41,59.26,59.30,273
2025.11.06,20:00,59.30,59.38,59.24,59.29,305
2025.11.06,20:15,59.28,59.46,59.28,59.44,399
2025.11.06,20:30,59.41,59.48,59.34,59.37,297
2025.11.06,20:45,59.40,59.45,59.33,59.43,155
2025.11.06,21:00,59.42,59.55,59.42,59.54,151
2025.11.06,21:15,59.52,59.63,59.50,59.55,151
2025.11.06,21:30,59.58,59.67,59.56,59.64,165
2025.11.06,21:45,59.61,59.61,59.44,59.46,135
2025.11.06,22:00,59.46,59.55,59.46,59.53,84
2025.11.06,22:15,59.51,59.55,59.50,59.52,42
2025.11.06,22:30,59.51,59.54,59.45,59.53,57
2025.11.06,22:45,59.54,59.54,59.45,59.53,95
2025.11.07,00:00,59.63,59.79,59.61,59.69,131
2025.11.07,00:15,59.69,59.71,59.64,59.65,46
2025.11.07,00:30,59.66,59.68,59.61,59.63,58
2025.11.07,00:45,59.64,59.66,59.62,59.66,36
2025.11.07,01:00,59.63,59.68,59.62,59.63,54
2025.11.07,01:15,59.65,59.67,59.61,59.65,44
2025.11.07,01:30,59.64,59.68,59.64,59.64,34
2025.11.07,01:45,59.65,59.67,59.62,59.64,34
2025.11.07,02:00,59.62,59.75,59.58,59.74,365
2025.11.07,02:15,59.71,59.73,59.63,59.63,123
2025.11.07,02:30,59.63,59.70,59.57,59.68,160
2025.11.07,02:45,59.66,59.70,59.62,59.65,130
2025.11.07,03:00,59.66,59.73,59.60,59.63,192
2025.11.07,03:15,59.63,59.68,59.62,59.65,73
2025.11.07,03:30,59.64,59.80,59.63,59.79,194
2025.11.07,03:45,59.79,59.79,59.73,59.76,97
2025.11.07,04:00,59.73,59.77,59.68,59.68,93
2025.11.07,04:15,59.67,59.69,59.61,59.66,80
2025.11.07,04:30,59.65,59.68,59.59,59.60,150
2025.11.07,04:45,59.59,59.67,59.59,59.65,70
2025.11.07,05:00,59.67,59.67,59.58,59.61,95
2025.11.07,05:15,59.62,59.82,59.62,59.81,111
2025.11.07,05:30,59.78,59.80,59.72,59.72,113
2025.11.07,05:45,59.72,59.75,59.68,59.74,59
2025.11.07,06:00,59.73,59.79,59.69,59.71,70
2025.11.07,06:15,59.68,59.74,59.68,59.73,83
2025.11.07,06:30,59.74,59.81,59.69,59.77,144
2025.11.07,06:45,59.78,59.84,59.75,59.83,147
2025.11.07,07:00,59.83,59.90,59.80,59.90,169
2025.11.07,07:15,59.87,59.96,59.87,59.92,244
2025.11.07,07:30,59.92,60.06,59.86,60.01,255
2025.11.07,07:45,60.04,60.15,59.98,60.14,317
2025.11.07,08:00,60.13,60.15,60.05,60.10,253
2025.11.07,08:15,60.08,60.11,59.97,60.06,266
2025.11.07,08:30,60.07,60.18,60.04,60.06,248
2025.11.07,08:45,60.07,60.10,59.99,60.08,231
2025.11.07,09:00,60.07,60.19,60.03,60.10,315
2025.11.07,09:15,60.08,60.16,59.99,60.06,335
2025.11.07,09:30,60.06,60.14,59.85,60.06,443
2025.11.07,09:45,60.04,60.13,60.01,60.11,221
2025.11.07,10:00,60.11,60.17,59.99,60.12,309
2025.11.07,10:15,60.11,60.19,60.06,60.14,212
2025.11.07,10:30,60.12,60.33,60.12,60.33,292
2025.11.07,10:45,60.31,60.33,60.18,60.28,186
2025.11.07,11:00,60.28,60.41,60.21,60.38,254
2025.11.07,11:15,60.36,60.44,60.17,60.21,325
2025.11.07,11:30,60.22,60.25,60.09,60.16,317
2025.11.07,11:45,60.15,60.24,60.12,60.16,244
2025.11.07,12:00,60.15,60.15,59.98,60.03,356
2025.11.07,12:15,60.03,60.07,59.95,60.02,327
2025.11.07,12:30,60.03,60.04,59.86,59.96,309
2025.11.07,12:45,59.97,60.09,59.93,59.97,290
2025.11.07,13:00,59.95,60.06,59.94,60.03,270
2025.11.07,13:15,60.02,60.07,59.97,60.03,273
2025.11.07,13:30,60.04,60.08,59.90,59.92,278
2025.11.07,13:45,59.90,59.99,59.87,59.95,231
2025.11.07,14:00,59.93,60.01,59.77,59.85,421
2025.11.07,14:15,59.86,59.99,59.82,59.95,318
2025.11.07,14:30,59.93,59.94,59.79,59.85,309
2025.11.07,14:45,59.82,60.02,59.82,59.85,339
2025.11.07,15:00,59.82,60.10,59.80,59.90,561
2025.11.07,15:15,59.89,60.01,59.78,59.79,651
2025.11.07,15:30,59.78,59.81,59.57,59.69,989
2025.11.07,15:45,59.69,59.94,59.65,59.90,758
2025.11.07,16:00,59.91,59.93,59.67,59.79,883
2025.11.07,16:15,59.78,59.86,59.59,59.62,836
2025.11.07,16:30,59.62,59.75,59.60,59.64,673
2025.11.07,16:45,59.67,59.69,59.49,59.55,674
2025.11.07,17:00,59.53,59.65,59.51,59.61,563
2025.11.07,17:15,59.60,59.75,59.59,59.61,628
2025.11.07,17:30,59.58,59.71,59.56,59.65,609
2025.11.07,17:45,59.66,59.80,59.64,59.75,472
2025.11.07,18:00,59.73,59.91,59.73,59.80,492
2025.11.07,18:15,59.77,59.80,59.54,59.64,327
2025.11.07,18:30,59.66,59.75,59.52,59.54,346
2025.11.07,18:45,59.53,59.59,59.29,59.48,649
2025.11.07,19:00,59.51,59.65,59.49,59.57,331
2025.11.07,19:15,59.55,59.74,59.54,59.74,299
2025.11.07,19:30,59.74,59.84,59.65,59.74,279
2025.11.07,19:45,59.72,59.78,59.65,59.75,251
2025.11.07,20:00,59.74,59.81,59.66,59.69,329
2025.11.07,20:15,59.70,59.79,59.67,59.71,387
2025.11.07,20:30,59.72,59.84,59.70,59.79,207
2025.11.07,20:45,59.78,59.84,59.74,59.83,161
2025.11.07,21:00,59.81,59.84,59.76,59.79,93
2025.11.07,21:15,59.78,59.82,59.63,59.68,172
2025.11.07,21:30,59.67,59.77,59.66,59.75,108
2025.11.07,21:45,59.76,59.81,59.70,59.78,164
2025.11.10,00:00,59.86,59.95,59.73,59.76,218
2025.11.10,00:15,59.75,59.81,59.75,59.80,53
2025.11.10,00:30,59.79,59.84,59.77,59.82,46
2025.11.10,00:45,59.85,59.91,59.81,59.89,70
2025.11.10,01:00,59.86,59.87,59.74,59.86,81
2025.11.10,01:15,59.85,59.92,59.82,59.91,74
2025.11.10,01:30,59.91,59.91,59.87,59.90,41
2025.11.10,01:45,59.87,59.98,59.87,59.97,63
2025.11.10,02:00,59.96,60.18,59.95,60.16,327
2025.11.10,02:15,60.16,60.24,60.16,60.20,164
2025.11.10,02:30,60.17,60.21,60.06,60.06,202
2025.11.10,02:45,60.08,60.15,60.04,60.07,165
2025.11.10,03:00,60.06,60.10,60.00,60.07,199
2025.11.10,03:15,60.08,60.14,60.04,60.05,70
2025.11.10,03:30,60.06,60.08,60.02,60.03,128
2025.11.10,03:45,60.05,60.17,60.02,60.16,151
2025.11.10,04:00,60.16,60.25,60.16,60.21,154
2025.11.10,04:15,60.21,60.26,60.18,60.18,141
2025.11.10,04:30,60.18,60.24,60.15,60.18,122
2025.11.10,04:45,60.18,60.21,60.14,60.18,52
2025.11.10,05:00,60.18,60.26,60.17,60.20,69
2025.11.10,05:15,60.22,60.23,60.18,60.23,55
2025.11.10,05:30,60.22,60.26,60.19,60.22,91
2025.11.10,05:45,60.22,60.23,60.19,60.20,42
2025.11.10,06:00,60.23,60.30,60.21,60.30,56
2025.11.10,06:15,60.26,60.33,60.25,60.30,78
2025.11.10,06:30,60.29,60.33,60.29,60.31,118
2025.11.10,06:45,60.30,60.36,60.28,60.30,88
2025.11.10,07:00,60.33,60.35,60.26,60.31,102
2025.11.10,07:15,60.28,60.33,60.23,60.27,141
2025.11.10,07:30,60.27,60.35,60.25,60.30,109
2025.11.10,07:45,60.28,60.32,60.26,60.28,121
2025.11.10,08:00,60.31,60.37,60.20,60.24,171
2025.11.10,08:15,60.24,60.25,60.12,60.22,201
2025.11.10,08:30,60.21,60.30,60.19,60.30,205
2025.11.10,08:45,60.31,60.31,60.14,60.22,224
2025.11.10,09:00,60.22,60.37,60.22,60.26,421
2025.11.10,09:15,60.26,60.35,60.15,60.31,470
2025.11.10,09:30,60.32,60.46,60.04,60.05,495
2025.11.10,09:45,60.03,60.13,59.99,60.07,422
2025.11.10,10:00,60.06,60.28,60.02,60.23,335
2025.11.10,10:15,60.24,60.39,60.22,60.35,321
2025.11.10,10:30,60.35,60.47,60.30,60.45,278
2025.11.10,10:45,60.43,60.44,60.32,60.34,289
2025.11.10,11:00,60.34,60.38,60.21,60.27,332
2025.11.10,11:15,60.25,60.28,60.11,60.12,308
2025.11.10,11:30,60.15,60.18,59.83,59.83,448
2025.11.10,11:45,59.84,59.91,59.80,59.82,353
2025.11.10,12:00,59.80,60.00,59.80,59.85,280
2025.11.10,12:15,59.85,59.90,59.78,59.81,246
2025.11.10,12:30,59.82,59.90,59.77,59.81,227
2025.11.10,12:45,59.80,59.87,59.75,59.84,209
2025.11.10,13:00,59.86,60.05,59.86,59.95,247
2025.11.10,13:15,59.96,60.00,59.91,59.95,173
2025.11.10,13:30,59.92,60.04,59.92,60.03,153
2025.11.10,13:45,60.05,60.08,59.99,60.02,204
2025.11.10,14:00,60.02,60.09,60.00,60.01,282
2025.11.10,14:15,60.04,60.06,59.93,60.01,243
2025.11.10,14:30,60.05,60.06,59.94,59.96,213
2025.11.10,14:45,59.96,60.09,59.94,59.97,273
2025.11.10,15:00,59.93,60.21,59.93,60.16,426
2025.11.10,15:15,60.16,60.19,60.01,60.03,290
2025.11.10,15:30,60.02,60.03,59.55,59.62,766
2025.11.10,15:45,59.66,59.88,59.59,59.59,494
2025.11.10,16:00,59.60,59.67,59.52,59.54,482
2025.11.10,16:15,59.53,59.69,59.53,59.63,380
2025.11.10,16:30,59.64,59.87,59.61,59.77,484
2025.11.10,16:45,59.78,59.79,59.51,59.55,454
2025.11.10,17:00,59.51,59.63,59.47,59.53,435
2025.11.10,17:15,59.51,59.60,59.44,59.46,524
2025.11.10,17:30,59.47,59.56,59.38,59.52,490
2025.11.10,17:45,59.49,59.54,59.42,59.54,319
2025.11.10,18:00,59.54,59.64,59.53,59.62,299
2025.11.10,18:15,59.62,59.79,59.57,59.78,249
2025.11.10,18:30,59.77,59.87,59.72,59.87,282
2025.11.10,18:45,59.85,59.98,59.80,59.97,199
2025.11.10,19:00,59.99,60.03,59.89,59.99,273
2025.11.10,19:15,59.98,59.98,59.88,59.95,215
2025.11.10,19:30,59.96,60.03,59.92,60.03,144
2025.11.10,19:45,60.02,60.02,59.88,59.97,179
2025.11.10,20:00,59.95,60.09,59.95,60.04,224
2025.11.10,20:15,60.05,60.19,60.02,60.10,432
2025.11.10,20:30,60.11,60.17,60.03,60.11,191
2025.11.10,20:45,60.08,60.11,60.02,60.07,113
2025.11.10,21:00,60.08,60.17,60.08,60.16,107
2025.11.10,21:15,60.13,60.17,60.11,60.12,84
2025.11.10,21:30,60.10,60.15,60.07,60.10,82
2025.11.10,21:45,60.09,60.17,60.06,60.11,106
2025.11.10,22:00,60.12,60.15,60.11,60.13,56
2025.11.10,22:15,60.12,60.15,60.09,60.13,37
2025.11.10,22:30,60.10,60.11,60.07,60.08,37
2025.11.10,22:45,60.10,60.10,59.97,60.05,115
2025.11.11,00:00,60.03,60.05,59.97,60.02,31
2025.11.11,00:15,60.02,60.03,59.98,60.01,34
2025.11.11,00:30,60.02,60.03,59.94,59.97,40
2025.11.11,00:45,59.96,59.97,59.94,59.95,14
2025.11.11,01:00,59.97,60.04,59.95,60.00,51
2025.11.11,01:15,59.99,60.02,59.97,60.00,25
2025.11.11,01:30,59.98,60.00,59.97,59.99,16
2025.11.11,01:45,59.99,60.01,59.97,59.97,17
2025.11.11,02:00,59.98,60.01,59.89,59.92,160
2025.11.11,02:15,59.91,59.93,59.86,59.93,87
2025.11.11,02:30,59.92,59.95,59.88,59.95,75
2025.11.11,02:45,59.93,59.95,59.88,59.88,45
2025.11.11,03:00,59.89,59.98,59.84,59.98,86
2025.11.11,03:15,59.96,59.98,59.91,59.96,45
2025.11.11,03:30,59.96,59.97,59.90,59.90,63
2025.11.11,03:45,59.93,59.97,59.90,59.94,39
2025.11.11,04:00,59.95,59.98,59.93,59.94,53
2025.11.11,04:15,59.96,60.06,59.94,60.03,66
2025.11.11,04:30,60.04,60.11,60.04,60.06,85
2025.11.11,04:45,60.05,60.05,59.95,59.98,17
2025.11.11,05:00,59.95,59.97,59.90,59.93,21
2025.11.11,05:15,59.94,60.00,59.91,59.96,21
2025.11.11,05:30,59.97,60.02,59.94,59.96,30
2025.11.11,05:45,59.95,59.97,59.93,59.97,20
2025.11.11,06:00,59.98,59.99,59.94,59.94,25
2025.11.11,06:15,59.93,59.94,59.87,59.89,25
2025.11.11,06:30,59.90,59.92,59.77,59.83,110
2025.11.11,06:45,59.84,59.90,59.78,59.79,95
2025.11.11,07:00,59.80,59.83,59.73,59.80,127
2025.11.11,07:15,59.81,59.89,59.79,59.87,95
2025.11.11,07:30,59.84,59.89,59.83,59.86,87
2025.11.11,07:45,59.86,59.90,59.81,59.85,164
2025.11.11,08:00,59.86,59.87,59.79,59.83,156
2025.11.11,08:15,59.82,59.88,59.73,59.79,161
2025.11.11,08:30,59.76,59.78,59.67,59.67,125
2025.11.11,08:45,59.68,59.80,59.64,59.72,264
2025.11.11,09:00,59.71,59.89,59.68,59.86,285
2025.11.11,09:15,59.83,59.96,59.82,59.85,332
2025.11.11,09:30,59.84,59.98,59.77,59.79,288
2025.11.11,09:45,59.80,60.03,59.76,60.01,264
2025.11.11,10:00,60.00,60.37,59.98,60.35,393
2025.11.11,10:15,60.35,60.47,60.24,60.32,316
2025.11.11,10:30,60.31,60.44,60.27,60.40,207
2025.11.11,10:45,60.42,60.44,60.32,60.37,221
2025.11.11,11:00,60.37,60.50,60.32,60.36,244
2025.11.11,11:15,60.35,60.37,60.17,60.29,171
2025.11.11,11:30,60.32,60.40,60.24,60.33,130
2025.11.11,11:45,60.31,60.34,60.25,60.34,143
2025.11.11,12:00,60.33,60.38,60.23,60.37,186
2025.11.11,12:15,60.37,60.42,60.33,60.39,174
2025.11.11,12:30,60.42,60.51,60.37,60.48,146
2025.11.11,12:45,60.50,60.57,60.48,60.56,197
2025.11.11,13:00,60.55,60.56,60.39,60.46,230
2025.11.11,13:15,60.43,60.51,60.41,60.44,159
2025.11.11,13:30,60.43,60.48,60.40,60.48,170
2025.11.11,13:45,60.48,60.51,60.41,60.44,223
2025.11.11,14:00,60.41,60.57,60.34,60.53,386
2025.11.11,14:15,60.52,60.66,60.52,60.63,298
2025.11.11,14:30,60.66,60.78,60.62,60.65,318
2025.11.11,14:45,60.66,60.80,60.64,60.75,316
2025.11.11,15:00,60.77,60.84,60.65,60.68,409
2025.11.11,15:15,60.67,60.89,60.56,60.73,440
2025.11.11,15:30,60.72,60.84,60.71,60.79,382
2025.11.11,15:45,60.76,61.03,60.76,60.99,477
2025.11.11,16:00,60.99,61.01,60.87,60.95,391
2025.11.11,16:15,60.97,60.98,60.80,60.89,422
2025.11.11,16:30,60.90,60.93,60.77,60.89,418
2025.11.11,16:45,60.92,61.00,60.85,60.98,270
2025.11.11,17:00,60.94,61.10,60.91,60.99,363
2025.11.11,17:15,60.99,61.27,60.97,61.17,531
2025.11.11,17:30,61.19,61.26,60.97,61.03,566
2025.11.11,17:45,61.03,61.19,61.00,61.09,354
2025.11.11,18:00,61.07,61.19,61.00,61.15,294
2025.11.11,18:15,61.17,61.18,61.08,61.11,208
2025.11.11,18:30,61.11,61.14,60.95,61.00,277
2025.11.11,18:45,61.01,61.01,60.87,60.96,301
2025.11.11,19:00,60.95,61.08,60.95,60.98,207
2025.11.11,19:15,60.99,61.02,60.93,61.00,224
2025.11.11,19:30,60.97,61.06,60.92,60.95,223
2025.11.11,19:45,60.94,61.03,60.90,60.99,196
2025.11.11,20:00,60.98,61.10,60.92,61.10,208
2025.11.11,20:15,61.07,61.10,60.94,61.02,287
2025.11.11,20:30,60.99,61.09,60.96,60.99,161
2025.11.11,20:45,60.98,61.13,60.93,61.02,148
2025.11.11,21:00,60.99,61.04,60.96,60.98,139
2025.11.11,21:15,61.00,61.02,60.96,60.99,87
2025.11.11,21:30,60.98,60.98,60.89,60.97,86
2025.11.11,21:45,60.96,60.96,60.88,60.91,107
2025.11.11,22:00,60.93,60.94,60.89,60.94,42
2025.11.11,22:15,60.95,60.98,60.91,60.94,48
2025.11.11,22:30,60.97,61.05,60.94,61.04,64
2025.11.11,22:45,61.02,61.05,60.97,61.03,62
2025.11.12,00:00,61.05,61.05,60.95,60.95,36
2025.11.12,00:15,60.96,61.01,60.96,61.01,9
2025.11.12,00:30,61.01,61.05,61.00,61.05,10
2025.11.12,00:45,61.05,61.05,61.01,61.01,15
2025.11.12,01:00,61.01,61.03,60.98,60.99,51
2025.11.12,01:15,60.97,61.00,60.92,60.94,42
2025.11.12,01:30,60.95,60.97,60.94,60.95,18
2025.11.12,01:45,60.98,61.00,60.94,60.95,42
2025.11.12,02:00,60.95,60.98,60.89,60.93,239
2025.11.12,02:15,60.94,60.96,60.83,60.88,136
2025.11.12,02:30,60.85,60.90,60.84,60.87,91
2025.11.12,02:45,60.87,60.93,60.87,60.89,80
2025.11.12,03:00,60.92,60.95,60.88,60.93,110
2025.11.12,03:15,60.91,60.95,60.89,60.91,48
2025.11.12,03:30,60.90,60.93,60.84,60.87,80
2025.11.12,03:45,60.86,60.88,60.83,60.85,85
2025.11.12,04:00,60.85,60.89,60.83,60.88,79
2025.11.12,04:15,60.87,60.89,60.83,60.83,54
2025.11.12,04:30,60.84,60.85,60.80,60.81,37
2025.11.12,04:45,60.82,60.83,60.76,60.77,36
2025.11.12,05:00,60.78,60.84,60.78,60.83,29
2025.11.12,05:15,60.81,60.88,60.80,60.86,53
2025.11.12,05:30,60.83,60.85,60.81,60.82,21
2025.11.12,05:45,60.84,60.85,60.79,60.80,34
2025.11.12,06:00,60.81,60.84,60.77,60.78,36
2025.11.12,06:15,60.79,60.84,60.76,60.79,40
2025.11.12,06:30,60.80,60.81,60.73,60.80,69
2025.11.12,06:45,60.81,60.83,60.78,60.80,44
2025.11.12,07:00,60.77,60.83,60.76,60.80,51
2025.11.12,07:15,60.77,60.84,60.77,60.82,75
2025.11.12,07:30,60.83,60.87,60.79,60.82,65
2025.11.12,07:45,60.82,60.84,60.75,60.78,111
2025.11.12,08:00,60.75,60.84,60.72,60.81,153
2025.11.12,08:15,60.81,60.83,60.73,60.78,125
2025.11.12,08:30,60.78,60.79,60.69,60.74,178
2025.11.12,08:45,60.73,60.79,60.68,60.70,172
2025.11.12,09:00,60.70,60.78,60.66,60.74,326
2025.11.12,09:15,60.71,60.76,60.64,60.67,292
2025.11.12,09:30,60.69,60.73,60.58,60.71,281
2025.11.12,09:45,60.69,60.72,60.55,60.56,211
2025.11.12,10:00,60.58,60.63,60.53,60.59,229
2025.11.12,10:15,60.60,60.65,60.55,60.58,199
2025.11.12,10:30,60.57,60.60,60.39,60.40,256
2025.11.12,10:45,60.42,60.51,60.38,60.40,230
2025.11.12,11:00,60.39,60.49,60.34,60.46,232
2025.11.12,11:15,60.47,60.51,60.39,60.48,300
2025.11.12,11:30,60.45,60.48,60.39,60.48,178
2025.11.12,11:45,60.47,60.62,60.43,60.62,232
2025.11.12,12:00,60.61,60.67,60.58,60.62,192
2025.11.12,12:15,60.64,60.66,60.51,60.54,143
2025.11.12,12:30,60.53,60.53,60.37,60.48,233
2025.11.12,12:45,60.46,60.49,60.30,60.33,246
2025.11.12,13:00,60.34,60.44,60.30,60.42,237
2025.11.12,13:15,60.44,60.44,60.33,60.36,213
2025.11.12,13:30,60.34,60.41,60.33,60.39,201
2025.11.12,13:45,60.40,60.45,60.37,60.40,155
2025.11.12,14:00,60.39,60.40,60.02,60.16,568
2025.11.12,14:15,60.17,60.25,60.14,60.21,326
2025.11.12,14:30,60.22,60.22,60.09,60.14,246
2025.11.12,14:45,60.16,60.19,59.99,60.04,238
2025.11.12,15:00,60.04,60.05,59.65,59.71,614
2025.11.12,15:15,59.70,59.71,59.45,59.52,501
2025.11.12,15:30,59.55,59.55,59.24,59.26,539
2025.11.12,15:45,59.28,59.28,59.06,59.11,616
2025.11.12,16:00,59.10,59.36,59.10,59.24,527
2025.11.12,16:15,59.26,59.27,59.07,59.11,388
2025.11.12,16:30,59.12,59.15,58.89,58.94,479
2025.11.12,16:45,58.96,59.01,58.89,58.89,369
2025.11.12,17:00,58.90,58.93,58.72,58.81,439
2025.11.12,17:15,58.82,58.98,58.51,58.53,541
2025.11.12,17:30,58.56,58.60,58.40,58.49,665
2025.11.12,17:45,58.47,58.67,58.47,58.54,525
2025.11.12,18:00,58.56,58.73,58.53,58.55,429
2025.11.12,18:15,58.57,58.63,58.48,58.51,330
2025.11.12,18:30,58.50,58.67,58.50,58.52,351
2025.11.12,18:45,58.49,58.59,58.48,58.56,226
2025.11.12,19:00,58.57,58.61,58.46,58.49,185
2025.11.12,19:15,58.48,58.55,58.46,58.48,159
2025.11.12,19:30,58.48,58.51,58.41,58.45,155
2025.11.12,19:45,58.42,58.48,58.29,58.37,264
2025.11.12,20:00,58.33,58.49,58.32,58.45,296
2025.11.12,20:15,58.44,58.51,58.35,58.48,317
2025.11.12,20:30,58.47,58.51,58.34,58.40,193
2025.11.12,20:45,58.37,58.39,58.31,58.36,103
2025.11.12,21:00,58.33,58.37,58.29,58.37,133
2025.11.12,21:15,58.37,58.45,58.34,58.43,110
2025.11.12,21:30,58.42,58.47,58.41,58.43,103
2025.11.12,21:45,58.41,58.46,58.38,58.43,92
2025.11.12,22:00,58.42,58.45,58.35,58.38,87
2025.11.12,22:15,58.40,58.42,58.36,58.41,39
2025.11.12,22:30,58.39,58.43,58.32,58.34,111
2025.11.12,22:45,58.35,58.49,58.33,58.46,200
2025.11.13,00:00,58.45,58.46,58.24,58.30,106
2025.11.13,00:15,58.29,58.33,58.27,58.31,44
2025.11.13,00:30,58.30,58.31,58.18,58.20,61
2025.11.13,00:45,58.19,58.24,58.17,58.20,65
2025.11.13,01:00,58.19,58.33,58.19,58.27,93
2025.11.13,01:15,58.28,58.31,58.24,58.27,65
2025.11.13,01:30,58.27,58.33,58.25,58.30,73
2025.11.13,01:45,58.32,58.33,58.23,58.26,67
2025.11.13,02:00,58.27,58.35,58.10,58.22,640
2025.11.13,02:15,58.21,58.25,58.16,58.22,257
2025.11.13,02:30,58.23,58.35,58.18,58.28,221
2025.11.13,02:45,58.29,58.32,58.26,58.28,82
2025.11.13,03:00,58.27,58.36,58.26,58.33,142
2025.11.13,03:15,58.33,58.44,58.31,58.42,77
2025.11.13,03:30,58.39,58.47,58.39,58.45,145
2025.11.13,03:45,58.43,58.43,58.32,58.37,123
2025.11.13,04:00,58.34,58.39,58.32,58.34,93
2025.11.13,04:15,58.34,58.39,58.33,58.36,96
2025.11.13,04:30,58.37,58.41,58.32,58.39,49
2025.11.13,04:45,58.40,58.49,58.36,58.47,61
2025.11.13,05:00,58.46,58.49,58.38,58.40,76
2025.11.13,05:15,58.43,58.43,58.35,58.38,59
2025.11.13,05:30,58.37,58.41,58.34,58.41,49
2025.11.13,05:45,58.39,58.44,58.39,58.41,34
2025.11.13,06:00,58.40,58.43,58.36,58.40,23
2025.11.13,06:15,58.41,58.42,58.38,58.39,30
2025.11.13,06:30,58.40,58.44,58.34,58.37,113
2025.11.13,06:45,58.37,58.40,58.30,58.37,90
2025.11.13,07:00,58.38,58.41,58.33,58.38,120
2025.11.13,07:15,58.36,58.45,58.34,58.41,171
2025.11.13,07:30,58.41,58.47,58.38,58.47,163
2025.11.13,07:45,58.46,58.51,58.42,58.46,195
2025.11.13,08:00,58.45,58.54,58.40,58.40,165
2025.11.13,08:15,58.41,58.52,58.34,58.37,160
2025.11.13,08:30,58.35,58.52,58.35,58.39,185
2025.11.13,08:45,58.41,58.48,58.36,58.38,164
2025.11.13,09:00,58.39,58.43,58.31,58.34,309
2025.11.13,09:15,58.31,58.37,58.21,58.27,424
2025.11.13,09:30,58.29,58.35,58.18,58.33,373
2025.11.13,09:45,58.30,58.34,58.24,58.30,234
2025.11.13,10:00,58.28,58.33,58.15,58.20,315
2025.11.13,10:15,58.21,58.31,58.18,58.29,249
2025.11.13,10:30,58.28,58.37,58.23,58.26,213
2025.11.13,10:45,58.27,58.37,58.12,58.33,274
2025.11.13,11:00,58.36,58.62,58.36,58.58,352
2025.11.13,11:15,58.61,58.79,58.54,58.75,347
2025.11.13,11:30,58.76,58.84,58.69,58.73,281
2025.11.13,11:45,58.72,58.78,58.65,58.75,190
2025.11.13,12:00,58.75,58.84,58.71,58.82,220
2025.11.13,12:15,58.80,58.86,58.74,58.74,181
2025.11.13,12:30,58.76,58.84,58.71,58.80,186
2025.11.13,12:45,58.81,58.88,58.81,58.85,136
2025.11.13,13:00,58.85,59.00,58.83,58.93,206
2025.11.13,13:15,58.91,58.94,58.84,58.89,216
2025.11.13,13:30,58.90,58.91,58.79,58.82,205
2025.11.13,13:45,58.85,58.97,58.82,58.93,165
2025.11.13,14:00,58.90,59.04,58.85,58.95,370
2025.11.13,14:15,58.94,59.06,58.94,59.04,297
2025.11.13,14:30,59.05,59.21,58.96,59.13,370
2025.11.13,14:45,59.14,59.19,59.06,59.09,275
2025.11.13,15:00,59.10,59.12,58.93,59.02,376
2025.11.13,15:15,58.99,59.11,58.94,59.08,263
2025.11.13,15:30,59.07,59.10,58.89,58.89,556
2025.11.13,15:45,58.90,59.07,58.87,58.98,425
2025.11.13,16:00,58.97,59.08,58.89,59.05,432
2025.11.13,16:15,59.03,59.11,58.96,59.05,388
2025.11.13,16:30,59.05,59.11,58.83,58.87,411
2025.11.13,16:45,58.86,58.93,58.74,58.80,449
2025.11.13,17:00,58.81,58.93,58.77,58.91,489
2025.11.13,17:15,58.89,58.98,58.83,58.90,568
2025.11.13,17:30,58.90,59.03,58.84,59.02,525
2025.11.13,17:45,59.01,59.05,58.92,59.02,376
2025.11.13,18:00,58.99,59.00,58.80,58.88,566
2025.11.13,18:15,58.86,58.91,58.74,58.83,404
2025.11.13,18:30,58.86,58.91,58.82,58.83,366
2025.11.13,18:45,58.84,58.92,58.78,58.84,282
2025.11.13,19:00,58.82,58.88,58.74,58.77,260
2025.11.13,19:15,58.76,58.82,58.71,58.78,256
2025.11.13,19:30,58.79,58.79,58.52,58.59,337
2025.11.13,19:45,58.60,58.68,58.57,58.63,327
2025.11.13,20:00,58.63,58.76,58.62,58.65,335
2025.11.13,20:15,58.64,58.75,58.51,58.71,435
2025.11.13,20:30,58.73,58.83,58.67,58.73,276
2025.11.13,20:45,58.74,58.79,58.69,58.73,209
2025.11.13,21:00,58.72,58.75,58.65,58.68,228
2025.11.13,21:15,58.68,58.71,58.64,58.66,155
2025.11.13,21:30,58.67,58.72,58.65,58.65,127
2025.11.13,21:45,58.65,58.66,58.54,58.59,157
2025.11.13,22:00,58.58,58.68,58.58,58.65,53
2025.11.13,22:15,58.63,58.68,58.63,58.65,58
2025.11.13,22:30,58.67,58.70,58.61,58.70,98
2025.11.13,22:45,58.69,58.69,58.57,58.60,88
2025.11.14,00:00,58.67,58.75,58.64,58.73,71
2025.11.14,00:15,58.71,58.83,58.71,58.80,48
2025.11.14,00:30,58.80,58.90,58.80,58.87,94
2025.11.14,00:45,58.86,58.95,58.86,58.90,99
2025.11.14,01:00,58.91,58.97,58.89,58.92,104
2025.11.14,01:15,58.94,59.06,58.92,59.06,89
2025.11.14,01:30,59.03,59.16,59.00,59.03,100
2025.11.14,01:45,59.03,59.07,58.91,59.03,123
2025.11.14,02:00,59.00,59.35,58.99,59.32,492
2025.11.14,02:15,59.33,59.67,59.27,59.66,410
2025.11.14,02:30,59.65,60.17,59.64,60.09,634
2025.11.14,02:45,60.10,60.46,60.03,60.07,631
2025.11.14,03:00,60.08,60.17,59.60,59.82,667
2025.11.14,03:15,59.80,59.96,59.72,59.90,329
2025.11.14,03:30,59.91,60.06,59.85,59.98,355
2025.11.14,03:45,59.99,60.01,59.80,59.80,176
2025.11.14,04:00,59.80,59.83,59.73,59.82,182
2025.11.14,04:15,59.80,59.88,59.71,59.75,170
2025.11.14,04:30,59.72,59.72,59.54,59.58,271
2025.11.14,04:45,59.59,59.61,59.40,59.51,238
2025.11.14,05:00,59.52,59.54,59.43,59.51,169
2025.11.14,05:15,59.51,59.56,59.46,59.48,94
2025.11.14,05:30,59.51,59.57,59.43,59.47,100
2025.11.14,05:45,59.48,59.54,59.45,59.46,94
2025.11.14,06:00,59.47,59.58,59.44,59.50,100
2025.11.14,06:15,59.52,59.59,59.46,59.48,108
2025.11.14,06:30,59.51,59.64,59.51,59.60,243
2025.11.14,06:45,59.61,59.61,59.44,59.49,202
2025.11.14,07:00,59.49,59.61,59.48,59.58,153
2025.11.14,07:15,59.60,59.62,59.53,59.55,163
2025.11.14,07:30,59.54,59.61,59.48,59.55,185
2025.11.14,07:45,59.54,59.56,59.29,59.41,316
2025.11.14,08:00,59.39,59.49,59.29,59.45,313
2025.11.14,08:15,59.45,59.47,59.31,59.34,317
2025.11.14,08:30,59.32,59.49,59.30,59.48,257
2025.11.14,08:45,59.45,59.56,59.42,59.50,281
2025.11.14,09:00,59.51,59.57,59.41,59.47,399
2025.11.14,09:15,59.44,59.52,59.29,59.32,508
2025.11.14,09:30,59.32,59.43,59.19,59.24,556
2025.11.14,09:45,59.25,59.32,59.15,59.24,496
2025.11.14,10:00,59.22,59.42,59.21,59.42,442
2025.11.14,10:15,59.41,59.55,59.27,59.37,404
2025.11.14,10:30,59.38,59.64,59.33,59.63,418
2025.11.14,10:45,59.62,59.87,59.55,59.71,472
2025.11.14,11:00,59.70,60.02,59.68,59.98,405
2025.11.14,11:15,59.97,60.21,59.97,60.21,433
2025.11.14,11:30,60.18,60.21,60.03,60.12,462
2025.11.14,11:45,60.11,60.22,60.02,60.22,376
2025.11.14,12:00,60.22,60.22,60.07,60.12,348
2025.11.14,12:15,60.10,60.15,59.95,60.10,397
2025.11.14,12:30,60.10,60.16,59.86,59.95,394
2025.11.14,12:45,59.93,60.02,59.24,59.43,905
2025.11.14,13:00,59.46,59.66,59.41,59.56,593
2025.11.14,13:15,59.55,59.59,59.38,59.38,421
2025.11.14,13:30,59.38,59.50,59.37,59.42,397
2025.11.14,13:45,59.42,59.54,59.37,59.40,339
2025.11.14,14:00,59.40,59.63,59.40,59.58,567
2025.11.14,14:15,59.60,59.63,59.41,59.44,423
2025.11.14,14:30,59.43,59.65,59.33,59.62,491
2025.11.14,14:45,59.62,59.75,59.54,59.61,522
2025.11.14,15:00,59.60,59.89,59.56,59.88,587
2025.11.14,15:15,59.89,59.91,59.67,59.67,531
2025.11.14,15:30,59.68,59.72,59.52,59.63,955
2025.11.14,15:45,59.64,59.91,59.62,59.88,726
2025.11.14,16:00,59.88,59.98,59.78,59.81,658
2025.11.14,16:15,59.80,59.96,59.78,59.95,474
2025.11.14,16:30,59.95,60.07,59.89,60.06,574
2025.11.14,16:45,60.04,60.16,60.01,60.10,665
2025.11.14,17:00,60.11,60.13,59.96,60.09,419
2025.11.14,17:15,60.11,60.24,60.02,60.09,527
2025.11.14,17:30,60.08,60.17,60.04,60.07,413
2025.11.14,17:45,60.10,60.16,60.01,60.03,467
2025.11.14,18:00,60.01,60.04,59.87,59.93,495
2025.11.14,18:15,59.94,60.07,59.91,60.03,376
2025.11.14,18:30,60.02,60.14,60.01,60.04,292
2025.11.14,18:45,60.05,60.10,59.95,60.03,238
2025.11.14,19:00,60.03,60.12,59.94,60.10,345
2025.11.14,19:15,60.08,60.11,59.97,60.03,279
2025.11.14,19:30,60.04,60.06,59.93,59.94,298
2025.11.14,19:45,59.94,60.05,59.90,59.92,305
2025.11.14,20:00,59.93,59.97,59.78,59.87,473
2025.11.14,20:15,59.87,60.01,59.87,59.91,397
2025.11.14,20:30,59.92,59.96,59.85,59.91,326
2025.11.14,20:45,59.89,59.94,59.85,59.91,161
2025.11.14,21:00,59.93,59.93,59.79,59.80,145
2025.11.14,21:15,59.80,59.83,59.74,59.81,125
2025.11.14,21:30,59.80,59.82,59.75,59.81,83
2025.11.14,21:45,59.79,59.86,59.74,59.74,151
2025.11.17,00:00,59.67,59.69,59.34,59.36,459
2025.11.17,00:15,59.39,59.41,59.31,59.37,138
2025.11.17,00:30,59.34,59.45,59.34,59.41,117
2025.11.17,00:45,59.38,59.44,59.37,59.43,111
2025.11.17,01:00,59.41,59.44,59.22,59.25,130
2025.11.17,01:15,59.27,59.40,59.23,59.38,144
2025.11.17,01:30,59.36,59.42,59.33,59.36,113
2025.11.17,01:45,59.36,59.46,59.36,59.45,78
2025.11.17,02:00,59.42,59.45,59.26,59.38,339
2025.11.17,02:15,59.40,59.41,59.33,59.38,118
2025.11.17,02:30,59.36,59.45,59.32,59.35,136
2025.11.17,02:45,59.32,59.37,59.25,59.33,112
2025.11.17,03:00,59.33,59.38,59.20,59.36,210
2025.11.17,03:15,59.36,59.38,59.29,59.29,74
2025.11.17,03:30,59.30,59.35,59.28,59.32,123
2025.11.17,03:45,59.29,59.38,59.29,59.33,111
2025.11.17,04:00,59.35,59.39,59.30,59.37,125
2025.11.17,04:15,59.37,59.39,59.32,59.39,91
2025.11.17,04:30,59.37,59.42,59.34,59.36,121
2025.11.17,04:45,59.37,59.41,59.34,59.36,52
2025.11.17,05:00,59.37,59.42,59.36,59.41,37
2025.11.17,05:15,59.38,59.41,59.37,59.38,20
2025.11.17,05:30,59.39,59.39,59.31,59.34,37
2025.11.17,05:45,59.35,59.35,59.27,59.27,54
2025.11.17,06:00,59.30,59.36,59.27,59.34,43
2025.11.17,06:15,59.32,59.34,59.25,59.28,67
2025.11.17,06:30,59.28,59.35,59.28,59.35,139
2025.11.17,06:45,59.33,59.38,59.29,59.33,116
2025.11.17,07:00,59.34,59.39,59.24,59.32,110
2025.11.17,07:15,59.31,59.35,59.29,59.31,73
2025.11.17,07:30,59.33,59.33,59.27,59.31,112
2025.11.17,07:45,59.30,59.32,59.19,59.27,124
2025.11.17,08:00,59.28,59.36,59.20,59.29,168
2025.11.17,08:15,59.28,59.35,59.24,59.35,163
2025.11.17,08:30,59.32,59.49,59.32,59.47,248
2025.11.17,08:45,59.49,59.53,59.42,59.48,261
2025.11.17,09:00,59.48,59.54,59.39,59.47,340
2025.11.17,09:15,59.50,59.59,59.46,59.53,364
2025.11.17,09:30,59.55,59.65,59.50,59.51,283
2025.11.17,09:45,59.51,59.53,59.35,59.42,276
2025.11.17,10:00,59.41,59.61,59.38,59.50,431
2025.11.17,10:15,59.49,59.51,59.37,59.44,240
2025.11.17,10:30,59.46,59.58,59.40,59.56,319
2025.11.17,10:45,59.59,59.65,59.49,59.58,343
2025.11.17,11:00,59.59,59.93,59.56,59.91,376
2025.11.17,11:15,59.91,60.02,59.76,59.84,316
2025.11.17,11:30,59.86,59.94,59.76,59.94,284
2025.11.17,11:45,59.91,60.04,59.91,59.95,325
2025.11.17,12:00,59.92,59.99,59.86,59.88,326
2025.11.17,12:15,59.89,59.97,59.81,59.88,202
2025.11.17,12:30,59.88,59.97,59.86,59.93,232
2025.11.17,12:45,59.93,59.99,59.91,59.99,185
2025.11.17,13:00,59.97,60.03,59.84,59.88,187
2025.11.17,13:15,59.87,59.88,59.77,59.77,218
2025.11.17,13:30,59.76,59.96,59.76,59.96,206
2025.11.17,13:45,59.95,59.98,59.83,59.95,184
2025.11.17,14:00,59.96,60.16,59.93,60.12,464
2025.11.17,14:15,60.12,60.28,60.10,60.19,345
2025.11.17,14:30,60.19,60.29,60.17,60.20,264
2025.11.17,14:45,60.18,60.20,60.10,60.14,350
2025.11.17,15:00,60.16,60.16,59.99,60.00,363
2025.11.17,15:15,60.02,60.04,59.88,59.92,397
2025.11.17,15:30,59.94,60.01,59.83,59.96,583
2025.11.17,15:45,59.95,60.08,59.84,59.92,402
2025.11.17,16:00,59.90,60.02,59.86,59.90,519
2025.11.17,16:15,59.91,59.91,59.75,59.80,452
2025.11.17,16:30,59.82,59.85,59.74,59.83,423
2025.11.17,16:45,59.85,59.87,59.74,59.79,385
2025.11.17,17:00,59.81,59.94,59.74,59.90,360
2025.11.17,17:15,59.89,59.97,59.84,59.91,467
2025.11.17,17:30,59.93,60.04,59.84,60.01,522
2025.11.17,17:45,59.98,60.08,59.94,59.98,292
2025.11.17,18:00,59.98,60.02,59.90,59.98,230
2025.11.17,18:15,59.97,60.08,59.89,60.05,246
2025.11.17,18:30,60.02,60.08,59.89,59.93,315
2025.11.17,18:45,59.93,59.97,59.85,59.90,238
2025.11.17,19:00,59.90,60.04,59.88,60.04,228
2025.11.17,19:15,60.01,60.03,59.86,59.86,215
2025.11.17,19:30,59.88,60.01,59.86,59.99,228
2025.11.17,19:45,59.98,60.01,59.88,59.90,197
2025.11.17,20:00,59.89,59.97,59.88,59.93,324
2025.11.17,20:15,59.90,59.95,59.79,59.79,249
2025.11.17,20:30,59.78,59.89,59.69,59.73,267
2025.11.17,20:45,59.72,59.75,59.65,59.67,148
2025.11.17,21:00,59.66,59.76,59.66,59.73,182
2025.11.17,21:15,59.71,59.79,59.71,59.78,98
2025.11.17,21:30,59.75,59.78,59.67,59.71,129
2025.11.17,21:45,59.69,59.75,59.67,59.70,125
2025.11.17,22:00,59.70,59.72,59.67,59.68,63
2025.11.17,22:15,59.69,59.70,59.63,59.66,70
2025.11.17,22:30,59.67,59.70,59.63,59.68,55
2025.11.17,22:45,59.67,59.70,59.62,59.66,69
2025.11.18,00:00,59.68,59.71,59.63,59.69,57
2025.11.18,00:15,59.68,59.71,59.64,59.71,28
2025.11.18,00:30,59.71,59.72,59.66,59.69,27
2025.11.18,00:45,59.70,59.71,59.67,59.71,18
2025.11.18,01:00,59.70,59.80,59.70,59.73,49
2025.11.18,01:15,59.76,59.76,59.62,59.62,64
2025.11.18,01:30,59.62,59.65,59.57,59.62,64
2025.11.18,01:45,59.62,59.65,59.59,59.62,57
2025.11.18,02:00,59.64,59.67,59.55,59.62,275
2025.11.18,02:15,59.63,59.66,59.53,59.56,131
2025.11.18,02:30,59.56,59.60,59.50,59.59,162
2025.11.18,02:45,59.56,59.58,59.45,59.49,144
2025.11.18,03:00,59.46,59.54,59.46,59.53,119
2025.11.18,03:15,59.52,59.56,59.49,59.53,59
2025.11.18,03:30,59.51,59.59,59.51,59.57,134
2025.11.18,03:45,59.58,59.60,59.53,59.54,77
2025.11.18,04:00,59.54,59.58,59.49,59.55,133
2025.11.18,04:15,59.53,59.58,59.52,59.52,73
2025.11.18,04:30,59.54,59.57,59.52,59.54,57
2025.11.18,04:45,59.52,59.54,59.47,59.51,39
2025.11.18,05:00,59.48,59.50,59.40,59.41,103
2025.11.18,05:15,59.42,59.43,59.35,59.41,157
2025.11.18,05:30,59.40,59.43,59.38,59.40,70
2025.11.18,05:45,59.42,59.45,59.40,59.42,42
2025.11.18,06:00,59.41,59.46,59.38,59.42,77
2025.11.18,06:15,59.45,59.47,59.41,59.45,59
2025.11.18,06:30,59.42,59.48,59.39,59.46,118
2025.11.18,06:45,59.44,59.47,59.40,59.42,74
2025.11.18,07:00,59.42,59.44,59.39,59.41,137
2025.11.18,07:15,59.42,59.43,59.28,59.38,215
2025.11.18,07:30,59.36,59.37,59.26,59.31,145
2025.11.18,07:45,59.29,59.37,59.27,59.32,147
2025.11.18,08:00,59.33,59.37,59.26,59.28,183
2025.11.18,08:15,59.29,59.41,59.26,59.37,225
2025.11.18,08:30,59.36,59.48,59.29,59.39,298
2025.11.18,08:45,59.39,59.47,59.29,59.32,333
2025.11.18,09:00,59.32,59.45,59.24,59.40,387
2025.11.18,09:15,59.40,59.54,59.40,59.51,385
2025.11.18,09:30,59.49,59.69,59.43,59.59,434
2025.11.18,09:45,59.60,59.66,59.56,59.58,260
2025.11.18,10:00,59.59,59.59,59.35,59.51,336
2025.11.18,10:15,59.53,59.64,59.52,59.55,227
2025.11.18,10:30,59.57,59.72,59.48,59.57,300
2025.11.18,10:45,59.57,59.68,59.52,59.53,219
2025.11.18,11:00,59.55,59.70,59.55,59.67,244
2025.11.18,11:15,59.67,59.80,59.66,59.77,257
2025.11.18,11:30,59.77,59.91,59.69,59.83,267
2025.11.18,11:45,59.82,59.90,59.81,59.85,197
2025.11.18,12:00,59.87,59.91,59.78,59.82,215
2025.11.18,12:15,59.82,59.93,59.77,59.92,202
2025.11.18,12:30,59.92,59.96,59.82,59.88,256
2025.11.18,12:45,59.89,59.98,59.86,59.95,184
2025.11.18,13:00,59.94,59.96,59.80,59.80,305
2025.11.18,13:15,59.82,59.86,59.76,59.80,277
2025.11.18,13:30,59.79,59.89,59.76,59.87,225
2025.11.18,13:45,59.88,59.90,59.76,59.88,283
2025.11.18,14:00,59.90,60.09,59.87,60.01,380
2025.11.18,14:15,60.02,60.05,59.96,59.99,305
2025.11.18,14:30,59.98,60.04,59.96,59.98,257
2025.11.18,14:45,59.97,60.01,59.76,59.78,281
2025.11.18,15:00,59.76,59.78,59.56,59.67,424
2025.11.18,15:15,59.65,59.77,59.62,59.68,423
2025.11.18,15:30,59.64,59.80,59.52,59.59,793
2025.11.18,15:45,59.58,59.72,59.40,59.48,714
2025.11.18,16:00,59.47,59.54,59.33,59.48,726
2025.11.18,16:15,59.46,59.73,59.37,59.54,760
2025.11.18,16:30,59.56,59.66,59.47,59.62,777
2025.11.18,16:45,59.61,59.83,59.56,59.79,712
2025.11.18,17:00,59.81,59.92,59.73,59.86,632
2025.11.18,17:15,59.87,60.06,59.80,59.86,637
2025.11.18,17:30,59.83,59.91,59.76,59.90,586
2025.11.18,17:45,59.90,59.99,59.78,59.95,537
2025.11.18,18:00,59.94,59.99,59.77,59.82,453
2025.11.18,18:15,59.83,59.96,59.82,59.86,441
2025.11.18,18:30,59.84,60.08,59.76,59.99,488
2025.11.18,18:45,60.02,60.30,59.98,60.29,555
2025.11.18,19:00,60.29,60.83,60.28,60.66,843
2025.11.18,19:15,60.69,60.71,60.30,60.37,529
2025.11.18,19:30,60.35,60.56,60.35,60.50,477
2025.11.18,19:45,60.51,60.69,60.48,60.63,393
2025.11.18,20:00,60.60,60.75,60.55,60.73,339
2025.11.18,20:15,60.71,60.81,60.61,60.64,297
2025.11.18,20:30,60.63,60.70,60.61,60.61,248
2025.11.18,20:45,60.61,60.75,60.61,60.71,181
2025.11.18,21:00,60.72,60.79,60.70,60.76,212
2025.11.18,21:15,60.79,60.83,60.69,60.72,242
2025.11.18,21:30,60.74,60.74,60.63,60.67,196
2025.11.18,21:45,60.66,60.73,60.66,60.67,214
2025.11.18,22:00,60.68,60.68,60.55,60.58,146
2025.11.18,22:15,60.59,60.62,60.54,60.60,75
2025.11.18,22:30,60.59,60.60,60.46,60.55,171
2025.11.18,22:45,60.54,60.61,60.50,60.58,125
2025.11.19,00:00,60.49,60.66,60.49,60.62,92
2025.11.19,00:15,60.62,60.68,60.61,60.68,42
2025.11.19,00:30,60.66,60.67,60.58,60.63,39
2025.11.19,00:45,60.62,60.64,60.60,60.62,33
2025.11.19,01:00,60.60,60.62,60.50,60.53,81
2025.11.19,01:15,60.51,60.59,60.46,60.53,107
2025.11.19,01:30,60.55,60.55,60.51,60.54,68
2025.11.19,01:45,60.51,60.54,60.48,60.48,60
2025.11.19,02:00,60.52,60.52,60.28,60.31,361
2025.11.19,02:15,60.32,60.39,60.28,60.35,156
2025.11.19,02:30,60.38,60.44,60.31,60.34,218
2025.11.19,02:45,60.32,60.38,60.29,60.38,136
2025.11.19,03:00,60.39,60.48,60.36,60.46,143
2025.11.19,03:15,60.43,60.47,60.40,60.44,86
2025.11.19,03:30,60.44,60.47,60.38,60.45,101
2025.11.19,03:45,60.47,60.55,60.45,60.52,96
2025.11.19,04:00,60.49,60.59,60.48,60.51,140
2025.11.19,04:15,60.50,60.54,60.43,60.49,164
2025.11.19,04:30,60.47,60.53,60.45,60.45,98
2025.11.19,04:45,60.44,60.46,60.38,60.42,104
2025.11.19,05:00,60.42,60.49,60.39,60.46,54
2025.11.19,05:15,60.48,60.51,60.45,60.45,51
2025.11.19,05:30,60.42,60.46,60.40,60.45,58
2025.11.19,05:45,60.42,60.49,60.40,60.46,58
2025.11.19,06:00,60.47,60.56,60.46,60.51,105
2025.11.19,06:15,60.51,60.53,60.47,60.48,69
2025.11.19,06:30,60.47,60.55,60.47,60.50,108
2025.11.19,06:45,60.51,60.60,60.48,60.52,114
2025.11.19,07:00,60.52,60.53,60.45,60.50,154
2025.11.19,07:15,60.50,60.54,60.45,60.49,191
2025.11.19,07:30,60.47,60.53,60.43,60.50,194
2025.11.19,07:45,60.48,60.53,60.34,60.40,230
2025.11.19,08:00,60.40,60.49,60.37,60.41,210
2025.11.19,08:15,60.44,60.47,60.38,60.46,188
2025.11.19,08:30,60.46,60.46,60.30,60.34,219
2025.11.19,08:45,60.36,60.38,60.25,60.28,304
2025.11.19,09:00,60.28,60.32,60.12,60.19,303
2025.11.19,09:15,60.20,60.22,60.00,60.03,558
2025.11.19,09:30,60.03,60.18,59.98,60.16,398
2025.11.19,09:45,60.18,60.20,60.06,60.13,244
2025.11.19,10:00,60.14,60.19,60.06,60.11,275
2025.11.19,10:15,60.11,60.37,60.07,60.32,349
2025.11.19,10:30,60.34,60.47,60.30,60.46,341
2025.11.19,10:45,60.45,60.48,60.29,60.33,322
2025.11.19,11:00,60.32,60.32,60.18,60.23,327
2025.11.19,11:15,60.21,60.34,60.16,60.27,249
2025.11.19,11:30,60.28,60.28,60.08,60.10,309
2025.11.19,11:45,60.12,60.20,60.08,60.16,237
2025.11.19,12:00,60.15,60.16,59.95,60.02,311
2025.11.19,12:15,60.00,60.11,59.90,59.92,244
2025.11.19,12:30,59.91,59.92,59.63,59.65,381
2025.11.19,12:45,59.64,59.68,59.42,59.49,588
2025.11.19,13:00,59.46,59.53,59.30,59.36,490
2025.11.19,13:15,59.38,59.40,59.19,59.23,459
2025.11.19,13:30,59.23,59.27,59.07,59.14,447
2025.11.19,13:45,59.15,59.20,59.03,59.07,407
2025.11.19,14:00,59.04,59.08,58.66,58.75,803
2025.11.19,14:15,58.74,59.01,58.69,58.98,549
2025.11.19,14:30,58.98,59.07,58.87,59.04,534
2025.11.19,14:45,59.03,59.13,58.98,59.12,468
2025.11.19,15:00,59.14,59.17,58.96,59.07,537
2025.11.19,15:15,59.08,59.08,58.88,58.99,347
2025.11.19,15:30,58.99,58.99,58.78,58.85,487
2025.11.19,15:45,58.82,58.92,58.64,58.86,436
2025.11.19,16:00,58.88,59.06,58.83,58.92,471
2025.11.19,16:15,58.95,59.03,58.89,58.92,404
2025.11.19,16:30,58.90,59.23,58.87,59.15,620
2025.11.19,16:45,59.18,59.24,59.00,59.01,451
2025.11.19,17:00,59.02,59.31,58.95,59.28,519
2025.11.19,17:15,59.30,59.34,59.09,59.12,591
2025.11.19,17:30,59.13,59.27,59.02,59.11,636
2025.11.19,17:45,59.14,59.19,59.05,59.06,435
2025.11.19,18:00,59.07,59.08,58.89,59.00,406
2025.11.19,18:15,59.01,59.21,58.97,59.17,343
2025.11.19,18:30,59.16,59.23,59.10,59.20,327
2025.11.19,18:45,59.22,59.24,59.06,59.13,345
2025.11.19,19:00,59.11,59.16,59.02,59.11,244
2025.11.19,19:15,59.12,59.20,59.09,59.17,260
2025.11.19,19:30,59.15,59.32,59.13,59.13,291
2025.11.19,19:45,59.12,59.26,59.12,59.22,212
2025.11.19,20:00,59.23,59.29,59.17,59.20,333
2025.11.19,20:15,59.23,59.33,59.17,59.30,373
2025.11.19,20:30,59.28,59.34,59.21,59.24,263
2025.11.19,20:45,59.25,59.31,59.19,59.28,176
2025.11.19,21:00,59.26,59.28,59.17,59.23,154
2025.11.19,21:15,59.24,59.26,59.20,59.21,138
2025.11.19,21:30,59.21,59.31,59.20,59.31,131
2025.11.19,21:45,59.30,59.31,59.24,59.29,123
2025.11.19,22:00,59.28,59.36,59.27,59.33,70
2025.11.19,22:15,59.30,59.36,59.29,59.34,62
2025.11.19,22:30,59.35,59.41,59.34,59.38,56
2025.11.19,22:45,59.36,59.42,59.36,59.42,75
2025.11.20,00:00,59.35,59.43,59.31,59.43,64
2025.11.20,00:15,59.44,59.47,59.41,59.46,20
2025.11.20,00:30,59.44,59.50,59.44,59.46,34
2025.11.20,00:45,59.46,59.51,59.44,59.48,47
2025.11.20,01:00,59.48,59.56,59.48,59.54,100
2025.11.20,01:15,59.53,59.62,59.53,59.55,55
2025.11.20,01:30,59.56,59.59,59.40,59.47,105
2025.11.20,01:45,59.44,59.50,59.41,59.48,69
2025.11.20,02:00,59.48,59.49,59.37,59.40,358
2025.11.20,02:15,59.41,59.47,59.39,59.44,149
2025.11.20,02:30,59.46,59.49,59.40,59.45,129
2025.11.20,02:45,59.46,59.48,59.41,59.47,92
2025.11.20,03:00,59.46,59.55,59.42,59.50,124
2025.11.20,03:15,59.48,59.48,59.38,59.40,80
2025.11.20,03:30,59.41,59.43,59.32,59.39,157
2025.11.20,03:45,59.39,59.39,59.32,59.33,190
2025.11.20,04:00,59.35,59.47,59.33,59.40,189
2025.11.20,04:15,59.39,59.47,59.39,59.44,92
2025.11.20,04:30,59.43,59.45,59.37,59.39,133
2025.11.20,04:45,59.40,59.44,59.38,59.39,58
2025.11.20,05:00,59.39,59.41,59.33,59.38,64
2025.11.20,05:15,59.36,59.45,59.35,59.39,60
2025.11.20,05:30,59.39,59.45,59.38,59.44,53
2025.11.20,05:45,59.45,59.48,59.41,59.44,57
2025.11.20,06:00,59.41,59.51,59.41,59.47,53
2025.11.20,06:15,59.47,59.52,59.46,59.49,33
2025.11.20,06:30,59.46,59.51,59.42,59.43,94
2025.11.20,06:45,59.45,59.45,59.36,59.39,101
2025.11.20,07:00,59.39,59.43,59.34,59.38,158
2025.11.20,07:15,59.36,59.39,59.32,59.34,209
2025.11.20,07:30,59.34,59.43,59.34,59.38,94
2025.11.20,07:45,59.40,59.40,59.32,59.38,154
2025.11.20,08:00,59.35,59.46,59.35,59.45,159
2025.11.20,08:15,59.42,59.44,59.24,59.31,336
2025.11.20,08:30,59.29,59.54,59.26,59.52,202
2025.11.20,08:45,59.51,59.62,59.34,59.35,310
2025.11.20,09:00,59.37,59.63,59.36,59.60,301
2025.11.20,09:15,59.59,59.70,59.55,59.64,362
2025.11.20,09:30,59.64,59.70,59.47,59.69,355
2025.11.20,09:45,59.67,59.69,59.56,59.61,306
2025.11.20,10:00,59.64,59.69,59.54,59.62,381
2025.11.20,10:15,59.65,59.74,59.54,59.58,331
2025.11.20,10:30,59.60,59.76,59.55,59.73,348
2025.11.20,10:45,59.72,59.75,59.60,59.68,276
2025.11.20,11:00,59.68,59.85,59.65,59.83,290
2025.11.20,11:15,59.83,59.93,59.78,59.85,323
2025.11.20,11:30,59.84,59.95,59.74,59.81,262
2025.11.20,11:45,59.79,59.83,59.65,59.82,238
2025.11.20,12:00,59.81,59.81,59.64,59.69,217
2025.11.20,12:15,59.70,59.82,59.70,59.78,186
2025.11.20,12:30,59.79,59.81,59.68,59.78,185
2025.11.20,12:45,59.77,59.86,59.73,59.75,235
2025.11.20,13:00,59.73,59.86,59.73,59.78,221
2025.11.20,13:15,59.80,59.85,59.75,59.82,123
2025.11.20,13:30,59.81,59.95,59.81,59.87,141
2025.11.20,13:45,59.89,59.93,59.83,59.87,175
2025.11.20,14:00,59.86,59.94,59.81,59.86,294
2025.11.20,14:15,59.85,59.88,59.68,59.72,311
2025.11.20,14:30,59.73,59.73,59.54,59.58,474
2025.11.20,14:45,59.58,59.70,59.56,59.61,324
2025.11.20,15:00,59.61,59.85,59.55,59.74,370
2025.11.20,15:15,59.72,59.76,59.57,59.61,385
2025.11.20,15:30,59.63,59.78,59.51,59.59,623
2025.11.20,15:45,59.61,59.74,59.56,59.71,448
2025.11.20,16:00,59.72,59.76,59.61,59.69,379
2025.11.20,16:15,59.68,59.99,59.68,59.96,403
2025.11.20,16:30,59.98,60.09,59.74,59.92,371
2025.11.20,16:45,59.91,60.07,59.89,59.90,389
2025.11.20,17:00,59.89,59.92,59.60,59.61,549
2025.11.20,17:15,59.62,59.70,58.98,59.11,1185
2025.11.20,17:30,59.13,59.32,58.89,59.12,1167
2025.11.20,17:45,59.14,59.28,58.90,58.92,865
2025.11.20,18:00,58.93,59.03,58.56,58.66,982
2025.11.20,18:15,58.65,58.83,58.61,58.71,957
2025.11.20,18:30,58.71,59.03,58.67,58.84,744
2025.11.20,18:45,58.81,59.08,58.80,59.06,643
2025.11.20,19:00,59.04,59.21,58.96,59.21,577
2025.11.20,19:15,59.22,59.24,58.98,59.08,579
2025.11.20,19:30,59.09,59.18,58.99,59.04,517
2025.11.20,19:45,59.05,59.06,58.85,58.90,366
2025.11.20,20:00,58.93,58.94,58.76,58.86,370
2025.11.20,20:15,58.89,59.06,58.83,59.02,419
2025.11.20,20:30,58.99,59.01,58.87,58.97,353
2025.11.20,20:45,58.99,59.00,58.90,58.98,230
2025.11.20,21:00,58.98,59.00,58.88,58.92,279
2025.11.20,21:15,58.93,59.00,58.87,58.92,211
2025.11.20,21:30,58.91,58.91,58.71,58.72,231
2025.11.20,21:45,58.72,58.77,58.61,58.71,276
2025.11.20,22:00,58.71,58.75,58.67,58.68,102
2025.11.20,22:15,58.69,58.76,58.67,58.74,69
2025.11.20,22:30,58.75,58.77,58.69,58.73,66
2025.11.20,22:45,58.75,58.77,58.71,58.74,114
2025.11.21,00:00,58.71,58.74,58.57,58.61,86
2025.11.21,00:15,58.63,58.66,58.60,58.62,33
2025.11.21,00:30,58.64,58.65,58.48,58.54,90
2025.11.21,00:45,58.52,58.58,58.45,58.47,100
2025.11.21,01:00,58.45,58.55,58.45,58.51,87
2025.11.21,01:15,58.52,58.58,58.51,58.57,75
2025.11.21,01:30,58.56,58.59,58.55,58.57,48
2025.11.21,01:45,58.56,58.57,58.54,58.55,31
2025.11.21,02:00,58.55,58.64,58.49,58.57,347
2025.11.21,02:15,58.56,58.59,58.40,58.40,197
2025.11.21,02:30,58.43,58.43,58.32,58.39,198
2025.11.21,02:45,58.35,58.41,58.31,58.33,173
2025.11.21,03:00,58.32,58.35,58.25,58.25,84
2025.11.21,03:15,58.27,58.31,58.17,58.24,134
2025.11.21,03:30,58.23,58.32,58.21,58.27,194
2025.11.21,03:45,58.29,58.30,58.20,58.22,186
2025.11.21,04:00,58.25,58.26,58.20,58.22,152
2025.11.21,04:15,58.21,58.24,58.12,58.16,184
2025.11.21,04:30,58.16,58.21,58.11,58.14,156
2025.11.21,04:45,58.15,58.18,58.12,58.12,122
2025.11.21,05:00,58.12,58.15,58.01,58.01,123
2025.11.21,05:15,58.02,58.11,58.01,58.04,63
2025.11.21,05:30,58.05,58.10,58.03,58.05,47
2025.11.21,05:45,58.04,58.07,57.99,58.05,67
2025.11.21,06:00,58.02,58.25,58.02,58.22,116
2025.11.21,06:15,58.24,58.33,58.20,58.26,140
2025.11.21,06:30,58.25,58.34,58.17,58.19,205
2025.11.21,06:45,58.20,58.30,58.17,58.26,180
2025.11.21,07:00,58.26,58.33,58.23,58.27,161
2025.11.21,07:15,58.30,58.34,58.27,58.31,182
2025.11.21,07:30,58.28,58.40,58.28,58.36,189
2025.11.21,07:45,58.33,58.38,58.20,58.22,178
2025.11.21,08:00,58.21,58.22,57.97,58.07,343
2025.11.21,08:15,58.07,58.07,57.90,58.00,338
2025.11.21,08:30,58.00,58.01,57.79,57.81,356
2025.11.21,08:45,57.80,57.92,57.77,57.77,376
2025.11.21,09:00,57.79,57.91,57.73,57.86,509
2025.11.21,09:15,57.89,58.07,57.87,58.07,552
2025.11.21,09:30,58.02,58.19,58.00,58.07,590
2025.11.21,09:45,58.06,58.21,58.04,58.13,444
2025.11.21,10:00,58.15,58.29,58.08,58.24,412
2025.11.21,10:15,58.24,58.26,58.08,58.19,335
2025.11.21,10:30,58.18,58.19,57.82,57.83,424
2025.11.21,10:45,57.81,57.89,57.71,57.72,415
2025.11.21,11:00,57.71,57.72,57.47,57.53,541
2025.11.21,11:15,57.54,57.58,57.42,57.45,433
2025.11.21,11:30,57.42,57.57,57.40,57.51,457
2025.11.21,11:45,57.51,57.56,57.43,57.44,341
2025.11.21,12:00,57.45,57.83,57.45,57.77,396
2025.11.21,12:15,57.77,57.85,57.73,57.81,306
2025.11.21,12:30,57.81,57.95,57.81,57.90,263
2025.11.21,12:45,57.90,57.93,57.77,57.86,263
2025.11.21,13:00,57.86,57.90,57.67,57.74,287
2025.11.21,13:15,57.75,58.57,57.68,58.27,1067
2025.11.21,13:30,58.30,58.58,58.25,58.27,862
2025.11.21,13:45,58.26,58.53,58.20,58.47,476
2025.11.21,14:00,58.46,58.52,58.30,58.36,507
2025.11.21,14:15,58.33,58.56,58.33,58.46,504
2025.11.21,14:30,58.45,58.47,58.27,58.28,335
2025.11.21,14:45,58.30,58.34,58.21,58.29,306
2025.11.21,15:00,58.27,58.27,57.94,58.06,493
2025.11.21,15:15,58.07,58.07,57.81,57.95,395
2025.11.21,15:30,57.95,57.95,57.57,57.67,996
2025.11.21,15:45,57.69,57.71,57.36,57.45,867
2025.11.21,16:00,57.46,57.67,57.40,57.59,841
2025.11.21,16:15,57.57,57.76,57.45,57.45,947
2025.11.21,16:30,57.45,57.90,57.38,57.74,1098
2025.11.21,16:45,57.75,57.94,57.58,57.58,960
2025.11.21,17:00,57.60,57.70,57.42,57.70,803
2025.11.21,17:15,57.69,57.88,57.64,57.78,795
2025.11.21,17:30,57.79,57.80,57.60,57.78,738
2025.11.21,17:45,57.76,57.82,57.60,57.81,629
2025.11.21,18:00,57.84,57.89,57.78,57.85,482
2025.11.21,18:15,57.87,58.00,57.81,57.93,358
2025.11.21,18:30,57.92,57.96,57.81,57.82,323
2025.11.21,18:45,57.85,57.90,57.70,57.80,333
2025.11.21,19:00,57.83,57.88,57.68,57.76,310
2025.11.21,19:15,57.74,57.86,57.73,57.84,317
2025.11.21,19:30,57.80,57.86,57.72,57.79,298
2025.11.21,19:45,57.80,57.97,57.78,57.83,458
2025.11.21,20:00,57.82,58.03,57.81,58.02,345
2025.11.21,20:15,58.00,58.17,58.00,58.05,333
2025.11.21,20:30,58.06,58.06,57.87,57.90,309
2025.11.21,20:45,57.87,57.95,57.82,57.84,183
2025.11.21,21:00,57.87,57.91,57.83,57.88,270
2025.11.21,21:15,57.87,58.01,57.87,57.94,199
2025.11.21,21:30,57.93,57.99,57.89,57.96,157
2025.11.21,21:45,58.00,58.05,57.88,57.92,274
2025.11.24,00:00,58.02,58.08,57.72,57.85,533
2025.11.24,00:15,57.82,57.84,57.62,57.71,245
2025.11.24,00:30,57.67,57.73,57.61,57.70,128
2025.11.24,00:45,57.68,57.75,57.63,57.75,60
2025.11.24,01:00,57.73,57.79,57.72,57.76,74
2025.11.24,01:15,57.76,57.79,57.71,57.76,57
2025.11.24,01:30,57.75,57.79,57.73,57.76,49
2025.11.24,01:45,57.75,57.84,57.72,57.81,48
2025.11.24,02:00,57.84,57.99,57.80,57.97,274
2025.11.24,02:15,57.95,58.03,57.95,58.00,134
2025.11.24,02:30,58.02,58.03,57.87,57.90,236
2025.11.24,02:45,57.91,57.97,57.88,57.96,125
2025.11.24,03:00,57.96,58.01,57.88,57.89,161
2025.11.24,03:15,57.91,57.95,57.88,57.92,106
2025.11.24,03:30,57.95,57.98,57.91,57.93,109
2025.11.24,03:45,57.93,57.97,57.89,57.92,93
2025.11.24,04:00,57.93,57.97,57.91,57.93,73
2025.11.24,04:15,57.94,58.00,57.90,57.98,75
2025.11.24,04:30,57.98,57.99,57.94,57.97,60
2025.11.24,04:45,57.97,58.05,57.96,58.03,36
2025.11.24,05:00,58.06,58.11,58.03,58.04,78
2025.11.24,05:15,58.05,58.07,58.02,58.03,77
2025.11.24,05:30,58.02,58.07,58.02,58.07,26
2025.11.24,05:45,58.05,58.07,58.00,58.02,67
2025.11.24,06:00,58.02,58.06,57.99,58.06,50
2025.11.24,06:15,58.06,58.06,58.00,58.05,66
2025.11.24,06:30,58.04,58.09,57.99,58.00,115
2025.11.24,06:45,57.99,58.10,57.99,58.06,102
2025.11.24,07:00,58.08,58.22,58.06,58.17,161
2025.11.24,07:15,58.17,58.24,58.15,58.20,154
2025.11.24,07:30,58.19,58.21,58.14,58.17,126
2025.11.24,07:45,58.14,58.21,58.14,58.20,139
2025.11.24,08:00,58.18,58.25,58.00,58.02,223
2025.11.24,08:15,58.03,58.03,57.88,57.91,201
2025.11.24,08:30,57.90,57.96,57.83,57.83,181
2025.11.24,08:45,57.82,57.90,57.78,57.81,294
2025.11.24,09:00,57.83,57.85,57.69,57.77,352
2025.11.24,09:15,57.79,57.84,57.68,57.79,392
2025.11.24,09:30,57.80,57.84,57.69,57.74,339
2025.11.24,09:45,57.72,57.81,57.69,57.75,280
2025.11.24,10:00,57.72,57.80,57.67,57.73,303
2025.11.24,10:15,57.73,57.76,57.57,57.62,321
2025.11.24,10:30,57.61,57.68,57.47,57.56,349
2025.11.24,10:45,57.53,57.56,57.40,57.46,398
2025.11.24,11:00,57.46,57.61,57.44,57.50,374
2025.11.24,11:15,57.52,57.71,57.48,57.63,358
2025.11.24,11:30,57.61,57.77,57.61,57.75,336
2025.11.24,11:45,57.76,57.79,57.67,57.69,229
2025.11.24,12:00,57.68,57.84,57.67,57.82,257
2025.11.24,12:15,57.81,57.89,57.77,57.87,245
2025.11.24,12:30,57.88,57.93,57.81,57.92,166
2025.11.24,12:45,57.93,57.99,57.85,57.91,322
2025.11.24,13:00,57.94,58.01,57.84,57.96,244
2025.11.24,13:15,57.97,57.99,57.84,57.95,221
2025.11.24,13:30,57.94,58.11,57.93,58.07,231
2025.11.24,13:45,58.09,58.21,58.07,58.16,264
2025.11.24,14:00,58.15,58.22,58.06,58.06,356
2025.11.24,14:15,58.06,58.12,57.99,58.07,273
2025.11.24,14:30,58.07,58.11,58.01,58.11,176
2025.11.24,14:45,58.08,58.22,58.06,58.17,300
2025.11.24,15:00,58.15,58.17,58.04,58.14,296
2025.11.24,15:15,58.13,58.14,57.92,57.92,288
2025.11.24,15:30,57.93,58.12,57.58,57.85,1108
2025.11.24,15:45,57.84,58.12,57.83,58.06,795
2025.11.24,16:00,58.06,58.13,57.89,57.95,669
2025.11.24,16:15,57.97,58.05,57.93,58.01,466
2025.11.24,16:30,57.98,58.19,57.93,58.00,460
2025.11.24,16:45,58.01,58.16,58.01,58.16,328
2025.11.24,17:00,58.16,58.41,58.14,58.31,401
2025.11.24,17:15,58.30,58.42,58.28,58.35,349
2025.11.24,17:30,58.35,58.49,58.31,58.47,389
2025.11.24,17:45,58.44,58.53,58.40,58.48,376
2025.11.24,18:00,58.47,58.57,58.41,58.45,257
2025.11.24,18:15,58.46,58.53,58.41,58.47,197
2025.11.24,18:30,58.44,58.51,58.43,58.47,189
2025.11.24,18:45,58.45,58.59,58.39,58.53,258
2025.11.24,19:00,58.55,58.61,58.51,58.55,130
2025.11.24,19:15,58.54,58.72,58.54,58.70,167
2025.11.24,19:30,58.72,58.81,58.67,58.78,182
2025.11.24,19:45,58.79,58.89,58.76,58.84,238
2025.11.24,20:00,58.82,58.86,58.77,58.81,207
2025.11.24,20:15,58.83,58.86,58.74,58.86,244
2025.11.24,20:30,58.85,58.94,58.81,58.83,187
2025.11.24,20:45,58.84,58.87,58.77,58.77,124
2025.11.24,21:00,58.78,58.95,58.78,58.88,130
2025.11.24,21:15,58.89,58.94,58.88,58.93,139
2025.11.24,21:30,58.92,58.94,58.88,58.94,72
2025.11.24,21:45,58.92,59.05,58.90,58.95,148
2025.11.24,22:00,58.95,58.96,58.88,58.95,113
2025.11.24,22:15,58.94,58.97,58.92,58.97,19
2025.11.24,22:30,58.96,58.98,58.90,58.91,83
2025.11.24,22:45,58.93,58.94,58.87,58.87,145
2025.11.25,00:00,58.88,58.95,58.84,58.88,88
2025.11.25,00:15,58.90,58.93,58.87,58.88,28
2025.11.25,00:30,58.91,58.91,58.87,58.89,31
2025.11.25,00:45,58.89,58.89,58.85,58.88,35
2025.11.25,01:00,58.86,58.88,58.80,58.80,74
2025.11.25,01:15,58.81,58.87,58.80,58.83,61
2025.11.25,01:30,58.81,58.85,58.81,58.83,63
2025.11.25,01:45,58.85,58.87,58.81,58.85,31
2025.11.25,02:00,58.85,58.87,58.69,58.74,355
2025.11.25,02:15,58.75,58.78,58.67,58.73,164
2025.11.25,02:30,58.70,58.76,58.67,58.71,111
2025.11.25,02:45,58.70,58.73,58.67,58.71,91
2025.11.25,03:00,58.73,58.73,58.67,58.72,73
2025.11.25,03:15,58.70,58.74,58.69,58.71,35
2025.11.25,03:30,58.73,58.81,58.70,58.75,133
2025.11.25,03:45,58.75,58.77,58.71,58.72,81
2025.11.25,04:00,58.72,58.75,58.69,58.74,80
2025.11.25,04:15,58.74,58.76,58.67,58.67,64
2025.11.25,04:30,58.68,58.68,58.62,58.63,54
2025.11.25,04:45,58.64,58.65,58.57,58.57,69
2025.11.25,05:00,58.60,58.61,58.52,58.58,70
2025.11.25,05:15,58.59,58.61,58.56,58.58,29
2025.11.25,05:30,58.58,58.59,58.51,58.57,51
2025.11.25,05:45,58.60,58.61,58.56,58.61,26
2025.11.25,06:00,58.60,58.67,58.58,58.66,30
2025.11.25,06:15,58.65,58.67,58.54,58.54,82
2025.11.25,06:30,58.57,58.59,58.53,58.59,176
2025.11.25,06:45,58.58,58.62,58.55,58.59,108
2025.11.25,07:00,58.57,58.62,58.53,58.56,187
2025.11.25,07:15,58.56,58.57,58.42,58.50,191
2025.11.25,07:30,58.49,58.53,58.46,58.46,136
2025.11.25,07:45,58.46,58.54,58.43,58.50,190
2025.11.25,08:00,58.53,58.57,58.44,58.51,160
2025.11.25,08:15,58.48,58.55,58.44,58.52,124
2025.11.25,08:30,58.55,58.55,58.47,58.50,129
2025.11.25,08:45,58.50,58.59,58.44,58.58,260
2025.11.25,09:00,58.58,58.67,58.51,58.57,200
2025.11.25,09:15,58.56,58.58,58.44,58.51,309
2025.11.25,09:30,58.54,58.60,58.30,58.37,404
2025.11.25,09:45,58.40,58.41,58.28,58.33,304
2025.11.25,10:00,58.33,58.53,58.28,58.51,369
2025.11.25,10:15,58.51,58.54,58.29,58.33,307
2025.11.25,10:30,58.33,58.46,58.31,58.39,306
2025.11.25,10:45,58.43,58.66,58.38,58.62,251
2025.11.25,11:00,58.62,58.73,58.59,58.61,381
2025.11.25,11:15,58.60,58.76,58.56,58.60,322
2025.11.25,11:30,58.63,58.71,58.58,58.67,273
2025.11.25,11:45,58.70,58.73,58.59,58.62,208
2025.11.25,12:00,58.63,58.75,58.59,58.69,220
2025.11.25,12:15,58.71,58.78,58.54,58.58,181
2025.11.25,12:30,58.57,58.59,58.41,58.50,188
2025.11.25,12:45,58.51,58.63,58.48,58.57,136
2025.11.25,13:00,58.58,58.64,58.52,58.61,180
2025.11.25,13:15,58.59,58.63,58.54,58.57,161
2025.11.25,13:30,58.55,58.65,57.43,57.57,681
2025.11.25,13:45,57.56,57.89,57.32,57.68,1716
2025.11.25,14:00,57.66,58.04,57.57,57.94,1222
2025.11.25,14:15,57.96,58.18,57.90,58.02,630
2025.11.25,14:30,58.04,58.04,57.84,57.90,450
2025.11.25,14:45,57.88,57.92,57.69,57.71,475
2025.11.25,15:00,57.70,57.71,57.41,57.58,593
2025.11.25,15:15,57.57,57.76,57.56,57.66,362
2025.11.25,15:30,57.69,57.74,57.42,57.44,665
2025.11.25,15:45,57.47,57.49,57.20,57.32,776
2025.11.25,16:00,57.30,57.49,57.13,57.17,872
2025.11.25,16:15,57.19,57.26,57.14,57.25,599
2025.11.25,16:30,57.24,57.34,57.19,57.26,537
2025.11.25,16:45,57.23,57.28,57.08,57.21,417
2025.11.25,17:00,57.20,57.53,57.18,57.27,668
2025.11.25,17:15,57.26,57.56,57.24,57.52,548
2025.11.25,17:30,57.50,57.63,57.44,57.58,461
2025.11.25,17:45,57.60,57.65,57.52,57.59,335
2025.11.25,18:00,57.61,57.86,57.58,57.84,378
2025.11.25,18:15,57.85,57.89,57.66,57.75,336
2025.11.25,18:30,57.72,57.75,57.63,57.68,228
2025.11.25,18:45,57.67,57.79,57.66,57.72,269
2025.11.25,19:00,57.68,57.82,57.68,57.73,235
2025.11.25,19:15,57.73,57.97,57.72,57.81,308
2025.11.25,19:30,57.84,57.85,57.70,57.74,247
2025.11.25,19:45,57.73,57.81,57.72,57.79,137
2025.11.25,20:00,57.78,57.93,57.75,57.82,192
2025.11.25,20:15,57.85,57.99,57.84,57.99,227
2025.11.25,20:30,58.00,58.01,57.67,57.74,374
2025.11.25,20:45,57.73,57.90,57.64,57.80,260
2025.11.25,21:00,57.82,57.97,57.80,57.93,98
2025.11.25,21:15,57.94,58.07,57.92,58.07,139
2025.11.25,21:30,58.06,58.13,58.02,58.02,127
2025.11.25,21:45,58.05,58.05,57.88,57.94,165
2025.11.25,22:00,57.91,57.95,57.88,57.93,91
2025.11.25,22:15,57.91,58.03,57.88,58.03,80
2025.11.25,22:30,58.01,58.10,58.00,58.09,67
2025.11.25,22:45,58.08,58.12,58.04,58.11,137
2025.11.26,00:00,57.99,58.06,57.99,58.06,49
2025.11.26,00:15,58.05,58.06,58.03,58.03,22
2025.11.26,00:30,58.03,58.06,58.01,58.05,21
2025.11.26,00:45,58.07,58.08,58.04,58.06,22
2025.11.26,01:00,58.07,58.07,57.98,58.01,25
2025.11.26,01:15,57.99,58.04,57.96,58.04,34
2025.11.26,01:30,58.03,58.11,58.03,58.09,26
2025.11.26,01:45,58.09,58.12,58.06,58.09,34
2025.11.26,02:00,58.06,58.13,57.98,58.08,295
2025.11.26,02:15,58.06,58.10,58.04,58.06,133
2025.11.26,02:30,58.06,58.07,58.02,58.06,103
2025.11.26,02:45,58.04,58.12,58.03,58.05,110
2025.11.26,03:00,58.07,58.07,57.98,57.99,107
2025.11.26,03:15,58.01,58.08,57.99,58.05,83
2025.11.26,03:30,58.07,58.19,58.05,58.17,149
2025.11.26,03:45,58.18,58.23,58.14,58.15,118
2025.11.26,04:00,58.14,58.19,58.12,58.17,82
2025.11.26,04:15,58.18,58.19,58.12,58.14,74
2025.11.26,04:30,58.13,58.16,58.09,58.15,65
2025.11.26,04:45,58.16,58.18,58.13,58.17,45
2025.11.26,05:00,58.16,58.19,58.15,58.16,44
2025.11.26,05:15,58.15,58.20,58.14,58.17,21
2025.11.26,05:30,58.15,58.19,58.14,58.14,36
2025.11.26,05:45,58.17,58.19,58.13,58.13,20
2025.11.26,06:00,58.14,58.20,58.14,58.18,64
2025.11.26,06:15,58.17,58.19,58.11,58.13,23
2025.11.26,06:30,58.12,58.17,58.09,58.12,176
2025.11.26,06:45,58.13,58.17,58.10,58.15,93
2025.11.26,07:00,58.14,58.19,58.11,58.15,171
2025.11.26,07:15,58.16,58.19,58.12,58.17,159
2025.11.26,07:30,58.19,58.21,58.10,58.13,167
2025.11.26,07:45,58.11,58.13,58.05,58.09,195
2025.11.26,08:00,58.08,58.29,58.07,58.22,255
2025.11.26,08:15,58.23,58.23,58.01,58.05,199
2025.11.26,08:30,58.06,58.06,57.95,57.98,125
2025.11.26,08:45,58.01,58.01,57.81,57.87,210
2025.11.26,09:00,57.87,57.98,57.85,57.87,336
2025.11.26,09:15,57.88,57.90,57.71,57.77,446
2025.11.26,09:30,57.78,57.84,57.65,57.82,381
2025.11.26,09:45,57.82,58.04,57.78,57.97,358
2025.11.26,10:00,57.94,58.07,57.90,57.96,382
2025.11.26,10:15,57.93,58.04,57.90,57.90,311
2025.11.26,10:30,57.93,58.06,57.83,58.02,264
2025.11.26,10:45,58.01,58.04,57.87,57.92,381
2025.11.26,11:00,57.92,57.96,57.74,57.75,327
2025.11.26,11:15,57.73,57.84,57.64,57.67,330
2025.11.26,11:30,57.64,57.96,57.64,57.92,295
2025.11.26,11:45,57.89,57.97,57.85,57.92,208
2025.11.26,12:00,57.91,58.00,57.85,57.94,164
2025.11.26,12:15,57.94,57.97,57.84,57.95,152
2025.11.26,12:30,57.96,58.19,57.96,58.01,341
2025.11.26,12:45,58.01,58.03,57.83,57.89,315
2025.11.26,13:00,57.90,58.01,57.85,57.91,304
2025.11.26,13:15,57.94,57.94,57.73,57.78,270
2025.11.26,13:30,57.77,57.86,57.71,57.72,237
2025.11.26,13:45,57.72,57.79,57.70,57.76,183
2025.11.26,14:00,57.77,57.88,57.75,57.84,295
2025.11.26,14:15,57.86,57.91,57.80,57.86,192
2025.11.26,14:30,57.87,58.00,57.83,57.95,269
2025.11.26,14:45,57.92,58.02,57.92,57.97,246
2025.11.26,15:00,57.96,57.98,57.82,57.92,359
2025.11.26,15:15,57.95,57.95,57.73,57.73,264
2025.11.26,15:30,57.74,58.03,57.74,57.95,444
2025.11.26,15:45,57.94,57.98,57.75,57.88,430
2025.11.26,16:00,57.87,57.98,57.84,57.93,375
2025.11.26,16:15,57.94,58.06,57.88,58.01,284
2025.11.26,16:30,58.02,58.07,57.84,57.90,472
2025.11.26,16:45,57.89,58.00,57.85,57.98,398
2025.11.26,17:00,57.98,58.05,57.90,57.95,309
2025.11.26,17:15,57.97,58.06,57.91,58.05,337
2025.11.26,17:30,58.03,58.16,57.82,58.09,517
2025.11.26,17:45,58.11,58.35,58.00,58.31,438
2025.11.26,18:00,58.34,58.42,58.22,58.30,376
2025.11.26,18:15,58.26,58.28,58.12,58.14,268
2025.11.26,18:30,58.14,58.17,58.05,58.15,233
2025.11.26,18:45,58.14,58.17,58.00,58.01,247
2025.11.26,19:00,58.03,58.08,57.92,58.04,267
2025.11.26,19:15,58.05,58.29,57.99,58.28,234
2025.11.26,19:30,58.30,58.30,58.15,58.20,136
2025.11.26,19:45,58.20,58.31,58.17,58.31,231
2025.11.26,20:00,58.30,58.49,58.28,58.48,312
2025.11.26,20:15,58.46,58.68,58.45,58.66,394
2025.11.26,20:30,58.67,58.67,58.48,58.53,211
2025.11.26,20:45,58.50,58.60,58.50,58.59,145
2025.11.26,21:00,58.59,58.71,58.57,58.68,132
2025.11.26,21:15,58.69,58.71,58.62,58.65,101
2025.11.26,21:30,58.62,58.67,58.60,58.65,84
2025.11.26,21:45,58.64,58.64,58.54,58.54,120
2025.11.26,22:00,58.56,58.63,58.55,58.56,82
2025.11.26,22:15,58.55,58.58,58.53,58.58,44
2025.11.26,22:30,58.57,58.59,58.55,58.57,32
2025.11.26,22:45,58.56,58.59,58.51,58.56,64
2025.11.27,00:00,58.59,58.59,58.42,58.45,62
2025.11.27,00:15,58.45,58.52,58.44,58.45,33
2025.11.27,00:30,58.47,58.48,58.45,58.46,17
2025.11.27,00:45,58.47,58.47,58.45,58.47,9
2025.11.27,01:00,58.44,58.47,58.43,58.43,9
2025.11.27,01:15,58.44,58.46,58.44,58.45,5
2025.11.27,01:30,58.47,58.48,58.45,58.47,14
2025.11.27,01:45,58.46,58.51,58.46,58.49,31
2025.11.27,02:00,58.52,58.52,58.37,58.37,244
2025.11.27,02:15,58.37,58.39,58.32,58.33,133
2025.11.27,02:30,58.34,58.35,58.28,58.30,99
2025.11.27,02:45,58.31,58.32,58.27,58.32,68
2025.11.27,03:00,58.31,58.44,58.31,58.41,119
2025.11.27,03:15,58.42,58.42,58.33,58.37,52
2025.11.27,03:30,58.34,58.38,58.31,58.36,68
2025.11.27,03:45,58.37,58.40,58.35,58.35,48
2025.11.27,04:00,58.34,58.36,58.31,58.36,58
2025.11.27,04:15,58.36,58.40,58.33,58.34,62
2025.11.27,04:30,58.36,58.36,58.28,58.32,104
2025.11.27,04:45,58.30,58.33,58.25,58.31,64
2025.11.27,05:00,58.32,58.34,58.29,58.33,36
2025.11.27,05:15,58.33,58.33,58.28,58.28,29
2025.11.27,05:30,58.30,58.35,58.28,58.33,23
2025.11.27,05:45,58.32,58.33,58.27,58.30,26
2025.11.27,06:00,58.30,58.34,58.29,58.32,41
2025.11.27,06:15,58.33,58.37,58.30,58.35,37
2025.11.27,06:30,58.36,58.36,58.31,58.34,78
2025.11.27,06:45,58.35,58.37,58.31,58.34,81
2025.11.27,07:00,58.34,58.40,58.30,58.38,88
2025.11.27,07:15,58.39,58.42,58.34,58.40,103
2025.11.27,07:30,58.39,58.41,58.32,58.35,113
2025.11.27,07:45,58.34,58.44,58.33,58.40,82
2025.11.27,08:00,58.40,58.55,58.40,58.50,141
2025.11.27,08:15,58.51,58.62,58.50,58.56,170
2025.11.27,08:30,58.57,58.62,58.53,58.61,163
2025.11.27,08:45,58.62,58.65,58.57,58.60,156
2025.11.27,09:00,58.59,58.66,58.58,58.64,250
2025.11.27,09:15,58.64,58.72,58.54,58.64,387
2025.11.27,09:30,58.65,58.72,58.57,58.68,298
2025.11.27,09:45,58.70,58.77,58.64,58.69,260
2025.11.27,10:00,58.72,58.75,58.64,58.67,237
2025.11.27,10:15,58.70,58.72,58.60,58.68,249
2025.11.27,10:30,58.70,58.73,58.65,58.67,204
2025.11.27,10:45,58.66,58.77,58.65,58.77,160
2025.11.27,11:00,58.76,58.76,58.63,58.72,236
2025.11.27,11:15,58.71,58.73,58.64,58.69,202
2025.11.27,11:30,58.69,58.81,58.67,58.81,228
2025.11.27,11:45,58.81,58.85,58.71,58.82,183
2025.11.27,12:00,58.83,58.87,58.79,58.84,190
2025.11.27,12:15,58.81,58.88,58.81,58.83,104
2025.11.27,12:30,58.85,58.95,58.83,58.91,114
2025.11.27,12:45,58.88,58.92,58.75,58.82,180
2025.11.27,13:00,58.81,58.91,58.78,58.90,133
2025.11.27,13:15,58.89,58.95,58.84,58.84,173
2025.11.27,13:30,58.85,58.90,58.84,58.90,108
2025.11.27,13:45,58.88,58.90,58.82,58.85,100
2025.11.27,14:00,58.83,58.86,58.78,58.82,211
2025.11.27,14:15,58.83,58.93,58.72,58.77,201
2025.11.27,14:30,58.77,58.80,58.50,58.68,521
2025.11.27,14:45,58.67,58.73,58.61,58.67,194
2025.11.27,15:00,58.69,58.96,58.64,58.80,397
2025.11.27,15:15,58.84,58.84,58.75,58.78,166
2025.11.27,15:30,58.80,58.84,58.75,58.79,133
2025.11.27,15:45,58.81,58.82,58.72,58.78,110
2025.11.27,16:00,58.78,58.87,58.75,58.84,89
2025.11.27,16:15,58.83,58.88,58.81,58.84,51
2025.11.27,16:30,58.82,58.88,58.77,58.79,149
2025.11.27,16:45,58.82,58.90,58.79,58.88,112
2025.11.27,17:00,58.87,58.94,58.85,58.90,153
2025.11.27,17:15,58.91,58.99,58.88,58.90,247
2025.11.27,17:30,58.92,58.95,58.84,58.86,232
2025.11.27,17:45,58.84,58.87,58.76,58.84,197
2025.11.27,18:00,58.85,58.89,58.82,58.85,198
2025.11.27,18:15,58.82,58.88,58.78,58.82,144
2025.11.27,18:30,58.84,58.91,58.81,58.87,98
2025.11.27,18:45,58.89,59.07,58.87,59.05,214
2025.11.27,19:00,59.05,59.14,59.01,59.10,179
2025.11.27,19:15,59.10,59.12,59.06,59.06,101
2025.11.27,19:30,59.07,59.10,59.02,59.09,47
2025.11.27,19:45,59.08,59.10,59.06,59.06,28
2025.11.27,20:00,59.07,59.13,59.06,59.11,45
2025.11.27,20:15,59.12,59.15,59.08,59.10,59
2025.11.28,00:00,59.07,59.07,58.91,58.94,82
2025.11.28,00:15,58.92,58.95,58.91,58.95,25
2025.11.28,00:30,58.92,58.97,58.92,58.97,20
2025.11.28,00:45,58.97,59.00,58.95,58.97,17
2025.11.28,01:00,58.98,58.98,58.92,58.92,27
2025.11.28,01:15,58.93,58.94,58.90,58.91,26
2025.11.28,01:30,58.92,59.00,58.92,59.00,41
2025.11.28,01:45,58.99,59.01,58.98,58.99,24
2025.11.28,02:00,58.96,59.04,58.96,59.00,138
2025.11.28,02:15,59.01,59.05,58.95,58.96,84
2025.11.28,02:30,58.95,58.99,58.87,58.92,77
2025.11.28,02:45,58.93,58.95,58.92,58.95,56
2025.11.28,03:00,58.94,59.02,58.93,59.01,89
2025.11.28,03:15,58.99,59.03,58.97,59.01,66
2025.11.28,03:30,59.01,59.04,58.96,58.98,69
2025.11.28,03:45,59.02,59.05,58.99,59.03,12
2025.11.28,04:45,59.00,59.00,59.00,59.00,1
2025.11.28,13:00,58.98,58.98,58.98,58.98,1
2025.11.28,14:30,58.73,58.96,58.73,58.90,205
2025.11.28,14:45,58.90,58.94,58.79,58.80,113
2025.11.28,15:00,58.81,59.02,58.74,58.93,247
2025.11.28,15:15,58.94,58.96,58.85,58.92,151
2025.11.28,15:30,58.91,59.19,58.91,59.18,209
2025.11.28,15:45,59.19,59.24,59.14,59.22,232
2025.11.28,16:00,59.23,59.30,59.20,59.28,165
2025.11.28,16:15,59.28,59.29,59.12,59.12,138
2025.11.28,16:30,59.15,59.16,59.05,59.07,245
2025.11.28,16:45,59.09,59.21,59.05,59.13,212
2025.11.28,17:00,59.14,59.30,59.06,59.14,281
2025.11.28,17:15,59.16,59.39,59.15,59.34,287
2025.11.28,17:30,59.35,59.62,59.31,59.52,299
2025.11.28,17:45,59.55,59.57,59.48,59.52,255
2025.11.28,18:00,59.53,59.56,59.19,59.33,369
2025.11.28,18:15,59.32,59.54,59.32,59.43,298
2025.11.28,18:30,59.39,59.49,59.34,59.45,283
2025.11.28,18:45,59.46,59.55,59.40,59.43,219
2025.11.28,19:00,59.41,59.51,59.41,59.45,208
2025.11.28,19:15,59.45,59.55,59.43,59.55,199
2025.11.28,19:30,59.52,59.55,59.39,59.39,162
2025.11.28,19:45,59.41,59.42,58.99,59.00,293
2025.11.28,20:00,59.02,59.07,58.88,58.92,313
2025.11.28,20:15,58.94,58.97,58.36,58.41,665
2025.11.28,20:30,58.41,58.49,58.25,58.46,543
2025.12.01,00:00,58.96,59.58,58.80,59.40,757
2025.12.01,00:15,59.41,59.60,59.36,59.40,243
2025.12.01,00:30,59.43,59.48,59.40,59.43,117
2025.12.01,00:45,59.41,59.48,59.37,59.37,78
2025.12.01,01:00,59.39,59.43,59.28,59.35,157
2025.12.01,01:15,59.32,59.35,59.19,59.19,148
2025.12.01,01:30,59.21,59.24,59.08,59.08,167
2025.12.01,01:45,59.08,59.16,59.04,59.15,182
2025.12.01,02:00,59.13,59.21,59.05,59.20,413
2025.12.01,02:15,59.20,59.29,59.17,59.23,202
2025.12.01,02:30,59.24,59.30,59.18,59.25,196
2025.12.01,02:45,59.24,59.35,59.24,59.32,156
2025.12.01,03:00,59.32,59.37,59.28,59.35,145
2025.12.01,03:15,59.34,59.42,59.33,59.41,86
2025.12.01,03:30,59.39,59.47,59.38,59.44,120
2025.12.01,03:45,59.45,59.46,59.40,59.46,85
2025.12.01,04:00,59.44,59.57,59.44,59.47,135
2025.12.01,04:15,59.48,59.50,59.42,59.46,121
2025.12.01,04:30,59.43,59.55,59.41,59.53,55
2025.12.01,04:45,59.51,59.57,59.47,59.52,84
2025.12.01,05:00,59.51,59.55,59.50,59.53,56
2025.12.01,05:15,59.55,59.58,59.53,59.55,53
2025.12.01,05:30,59.53,59.63,59.52,59.56,53
2025.12.01,05:45,59.56,59.61,59.56,59.60,25
2025.12.01,06:00,59.57,59.63,59.56,59.60,64
2025.12.01,06:15,59.58,59.67,59.58,59.64,80
2025.12.01,06:30,59.63,59.70,59.61,59.68,149
2025.12.01,06:45,59.68,59.79,59.68,59.77,126
2025.12.01,07:00,59.77,59.96,59.72,59.91,218
2025.12.01,07:15,59.92,59.93,59.70,59.72,195
2025.12.01,07:30,59.73,59.74,59.65,59.67,97
2025.12.01,07:45,59.69,59.70,59.60,59.63,148
2025.12.01,08:00,59.61,59.68,59.56,59.67,132
2025.12.01,08:15,59.67,59.75,59.64,59.70,178
2025.12.01,08:30,59.71,59.80,59.68,59.76,135
2025.12.01,08:45,59.75,59.78,59.60,59.62,214
2025.12.01,09:00,59.64,59.68,59.52,59.61,376
2025.12.01,09:15,59.62,59.76,59.54,59.65,389
2025.12.01,09:30,59.64,59.88,59.63,59.78,321
2025.12.01,09:45,59.77,59.81,59.67,59.74,206
2025.12.01,10:00,59.73,59.76,59.59,59.72,299
2025.12.01,10:15,59.69,59.74,59.65,59.71,266
2025.12.01,10:30,59.73,59.80,59.67,59.75,317
2025.12.01,10:45,59.75,59.84,59.66,59.74,247
2025.12.01,11:00,59.71,59.77,59.58,59.61,248
2025.12.01,11:15,59.61,59.67,59.54,59.56,262
2025.12.01,11:30,59.53,59.62,59.48,59.51,238
2025.12.01,11:45,59.52,59.57,59.37,59.45,185
2025.12.01,12:00,59.42,59.45,59.10,59.13,310
2025.12.01,12:15,59.10,59.33,59.08,59.31,263
2025.12.01,12:30,59.30,59.36,59.18,59.18,181
2025.12.01,12:45,59.17,59.33,59.17,59.31,155
2025.12.01,13:00,59.29,59.33,59.23,59.24,180
2025.12.01,13:15,59.24,59.30,59.14,59.16,241
2025.12.01,13:30,59.18,59.21,59.09,59.15,175
2025.12.01,13:45,59.16,59.17,59.05,59.13,253
2025.12.01,14:00,59.11,59.19,59.03,59.07,387
2025.12.01,14:15,59.08,59.13,59.02,59.07,204
2025.12.01,14:30,59.06,59.09,58.82,58.89,329
2025.12.01,14:45,58.91,59.02,58.88,58.94,274
2025.12.01,15:00,58.93,59.04,58.87,58.90,352
2025.12.01,15:15,58.93,59.04,58.87,59.03,269
2025.12.01,15:30,59.04,59.55,59.03,59.46,718
2025.12.01,15:45,59.47,59.55,59.35,59.43,522
2025.12.01,16:00,59.44,59.57,59.36,59.53,441
2025.12.01,16:15,59.52,59.54,59.31,59.43,388
2025.12.01,16:30,59.45,59.59,59.42,59.59,352
2025.12.01,16:45,59.57,59.62,59.42,59.44,298
2025.12.01,17:00,59.41,59.42,59.25,59.39,396
2025.12.01,17:15,59.36,59.40,59.13,59.17,428
2025.12.01,17:30,59.17,59.33,59.14,59.23,377
2025.12.01,17:45,59.22,59.22,59.10,59.15,346
2025.12.01,18:00,59.17,59.34,59.14,59.31,238
2025.12.01,18:15,59.32,59.42,59.25,59.26,244
2025.12.01,18:30,59.25,59.34,59.24,59.27,147
2025.12.01,18:45,59.25,59.30,59.15,59.20,213
2025.12.01,19:00,59.22,59.29,59.17,59.27,119
2025.12.01,19:15,59.28,59.35,59.25,59.30,135
2025.12.01,19:30,59.33,59.48,59.32,59.46,193
2025.12.01,19:45,59.44,59.47,59.33,59.35,245
2025.12.01,20:00,59.36,59.39,59.28,59.33,274
2025.12.01,20:15,59.32,59.38,59.24,59.28,281
2025.12.01,20:30,59.30,59.44,59.28,59.38,187
2025.12.01,20:45,59.38,59.42,59.37,59.38,121
2025.12.01,21:00,59.41,59.51,59.38,59.46,99
2025.12.01,21:15,59.47,59.49,59.41,59.46,78
2025.12.01,21:30,59.47,59.56,59.44,59.52,84
2025.12.01,21:45,59.51,59.54,59.39,59.41,116
2025.12.01,22:00,59.41,59.49,59.41,59.45,101
2025.12.01,22:15,59.43,59.46,59.41,59.44,28
2025.12.01,22:30,59.45,59.49,59.42,59.47,40
2025.12.01,22:45,59.46,59.55,59.46,59.51,102
2025.12.02,00:00,59.51,59.53,59.46,59.50,77
2025.12.02,00:15,59.51,59.54,59.48,59.53,26
2025.12.02,00:30,59.54,59.65,59.53,59.62,63
2025.12.02,00:45,59.62,59.65,59.55,59.56,42
2025.12.02,01:00,59.58,59.60,59.55,59.55,40
2025.12.02,01:15,59.56,59.61,59.56,59.56,22
2025.12.02,01:30,59.59,59.59,59.51,59.54,28
2025.12.02,01:45,59.51,59.52,59.51,59.51,9
2025.12.02,02:00,59.51,59.52,59.40,59.45,200
2025.12.02,02:15,59.46,59.47,59.39,59.43,82
2025.12.02,02:30,59.42,59.45,59.36,59.36,93
2025.12.02,02:45,59.37,59.41,59.33,59.33,79
2025.12.02,03:00,59.32,59.42,59.32,59.41,59
2025.12.02,03:15,59.40,59.42,59.34,59.34,21
2025.12.02,03:30,59.35,59.41,59.31,59.39,60
2025.12.02,03:45,59.40,59.42,59.37,59.38,74
2025.12.02,04:00,59.37,59.40,59.33,59.36,33
2025.12.02,04:15,59.36,59.40,59.33,59.35,50
2025.12.02,04:30,59.32,59.36,59.30,59.35,38
2025.12.02,04:45,59.35,59.40,59.32,59.39,30
2025.12.02,05:00,59.37,59.44,59.37,59.41,53
2025.12.02,05:15,59.38,59.42,59.37,59.41,29
2025.12.02,05:30,59.41,59.42,59.38,59.41,36
2025.12.02,05:45,59.40,59.42,59.34,59.38,77
2025.12.02,06:00,59.36,59.41,59.36,59.41,68
2025.12.02,06:15,59.39,59.41,59.37,59.39,36
2025.12.02,06:30,59.37,59.40,59.34,59.38,100
2025.12.02,06:45,59.36,59.43,59.36,59.39,77
2025.12.02,07:00,59.37,59.41,59.34,59.40,92
2025.12.02,07:15,59.39,59.43,59.37,59.39,88
2025.12.02,07:30,59.40,59.48,59.38,59.41,172
2025.12.02,07:45,59.39,59.46,59.38,59.42,133
2025.12.02,08:00,59.43,59.50,59.34,59.41,194
2025.12.02,08:15,59.38,59.51,59.35,59.46,174
2025.12.02,08:30,59.44,59.53,59.41,59.44,149
2025.12.02,08:45,59.44,59.47,59.24,59.24,245
2025.12.02,09:00,59.26,59.44,59.26,59.42,274
2025.12.02,09:15,59.44,59.50,59.33,59.33,313
2025.12.02,09:30,59.33,59.48,59.23,59.26,360
2025.12.02,09:45,59.26,59.27,59.12,59.16,315
2025.12.02,10:00,59.20,59.23,59.06,59.17,315
2025.12.02,10:15,59.19,59.38,59.17,59.36,268
2025.12.02,10:30,59.38,59.38,59.16,59.17,201
2025.12.02,10:45,59.16,59.20,59.10,59.18,243
2025.12.02,11:00,59.20,59.22,59.13,59.20,178
2025.12.02,11:15,59.20,59.27,59.15,59.26,201
2025.12.02,11:30,59.25,59.34,59.21,59.26,228
2025.12.02,11:45,59.25,59.42,59.21,59.32,274
2025.12.02,12:00,59.31,59.38,59.24,59.30,193
2025.12.02,12:15,59.29,59.30,59.10,59.18,240
2025.12.02,12:30,59.14,59.21,59.05,59.18,211
2025.12.02,12:45,59.19,59.22,59.06,59.10,218
2025.12.02,13:00,59.07,59.21,59.06,59.17,124
2025.12.02,13:15,59.18,59.19,59.09,59.14,167
2025.12.02,13:30,59.13,59.21,59.12,59.19,190
2025.12.02,13:45,59.18,59.22,59.13,59.17,165
2025.12.02,14:00,59.18,59.26,59.10,59.15,260
2025.12.02,14:15,59.12,59.19,59.06,59.09,251
2025.12.02,14:30,59.09,59.11,58.92,58.96,332
2025.12.02,14:45,58.93,58.97,58.83,58.90,373
2025.12.02,15:00,58.88,59.10,58.87,58.98,327
2025.12.02,15:15,58.99,59.06,58.84,58.95,367
2025.12.02,15:30,58.92,58.99,58.40,58.43,705
2025.12.02,15:45,58.43,58.55,58.27,58.48,726
2025.12.02,16:00,58.47,59.36,58.44,59.13,1185
2025.12.02,16:15,59.15,59.34,58.95,59.24,845
2025.12.02,16:30,59.24,59.35,59.07,59.20,572
2025.12.02,16:45,59.20,59.25,59.07,59.20,338
2025.12.02,17:00,59.21,59.30,58.97,59.08,499
2025.12.02,17:15,59.09,59.09,58.90,58.96,606
2025.12.02,17:30,58.98,59.10,58.84,58.86,520
2025.12.02,17:45,58.87,58.89,58.76,58.82,361
2025.12.02,18:00,58.80,58.91,58.80,58.89,263
2025.12.02,18:15,58.87,59.02,58.87,58.96,277
2025.12.02,18:30,58.95,58.98,58.87,58.94,207
2025.12.02,18:45,58.92,59.01,58.87,58.91,251
2025.12.02,19:00,58.89,58.91,58.81,58.86,217
2025.12.02,19:15,58.86,59.00,58.84,58.98,214
2025.12.02,19:30,58.99,59.08,58.94,58.96,208
2025.12.02,19:45,58.95,59.14,58.89,58.99,354
2025.12.02,20:00,58.98,59.01,58.81,58.89,352
2025.12.02,20:15,58.92,58.94,58.56,58.64,501
2025.12.02,20:30,58.66,58.67,58.47,58.53,245
2025.12.02,20:45,58.54,58.64,58.54,58.62,177
2025.12.02,21:00,58.61,58.65,58.57,58.61,184
2025.12.02,21:15,58.62,58.65,58.55,58.60,124
2025.12.02,21:30,58.61,58.64,58.59,58.62,100
2025.12.02,21:45,58.61,58.67,58.61,58.64,87
2025.12.02,22:00,58.64,58.64,58.57,58.62,88
2025.12.02,22:15,58.61,58.66,58.58,58.62,32
2025.12.02,22:30,58.65,58.65,58.47,58.59,100
2025.12.02,22:45,58.59,58.75,58.53,58.59,220
2025.12.03,00:00,58.64,58.69,58.57,58.67,108
2025.12.03,00:15,58.67,58.68,58.62,58.64,27
2025.12.03,00:30,58.63,58.66,58.60,58.62,32
2025.12.03,00:45,58.65,58.65,58.62,58.64,9
2025.12.03,01:00,58.62,58.66,58.62,58.63,27
2025.12.03,01:15,58.63,58.67,58.61,58.64,36
2025.12.03,01:30,58.67,58.67,58.62,58.64,35
2025.12.03,01:45,58.67,58.67,58.57,58.59,40
2025.12.03,02:00,58.58,58.72,58.58,58.66,275
2025.12.03,02:15,58.64,58.66,58.59,58.61,96
2025.12.03,02:30,58.60,58.65,58.53,58.54,89
2025.12.03,02:45,58.55,58.57,58.51,58.51,65
2025.12.03,03:00,58.52,58.54,58.46,58.51,75
2025.12.03,03:15,58.51,58.54,58.48,58.51,28
2025.12.03,03:30,58.48,58.49,58.35,58.39,152
2025.12.03,03:45,58.39,58.57,58.36,58.53,110
2025.12.03,04:00,58.54,58.62,58.53,58.59,121
2025.12.03,04:15,58.60,58.64,58.58,58.58,73
2025.12.03,04:30,58.61,58.66,58.59,58.65,58
2025.12.03,04:45,58.65,58.68,58.59,58.64,41
2025.12.03,05:00,58.63,58.66,58.63,58.66,23
2025.12.03,05:15,58.67,58.69,58.63,58.63,22
2025.12.03,05:30,58.62,58.67,58.61,58.63,27
2025.12.03,05:45,58.65,58.71,58.62,58.67,41
2025.12.03,06:00,58.69,58.72,58.67,58.67,27
2025.12.03,06:15,58.70,58.70,58.64,58.69,45
2025.12.03,06:30,58.67,58.74,58.65,58.70,148
2025.12.03,06:45,58.68,58.71,58.63,58.65,143
2025.12.03,07:00,58.63,58.67,58.60,58.65,127
2025.12.03,07:15,58.66,58.77,58.64,58.71,125
2025.12.03,07:30,58.72,58.83,58.68,58.80,143
2025.12.03,07:45,58.77,58.85,58.74,58.81,173
2025.12.03,08:00,58.81,58.88,58.79,58.86,105
2025.12.03,08:15,58.87,58.93,58.81,58.91,127
2025.12.03,08:30,58.92,58.95,58.85,58.89,118
2025.12.03,08:45,58.88,58.97,58.85,58.90,125
2025.12.03,09:00,58.92,58.99,58.86,58.94,245
2025.12.03,09:15,58.94,59.00,58.88,58.94,313
2025.12.03,09:30,58.94,59.11,58.94,59.09,257
2025.12.03,09:45,59.08,59.09,59.00,59.05,232
2025.12.03,10:00,59.05,59.23,59.03,59.21,253
2025.12.03,10:15,59.20,59.38,59.19,59.28,273
2025.12.03,10:30,59.31,59.44,59.22,59.25,362
2025.12.03,10:45,59.24,59.48,59.22,59.46,277
2025.12.03,11:00,59.45,59.49,59.38,59.49,231
2025.12.03,11:15,59.46,59.60,59.44,59.46,267
2025.12.03,11:30,59.46,59.54,59.36,59.43,264
2025.12.03,11:45,59.41,59.54,59.41,59.50,166
2025.12.03,12:00,59.48,59.51,59.41,59.46,123
2025.12.03,12:15,59.43,59.48,59.38,59.39,147
2025.12.03,12:30,59.41,59.46,59.39,59.40,140
2025.12.03,12:45,59.39,59.45,59.38,59.41,141
2025.12.03,13:00,59.43,59.43,59.32,59.38,169
2025.12.03,13:15,59.36,59.45,59.35,59.35,195
2025.12.03,13:30,59.37,59.43,59.29,59.32,193
2025.12.03,13:45,59.32,59.41,59.32,59.39,138
2025.12.03,14:00,59.40,59.42,59.28,59.38,306
2025.12.03,14:15,59.39,59.48,59.32,59.34,252
2025.12.03,14:30,59.37,59.40,59.03,59.22,376
2025.12.03,14:45,59.23,59.38,59.21,59.34,370
2025.12.03,15:00,59.33,59.35,58.96,59.03,558
2025.12.03,15:15,59.03,59.19,59.01,59.16,315
2025.12.03,15:30,59.15,59.31,59.15,59.18,515
2025.12.03,15:45,59.19,59.22,59.09,59.20,459
2025.12.03,16:00,59.17,59.26,59.11,59.25,339
2025.12.03,16:15,59.25,59.30,59.15,59.16,284
2025.12.03,16:30,59.17,59.37,59.08,59.25,583
2025.12.03,16:45,59.28,59.53,59.23,59.49,447
2025.12.03,17:00,59.51,59.63,59.29,59.37,541
2025.12.03,17:15,59.36,59.47,59.34,59.39,347
2025.12.03,17:30,59.38,59.41,59.15,59.24,430
2025.12.03,17:45,59.24,59.30,58.85,58.93,438
2025.12.03,18:00,58.94,59.16,58.91,59.15,364
2025.12.03,18:15,59.17,59.45,59.15,59.38,320
2025.12.03,18:30,59.35,59.38,59.25,59.32,183
2025.12.03,18:45,59.29,59.31,59.19,59.24,175
2025.12.03,19:00,59.22,59.26,59.13,59.24,192
2025.12.03,19:15,59.27,59.33,59.17,59.22,166
2025.12.03,19:30,59.22,59.26,59.04,59.17,217
2025.12.03,19:45,59.15,59.18,59.05,59.07,143
2025.12.03,20:00,59.09,59.11,58.98,59.03,215
2025.12.03,20:15,59.05,59.05,58.88,58.92,293
2025.12.03,20:30,58.92,58.95,58.81,58.91,197
2025.12.03,20:45,58.93,58.99,58.91,58.96,94
2025.12.03,21:00,58.94,59.01,58.93,58.98,72
2025.12.03,21:15,58.97,59.03,58.97,59.01,67
2025.12.03,21:30,58.99,59.05,58.98,59.04,50
2025.12.03,21:45,59.05,59.11,59.03,59.07,75
2025.12.03,22:00,59.08,59.11,59.06,59.08,57
2025.12.03,22:15,59.09,59.12,59.08,59.09,23
2025.12.03,22:30,59.11,59.11,59.07,59.07,22
2025.12.03,22:45,59.10,59.12,59.08,59.09,41
2025.12.04,00:00,59.08,59.08,58.99,59.00,45
2025.12.04,00:15,58.99,59.02,58.96,58.99,27
2025.12.04,00:30,58.99,59.04,58.98,59.03,17
2025.12.04,00:45,59.01,59.04,58.99,58.99,26
2025.12.04,01:00,58.98,59.05,58.96,59.03,48
2025.12.04,01:15,59.00,59.04,59.00,59.02,22
2025.12.04,01:30,59.03,59.06,59.01,59.02,23
2025.12.04,01:45,59.02,59.04,59.01,59.03,20
2025.12.04,02:00,59.03,59.15,59.00,59.15,186
2025.12.04,02:15,59.12,59.18,59.10,59.18,62
2025.12.04,02:30,59.15,59.18,59.11,59.14,76
2025.12.04,02:45,59.12,59.16,59.08,59.08,46
2025.12.04,03:00,59.10,59.13,59.02,59.12,63
2025.12.04,03:15,59.13,59.18,59.11,59.17,61
2025.12.04,03:30,59.17,59.21,59.13,59.21,106
2025.12.04,03:45,59.22,59.26,59.20,59.25,74
2025.12.04,04:00,59.22,59.28,59.20,59.20,91
2025.12.04,04:15,59.21,59.26,59.21,59.22,62
2025.12.04,04:30,59.23,59.23,59.18,59.19,17
2025.12.04,04:45,59.21,59.25,59.20,59.24,42
2025.12.04,05:00,59.23,59.27,59.21,59.24,25
2025.12.04,05:15,59.23,59.25,59.20,59.22,31
2025.12.04,05:30,59.21,59.25,59.21,59.24,24
2025.12.04,05:45,59.25,59.28,59.23,59.25,24
2025.12.04,06:00,59.28,59.28,59.23,59.24,27
2025.12.04,06:15,59.25,59.30,59.23,59.29,58
2025.12.04,06:30,59.30,59.35,59.22,59.25,140
2025.12.04,06:45,59.23,59.25,59.16,59.21,97
2025.12.04,07:00,59.19,59.31,59.19,59.30,99
2025.12.04,07:15,59.29,59.32,59.22,59.29,97
2025.12.04,07:30,59.30,59.39,59.29,59.33,131
2025.12.04,07:45,59.36,59.42,59.32,59.37,133
2025.12.04,08:00,59.39,59.39,59.31,59.31,116
2025.12.04,08:15,59.30,59.36,59.29,59.32,133
2025.12.04,08:30,59.30,59.39,59.28,59.33,109
2025.12.04,08:45,59.34,59.36,59.30,59.31,112
2025.12.04,09:00,59.34,59.36,59.17,59.23,240
2025.12.04,09:15,59.21,59.25,59.12,59.12,297
2025.12.04,09:30,59.14,59.23,59.08,59.20,307
2025.12.04,09:45,59.20,59.41,59.15,59.36,162
2025.12.04,10:00,59.34,59.39,59.13,59.21,225
2025.12.04,10:15,59.21,59.23,59.07,59.16,218
2025.12.04,10:30,59.14,59.31,59.13,59.23,222
2025.12.04,10:45,59.22,59.26,59.12,59.19,157
2025.12.04,11:00,59.21,59.25,59.10,59.16,171
2025.12.04,11:15,59.17,59.24,59.14,59.24,165
2025.12.04,11:30,59.25,59.30,59.18,59.18,189
2025.12.04,11:45,59.20,59.33,59.17,59.30,185
2025.12.04,12:00,59.31,59.39,59.22,59.23,215
2025.12.04,12:15,59.24,59.27,59.20,59.23,188
2025.12.04,12:30,59.25,59.26,59.16,59.24,164
2025.12.04,12:45,59.21,59.27,59.18,59.21,174
2025.12.04,13:00,59.23,59.33,59.21,59.32,148
2025.12.04,13:15,59.32,59.36,59.18,59.26,187
2025.12.04,13:30,59.25,59.30,59.21,59.27,145
2025.12.04,13:45,59.28,59.35,59.26,59.31,142
2025.12.04,14:00,59.30,59.44,59.30,59.40,310
2025.12.04,14:15,59.39,59.43,59.29,59.31,212
2025.12.04,14:30,59.32,59.38,59.29,59.34,167
2025.12.04,14:45,59.35,59.48,59.35,59.36,190
2025.12.04,15:00,59.35,59.35,59.13,59.17,451
2025.12.04,15:15,59.16,59.23,59.01,59.08,415
2025.12.04,15:30,59.05,59.09,58.81,58.92,592
2025.12.04,15:45,58.90,58.99,58.79,58.86,478
2025.12.04,16:00,58.87,59.03,58.83,59.03,424
2025.12.04,16:15,59.01,59.20,59.00,59.10,325
2025.12.04,16:30,59.07,59.50,59.07,59.40,465
2025.12.04,16:45,59.41,59.63,59.39,59.43,583
2025.12.04,17:00,59.43,59.53,59.39,59.53,309
2025.12.04,17:15,59.50,59.67,59.50,59.61,387
2025.12.04,17:30,59.61,60.02,59.61,59.89,685
2025.12.04,17:45,59.90,59.92,59.75,59.84,315
2025.12.04,18:00,59.86,59.92,59.68,59.88,368
2025.12.04,18:15,59.87,59.91,59.80,59.81,248
2025.12.04,18:30,59.84,59.88,59.73,59.82,250
2025.12.04,18:45,59.80,59.83,59.75,59.78,187
2025.12.04,19:00,59.75,59.87,59.75,59.84,112
2025.12.04,19:15,59.83,59.91,59.79,59.87,167
2025.12.04,19:30,59.87,59.95,59.85,59.89,144
2025.12.04,19:45,59.87,59.91,59.83,59.84,137
2025.12.04,20:00,59.84,59.88,59.70,59.74,295
2025.12.04,20:15,59.72,59.74,59.59,59.64,322
2025.12.04,20:30,59.65,59.68,59.60,59.61,165
2025.12.04,20:45,59.63,59.71,59.59,59.70,142
2025.12.04,21:00,59.69,59.73,59.64,59.66,117
2025.12.04,21:15,59.67,59.75,59.65,59.72,107
2025.12.04,21:30,59.71,59.73,59.66,59.68,92
2025.12.04,21:45,59.68,59.71,59.62,59.67,91
2025.12.04,22:00,59.67,59.79,59.67,59.74,78
2025.12.04,22:15,59.73,59.76,59.72,59.76,58
2025.12.04,22:30,59.74,59.78,59.72,59.75,27
2025.12.04,22:45,59.75,59.77,59.66,59.70,74
2025.12.05,00:00,59.69,59.69,59.61,59.66,64
2025.12.05,00:15,59.64,59.69,59.64,59.69,48
2025.12.05,00:30,59.70,59.71,59.67,59.70,30
2025.12.05,00:45,59.70,59.70,59.67,59.69,14
2025.12.05,01:00,59.68,59.69,59.64,59.65,49
2025.12.05,01:15,59.67,59.67,59.62,59.65,33
2025.12.05,01:30,59.65,59.66,59.62,59.66,30
2025.12.05,01:45,59.65,59.65,59.62,59.64,14
2025.12.05,02:00,59.64,59.70,59.59,59.63,197
2025.12.05,02:15,59.62,59.65,59.57,59.61,75
2025.12.05,02:30,59.62,59.69,59.60,59.64,87
2025.12.05,02:45,59.62,59.66,59.56,59.58,91
2025.12.05,03:00,59.57,59.62,59.49,59.50,85
2025.12.05,03:15,59.50,59.52,59.46,59.48,46
2025.12.05,03:30,59.50,59.52,59.47,59.48,108
2025.12.05,03:45,59.51,59.51,59.43,59.45,63
2025.12.05,04:00,59.45,59.47,59.39,59.45,76
2025.12.05,04:15,59.46,59.49,59.44,59.49,86
2025.12.05,04:30,59.50,59.52,59.48,59.48,94
2025.12.05,04:45,59.50,59.51,59.47,59.49,58
2025.12.05,05:00,59.48,59.52,59.47,59.51,21
2025.12.05,05:15,59.50,59.52,59.48,59.49,19
2025.12.05,05:30,59.48,59.51,59.45,59.46,11
2025.12.05,05:45,59.44,59.45,59.42,59.45,10
2025.12.05,06:00,59.43,59.53,59.43,59.52,47
2025.12.05,06:15,59.52,59.52,59.48,59.48,19
2025.12.05,06:30,59.49,59.58,59.47,59.55,95
2025.12.05,06:45,59.58,59.58,59.49,59.57,58
2025.12.05,07:00,59.56,59.60,59.52,59.54,68
2025.12.05,07:15,59.55,59.58,59.51,59.54,79
2025.12.05,07:30,59.52,59.55,59.47,59.49,92
2025.12.05,07:45,59.50,59.58,59.50,59.57,127
2025.12.05,08:00,59.57,59.63,59.52,59.58,153
2025.12.05,08:15,59.56,59.62,59.53,59.62,149
2025.12.05,08:30,59.61,59.63,59.44,59.56,165
2025.12.05,08:45,59.53,59.59,59.48,59.54,160
2025.12.05,09:00,59.53,59.69,59.53,59.67,243
2025.12.05,09:15,59.65,59.69,59.46,59.47,249
2025.12.05,09:30,59.49,59.72,59.47,59.54,243
2025.12.05,09:45,59.54,59.62,59.54,59.60,160
2025.12.05,10:00,59.60,59.68,59.55,59.58,210
2025.12.05,10:15,59.55,59.73,59.47,59.66,216
2025.12.05,10:30,59.67,59.78,59.64,59.64,203
2025.12.05,10:45,59.65,59.74,59.64,59.67,154
2025.12.05,11:00,59.66,59.69,59.53,59.56,171
2025.12.05,11:15,59.57,59.58,59.44,59.49,235
2025.12.05,11:30,59.51,59.60,59.48,59.57,190
2025.12.05,11:45,59.58,59.61,59.46,59.57,135
2025.12.05,12:00,59.56,59.58,59.46,59.52,191
2025.12.05,12:15,59.54,59.61,59.45,59.56,209
2025.12.05,12:30,59.55,59.63,59.52,59.54,171
2025.12.05,12:45,59.53,59.60,59.52,59.54,86
2025.12.05,13:00,59.55,59.56,59.42,59.48,173
2025.12.05,13:15,59.47,59.50,59.41,59.46,133
2025.12.05,13:30,59.48,59.56,59.44,59.54,137
2025.12.05,13:45,59.53,59.59,59.53,59.57,138
2025.12.05,14:00,59.57,59.75,59.56,59.65,254
2025.12.05,14:15,59.68,59.69,59.55,59.64,161
2025.12.05,14:30,59.61,59.67,59.48,59.48,241
2025.12.05,14:45,59.48,59.63,59.46,59.59,226
2025.12.05,15:00,59.58,59.67,59.51,59.51,217
2025.12.05,15:15,59.49,59.62,59.47,59.61,221
2025.12.05,15:30,59.60,60.08,59.60,59.89,709
2025.12.05,15:45,59.91,60.03,59.87,59.98,364
2025.12.05,16:00,59.99,60.25,59.95,60.12,374
2025.12.05,16:15,60.14,60.37,60.10,60.35,363
2025.12.05,16:30,60.31,60.49,60.28,60.30,400
2025.12.05,16:45,60.32,60.40,60.14,60.27,539
2025.12.05,17:00,60.27,60.35,60.20,60.24,364
2025.12.05,17:15,60.25,60.25,60.01,60.08,509
2025.12.05,17:30,60.10,60.11,59.90,59.94,429
2025.12.05,17:45,59.95,59.98,59.86,59.92,250
2025.12.05,18:00,59.89,60.08,59.88,60.06,219
2025.12.05,18:15,60.08,60.28,60.07,60.24,249
2025.12.05,18:30,60.24,60.27,60.17,60.25,197
2025.12.05,18:45,60.28,60.33,60.20,60.24,158
2025.12.05,19:00,60.25,60.28,60.14,60.19,185
2025.12.05,19:15,60.20,60.21,60.12,60.15,123
2025.12.05,19:30,60.17,60.21,60.09,60.12,123
2025.12.05,19:45,60.14,60.19,60.04,60.04,175
2025.12.05,20:00,60.03,60.09,59.98,60.06,179
2025.12.05,20:15,60.03,60.10,59.98,60.06,260
2025.12.05,20:30,60.08,60.11,59.98,60.01,160
2025.12.05,20:45,59.99,60.11,59.99,60.09,121
2025.12.05,21:00,60.08,60.10,60.02,60.05,100
2025.12.05,21:15,60.05,60.07,60.02,60.04,62
2025.12.05,21:30,60.04,60.16,60.04,60.13,95
2025.12.05,21:45,60.11,60.14,60.05,60.07,107
2025.12.08,00:00,60.13,60.19,60.04,60.11,177
2025.12.08,00:15,60.11,60.22,60.09,60.22,78
2025.12.08,00:30,60.19,60.28,60.19,60.26,68
2025.12.08,00:45,60.27,60.27,60.19,60.20,38
2025.12.08,01:00,60.20,60.21,60.11,60.12,69
2025.12.08,01:15,60.12,60.16,60.09,60.14,37
2025.12.08,01:30,60.11,60.14,60.05,60.08,51
2025.12.08,01:45,60.08,60.10,60.03,60.03,39
2025.12.08,02:00,60.04,60.14,59.95,60.09,225
2025.12.08,02:15,60.08,60.11,59.99,59.99,129
2025.12.08,02:30,59.98,60.07,59.97,60.06,122
2025.12.08,02:45,60.08,60.09,60.03,60.05,155
2025.12.08,03:00,60.08,60.08,60.01,60.02,71
2025.12.08,03:15,60.01,60.07,60.01,60.04,59
2025.12.08,03:30,60.04,60.12,60.04,60.11,112
2025.12.08,03:45,60.10,60.17,60.09,60.14,102
2025.12.08,04:00,60.15,60.17,60.11,60.14,63
2025.12.08,04:15,60.15,60.19,60.12,60.16,91
2025.12.08,04:30,60.14,60.22,60.13,60.17,58
2025.12.08,04:45,60.16,60.20,60.14,60.17,76
2025.12.08,05:00,60.16,60.20,60.14,60.19,28
2025.12.08,05:15,60.19,60.21,60.17,60.20,26
2025.12.08,05:30,60.21,60.22,60.18,60.18,7
2025.12.08,05:45,60.19,60.20,60.17,60.20,8
2025.12.08,06:00,60.17,60.19,60.07,60.07,43
2025.12.08,06:15,60.07,60.15,60.07,60.14,41
2025.12.08,06:30,60.12,60.24,60.11,60.24,121
2025.12.08,06:45,60.23,60.25,60.17,60.20,92
2025.12.08,07:00,60.19,60.24,60.18,60.23,56
2025.12.08,07:15,60.24,60.24,60.18,60.20,86
2025.12.08,07:30,60.17,60.23,60.15,60.21,98
2025.12.08,07:45,60.18,60.23,60.14,60.19,145
2025.12.08,08:00,60.20,60.20,60.13,60.19,100
2025.12.08,08:15,60.17,60.26,60.15,60.19,91
2025.12.08,08:30,60.20,60.20,60.12,60.14,94
2025.12.08,08:45,60.15,60.23,60.12,60.20,125
2025.12.08,09:00,60.20,60.23,60.11,60.19,226
2025.12.08,09:15,60.17,60.30,60.14,60.15,283
2025.12.08,09:30,60.14,60.20,59.95,60.01,204
2025.12.08,09:45,60.02,60.04,59.88,59.89,153
2025.12.08,10:00,59.93,59.94,59.83,59.88,216
2025.12.08,10:15,59.88,59.88,59.61,59.64,299
2025.12.08,10:30,59.63,59.65,59.48,59.63,261
2025.12.08,10:45,59.66,59.71,59.57,59.61,158
2025.12.08,11:00,59.60,59.62,59.52,59.59,137
2025.12.08,11:15,59.60,59.63,59.53,59.57,106
2025.12.08,11:30,59.56,59.58,59.44,59.52,176
2025.12.08,11:45,59.53,59.62,59.43,59.49,212
2025.12.08,12:00,59.49,59.58,59.36,59.42,244
2025.12.08,12:15,59.42,59.48,59.40,59.45,152
2025.12.08,12:30,59.46,59.46,59.35,59.44,168
2025.12.08,12:45,59.43,59.49,59.41,59.45,146
2025.12.08,13:00,59.46,59.46,59.38,59.41,152
2025.12.08,13:15,59.42,59.45,59.40,59.41,114
2025.12.08,13:30,59.43,59.43,59.31,59.34,152
2025.12.08,13:45,59.36,59.38,59.16,59.23,241
2025.12.08,14:00,59.22,59.38,59.17,59.34,347
2025.12.08,14:15,59.33,59.42,59.32,59.37,188
2025.12.08,14:30,59.40,59.62,59.37,59.51,517
2025.12.08,14:45,59.55,59.55,59.40,59.44,252
2025.12.08,15:00,59.47,59.52,59.08,59.18,474
2025.12.08,15:15,59.16,59.30,59.14,59.18,261
2025.12.08,15:30,59.18,59.35,59.10,59.23,422
2025.12.08,15:45,59.25,59.46,59.24,59.32,425
2025.12.08,16:00,59.30,59.40,59.13,59.21,294
2025.12.08,16:15,59.18,59.28,59.14,59.24,274
2025.12.08,16:30,59.23,59.42,59.22,59.28,379
2025.12.08,16:45,59.31,59.46,59.26,59.31,347
2025.12.08,17:00,59.30,59.30,59.02,59.20,441
2025.12.08,17:15,59.20,59.21,59.07,59.11,354
2025.12.08,17:30,59.13,59.26,59.10,59.15,295
2025.12.08,17:45,59.13,59.28,59.07,59.28,324
2025.12.08,18:00,59.25,59.26,59.05,59.09,205
2025.12.08,18:15,59.09,59.16,59.02,59.13,167
2025.12.08,18:30,59.13,59.13,59.04,59.05,135
2025.12.08,18:45,59.07,59.11,58.99,59.06,197
2025.12.08,19:00,59.05,59.10,58.95,58.97,158
2025.12.08,19:15,58.98,59.01,58.83,58.86,211
2025.12.08,19:30,58.87,58.88,58.66,58.75,261
2025.12.08,19:45,58.72,58.81,58.70,58.76,164
2025.12.08,20:00,58.77,58.81,58.69,58.76,179
2025.12.08,20:15,58.77,58.90,58.72,58.88,264
2025.12.08,20:30,58.87,58.87,58.78,58.78,162
2025.12.08,20:45,58.79,58.82,58.72,58.79,116
2025.12.08,21:00,58.81,58.82,58.76,58.78,105
2025.12.08,21:15,58.80,58.81,58.75,58.78,78
2025.12.08,21:30,58.77,58.82,58.75,58.79,96
2025.12.08,21:45,58.78,58.86,58.76,58.84,89
2025.12.08,22:00,58.85,58.87,58.77,58.78,58
2025.12.08,22:15,58.80,58.87,58.80,58.85,70
2025.12.08,22:30,58.82,58.85,58.80,58.84,42
2025.12.08,22:45,58.85,58.86,58.81,58.85,59
2025.12.09,00:00,58.86,58.86,58.80,58.83,83
2025.12.09,00:15,58.85,58.85,58.81,58.81,20
2025.12.09,00:30,58.83,58.84,58.81,58.82,29
2025.12.09,00:45,58.80,58.85,58.80,58.85,13
2025.12.09,01:00,58.82,58.88,58.80,58.85,74
2025.12.09,01:15,58.84,58.89,58.84,58.86,41
2025.12.09,01:30,58.85,58.87,58.84,58.87,18
2025.12.09,01:45,58.88,58.89,58.85,58.85,27
2025.12.09,02:00,58.87,58.88,58.75,58.81,207
2025.12.09,02:15,58.80,58.85,58.78,58.79,65
2025.12.09,02:30,58.80,58.84,58.78,58.79,106
2025.12.09,02:45,58.80,58.81,58.72,58.75,114
2025.12.09,03:00,58.76,58.82,58.75,58.78,111
2025.12.09,03:15,58.79,58.80,58.76,58.79,36
2025.12.09,03:30,58.79,58.80,58.72,58.76,121
2025.12.09,03:45,58.77,58.79,58.70,58.72,78
2025.12.09,04:00,58.71,58.75,58.67,58.71,122
2025.12.09,04:15,58.69,58.74,58.68,58.71,69
2025.12.09,04:30,58.71,58.74,58.68,58.73,39
2025.12.09,04:45,58.73,58.73,58.71,58.73,13
2025.12.09,05:00,58.72,58.75,58.71,58.73,13
2025.12.09,05:15,58.74,58.76,58.70,58.71,12
2025.12.09,05:30,58.69,58.71,58.62,58.66,59
2025.12.09,05:45,58.64,58.69,58.64,58.67,12
2025.12.09,06:00,58.68,58.69,58.66,58.69,18
2025.12.09,06:15,58.68,58.69,58.65,58.66,17
2025.12.09,06:30,58.65,58.67,58.56,58.63,106
2025.12.09,06:45,58.64,58.68,58.60,58.68,118
2025.12.09,07:00,58.65,58.68,58.56,58.57,163
2025.12.09,07:15,58.60,58.66,58.57,58.66,107
2025.12.09,07:30,58.67,58.67,58.59,58.62,116
2025.12.09,07:45,58.62,58.73,58.62,58.69,121
2025.12.09,08:00,58.70,58.80,58.66,58.72,128
2025.12.09,08:15,58.74,58.82,58.71,58.79,103
2025.12.09,08:30,58.77,58.86,58.74,58.75,132
2025.12.09,08:45,58.76,58.81,58.74,58.78,127
2025.12.09,09:00,58.79,58.83,58.73,58.82,196
2025.12.09,09:15,58.83,58.86,58.67,58.73,308
2025.12.09,09:30,58.73,58.87,58.73,58.85,237
2025.12.09,09:45,58.87,58.88,58.65,58.68,248
2025.12.09,10:00,58.67,58.71,58.61,58.67,265
2025.12.09,10:15,58.66,58.76,58.63,58.76,171
2025.12.09,10:30,58.75,58.79,58.61,58.78,180
2025.12.09,10:45,58.78,58.79,58.66,58.76,172
2025.12.09,11:00,58.77,59.01,58.77,59.01,309
2025.12.09,11:15,59.02,59.11,58.97,59.05,226
2025.12.09,11:30,59.08,59.08,58.96,59.06,236
2025.12.09,11:45,59.04,59.08,59.00,59.01,132
2025.12.09,12:00,58.98,59.03,58.91,58.94,168
2025.12.09,12:15,58.97,59.06,58.92,59.05,123
2025.12.09,12:30,59.06,59.11,59.01,59.05,162
2025.12.09,12:45,59.05,59.12,59.02,59.11,120
2025.12.09,13:00,59.09,59.16,59.08,59.12,102
2025.12.09,13:15,59.12,59.13,58.99,59.01,135
2025.12.09,13:30,59.03,59.09,58.95,58.98,190
2025.12.09,13:45,58.97,59.05,58.96,58.99,159
2025.12.09,14:00,59.00,59.03,58.90,58.92,246
2025.12.09,14:15,58.93,58.93,58.72,58.77,158
2025.12.09,14:30,58.77,58.80,58.69,58.78,230
2025.12.09,14:45,58.77,58.81,58.64,58.79,259
2025.12.09,15:00,58.81,58.86,58.62,58.77,306
2025.12.09,15:15,58.78,58.78,58.68,58.75,245
2025.12.09,15:30,58.72,58.78,58.59,58.64,355
2025.12.09,15:45,58.63,58.73,58.48,58.50,327
2025.12.09,16:00,58.49,58.61,58.38,58.48,480
2025.12.09,16:15,58.47,58.51,58.20,58.27,429
2025.12.09,16:30,58.25,58.29,58.14,58.24,360
2025.12.09,16:45,58.26,58.32,58.13,58.26,368
2025.12.09,17:00,58.23,58.38,58.19,58.26,355
2025.12.09,17:15,58.27,58.32,58.20,58.27,324
2025.12.09,17:30,58.25,58.31,58.10,58.21,355
2025.12.09,17:45,58.20,58.25,58.15,58.21,219
2025.12.09,18:00,58.22,58.26,58.18,58.22,218
2025.12.09,18:15,58.20,58.26,58.15,58.16,177
2025.12.09,18:30,58.17,58.21,58.15,58.18,107
2025.12.09,18:45,58.18,58.23,58.14,58.14,182
2025.12.09,19:00,58.16,58.21,58.12,58.19,137
2025.12.09,19:15,58.18,58.28,58.17,58.20,152
2025.12.09,19:30,58.23,58.31,58.16,58.17,132
2025.12.09,19:45,58.19,58.23,58.14,58.18,121
2025.12.09,20:00,58.16,58.23,58.13,58.23,174
2025.12.09,20:15,58.21,58.27,58.16,58.24,265
2025.12.09,20:30,58.25,58.33,58.21,58.31,115
2025.12.09,20:45,58.32,58.43,58.31,58.37,90
2025.12.09,21:00,58.39,58.40,58.34,58.37,58
2025.12.09,21:15,58.39,58.40,58.32,58.33,64
2025.12.09,21:30,58.33,58.34,58.29,58.32,73
2025.12.09,21:45,58.34,58.36,58.29,58.30,98
2025.12.09,22:00,58.33,58.37,58.33,58.36,28
2025.12.09,22:15,58.36,58.39,58.34,58.35,30
2025.12.09,22:30,58.34,58.39,58.28,58.35,90
2025.12.09,22:45,58.34,58.40,58.30,58.39,86
2025.12.10,00:00,58.36,58.41,58.35,58.37,22
2025.12.10,00:15,58.38,58.40,58.35,58.36,32
2025.12.10,00:30,58.39,58.40,58.36,58.37,23
2025.12.10,00:45,58.38,58.38,58.30,58.33,41
2025.12.10,01:00,58.33,58.39,58.31,58.38,35
2025.12.10,01:15,58.36,58.41,58.35,58.38,18
2025.12.10,01:30,58.35,58.39,58.35,58.35,11
2025.12.10,01:45,58.38,58.38,58.34,58.35,15
2025.12.10,02:00,58.35,58.38,58.30,58.33,162
2025.12.10,02:15,58.35,58.39,58.32,58.33,78
2025.12.10,02:30,58.33,58.38,58.32,58.38,59
2025.12.10,02:45,58.37,58.42,58.35,58.39,46
2025.12.10,03:00,58.39,58.43,58.35,58.36,67
2025.12.10,03:15,58.40,58.40,58.35,58.37,26
2025.12.10,03:30,58.35,58.39,58.35,58.35,82
2025.12.10,03:45,58.35,58.38,58.31,58.33,57
2025.12.10,04:00,58.32,58.33,58.25,58.30,99
2025.12.10,04:15,58.30,58.35,58.30,58.34,55
2025.12.10,04:30,58.31,58.33,58.30,58.33,46
2025.12.10,04:45,58.34,58.34,58.31,58.34,13
2025.12.10,05:00,58.35,58.36,58.33,58.35,16
2025.12.10,05:15,58.32,58.35,58.31,58.31,28
2025.12.10,05:30,58.32,58.35,58.30,58.31,25
2025.12.10,05:45,58.32,58.32,58.27,58.31,28
2025.12.10,06:00,58.32,58.32,58.27,58.27,26
2025.12.10,06:15,58.29,58.35,58.28,58.34,28
2025.12.10,06:30,58.35,58.38,58.32,58.35,117
2025.12.10,06:45,58.37,58.39,58.33,58.36,104
2025.12.10,07:00,58.37,58.38,58.32,58.34,96
2025.12.10,07:15,58.34,58.41,58.34,58.39,86
2025.12.10,07:30,58.41,58.44,58.35,58.41,106
2025.12.10,07:45,58.44,58.46,58.39,58.39,128
2025.12.10,08:00,58.38,58.42,58.34,58.35,128
2025.12.10,08:15,58.35,58.42,58.34,58.37,134
2025.12.10,08:30,58.38,58.43,58.33,58.33,129
2025.12.10,08:45,58.33,58.37,58.23,58.30,145
2025.12.10,09:00,58.29,58.37,58.25,58.34,217
2025.12.10,09:15,58.35,58.41,58.24,58.30,279
2025.12.10,09:30,58.27,58.31,58.15,58.23,316
2025.12.10,09:45,58.25,58.32,58.19,58.25,269
2025.12.10,10:00,58.25,58.40,58.13,58.37,318
2025.12.10,10:15,58.40,58.47,58.33,58.43,235
2025.12.10,10:30,58.40,58.43,58.23,58.24,186
2025.12.10,10:45,58.24,58.30,58.07,58.25,296
2025.12.10,11:00,58.24,58.47,58.23,58.44,282
2025.12.10,11:15,58.47,58.51,58.35,58.36,266
2025.12.10,11:30,58.38,58.43,58.23,58.43,256
2025.12.10,11:45,58.42,58.61,58.40,58.57,210
2025.12.10,12:00,58.57,58.60,58.50,58.59,178
2025.12.10,12:15,58.56,58.63,58.49,58.61,167
2025.12.10,12:30,58.60,58.63,58.55,58.59,165
2025.12.10,12:45,58.57,58.59,58.50,58.55,157
2025.12.10,13:00,58.52,58.63,58.51,58.62,142
2025.12.10,13:15,58.59,58.60,58.52,58.57,135
2025.12.10,13:30,58.59,58.60,58.52,58.54,161
2025.12.10,13:45,58.56,58.66,58.47,58.51,273
2025.12.10,14:00,58.49,58.50,58.34,58.35,388
2025.12.10,14:15,58.36,58.42,58.30,58.32,216
2025.12.10,14:30,58.35,58.39,58.28,58.34,246
2025.12.10,14:45,58.35,58.40,58.23,58.28,197
2025.12.10,15:00,58.30,58.30,57.94,57.98,398
2025.12.10,15:15,57.97,58.02,57.79,57.89,476
2025.12.10,15:30,57.90,57.95,57.75,57.83,517
2025.12.10,15:45,57.86,57.92,57.75,57.89,439
2025.12.10,16:00,57.87,57.96,57.81,57.89,360
2025.12.10,16:15,57.87,57.92,57.79,57.86,315
2025.12.10,16:30,57.83,57.90,57.72,57.81,555
2025.12.10,16:45,57.80,57.88,57.69,57.75,378
2025.12.10,17:00,57.72,57.77,57.65,57.76,324
2025.12.10,17:15,57.74,57.85,57.71,57.80,307
2025.12.10,17:30,57.82,57.96,57.73,57.91,332
2025.12.10,17:45,57.92,58.13,57.91,58.11,390
2025.12.10,18:00,58.09,58.15,58.03,58.13,316
2025.12.10,18:15,58.11,58.18,58.10,58.11,140
2025.12.10,18:30,58.12,58.14,58.00,58.03,181
2025.12.10,18:45,58.00,58.15,58.00,58.08,210
2025.12.10,19:00,58.09,58.14,58.04,58.12,177
2025.12.10,19:15,58.12,58.31,58.12,58.17,274
2025.12.10,19:30,58.15,58.55,58.12,58.28,538
2025.12.10,19:45,58.31,58.47,58.24,58.34,370
2025.12.10,20:00,58.36,58.50,58.28,58.48,616
2025.12.10,20:15,58.49,58.54,58.35,58.51,492
2025.12.10,20:30,58.51,58.71,58.49,58.64,578
2025.12.10,20:45,58.62,58.78,58.62,58.74,297
2025.12.10,21:00,58.76,59.01,58.73,58.93,450
2025.12.10,21:15,58.92,59.03,58.89,58.97,249
2025.12.10,21:30,58.99,59.03,58.89,58.93,145
2025.12.10,21:45,58.91,58.96,58.86,58.91,197
2025.12.10,22:00,58.90,58.98,58.90,58.95,102
2025.12.10,22:15,58.94,58.99,58.89,58.92,54
2025.12.10,22:30,58.91,58.94,58.89,58.90,33
2025.12.10,22:45,58.93,58.97,58.89,58.94,66
2025.12.11,00:00,58.88,58.94,58.83,58.85,78
2025.12.11,00:15,58.84,58.87,58.76,58.79,51
2025.12.11,00:30,58.76,58.80,58.75,58.77,33
2025.12.11,00:45,58.76,58.80,58.71,58.74,43
2025.12.11,01:00,58.71,58.79,58.71,58.77,48
2025.12.11,01:15,58.76,58.83,58.76,58.83,24
2025.12.11,01:30,58.80,58.83,58.77,58.79,31
2025.12.11,01:45,58.76,58.79,58.75,58.76,10
2025.12.11,02:00,58.77,58.86,58.71,58.78,266
2025.12.11,02:15,58.77,58.91,58.75,58.89,129
2025.12.11,02:30,58.90,58.92,58.82,58.85,152
2025.12.11,02:45,58.86,58.88,58.80,58.80,54
2025.12.11,03:00,58.81,58.85,58.76,58.79,77
2025.12.11,03:15,58.77,58.80,58.70,58.72,41
2025.12.11,03:30,58.73,58.78,58.69,58.77,119
2025.12.11,03:45,58.78,58.78,58.66,58.68,97
2025.12.11,04:00,58.69,58.70,58.48,58.50,179
2025.12.11,04:15,58.53,58.54,58.39,58.45,132
2025.12.11,04:30,58.44,58.46,58.39,58.43,85
2025.12.11,04:45,58.44,58.45,58.41,58.44,72
2025.12.11,05:00,58.42,58.48,58.37,58.45,65
2025.12.11,05:15,58.46,58.47,58.42,58.43,38
2025.12.11,05:30,58.44,58.46,58.39,58.44,33
2025.12.11,05:45,58.43,58.45,58.36,58.38,25
2025.12.11,06:00,58.41,58.43,58.38,58.42,34
2025.12.11,06:15,58.41,58.43,58.37,58.37,34
2025.12.11,06:30,58.39,58.39,58.24,58.27,79
2025.12.11,06:45,58.28,58.29,58.24,58.25,87
2025.12.11,07:00,58.28,58.28,58.17,58.17,120
2025.12.11,07:15,58.18,58.20,58.15,58.17,94
2025.12.11,07:30,58.20,58.22,58.16,58.20,144
2025.12.11,07:45,58.19,58.20,58.07,58.12,124
2025.12.11,08:00,58.11,58.17,58.04,58.11,160
2025.12.11,08:15,58.12,58.13,57.96,58.00,162
2025.12.11,08:30,57.97,58.12,57.96,58.12,132
2025.12.11,08:45,58.09,58.13,58.02,58.03,168
2025.12.11,09:00,58.06,58.08,57.93,57.95,270
2025.12.11,09:15,57.96,58.01,57.82,57.86,429
2025.12.11,09:30,57.88,57.92,57.72,57.77,381
2025.12.11,09:45,57.78,57.86,57.62,57.74,280
2025.12.11,10:00,57.72,57.78,57.62,57.70,309
2025.12.11,10:15,57.69,57.74,57.64,57.70,208
2025.12.11,10:30,57.71,57.80,57.64,57.78,260
2025.12.11,10:45,57.76,57.80,57.68,57.68,284
2025.12.11,11:00,57.67,57.71,57.53,57.58,392
2025.12.11,11:15,57.57,57.59,57.49,57.51,199
2025.12.11,11:30,57.54,57.67,57.49,57.62,227
2025.12.11,11:45,57.62,57.65,57.52,57.54,187
2025.12.11,12:00,57.55,57.67,57.50,57.59,225
2025.12.11,12:15,57.60,57.71,57.57,57.69,226
2025.12.11,12:30,57.67,57.74,57.62,57.62,188
2025.12.11,12:45,57.64,57.76,57.63,57.70,213
2025.12.11,13:00,57.72,57.85,57.70,57.80,277
2025.12.11,13:15,57.80,57.86,57.76,57.80,273
2025.12.11,13:30,57.80,57.82,57.69,57.81,196
2025.12.11,13:45,57.80,57.82,57.69,57.75,214
2025.12.11,14:00,57.74,57.83,57.73,57.79,290
2025.12.11,14:15,57.76,57.84,57.72,57.76,220
2025.12.11,14:30,57.75,57.80,57.65,57.67,267
2025.12.11,14:45,57.65,57.70,57.54,57.58,358
2025.12.11,15:00,57.59,57.59,57.28,57.31,549
2025.12.11,15:15,57.30,57.36,57.21,57.22,375
2025.12.11,15:30,57.24,57.33,57.16,57.29,562
2025.12.11,15:45,57.29,57.38,57.22,57.32,562
2025.12.11,16:00,57.30,57.50,57.28,57.39,485
2025.12.11,16:15,57.38,57.42,57.31,57.36,279
2025.12.11,16:30,57.34,57.44,57.23,57.32,431
2025.12.11,16:45,57.32,57.43,57.25,57.39,332
2025.12.11,17:00,57.42,57.48,56.98,57.21,1089
2025.12.11,17:15,57.20,57.36,57.14,57.21,489
2025.12.11,17:30,57.21,57.31,57.09,57.24,426
2025.12.11,17:45,57.27,57.31,57.15,57.22,314
2025.12.11,18:00,57.21,57.31,57.20,57.26,250
2025.12.11,18:15,57.26,57.41,57.25,57.33,270
2025.12.11,18:30,57.32,57.37,57.24,57.24,154
2025.12.11,18:45,57.26,57.32,57.23,57.29,196
2025.12.11,19:00,57.30,57.35,57.22,57.33,199
2025.12.11,19:15,57.32,57.39,57.28,57.35,160
2025.12.11,19:30,57.32,57.51,57.32,57.36,312
2025.12.11,19:45,57.38,57.44,57.34,57.42,207
2025.12.11,20:00,57.39,57.55,57.38,57.54,231
2025.12.11,20:15,57.51,57.61,57.46,57.58,311
2025.12.11,20:30,57.58,57.80,57.58,57.79,212
2025.12.11,20:45,57.76,57.83,57.74,57.76,97
2025.12.11,21:00,57.77,57.79,57.69,57.71,94
2025.12.11,21:15,57.72,57.74,57.64,57.68,86
2025.12.11,21:30,57.69,57.80,57.68,57.77,81
2025.12.11,21:45,57.79,57.80,57.72,57.77,105
2025.12.11,22:00,57.79,57.85,57.78,57.85,49
2025.12.11,22:15,57.86,57.90,57.84,57.85,82
2025.12.11,22:30,57.86,57.91,57.84,57.89,52
2025.12.11,22:45,57.88,57.92,57.85,57.89,97
2025.12.12,00:00,57.91,57.95,57.87,57.88,61
2025.12.12,00:15,57.89,58.07,57.88,57.92,102
2025.12.12,00:30,57.92,57.97,57.85,57.91,51
2025.12.12,00:45,57.92,57.92,57.86,57.86,42
2025.12.12,01:00,57.87,57.93,57.86,57.90,24
2025.12.12,01:15,57.91,57.92,57.87,57.90,27
2025.12.12,01:30,57.89,57.96,57.89,57.90,59
2025.12.12,01:45,57.93,57.93,57.88,57.88,37
2025.12.12,02:00,57.90,57.97,57.86,57.88,302
2025.12.12,02:15,57.89,57.97,57.89,57.93,100
2025.12.12,02:30,57.93,58.00,57.91,57.98,93
2025.12.12,02:45,57.99,57.99,57.92,57.94,88
2025.12.12,03:00,57.95,58.04,57.95,58.01,145
2025.12.12,03:15,58.01,58.04,57.99,58.01,72
2025.12.12,03:30,58.02,58.05,57.98,57.99,138
2025.12.12,03:45,58.02,58.02,57.96,57.99,74
2025.12.12,04:00,57.98,58.17,57.96,58.17,169
2025.12.12,04:15,58.15,58.17,58.02,58.05,159
2025.12.12,04:30,58.06,58.06,57.95,57.97,310
2025.12.12,04:45,57.96,58.02,57.96,57.99,61
2025.12.12,05:00,57.98,58.00,57.94,57.98,31
2025.12.12,05:15,58.01,58.03,57.99,58.03,41
2025.12.12,05:30,58.01,58.03,58.00,58.00,6
2025.12.12,05:45,58.02,58.02,57.98,58.00,26
2025.12.12,06:00,57.99,58.04,57.99,58.04,30
2025.12.12,06:15,58.02,58.14,58.02,58.10,47
2025.12.12,06:30,58.10,58.12,58.05,58.08,108
2025.12.12,06:45,58.07,58.13,58.05,58.08,71
2025.12.12,07:00,58.09,58.10,58.01,58.03,119
2025.12.12,07:15,58.03,58.05,57.99,58.01,82
2025.12.12,07:30,58.02,58.03,57.92,57.92,94
2025.12.12,07:45,57.91,57.96,57.88,57.92,144
2025.12.12,08:00,57.89,57.99,57.87,57.94,127
2025.12.12,08:15,57.95,57.95,57.82,57.84,109
2025.12.12,08:30,57.86,57.93,57.82,57.91,121
2025.12.12,08:45,57.90,57.97,57.87,57.93,157
2025.12.12,09:00,57.94,57.95,57.83,57.88,251
2025.12.12,09:15,57.89,57.95,57.86,57.94,380
2025.12.12,09:30,57.94,57.97,57.87,57.93,301
2025.12.12,09:45,57.90,58.12,57.90,58.08,314
2025.12.12,10:00,58.10,58.13,58.02,58.04,288
2025.12.12,10:15,58.05,58.05,57.73,57.74,257
2025.12.12,10:30,57.77,57.79,57.62,57.63,299
2025.12.12,10:45,57.64,57.70,57.55,57.57,309
2025.12.12,11:00,57.59,57.61,57.37,57.39,359
2025.12.12,11:15,57.40,57.49,57.39,57.43,182
2025.12.12,11:30,57.42,57.55,57.39,57.55,270
2025.12.12,11:45,57.54,57.62,57.47,57.55,218
2025.12.12,12:00,57.55,57.58,57.41,57.47,288
2025.12.12,12:15,57.45,57.48,57.38,57.38,173
2025.12.12,12:30,57.40,57.46,57.33,57.43,138
2025.12.12,12:45,57.43,57.53,57.42,57.49,181
2025.12.12,13:00,57.48,57.55,57.45,57.49,233
2025.12.12,13:15,57.49,57.53,57.43,57.48,166
2025.12.12,13:30,57.47,57.64,57.47,57.64,243
2025.12.12,13:45,57.65,57.66,57.53,57.56,225
2025.12.12,14:00,57.57,57.68,57.53,57.57,389
2025.12.12,14:15,57.56,57.60,57.53,57.55,264
2025.12.12,14:30,57.54,57.66,57.51,57.59,298
2025.12.12,14:45,57.60,57.61,57.42,57.58,337
2025.12.12,15:00,57.61,57.61,57.38,57.46,470
2025.12.12,15:15,57.45,57.54,57.39,57.47,329
2025.12.12,15:30,57.46,57.58,57.43,57.47,473
2025.12.12,15:45,57.48,57.57,57.29,57.56,454
2025.12.12,16:00,57.55,57.58,57.26,57.33,544
2025.12.12,16:15,57.30,57.39,57.19,57.22,477
2025.12.12,16:30,57.21,57.36,57.18,57.35,529
2025.12.12,16:45,57.33,57.44,57.12,57.18,584
2025.12.12,17:00,57.17,57.30,57.14,57.27,704
2025.12.12,17:15,57.24,57.42,57.23,57.35,617
2025.12.12,17:30,57.34,57.56,57.32,57.56,586
2025.12.12,17:45,57.56,57.71,57.51,57.63,522
2025.12.12,18:00,57.64,57.70,57.61,57.65,370
2025.12.12,18:15,57.67,57.72,57.56,57.59,260
2025.12.12,18:30,57.58,57.67,57.54,57.62,309
2025.12.12,18:45,57.63,57.68,57.61,57.64,239
2025.12.12,19:00,57.61,57.67,57.58,57.61,247
2025.12.12,19:15,57.62,57.64,57.53,57.62,232
2025.12.12,19:30,57.63,57.63,57.50,57.54,207
2025.12.12,19:45,57.56,57.60,57.46,57.48,171
2025.12.12,20:00,57.48,57.59,57.48,57.58,234
2025.12.12,20:15,57.57,57.61,57.38,57.45,232
2025.12.12,20:30,57.42,57.47,57.38,57.41,139
2025.12.12,20:45,57.42,57.43,57.38,57.40,126
2025.12.12,21:00,57.39,57.41,57.31,57.37,104
2025.12.12,21:15,57.37,57.41,57.31,57.35,109
2025.12.12,21:30,57.37,57.44,57.32,57.43,142
2025.12.12,21:45,57.41,57.49,57.41,57.43,169
2025.12.15,00:00,57.48,57.53,57.35,57.51,240
2025.12.15,00:15,57.50,57.62,57.50,57.61,74
2025.12.15,00:30,57.61,57.64,57.57,57.58,71
2025.12.15,00:45,57.60,57.63,57.56,57.56,49
2025.12.15,01:00,57.59,57.64,57.53,57.56,108
2025.12.15,01:15,57.57,57.66,57.56,57.66,48
2025.12.15,01:30,57.64,57.67,57.63,57.66,44
2025.12.15,01:45,57.66,57.69,57.63,57.67,50
2025.12.15,02:00,57.64,57.68,57.59,57.65,262
2025.12.15,02:15,57.64,57.67,57.61,57.64,121
2025.12.15,02:30,57.66,57.71,57.61,57.61,115
2025.12.15,02:45,57.61,57.68,57.61,57.64,56
2025.12.15,03:00,57.67,57.77,57.64,57.74,94
2025.12.15,03:15,57.75,57.79,57.73,57.74,31
2025.12.15,03:30,57.73,57.76,57.70,57.73,89
2025.12.15,03:45,57.75,57.75,57.67,57.69,60
2025.12.15,04:00,57.67,57.74,57.67,57.72,53
2025.12.15,04:15,57.70,57.75,57.70,57.71,48
2025.12.15,04:30,57.73,57.75,57.70,57.74,28
2025.12.15,04:45,57.73,57.74,57.67,57.70,33
2025.12.15,05:00,57.71,57.75,57.69,57.73,39
2025.12.15,05:15,57.72,57.75,57.70,57.72,18
2025.12.15,05:30,57.72,57.75,57.70,57.72,30
2025.12.15,05:45,57.71,57.74,57.71,57.72,13
2025.12.15,06:00,57.71,57.73,57.70,57.72,22
2025.12.15,06:15,57.69,57.74,57.68,57.68,34
2025.12.15,06:30,57.68,57.74,57.68,57.74,55
2025.12.15,06:45,57.73,57.74,57.65,57.66,96
2025.12.15,07:00,57.67,57.70,57.63,57.70,102
2025.12.15,07:15,57.68,57.75,57.68,57.73,118
2025.12.15,07:30,57.72,57.78,57.70,57.75,113
2025.12.15,07:45,57.72,57.74,57.66,57.68,100
2025.12.15,08:00,57.70,57.77,57.67,57.71,152
2025.12.15,08:15,57.68,57.75,57.65,57.69,105
2025.12.15,08:30,57.68,57.73,57.68,57.70,105
2025.12.15,08:45,57.71,57.75,57.60,57.62,133
2025.12.15,09:00,57.61,57.68,57.51,57.53,278
2025.12.15,09:15,57.53,57.58,57.47,57.52,412
2025.12.15,09:30,57.53,57.63,57.45,57.47,278
2025.12.15,09:45,57.48,57.56,57.45,57.56,175
2025.12.15,10:00,57.55,57.72,57.55,57.63,247
2025.12.15,10:15,57.66,57.66,57.49,57.53,223
2025.12.15,10:30,57.52,57.59,57.42,57.46,222
2025.12.15,10:45,57.45,57.57,57.41,57.55,180
2025.12.15,11:00,57.53,57.60,57.33,57.36,330
2025.12.15,11:15,57.37,57.39,57.30,57.35,229
2025.12.15,11:30,57.34,57.42,57.29,57.32,256
2025.12.15,11:45,57.32,57.34,57.25,57.28,264
2025.12.15,12:00,57.31,57.38,57.27,57.38,221
2025.12.15,12:15,57.37,57.41,57.27,57.28,186
2025.12.15,12:30,57.27,57.29,57.03,57.11,263
2025.12.15,12:45,57.10,57.19,57.05,57.14,246
2025.12.15,13:00,57.13,57.19,57.09,57.16,188
2025.12.15,13:15,57.14,57.17,57.07,57.12,179
2025.12.15,13:30,57.11,57.19,57.06,57.17,187
2025.12.15,13:45,57.16,57.18,57.06,57.18,192
2025.12.15,14:00,57.18,57.39,57.17,57.34,454
2025.12.15,14:15,57.33,57.36,57.26,57.31,273
2025.12.15,14:30,57.30,57.33,57.11,57.15,247
2025.12.15,14:45,57.13,57.20,56.94,57.04,342
2025.12.15,15:00,57.04,57.15,56.99,57.02,368
2025.12.15,15:15,57.04,57.18,57.02,57.12,259
2025.12.15,15:30,57.13,57.18,56.84,56.89,509
2025.12.15,15:45,56.88,56.94,56.81,56.90,619
2025.12.15,16:00,56.91,57.03,56.79,56.87,532
2025.12.15,16:15,56.88,56.96,56.80,56.84,445
2025.12.15,16:30,56.85,56.90,56.76,56.87,439
2025.12.15,16:45,56.89,56.92,56.69,56.78,455
2025.12.15,17:00,56.80,56.81,56.62,56.70,545
2025.12.15,17:15,56.67,56.76,56.59,56.68,484
2025.12.15,17:30,56.69,56.74,56.38,56.46,632
2025.12.15,17:45,56.47,56.64,56.40,56.57,437
2025.12.15,18:00,56.58,56.61,56.48,56.57,277
2025.12.15,18:15,56.58,56.64,56.55,56.61,230
2025.12.15,18:30,56.60,56.71,56.56,56.70,323
2025.12.15,18:45,56.71,56.71,56.54,56.63,260
2025.12.15,19:00,56.62,56.62,56.44,56.48,208
2025.12.15,19:15,56.51,56.53,56.41,56.42,177
2025.12.15,19:30,56.43,56.47,56.38,56.41,193
2025.12.15,19:45,56.40,56.56,56.38,56.51,224
2025.12.15,20:00,56.50,56.72,56.49,56.70,332
2025.12.15,20:15,56.70,56.87,56.69,56.81,530
2025.12.15,20:30,56.82,56.86,56.66,56.69,181
2025.12.15,20:45,56.71,56.79,56.69,56.71,129
2025.12.15,21:00,56.70,56.73,56.67,56.67,48
2025.12.15,21:15,56.68,56.73,56.59,56.63,140
2025.12.15,21:30,56.62,56.68,56.62,56.65,121
2025.12.15,21:45,56.64,56.69,56.61,56.63,77
2025.12.15,22:00,56.64,56.65,56.54,56.58,96
2025.12.15,22:15,56.56,56.61,56.55,56.58,70
2025.12.15,22:30,56.58,56.64,56.56,56.64,38
2025.12.15,22:45,56.64,56.70,56.61,56.67,176
2025.12.16,00:00,56.65,56.69,56.55,56.61,109
2025.12.16,00:15,56.62,56.66,56.61,56.62,17
2025.12.16,00:30,56.63,56.64,56.61,56.63,16
2025.12.16,00:45,56.60,56.63,56.60,56.63,6
2025.12.16,01:00,56.62,56.67,56.62,56.66,37
2025.12.16,01:15,56.65,56.68,56.62,56.65,26
2025.12.16,01:30,56.67,56.67,56.60,56.62,12
2025.12.16,01:45,56.63,56.66,56.61,56.66,9
2025.12.16,02:00,56.66,56.66,56.50,56.57,361
2025.12.16,02:15,56.55,56.65,56.55,56.63,183
2025.12.16,02:30,56.64,56.66,56.57,56.63,189
2025.12.16,02:45,56.62,56.62,56.46,56.48,200
2025.12.16,03:00,56.48,56.53,56.41,56.50,159
2025.12.16,03:15,56.48,56.58,56.46,56.56,91
2025.12.16,03:30,56.54,56.56,56.45,56.47,113
2025.12.16,03:45,56.47,56.50,56.43,56.47,88
2025.12.16,04:00,56.47,56.50,56.44,56.46,85
2025.12.16,04:15,56.48,56.51,56.46,56.49,67
2025.12.16,04:30,56.50,56.51,56.45,56.48,81
2025.12.16,04:45,56.47,56.51,56.45,56.48,44
2025.12.16,05:00,56.45,56.50,56.43,56.48,37
2025.12.16,05:15,56.49,56.53,56.47,56.50,33
2025.12.16,05:30,56.50,56.52,56.46,56.48,50
2025.12.16,05:45,56.50,56.52,56.46,56.47,61
2025.12.16,06:00,56.46,56.51,56.42,56.43,91
2025.12.16,06:15,56.43,56.45,56.37,56.37,112
2025.12.16,06:30,56.40,56.40,56.30,56.34,195
2025.12.16,06:45,56.35,56.38,56.32,56.34,180
2025.12.16,07:00,56.32,56.39,56.32,56.34,148
2025.12.16,07:15,56.33,56.43,56.33,56.41,138
2025.12.16,07:30,56.40,56.49,56.40,56.42,112
2025.12.16,07:45,56.41,56.54,56.40,56.54,125
2025.12.16,08:00,56.53,56.53,56.42,56.48,161
2025.12.16,08:15,56.48,56.49,56.41,56.45,146
2025.12.16,08:30,56.44,56.53,56.43,56.45,155
2025.12.16,08:45,56.48,56.50,56.34,56.37,198
2025.12.16,09:00,56.37,56.43,56.16,56.17,393
2025.12.16,09:15,56.17,56.24,56.09,56.14,413
2025.12.16,09:30,56.14,56.14,55.92,56.02,456
2025.12.16,09:45,56.03,56.15,56.02,56.11,317
2025.12.16,10:00,56.13,56.16,56.02,56.08,315
2025.12.16,10:15,56.07,56.10,55.93,55.95,234
2025.12.16,10:30,55.95,55.96,55.81,55.83,382
2025.12.16,10:45,55.82,55.88,55.80,55.81,277
2025.12.16,11:00,55.82,55.82,55.67,55.70,373
2025.12.16,11:15,55.70,55.83,55.66,55.81,300
2025.12.16,11:30,55.81,55.90,55.77,55.85,268
2025.12.16,11:45,55.88,55.89,55.79,55.83,211
2025.12.16,12:00,55.83,55.89,55.76,55.81,216
2025.12.16,12:15,55.80,55.94,55.79,55.85,214
2025.12.16,12:30,55.86,55.86,55.75,55.84,149
2025.12.16,12:45,55.85,55.92,55.81,55.87,217
2025.12.16,13:00,55.85,55.98,55.82,55.95,224
2025.12.16,13:15,55.95,55.98,55.89,55.90,254
2025.12.16,13:30,55.91,55.93,55.84,55.90,232
2025.12.16,13:45,55.89,55.90,55.83,55.88,216
2025.12.16,14:00,55.87,55.95,55.74,55.83,386
2025.12.16,14:15,55.86,55.93,55.80,55.90,297
2025.12.16,14:30,55.90,55.91,55.71,55.76,453
2025.12.16,14:45,55.78,55.80,55.56,55.66,416
2025.12.16,15:00,55.67,55.67,55.43,55.45,493
2025.12.16,15:15,55.46,55.67,55.39,55.58,421
2025.12.16,15:30,55.62,55.64,55.43,55.47,595
2025.12.16,15:45,55.47,55.48,55.26,55.29,621
2025.12.16,16:00,55.26,55.34,55.23,55.26,530
2025.12.16,16:15,55.26,55.29,55.01,55.04,465
2025.12.16,16:30,55.04,55.13,54.96,55.10,523
2025.12.16,16:45,55.09,55.27,55.06,55.21,500
2025.12.16,17:00,55.21,55.32,55.12,55.13,509
2025.12.16,17:15,55.13,55.35,55.13,55.31,504
2025.12.16,17:30,55.34,55.53,55.30,55.41,555
2025.12.16,17:45,55.39,55.54,55.38,55.50,432
2025.12.16,18:00,55.53,55.65,55.48,55.54,413
2025.12.16,18:15,55.57,55.58,55.37,55.49,305
2025.12.16,18:30,55.48,55.56,55.34,55.38,293
2025.12.16,18:45,55.40,55.46,55.34,55.35,229
2025.12.16,19:00,55.35,55.41,55.31,55.41,227
2025.12.16,19:15,55.41,55.46,55.34,55.43,248
2025.12.16,19:30,55.44,55.61,55.42,55.49,288
2025.12.16,19:45,55.51,55.52,55.37,55.39,209
2025.12.16,20:00,55.40,55.42,55.24,55.28,249
2025.12.16,20:15,55.25,55.36,55.22,55.29,421
2025.12.16,20:30,55.25,55.35,55.24,55.33,201
2025.12.16,20:45,55.34,55.35,55.19,55.24,147
2025.12.16,21:00,55.24,55.29,55.16,55.24,140
2025.12.16,21:15,55.25,55.28,55.19,55.20,105
2025.12.16,21:30,55.21,55.25,55.18,55.18,66
2025.12.16,21:45,55.17,55.22,55.14,55.17,99
2025.12.16,22:00,55.17,55.17,55.08,55.14,77
2025.12.16,22:15,55.13,55.18,55.11,55.11,52
2025.12.16,22:30,55.14,55.16,55.05,55.08,166
2025.12.16,22:45,55.07,55.19,55.07,55.19,85
2025.12.17,00:00,55.07,55.18,55.07,55.14,98
2025.12.17,00:15,55.13,55.17,55.11,55.15,26
2025.12.17,00:30,55.16,55.19,55.13,55.16,48
2025.12.17,00:45,55.17,55.43,55.15,55.43,288
2025.12.17,01:00,55.40,55.99,55.39,55.82,523
2025.12.17,01:15,55.80,55.95,55.75,55.81,265
2025.12.17,01:30,55.82,55.83,55.71,55.76,157
2025.12.17,01:45,55.75,55.75,55.55,55.58,128
2025.12.17,02:00,55.56,55.68,55.47,55.57,617
2025.12.17,02:15,55.54,55.58,55.49,55.53,193
2025.12.17,02:30,55.51,55.70,55.50,55.60,301
2025.12.17,02:45,55.59,55.64,55.56,55.56,142
2025.12.17,03:00,55.57,55.75,55.55,55.69,149
2025.12.17,03:15,55.72,55.78,55.66,55.77,114
2025.12.17,03:30,55.77,55.87,55.74,55.83,232
2025.12.17,03:45,55.82,55.84,55.65,55.72,140
2025.12.17,04:00,55.72,55.78,55.69,55.71,168
2025.12.17,04:15,55.70,55.80,55.67,55.79,142
2025.12.17,04:30,55.79,55.83,55.71,55.77,159
2025.12.17,04:45,55.76,55.85,55.76,55.80,120
2025.12.17,05:00,55.81,55.83,55.77,55.83,68
2025.12.17,05:15,55.83,55.88,55.76,55.88,102
2025.12.17,05:30,55.85,55.88,55.81,55.84,67
2025.12.17,05:45,55.81,55.90,55.78,55.87,67
2025.12.17,06:00,55.89,55.99,55.87,55.98,113
2025.12.17,06:15,55.97,55.97,55.87,55.89,92
2025.12.17,06:30,55.87,56.06,55.87,56.03,378
2025.12.17,06:45,56.00,56.05,55.92,55.94,177
2025.12.17,07:00,55.95,56.05,55.90,56.01,197
2025.12.17,07:15,56.00,56.03,55.91,55.96,168
2025.12.17,07:30,55.95,55.98,55.79,55.83,143
2025.12.17,07:45,55.85,55.97,55.83,55.91,129
2025.12.17,08:00,55.90,56.07,55.84,55.95,163
2025.12.17,08:15,55.96,56.05,55.92,55.98,210
2025.12.17,08:30,55.96,56.01,55.91,55.95,197
2025.12.17,08:45,55.96,56.00,55.84,55.87,215
2025.12.17,09:00,55.84,55.93,55.79,55.84,306
2025.12.17,09:15,55.84,55.86,55.75,55.82,294
2025.12.17,09:30,55.80,55.85,55.72,55.79,271
2025.12.17,09:45,55.76,56.15,55.73,56.14,337
2025.12.17,10:00,56.14,56.49,56.13,56.18,1072
2025.12.17,10:15,56.21,56.22,56.01,56.13,401
2025.12.17,10:30,56.13,56.44,56.12,56.38,496
2025.12.17,10:45,56.35,56.43,56.26,56.37,366
2025.12.17,11:00,56.36,56.49,56.34,56.44,302
2025.12.17,11:15,56.43,56.55,56.39,56.48,297
2025.12.17,11:30,56.51,56.54,56.39,56.48,340
2025.12.17,11:45,56.49,56.54,56.41,56.41,264
2025.12.17,12:00,56.44,56.47,56.30,56.30,249
2025.12.17,12:15,56.31,56.45,56.31,56.43,175
2025.12.17,12:30,56.42,56.42,56.24,56.29,185
2025.12.17,12:45,56.31,56.32,56.22,56.25,96
2025.12.17,13:00,56.24,56.36,56.21,56.33,175
2025.12.17,13:15,56.35,56.37,56.22,56.22,160
2025.12.17,13:30,56.25,56.26,56.04,56.07,335
2025.12.17,13:45,56.10,56.16,56.05,56.09,204
2025.12.17,14:00,56.08,56.20,56.01,56.11,329
2025.12.17,14:15,56.09,56.16,56.05,56.07,262
2025.12.17,14:30,56.09,56.20,56.04,56.15,248
2025.12.17,14:45,56.13,56.24,56.09,56.20,236
2025.12.17,15:00,56.21,56.21,55.83,55.87,442
2025.12.17,15:15,55.86,56.04,55.86,55.92,322
2025.12.17,15:30,55.92,55.96,55.73,55.82,485
2025.12.17,15:45,55.84,55.96,55.57,55.84,685
2025.12.17,16:00,55.83,56.02,55.76,56.01,519
2025.12.17,16:15,56.00,56.18,55.98,56.16,437
2025.12.17,16:30,56.16,56.16,55.77,55.81,665
2025.12.17,16:45,55.82,55.95,55.73,55.87,527
2025.12.17,17:00,55.89,56.17,55.89,56.05,540
2025.12.17,17:15,56.06,56.14,55.97,56.01,504
2025.12.17,17:30,56.03,56.05,55.84,56.03,441
2025.12.17,17:45,56.00,56.10,55.99,56.04,370
2025.12.17,18:00,56.03,56.08,55.92,55.94,280
2025.12.17,18:15,55.93,56.09,55.89,56.00,227
2025.12.17,18:30,56.01,56.04,55.94,55.97,219
2025.12.17,18:45,55.95,55.99,55.87,55.96,274
2025.12.17,19:00,55.97,56.04,55.93,55.97,195
2025.12.17,19:15,55.98,56.06,55.95,56.04,129
2025.12.17,19:30,56.01,56.08,55.98,56.02,163
2025.12.17,19:45,56.02,56.03,55.84,55.87,232
2025.12.17,20:00,55.85,55.95,55.84,55.90,279
2025.12.17,20:15,55.91,55.98,55.76,55.80,401
2025.12.17,20:30,55.77,55.95,55.74,55.92,223
2025.12.17,20:45,55.94,55.98,55.89,55.97,164
2025.12.17,21:00,55.94,56.20,55.94,56.19,202
2025.12.17,21:15,56.17,56.32,56.17,56.30,202
2025.12.17,21:30,56.31,56.53,56.30,56.52,258
2025.12.17,21:45,56.53,56.62,56.46,56.52,293
2025.12.17,22:00,56.53,56.81,56.51,56.73,323
2025.12.17,22:15,56.75,56.77,56.67,56.70,184
2025.12.17,22:30,56.68,56.74,56.62,56.70,165
2025.12.17,22:45,56.69,56.75,56.67,56.74,252
2025.12.18,00:00,56.76,56.82,56.72,56.81,107
2025.12.18,00:15,56.80,56.81,56.77,56.80,28
2025.12.18,00:30,56.81,56.84,56.74,56.79,74
2025.12.18,00:45,56.77,56.80,56.71,56.71,78
2025.12.18,01:00,56.70,56.75,56.68,56.74,78
2025.12.18,01:15,56.73,56.79,56.70,56.74,61
2025.12.18,01:30,56.73,56.73,56.64,56.71,82
2025.12.18,01:45,56.71,56.74,56.68,56.69,48
2025.12.18,02:00,56.70,56.77,56.64,56.69,281
2025.12.18,02:15,56.70,56.78,56.69,56.77,114
2025.12.18,02:30,56.75,56.79,56.73,56.75,71
2025.12.18,02:45,56.75,56.76,56.66,56.70,141
2025.12.18,03:00,56.69,56.74,56.33,56.36,303
2025.12.18,03:15,56.37,56.41,55.89,56.04,735
2025.12.18,03:30,56.03,56.22,56.02,56.17,338
2025.12.18,03:45,56.18,56.25,56.18,56.21,113
2025.12.18,04:00,56.22,56.26,56.17,56.25,137
2025.12.18,04:15,56.24,56.28,56.17,56.23,154
2025.12.18,04:30,56.23,56.25,56.15,56.18,101
2025.12.18,04:45,56.16,56.23,56.16,56.20,80
2025.12.18,05:00,56.21,56.22,56.10,56.14,86
2025.12.18,05:15,56.13,56.24,56.11,56.22,72
2025.12.18,05:30,56.21,56.22,56.16,56.19,75
2025.12.18,05:45,56.18,56.25,56.16,56.16,96
2025.12.18,06:00,56.16,56.19,56.12,56.16,60
2025.12.18,06:15,56.18,56.25,56.16,56.21,50
2025.12.18,06:30,56.22,56.29,56.21,56.25,124
2025.12.18,06:45,56.26,56.30,56.24,56.28,101
2025.12.18,07:00,56.30,56.37,56.27,56.35,102
2025.12.18,07:15,56.36,56.37,56.30,56.34,102
2025.12.18,07:30,56.33,56.36,56.29,56.32,98
2025.12.18,07:45,56.34,56.39,56.32,56.39,118
2025.12.18,08:00,56.38,56.39,56.25,56.32,137
2025.12.18,08:15,56.34,56.34,56.28,56.32,87
2025.12.18,08:30,56.32,56.43,56.30,56.32,155
2025.12.18,08:45,56.29,56.37,56.25,56.26,180
2025.12.18,09:00,56.29,56.34,56.19,56.21,300
2025.12.18,09:15,56.24,56.34,56.20,56.29,414
2025.12.18,09:30,56.29,56.35,56.20,56.25,298
2025.12.18,09:45,56.25,56.26,56.08,56.10,210
2025.12.18,10:00,56.11,56.20,56.08,56.10,253
2025.12.18,10:15,56.12,56.22,56.03,56.06,297
2025.12.18,10:30,56.05,56.10,55.87,55.90,246
2025.12.18,10:45,55.91,56.04,55.89,56.00,210
2025.12.18,11:00,55.97,56.05,55.92,55.95,207
2025.12.18,11:15,55.93,56.03,55.93,56.02,193
2025.12.18,11:30,56.04,56.08,55.83,55.85,193
2025.12.18,11:45,55.86,55.87,55.78,55.79,146
2025.12.18,12:00,55.82,55.95,55.80,55.91,173
2025.12.18,12:15,55.89,55.98,55.85,55.85,148
2025.12.18,12:30,55.84,55.87,55.78,55.83,143
2025.12.18,12:45,55.80,55.83,55.71,55.77,175
2025.12.18,13:00,55.74,55.82,55.72,55.77,229
2025.12.18,13:15,55.78,55.94,55.75,55.91,171
2025.12.18,13:30,55.93,55.97,55.86,55.93,158
2025.12.18,13:45,55.94,56.00,55.88,55.92,187
2025.12.18,14:00,55.89,56.17,55.89,56.12,279
2025.12.18,14:15,56.11,56.15,56.10,56.11,205
2025.12.18,14:30,56.10,56.22,56.09,56.16,288
2025.12.18,14:45,56.15,56.18,56.02,56.03,267
2025.12.18,15:00,56.03,56.18,55.89,56.10,408
2025.12.18,15:15,56.10,56.37,56.08,56.34,312
2025.12.18,15:30,56.34,56.37,56.10,56.15,465
2025.12.18,15:45,56.16,56.40,56.13,56.38,394
2025.12.18,16:00,56.39,56.43,56.12,56.22,375
2025.12.18,16:15,56.25,56.35,56.18,56.32,323
2025.12.18,16:30,56.34,56.40,56.19,56.25,338
2025.12.18,16:45,56.24,56.33,56.20,56.24,270
2025.12.18,17:00,56.20,56.37,56.18,56.30,318
2025.12.18,17:15,56.32,56.39,56.17,56.31,271
2025.12.18,17:30,56.33,56.51,56.28,56.35,273
2025.12.18,17:45,56.34,56.36,56.12,56.23,336
2025.12.18,18:00,56.25,56.43,56.19,56.28,376
2025.12.18,18:15,56.27,56.35,56.20,56.21,346
2025.12.18,18:30,56.20,56.34,56.20,56.27,163
2025.12.18,18:45,56.30,56.30,56.14,56.19,230
2025.12.18,19:00,56.18,56.25,56.15,56.17,176
2025.12.18,19:15,56.15,56.26,56.15,56.18,168
2025.12.18,19:30,56.19,56.22,56.11,56.13,160
2025.12.18,19:45,56.13,56.18,56.04,56.11,240
2025.12.18,20:00,56.10,56.14,55.98,56.07,300
2025.12.18,20:15,56.07,56.13,55.94,55.94,350
2025.12.18,20:30,55.96,55.99,55.85,55.89,163
2025.12.18,20:45,55.88,55.89,55.78,55.82,138
2025.12.18,21:00,55.81,55.92,55.80,55.91,167
2025.12.18,21:15,55.89,55.92,55.86,55.87,110
2025.12.18,21:30,55.87,55.92,55.86,55.86,86
2025.12.18,21:45,55.88,55.93,55.84,55.89,97
2025.12.18,22:00,55.88,55.90,55.85,55.86,56
2025.12.18,22:15,55.89,55.94,55.86,55.92,71
2025.12.18,22:30,55.91,55.98,55.89,55.89,77
2025.12.18,22:45,55.91,55.92,55.85,55.88,67
2025.12.19,00:00,55.88,55.94,55.85,55.92,53
2025.12.19,00:15,55.93,55.97,55.90,55.90,29
2025.12.19,00:30,55.91,55.92,55.86,55.88,26
2025.12.19,00:45,55.89,55.89,55.83,55.85,39
2025.12.19,01:00,55.86,55.86,55.79,55.79,41
2025.12.19,01:15,55.79,55.83,55.78,55.79,38
2025.12.19,01:30,55.80,55.82,55.78,55.80,35
2025.12.19,01:45,55.79,55.88,55.79,55.88,28
2025.12.19,02:00,55.85,55.94,55.85,55.89,198
2025.12.19,02:15,55.86,55.89,55.81,55.82,116
2025.12.19,02:30,55.81,55.84,55.73,55.78,180
2025.12.19,02:45,55.78,55.86,55.76,55.81,70
2025.12.19,03:00,55.79,55.86,55.78,55.84,49
2025.12.19,03:15,55.85,55.87,55.81,55.84,32
2025.12.19,03:30,55.86,55.89,55.79,55.80,86
2025.12.19,03:45,55.81,55.85,55.77,55.83,88
2025.12.19,04:00,55.84,55.84,55.78,55.80,85
2025.12.19,04:15,55.80,55.86,55.76,55.83,109
2025.12.19,04:30,55.81,55.89,55.80,55.89,105
2025.12.19,04:45,55.88,55.91,55.83,55.85,47
2025.12.19,05:00,55.82,55.98,55.82,55.96,73
2025.12.19,05:15,55.95,55.98,55.83,55.87,62
2025.12.19,05:30,55.86,55.90,55.85,55.87,45
2025.12.19,05:45,55.90,55.90,55.86,55.89,27
2025.12.19,06:00,55.89,55.90,55.86,55.86,35
2025.12.19,06:15,55.87,55.88,55.82,55.84,34
2025.12.19,06:30,55.81,55.89,55.79,55.82,94
2025.12.19,06:45,55.79,55.82,55.78,55.79,57
2025.12.19,07:00,55.81,55.85,55.77,55.79,106
2025.12.19,07:15,55.79,55.84,55.76,55.81,78
2025.12.19,07:30,55.81,55.92,55.81,55.87,89
2025.12.19,07:45,55.87,55.89,55.82,55.89,135
2025.12.19,08:00,55.88,55.90,55.81,55.82,86
2025.12.19,08:15,55.84,55.87,55.78,55.87,109
2025.12.19,08:30,55.86,55.95,55.84,55.91,150
2025.12.19,08:45,55.89,55.90,55.63,55.64,206
2025.12.19,09:00,55.64,55.82,55.64,55.78,335
2025.12.19,09:15,55.78,55.98,55.76,55.91,421
2025.12.19,09:30,55.94,55.94,55.78,55.87,250
2025.12.19,09:45,55.85,55.90,55.81,55.86,218
2025.12.19,10:00,55.85,55.94,55.79,55.84,256
2025.12.19,10:15,55.83,55.85,55.66,55.71,253
2025.12.19,10:30,55.68,55.82,55.63,55.67,270
2025.12.19,10:45,55.66,55.89,55.65,55.80,317
2025.12.19,11:00,55.81,55.84,55.59,55.79,349
2025.12.19,11:15,55.80,55.82,55.72,55.76,202
2025.12.19,11:30,55.77,56.03,55.72,55.94,320
2025.12.19,11:45,55.95,56.09,55.94,55.99,337
2025.12.19,12:00,56.00,56.11,55.98,56.10,322
2025.12.19,12:15,56.08,56.23,56.08,56.19,262
2025.12.19,12:30,56.19,56.20,56.11,56.15,209
2025.12.19,12:45,56.15,56.24,56.15,56.21,148
2025.12.19,13:00,56.22,56.24,56.12,56.13,189
2025.12.19,13:15,56.15,56.27,56.08,56.26,159
2025.12.19,13:30,56.26,56.36,56.24,56.34,164
2025.12.19,13:45,56.34,56.34,56.26,56.30,154
2025.12.19,14:00,56.29,56.48,56.24,56.43,374
2025.12.19,14:15,56.40,56.44,56.34,56.36,186
2025.12.19,14:30,56.35,56.53,56.35,56.53,206
2025.12.19,14:45,56.53,56.55,56.46,56.46,176
2025.12.19,15:00,56.46,56.48,56.29,56.41,290
2025.12.19,15:15,56.39,56.43,56.17,56.31,310
2025.12.19,15:30,56.29,56.53,56.29,56.51,439
2025.12.19,15:45,56.52,56.53,56.33,56.42,276
2025.12.19,16:00,56.43,56.50,56.30,56.40,293
2025.12.19,16:15,56.39,56.41,56.21,56.31,331
2025.12.19,16:30,56.33,56.33,56.13,56.19,328
2025.12.19,16:45,56.17,56.22,56.07,56.16,340
2025.12.19,17:00,56.16,56.31,56.14,56.23,307
2025.12.19,17:15,56.25,56.43,56.21,56.40,295
2025.12.19,17:30,56.39,56.54,56.36,56.43,304
2025.12.19,17:45,56.44,56.49,56.37,56.42,193
2025.12.19,18:00,56.43,56.49,56.35,56.37,149
2025.12.19,18:15,56.36,56.50,56.32,56.45,150
2025.12.19,18:30,56.45,56.48,56.38,56.38,121
2025.12.19,18:45,56.40,56.50,56.36,56.47,147
2025.12.19,19:00,56.46,56.67,56.41,56.59,301
2025.12.19,19:15,56.61,56.64,56.53,56.57,197
2025.12.19,19:30,56.54,56.71,56.47,56.66,206
2025.12.19,19:45,56.69,56.69,56.60,56.65,173
2025.12.19,20:00,56.64,56.64,56.39,56.49,283
2025.12.19,20:15,56.50,56.56,56.46,56.52,339
2025.12.19,20:30,56.50,56.58,56.47,56.56,120
2025.12.19,20:45,56.57,56.57,56.49,56.50,73
2025.12.19,21:00,56.49,56.54,56.43,56.43,62
2025.12.19,21:15,56.43,56.55,56.43,56.53,53
2025.12.19,21:30,56.54,56.66,56.53,56.59,114
2025.12.19,21:45,56.61,56.61,56.53,56.53,94
2025.12.22,00:00,56.63,56.98,56.60,56.85,452
2025.12.22,00:15,56.88,56.92,56.77,56.87,190
2025.12.22,00:30,56.84,56.89,56.76,56.79,72
2025.12.22,00:45,56.79,56.88,56.77,56.86,107
2025.12.22,01:00,56.86,56.89,56.82,56.86,118
2025.12.22,01:15,56.87,56.90,56.83,56.87,70
2025.12.22,01:30,56.88,56.89,56.84,56.87,46
2025.12.22,01:45,56.86,56.89,56.85,56.87,61
2025.12.22,02:00,56.89,56.97,56.86,56.95,208
2025.12.22,02:15,56.92,56.99,56.87,56.90,92
2025.12.22,02:30,56.91,56.96,56.86,56.86,84
2025.12.22,02:45,56.86,56.92,56.84,56.88,87
2025.12.22,03:00,56.90,57.02,56.88,56.95,109
2025.12.22,03:15,56.93,56.99,56.92,56.96,43
2025.12.22,03:30,56.98,57.08,56.96,56.96,204
2025.12.22,03:45,56.98,57.01,56.94,56.98,161
2025.12.22,04:00,56.99,57.02,56.96,57.02,99
2025.12.22,04:15,56.98,57.01,56.90,56.90,140
2025.12.22,04:30,56.91,56.96,56.89,56.96,57
2025.12.22,04:45,56.95,56.99,56.95,56.95,38
2025.12.22,05:00,56.96,56.98,56.92,56.96,49
2025.12.22,05:15,56.93,57.03,56.93,57.03,37
2025.12.22,05:30,57.02,57.06,56.98,56.98,21
2025.12.22,05:45,57.01,57.04,57.00,57.01,23
2025.12.22,06:00,57.00,57.03,56.94,56.95,54
2025.12.22,06:15,56.97,57.03,56.94,57.00,79
2025.12.22,06:30,57.01,57.25,56.99,57.18,243
2025.12.22,06:45,57.18,57.20,57.12,57.14,160
2025.12.22,07:00,57.14,57.18,57.11,57.15,133
2025.12.22,07:15,57.17,57.19,57.04,57.09,164
2025.12.22,07:30,57.09,57.17,57.06,57.15,103
2025.12.22,07:45,57.13,57.23,57.13,57.18,149
2025.12.22,08:00,57.17,57.24,57.10,57.24,148
2025.12.22,08:15,57.23,57.23,57.13,57.13,119
2025.12.22,08:30,57.16,57.16,57.06,57.12,108
2025.12.22,08:45,57.09,57.12,57.02,57.06,110
2025.12.22,09:00,57.05,57.12,56.97,57.03,151
2025.12.22,09:15,57.02,57.07,56.96,56.99,273
2025.12.22,09:30,56.99,57.06,56.96,57.04,261
2025.12.22,09:45,57.02,57.11,56.93,57.07,206
2025.12.22,10:00,57.08,57.14,56.96,57.01,212
2025.12.22,10:15,57.02,57.05,56.90,56.91,180
2025.12.22,10:30,56.90,57.04,56.89,57.00,167
2025.12.22,10:45,56.99,57.08,56.96,57.02,181
2025.12.22,11:00,57.03,57.12,57.00,57.09,156
2025.12.22,11:15,57.09,57.26,57.09,57.24,225
2025.12.22,11:30,57.26,57.47,57.24,57.42,284
2025.12.22,11:45,57.42,57.48,57.37,57.41,180
2025.12.22,12:00,57.42,57.57,57.42,57.56,280
2025.12.22,12:15,57.54,57.63,57.53,57.62,214
2025.12.22,12:30,57.60,57.64,57.56,57.59,157
2025.12.22,12:45,57.61,57.75,57.59,57.73,156
2025.12.22,13:00,57.72,57.74,57.62,57.63,173
2025.12.22,13:15,57.64,57.71,57.61,57.68,153
2025.12.22,13:30,57.71,57.73,57.64,57.72,185
2025.12.22,13:45,57.70,57.74,57.67,57.69,144
2025.12.22,14:00,57.68,57.82,57.68,57.79,236
2025.12.22,14:15,57.76,57.81,57.68,57.76,149
2025.12.22,14:30,57.77,57.93,57.77,57.91,260
2025.12.22,14:45,57.92,58.13,57.89,57.98,517
2025.12.22,15:00,57.97,58.05,57.76,57.81,360
2025.12.22,15:15,57.78,57.87,57.71,57.82,263
2025.12.22,15:30,57.81,57.98,57.79,57.84,443
2025.12.22,15:45,57.82,57.89,57.64,57.74,362
2025.12.22,16:00,57.77,57.84,57.68,57.82,293
2025.12.22,16:15,57.85,57.99,57.79,57.92,199
2025.12.22,16:30,57.95,57.95,57.67,57.73,299
2025.12.22,16:45,57.75,57.75,57.57,57.58,225
2025.12.22,17:00,57.59,57.68,57.46,57.64,277
2025.12.22,17:15,57.64,57.74,57.61,57.67,244
2025.12.22,17:30,57.66,57.82,57.66,57.69,249
2025.12.22,17:45,57.68,57.86,57.68,57.79,313
2025.12.22,18:00,57.77,57.88,57.77,57.87,197
2025.12.22,18:15,57.88,57.89,57.75,57.83,156
2025.12.22,18:30,57.82,57.92,57.81,57.87,132
2025.12.22,18:45,57.86,57.94,57.76,57.78,137
2025.12.22,19:00,57.80,57.92,57.78,57.90,130
2025.12.22,19:15,57.89,57.94,57.84,57.86,94
2025.12.22,19:30,57.89,57.97,57.82,57.88,161
2025.12.22,19:45,57.90,57.96,57.86,57.91,142
2025.12.22,20:00,57.90,57.93,57.83,57.89,197
2025.12.22,20:15,57.92,58.04,57.89,58.00,236
2025.12.22,20:30,58.03,58.04,57.93,57.94,110
2025.12.22,20:45,57.97,58.05,57.93,58.03,60
2025.12.22,21:00,58.03,58.05,58.00,58.03,55
2025.12.22,21:15,58.02,58.06,58.00,58.00,67
2025.12.22,21:30,58.03,58.09,58.00,58.03,58
2025.12.22,21:45,58.01,58.04,57.95,57.99,120
2025.12.22,22:00,57.97,57.99,57.88,57.90,79
2025.12.22,22:15,57.89,57.94,57.86,57.94,35
2025.12.22,22:30,57.92,58.01,57.92,57.97,39
2025.12.22,22:45,57.97,57.97,57.91,57.96,40
2025.12.23,00:00,57.95,57.97,57.77,57.79,114
2025.12.23,00:15,57.82,57.85,57.79,57.85,28
2025.12.23,00:30,57.84,57.93,57.84,57.90,55
2025.12.23,00:45,57.89,57.91,57.83,57.86,53
2025.12.23,01:00,57.85,57.86,57.81,57.86,64
2025.12.23,01:15,57.86,57.90,57.83,57.88,44
2025.12.23,01:30,57.87,57.89,57.82,57.86,31
2025.12.23,01:45,57.86,57.87,57.81,57.83,47
2025.12.23,02:00,57.84,57.96,57.84,57.89,251
2025.12.23,02:15,57.90,57.92,57.80,57.83,50
2025.12.23,02:30,57.86,57.90,57.83,57.87,50
2025.12.23,02:45,57.86,57.88,57.81,57.86,68
2025.12.23,03:00,57.85,57.93,57.83,57.93,97
2025.12.23,03:15,57.91,57.96,57.86,57.96,38
2025.12.23,03:30,57.94,57.96,57.86,57.89,56
2025.12.23,03:45,57.88,57.93,57.86,57.92,51
2025.12.23,04:00,57.93,57.97,57.91,57.95,50
2025.12.23,04:15,57.97,57.98,57.92,57.93,53
2025.12.23,04:30,57.93,57.98,57.91,57.95,24
2025.12.23,04:45,57.96,57.96,57.89,57.92,37
2025.12.23,05:00,57.93,57.95,57.90,57.90,11
2025.12.23,05:15,57.89,57.91,57.87,57.89,23
2025.12.23,05:30,57.88,57.91,57.88,57.89,13
2025.12.23,05:45,57.88,57.91,57.87,57.87,8
2025.12.23,06:00,57.86,57.89,57.80,57.82,65
2025.12.23,06:15,57.81,57.83,57.77,57.81,31
2025.12.23,06:30,57.80,57.85,57.74,57.79,179
2025.12.23,06:45,57.77,57.79,57.74,57.77,107
2025.12.23,07:00,57.78,57.83,57.75,57.77,65
2025.12.23,07:15,57.76,57.82,57.75,57.80,95
2025.12.23,07:30,57.78,57.81,57.73,57.80,72
2025.12.23,07:45,57.79,57.86,57.77,57.84,91
2025.12.23,08:00,57.85,57.88,57.79,57.81,90
2025.12.23,08:15,57.84,57.90,57.81,57.90,84
2025.12.23,08:30,57.87,57.91,57.83,57.89,71
2025.12.23,08:45,57.86,57.92,57.84,57.87,120
2025.12.23,09:00,57.88,58.04,57.85,57.98,223
2025.12.23,09:15,57.95,58.04,57.93,57.95,296
2025.12.23,09:30,57.98,57.98,57.88,57.91,238
2025.12.23,09:45,57.88,57.97,57.85,57.92,180
2025.12.23,10:00,57.92,58.02,57.91,58.00,163
2025.12.23,10:15,58.01,58.04,57.96,57.98,182
2025.12.23,10:30,58.00,58.04,57.96,58.03,161
2025.12.23,10:45,58.02,58.09,58.00,58.02,212
2025.12.23,11:00,57.99,58.04,57.91,57.98,200
2025.12.23,11:15,57.97,58.09,57.94,58.07,147
2025.12.23,11:30,58.08,58.15,57.98,58.05,212
2025.12.23,11:45,58.04,58.11,58.01,58.08,113
2025.12.23,12:00,58.06,58.13,58.00,58.13,147
2025.12.23,12:15,58.13,58.14,58.02,58.02,116
2025.12.23,12:30,58.01,58.06,57.95,58.04,147
2025.12.23,12:45,58.03,58.09,57.99,58.08,143
2025.12.23,13:00,58.09,58.13,57.99,58.04,162
2025.12.23,13:15,58.04,58.07,57.99,58.07,140
2025.12.23,13:30,58.07,58.15,58.05,58.12,164
2025.12.23,13:45,58.12,58.17,58.09,58.13,136
2025.12.23,14:00,58.13,58.19,58.08,58.08,316
2025.12.23,14:15,58.10,58.18,58.06,58.07,217
2025.12.23,14:30,58.06,58.18,58.05,58.12,203
2025.12.23,14:45,58.15,58.23,58.13,58.14,239
2025.12.23,15:00,58.16,58.21,58.06,58.11,247
2025.12.23,15:15,58.12,58.14,57.86,57.88,321
2025.12.23,15:30,57.89,58.00,57.74,57.77,383
2025.12.23,15:45,57.80,57.87,57.76,57.77,327
2025.12.23,16:00,57.79,57.88,57.73,57.86,350
2025.12.23,16:15,57.86,57.94,57.80,57.89,325
2025.12.23,16:30,57.87,57.94,57.80,57.88,236
2025.12.23,16:45,57.89,57.92,57.75,57.77,198
2025.12.23,17:00,57.75,58.00,57.72,57.94,268
2025.12.23,17:15,57.95,58.12,57.93,58.09,256
2025.12.23,17:30,58.08,58.18,58.03,58.09,273
2025.12.23,17:45,58.11,58.14,58.03,58.04,151
2025.12.23,18:00,58.04,58.20,58.03,58.19,171
2025.12.23,18:15,58.16,58.23,58.11,58.12,134
2025.12.23,18:30,58.12,58.16,58.09,58.16,74
2025.12.23,18:45,58.13,58.26,58.12,58.20,171
2025.12.23,19:00,58.23,58.27,58.21,58.23,132
2025.12.23,19:15,58.24,58.35,58.23,58.29,133
2025.12.23,19:30,58.28,58.35,58.27,58.35,130
2025.12.23,19:45,58.34,58.39,58.30,58.32,139
2025.12.23,20:00,58.31,58.38,58.29,58.36,139
2025.12.23,20:15,58.34,58.40,58.29,58.39,268
2025.12.23,20:30,58.38,58.47,58.34,58.37,157
2025.12.23,20:45,58.35,58.47,58.35,58.45,104
2025.12.23,21:00,58.44,58.50,58.41,58.49,55
2025.12.23,21:15,58.48,58.49,58.42,58.42,66
2025.12.23,21:30,58.44,58.47,58.39,58.41,93
2025.12.23,21:45,58.42,58.46,58.39,58.46,40
2025.12.23,22:00,58.45,58.48,58.43,58.48,39
2025.12.23,22:15,58.45,58.48,58.44,58.46,35
2025.12.23,22:30,58.45,58.55,58.45,58.54,83
2025.12.23,22:45,58.53,58.53,58.45,58.45,71
2025.12.24,00:00,58.44,58.45,58.35,58.38,116
2025.12.24,00:15,58.38,58.48,58.38,58.43,61
2025.12.24,00:30,58.42,58.48,58.41,58.45,36
2025.12.24,00:45,58.45,58.53,58.45,58.52,44
2025.12.24,01:00,58.55,58.62,58.45,58.49,119
2025.12.24,01:15,58.50,58.56,58.49,58.53,64
2025.12.24,01:30,58.55,58.57,58.52,58.54,34
2025.12.24,01:45,58.51,58.54,58.49,58.51,39
2025.12.24,02:00,58.48,58.49,58.40,58.43,227
2025.12.24,02:15,58.44,58.45,58.34,58.37,106
2025.12.24,02:30,58.34,58.37,58.25,58.36,171
2025.12.24,02:45,58.36,58.39,58.33,58.34,119
2025.12.24,03:00,58.37,58.41,58.34,58.40,70
2025.12.24,03:15,58.40,58.42,58.39,58.40,21
2025.12.24,03:30,58.37,58.41,58.34,58.39,42
2025.12.24,03:45,58.39,58.43,58.36,58.38,44
2025.12.24,04:00,58.37,58.40,58.33,58.39,100
2025.12.24,04:15,58.36,58.42,58.35,58.40,66
2025.12.24,04:30,58.37,58.44,58.35,58.44,48
2025.12.24,04:45,58.43,58.44,58.34,58.42,63
2025.12.24,05:00,58.45,58.50,58.42,58.48,59
2025.12.24,05:15,58.47,58.50,58.20,58.23,274
2025.12.24,05:30,58.24,58.45,58.23,58.44,235
2025.12.24,05:45,58.45,58.47,58.40,58.46,90
2025.12.24,06:00,58.47,58.51,58.43,58.46,60
2025.12.24,06:15,58.48,58.50,58.44,58.46,53
2025.12.24,06:30,58.47,58.51,58.44,58.51,82
2025.12.24,06:45,58.50,58.53,58.42,58.46,56
2025.12.24,07:00,58.43,58.45,58.40,58.43,59
2025.12.24,07:15,58.42,58.50,58.41,58.50,74
2025.12.24,07:30,58.47,58.52,58.47,58.49,66
2025.12.24,07:45,58.51,58.62,58.48,58.55,175
2025.12.24,08:00,58.54,58.58,58.52,58.53,84
2025.12.24,08:15,58.53,58.57,58.52,58.54,106
2025.12.24,08:30,58.57,58.60,58.54,58.59,100
2025.12.24,08:45,58.58,58.63,58.55,58.58,107
2025.12.24,09:00,58.57,58.70,58.54,58.67,193
2025.12.24,09:15,58.65,58.71,58.64,58.69,226
2025.12.24,09:30,58.66,58.75,58.64,58.71,181
2025.12.24,09:45,58.70,58.73,58.56,58.59,141
2025.12.24,10:00,58.57,58.61,58.41,58.49,328
2025.12.24,10:15,58.52,58.52,58.35,58.44,220
2025.12.24,10:30,58.43,58.54,58.40,58.51,118
2025.12.24,10:45,58.52,58.56,58.45,58.47,152
2025.12.24,11:00,58.49,58.50,58.42,58.46,120
2025.12.24,11:15,58.45,58.56,58.45,58.52,96
2025.12.24,11:30,58.52,58.60,58.48,58.57,154
2025.12.24,11:45,58.58,58.61,58.52,58.57,101
2025.12.24,12:00,58.56,58.57,58.49,58.53,126
2025.12.24,12:15,58.55,58.58,58.42,58.50,131
2025.12.24,12:30,58.52,58.69,58.50,58.67,167
2025.12.24,12:45,58.69,58.70,58.59,58.59,186
2025.12.24,13:00,58.62,58.63,58.49,58.57,217
2025.12.24,13:15,58.58,58.71,58.57,58.60,286
2025.12.24,13:30,58.60,58.66,58.47,58.51,304
2025.12.24,13:45,58.52,58.56,58.40,58.47,210
2025.12.24,14:00,58.47,58.54,58.43,58.49,254
2025.12.24,14:15,58.48,58.54,58.43,58.44,184
2025.12.24,14:30,58.45,58.50,58.37,58.47,189
2025.12.24,14:45,58.49,58.53,58.46,58.51,135
2025.12.24,15:00,58.49,58.57,58.38,58.54,271
2025.12.24,15:15,58.53,58.60,58.52,58.57,194
2025.12.24,15:30,58.58,58.68,58.50,58.65,226
2025.12.24,15:45,58.65,58.67,58.52,58.56,182
2025.12.24,16:00,58.53,58.63,58.50,58.53,207
2025.12.24,16:15,58.55,58.58,58.35,58.42,214
2025.12.24,16:30,58.43,58.43,58.16,58.20,284
2025.12.24,16:45,58.19,58.24,58.12,58.21,216
2025.12.24,17:00,58.18,58.34,58.15,58.28,197
2025.12.24,17:15,58.29,58.38,58.29,58.34,175
2025.12.24,17:30,58.34,58.36,58.22,58.27,195
2025.12.24,17:45,58.27,58.43,58.24,58.39,177
2025.12.24,18:00,58.39,58.57,58.39,58.51,168
2025.12.24,18:15,58.49,58.55,58.42,58.44,150
2025.12.24,18:30,58.46,58.49,58.32,58.38,212
2025.12.24,18:45,58.36,58.45,58.28,58.33,204
2025.12.26,00:00,58.36,58.49,58.34,58.41,88
2025.12.26,00:15,58.42,58.46,58.38,58.43,52
2025.12.26,00:30,58.46,58.53,58.43,58.48,78
2025.12.26,00:45,58.47,58.53,58.46,58.50,65
2025.12.26,01:00,58.49,58.55,58.47,58.50,77
2025.12.26,01:15,58.51,58.52,58.47,58.47,26
2025.12.26,01:30,58.48,58.49,58.42,58.42,36
2025.12.26,01:45,58.44,58.45,58.37,58.43,41
2025.12.26,02:00,58.42,58.58,58.41,58.54,412
2025.12.26,02:15,58.53,58.57,58.47,58.50,156
2025.12.26,02:30,58.50,58.54,58.48,58.52,92
2025.12.26,02:45,58.49,58.53,58.43,58.43,95
2025.12.26,03:00,58.43,58.50,58.40,58.49,148
2025.12.26,03:15,58.47,58.51,58.46,58.48,32
2025.12.26,03:30,58.47,58.52,58.45,58.49,145
2025.12.26,03:45,58.49,58.53,58.43,58.46,120
2025.12.26,04:00,58.48,58.50,58.45,58.47,86
2025.12.26,04:15,58.48,58.49,58.41,58.46,94
2025.12.26,04:30,58.48,58.48,58.40,58.42,68
2025.12.26,04:45,58.43,58.44,58.39,58.40,57
2025.12.26,05:00,58.40,58.40,58.31,58.39,78
2025.12.26,05:15,58.39,58.43,58.37,58.40,40
2025.12.26,05:30,58.39,58.42,58.38,58.42,33
2025.12.26,05:45,58.39,58.44,58.38,58.41,26
2025.12.26,06:00,58.41,58.41,58.35,58.38,47
2025.12.26,06:15,58.36,58.38,58.30,58.38,51
2025.12.26,06:30,58.38,58.39,58.28,58.35,222
2025.12.26,06:45,58.32,58.42,58.32,58.42,115
2025.12.26,07:00,58.43,58.46,58.37,58.39,112
2025.12.26,07:15,58.39,58.47,58.39,58.43,116
2025.12.26,07:30,58.44,58.52,58.41,58.48,201
2025.12.26,07:45,58.49,58.54,58.45,58.46,114
2025.12.26,08:00,58.47,58.55,58.46,58.54,82
2025.12.26,08:15,58.51,58.54,58.49,58.53,48
2025.12.26,08:30,58.52,58.55,58.46,58.48,44
2025.12.26,08:45,58.48,58.52,58.38,58.41,105
2025.12.26,09:00,58.38,58.52,58.38,58.49,227
2025.12.26,09:15,58.48,58.49,58.33,58.36,352
2025.12.26,09:30,58.34,58.48,58.30,58.42,275
2025.12.26,09:45,58.43,58.58,58.41,58.54,223
2025.12.26,10:00,58.55,58.65,58.53,58.55,212
2025.12.26,10:15,58.57,58.58,58.48,58.56,131
2025.12.26,10:30,58.59,58.61,58.35,58.40,148
2025.12.26,10:45,58.39,58.45,58.34,58.41,217
2025.12.26,11:00,58.41,58.54,58.40,58.50,108
2025.12.26,11:15,58.53,58.76,58.49,58.73,175
2025.12.26,11:30,58.75,58.86,58.73,58.74,272
2025.12.26,11:45,58.73,58.74,58.52,58.55,177
2025.12.26,12:00,58.54,58.65,58.46,58.58,237
2025.12.26,12:15,58.58,58.63,58.52,58.54,137
2025.12.26,12:30,58.54,58.54,58.28,58.34,237
2025.12.26,12:45,58.31,58.38,58.21,58.38,276
2025.12.26,13:00,58.40,58.49,58.35,58.40,228
2025.12.26,13:15,58.40,58.43,58.33,58.38,204
2025.12.26,13:30,58.38,58.48,58.35,58.35,160
2025.12.26,13:45,58.36,58.42,58.31,58.33,176
2025.12.26,14:00,58.36,58.45,58.25,58.38,397
2025.12.26,14:15,58.39,58.43,58.23,58.35,271
2025.12.26,14:30,58.38,58.38,58.22,58.22,275
2025.12.26,14:45,58.21,58.24,58.01,58.04,492
2025.12.26,15:00,58.00,58.02,57.74,57.93,644
2025.12.26,15:15,57.92,58.00,57.84,57.86,319
2025.12.26,15:30,57.87,57.99,57.82,57.92,393
2025.12.26,15:45,57.93,57.93,57.73,57.85,322
2025.12.26,16:00,57.84,57.88,57.75,57.83,325
2025.12.26,16:15,57.80,57.82,57.67,57.72,240
2025.12.26,16:30,57.71,57.72,57.55,57.61,251
2025.12.26,16:45,57.59,57.68,57.37,57.43,277
2025.12.26,17:00,57.40,57.44,57.34,57.42,279
2025.12.26,17:15,57.38,57.46,57.27,57.33,310
2025.12.26,17:30,57.35,57.36,57.22,57.32,280
2025.12.26,17:45,57.31,57.34,57.19,57.25,236
2025.12.26,18:00,57.23,57.34,57.21,57.32,183
2025.12.26,18:15,57.31,57.32,57.15,57.16,160
2025.12.26,18:30,57.15,57.23,57.12,57.21,186
2025.12.26,18:45,57.20,57.26,57.18,57.23,162
2025.12.26,19:00,57.22,57.30,57.19,57.23,101
2025.12.26,19:15,57.23,57.26,57.14,57.16,114
2025.12.26,19:30,57.17,57.25,57.14,57.20,173
2025.12.26,19:45,57.16,57.19,56.99,56.99,199
2025.12.26,20:00,57.03,57.09,56.99,57.01,191
2025.12.26,20:15,57.02,57.02,56.65,56.66,393
2025.12.26,20:30,56.67,56.76,56.63,56.74,193
2025.12.26,20:45,56.74,56.75,56.66,56.71,167
2025.12.26,21:00,56.72,56.80,56.69,56.76,171
2025.12.26,21:15,56.74,56.82,56.73,56.78,127
2025.12.26,21:30,56.76,56.86,56.76,56.82,98
2025.12.26,21:45,56.83,56.93,56.82,56.89,99
2025.12.29,00:00,57.10,57.15,56.90,57.14,310
2025.12.29,00:15,57.13,57.22,57.09,57.15,129
2025.12.29,00:30,57.13,57.20,57.11,57.18,47
2025.12.29,00:45,57.19,57.20,57.14,57.18,75
2025.12.29,01:00,57.17,57.21,57.14,57.16,123
2025.12.29,01:15,57.17,57.23,57.15,57.17,61
2025.12.29,01:30,57.16,57.20,57.14,57.15,56
2025.12.29,01:45,57.15,57.19,57.12,57.14,46
2025.12.29,02:00,57.11,57.28,57.07,57.21,297
2025.12.29,02:15,57.22,57.23,57.11,57.14,162
2025.12.29,02:30,57.15,57.20,57.06,57.09,223
2025.12.29,02:45,57.06,57.17,57.05,57.11,140
2025.12.29,03:00,57.12,57.16,57.06,57.13,144
2025.12.29,03:15,57.14,57.18,57.11,57.15,38
2025.12.29,03:30,57.16,57.27,57.16,57.26,79
2025.12.29,03:45,57.25,57.29,57.23,57.25,61
2025.12.29,04:00,57.24,57.27,57.21,57.26,76
2025.12.29,04:15,57.29,57.30,57.25,57.28,101
2025.12.29,04:30,57.27,57.35,57.26,57.30,49
2025.12.29,04:45,57.29,57.33,57.28,57.33,32
2025.12.29,05:00,57.32,57.34,57.29,57.34,12
2025.12.29,05:15,57.31,57.34,57.31,57.32,13
2025.12.29,05:30,57.31,57.34,57.29,57.31,21
2025.12.29,05:45,57.30,57.31,57.27,57.31,29
2025.12.29,06:00,57.28,57.32,57.26,57.28,41
2025.12.29,06:15,57.30,57.36,57.28,57.31,68
2025.12.29,06:30,57.31,57.51,57.31,57.47,178
2025.12.29,06:45,57.47,57.49,57.36,57.39,89
2025.12.29,07:00,57.38,57.43,57.31,57.40,106
2025.12.29,07:15,57.39,57.43,57.33,57.33,74
2025.12.29,07:30,57.34,57.38,57.30,57.35,90
2025.12.29,07:45,57.32,57.37,57.28,57.32,144
2025.12.29,08:00,57.33,57.39,57.28,57.38,131
2025.12.29,08:15,57.36,57.41,57.32,57.33,125
2025.12.29,08:30,57.36,57.39,57.24,57.35,165
2025.12.29,08:45,57.36,57.40,57.28,57.33,188
2025.12.29,09:00,57.34,57.47,57.32,57.42,242
2025.12.29,09:15,57.41,57.46,57.28,57.30,396
2025.12.29,09:30,57.31,57.43,57.28,57.37,330
2025.12.29,09:45,57.38,57.59,57.38,57.57,264
2025.12.29,10:00,57.58,57.71,57.58,57.67,333
2025.12.29,10:15,57.66,57.80,57.62,57.79,232
2025.12.29,10:30,57.80,57.99,57.72,57.96,305
2025.12.29,10:45,57.95,58.08,57.93,57.97,274
2025.12.29,11:00,57.98,57.99,57.83,57.85,266
2025.12.29,11:15,57.86,57.92,57.79,57.81,213
2025.12.29,11:30,57.79,57.86,57.70,57.85,218
2025.12.29,11:45,57.84,57.99,57.82,57.99,156
2025.12.29,12:00,57.98,58.01,57.88,57.99,221
2025.12.29,12:15,57.99,58.03,57.93,58.00,198
2025.12.29,12:30,57.99,58.03,57.90,57.98,205
2025.12.29,12:45,57.98,58.05,57.95,57.99,164
2025.12.29,13:00,58.00,58.03,57.86,57.91,156
2025.12.29,13:15,57.92,57.96,57.90,57.93,66
2025.12.29,13:30,57.95,58.15,57.94,58.13,219
2025.12.29,13:45,58.12,58.18,58.09,58.13,168
2025.12.29,14:00,58.14,58.25,58.06,58.15,414
2025.12.29,14:15,58.15,58.19,58.08,58.14,236
2025.12.29,14:30,58.13,58.18,58.05,58.05,280
2025.12.29,14:45,58.07,58.15,58.05,58.06,224
2025.12.29,15:00,58.07,58.08,57.84,58.06,389
2025.12.29,15:15,58.06,58.08,57.96,58.04,299
2025.12.29,15:30,58.05,58.26,57.91,58.12,670
2025.12.29,15:45,58.14,58.18,58.05,58.09,372
2025.12.29,16:00,58.10,58.15,58.02,58.10,347
2025.12.29,16:15,58.10,58.19,58.06,58.09,218
2025.12.29,16:30,58.10,58.22,58.06,58.16,329
2025.12.29,16:45,58.15,58.23,58.12,58.18,235
2025.12.29,17:00,58.21,58.25,58.03,58.23,294
2025.12.29,17:15,58.26,58.28,58.02,58.05,483
2025.12.29,17:30,58.06,58.17,58.01,58.04,326
2025.12.29,17:45,58.05,58.09,57.98,57.99,306
2025.12.29,18:00,58.01,58.10,57.98,58.06,172
2025.12.29,18:15,58.08,58.18,58.05,58.11,191
2025.12.29,18:30,58.14,58.15,57.98,58.01,227
2025.12.29,18:45,57.99,58.05,57.97,58.01,126
2025.12.29,19:00,58.00,58.03,57.82,57.88,248
2025.12.29,19:15,57.91,57.93,57.79,57.90,165
2025.12.29,19:30,57.91,58.06,57.90,57.94,277
2025.12.29,19:45,57.94,57.98,57.87,57.92,235
2025.12.29,20:00,57.91,58.06,57.88,58.06,275
2025.12.29,20:15,58.07,58.09,57.95,58.08,308
2025.12.29,20:30,58.07,58.18,58.04,58.09,131
2025.12.29,20:45,58.11,58.11,58.00,58.02,78
2025.12.29,21:00,58.03,58.03,57.97,58.00,37
2025.12.29,21:15,57.99,58.00,57.91,57.91,89
2025.12.29,21:30,57.91,57.95,57.88,57.91,52
2025.12.29,21:45,57.90,57.92,57.80,57.83,57
2025.12.29,22:00,57.82,57.88,57.81,57.83,69
2025.12.29,22:15,57.80,57.82,57.78,57.78,19
2025.12.29,22:30,57.77,57.82,57.76,57.77,59
2025.12.29,22:45,57.77,57.84,57.76,57.80,47
2025.12.30,00:00,57.78,57.84,57.72,57.78,96
2025.12.30,00:15,57.78,57.80,57.72,57.74,30
2025.12.30,00:30,57.74,57.75,57.72,57.73,26
2025.12.30,00:45,57.75,57.78,57.71,57.78,28
2025.12.30,01:00,57.76,57.79,57.75,57.75,19
2025.12.30,01:15,57.76,57.79,57.76,57.77,9
2025.12.30,01:30,57.78,57.78,57.75,57.75,9
2025.12.30,01:45,57.77,57.78,57.70,57.71,21
2025.12.30,02:00,57.72,57.77,57.59,57.74,281
2025.12.30,02:15,57.74,57.92,57.74,57.85,108
2025.12.30,02:30,57.85,57.91,57.84,57.86,154
2025.12.30,02:45,57.88,57.91,57.84,57.90,99
2025.12.30,03:00,57.88,57.95,57.86,57.91,87
2025.12.30,03:15,57.90,57.93,57.86,57.88,73
2025.12.30,03:30,57.87,57.90,57.81,57.87,155
2025.12.30,03:45,57.87,57.99,57.85,57.93,153
2025.12.30,04:00,57.94,58.03,57.94,57.99,160
2025.12.30,04:15,58.02,58.10,57.97,58.10,115
2025.12.30,04:30,58.08,58.14,58.05,58.05,67
2025.12.30,04:45,58.08,58.08,57.99,58.06,46
2025.12.30,05:00,58.03,58.09,58.03,58.03,20
2025.12.30,05:15,58.06,58.07,58.02,58.03,20
2025.12.30,05:30,58.04,58.09,58.03,58.05,32
2025.12.30,05:45,58.07,58.07,58.02,58.04,41
2025.12.30,06:00,58.03,58.04,57.98,58.02,38
2025.12.30,06:15,58.03,58.10,58.02,58.06,46
2025.12.30,06:30,58.08,58.20,58.04,58.06,293
2025.12.30,06:45,58.05,58.14,58.04,58.10,184
2025.12.30,07:00,58.11,58.16,58.06,58.10,86
2025.12.30,07:15,58.09,58.10,57.96,57.97,198
2025.12.30,07:30,57.99,58.03,57.93,57.98,128
2025.12.30,07:45,57.95,58.01,57.93,57.96,174
2025.12.30,08:00,57.96,57.99,57.91,57.97,127
2025.12.30,08:15,57.97,58.07,57.96,58.00,135
2025.12.30,08:30,58.01,58.09,57.98,58.05,122
2025.12.30,08:45,58.06,58.06,57.98,58.05,154
2025.12.30,09:00,58.03,58.15,57.96,58.12,190
2025.12.30,09:15,58.09,58.24,58.08,58.12,422
2025.12.30,09:30,58.12,58.26,58.11,58.20,274
2025.12.30,09:45,58.19,58.26,58.15,58.21,203
2025.12.30,10:00,58.21,58.27,58.14,58.22,290
2025.12.30,10:15,58.22,58.32,58.16,58.31,283
2025.12.30,10:30,58.29,58.44,58.28,58.37,254
2025.12.30,10:45,58.36,58.40,58.32,58.35,245
2025.12.30,11:00,58.33,58.43,58.32,58.38,158
2025.12.30,11:15,58.39,58.40,58.23,58.24,273
2025.12.30,11:30,58.23,58.31,58.13,58.27,239
2025.12.30,11:45,58.31,58.32,58.23,58.28,193
2025.12.30,12:00,58.28,58.36,58.25,58.34,155
2025.12.30,12:15,58.32,58.36,58.27,58.29,162
2025.12.30,12:30,58.30,58.31,58.22,58.25,169
2025.12.30,12:45,58.28,58.39,58.25,58.37,137
2025.12.30,13:00,58.38,58.45,58.35,58.43,149
2025.12.30,13:15,58.44,58.46,58.31,58.31,220
2025.12.30,13:30,58.31,58.33,58.23,58.30,215
2025.12.30,13:45,58.30,58.34,58.26,58.32,164
2025.12.30,14:00,58.33,58.39,58.29,58.33,257
2025.12.30,14:15,58.31,58.39,58.30,58.30,175
2025.12.30,14:30,58.33,58.36,58.25,58.28,211
2025.12.30,14:45,58.29,58.41,58.25,58.35,256
2025.12.30,15:00,58.34,58.45,58.32,58.42,325
2025.12.30,15:15,58.41,58.47,58.32,58.36,266
2025.12.30,15:30,58.39,58.43,58.30,58.32,315
2025.12.30,15:45,58.34,58.44,58.33,58.37,261
2025.12.30,16:00,58.39,58.41,58.30,58.38,232
2025.12.30,16:15,58.40,58.42,58.28,58.32,176
2025.12.30,16:30,58.31,58.37,58.28,58.33,242
2025.12.30,16:45,58.34,58.35,58.23,58.29,221
2025.12.30,17:00,58.28,58.34,58.22,58.24,264
2025.12.30,17:15,58.24,58.30,58.01,58.02,303
2025.12.30,17:30,58.04,58.16,57.99,58.16,221
2025.12.30,17:45,58.15,58.15,58.04,58.04,126
2025.12.30,18:00,58.04,58.12,58.00,58.04,182
2025.12.30,18:15,58.06,58.07,57.95,58.00,113
2025.12.30,18:30,58.00,58.05,57.91,57.95,131
2025.12.30,18:45,57.94,58.02,57.93,58.01,77
2025.12.30,19:00,58.00,58.03,57.93,57.97,94
2025.12.30,19:15,57.97,58.05,57.97,58.01,73
2025.12.30,19:30,58.00,58.07,57.99,58.02,122
2025.12.30,19:45,58.01,58.05,57.97,58.01,117
2025.12.30,20:00,58.02,58.02,57.94,57.98,140
2025.12.30,20:15,57.96,58.00,57.87,57.93,198
2025.12.30,20:30,57.91,58.03,57.89,58.02,96
2025.12.30,20:45,58.01,58.04,57.91,57.95,82
2025.12.30,21:00,57.93,57.95,57.90,57.91,57
2025.12.30,21:15,57.94,57.97,57.87,57.90,65
2025.12.30,21:30,57.89,57.97,57.86,57.95,85
2025.12.30,21:45,57.96,57.98,57.91,57.92,52
2025.12.30,22:00,57.94,57.94,57.89,57.91,21
2025.12.30,22:15,57.95,57.95,57.89,57.89,21
2025.12.30,22:30,57.90,57.92,57.86,57.90,36
2025.12.30,22:45,57.89,57.98,57.87,57.94,56
2025.12.31,00:00,57.92,57.93,57.82,57.89,64
2025.12.31,00:15,57.89,57.94,57.88,57.91,24
2025.12.31,00:30,57.91,57.96,57.91,57.91,34
2025.12.31,00:45,57.91,57.93,57.88,57.92,15
2025.12.31,01:00,57.91,57.93,57.89,57.90,14
2025.12.31,01:15,57.94,57.95,57.92,57.95,7
2025.12.31,01:30,57.92,57.94,57.92,57.93,15
2025.12.31,01:45,57.94,57.94,57.92,57.92,3
2025.12.31,02:00,57.93,57.94,57.84,57.92,149
2025.12.31,02:15,57.89,57.91,57.83,57.88,103
2025.12.31,02:30,57.85,57.91,57.83,57.90,101
2025.12.31,02:45,57.87,57.89,57.79,57.79,86
2025.12.31,03:00,57.79,57.87,57.76,57.80,116
2025.12.31,03:15,57.83,57.92,57.81,57.86,74
2025.12.31,03:30,57.89,57.89,57.81,57.85,138
2025.12.31,03:45,57.83,57.90,57.81,57.84,159
2025.12.31,04:00,57.86,57.91,57.83,57.90,86
2025.12.31,04:15,57.90,57.94,57.80,57.83,170
2025.12.31,04:30,57.85,57.90,57.83,57.89,86
2025.12.31,04:45,57.89,57.89,57.82,57.86,45
2025.12.31,05:00,57.86,58.05,57.86,58.02,124
2025.12.31,05:15,58.03,58.22,58.01,58.18,304
2025.12.31,05:30,58.17,58.23,58.02,58.02,221
2025.12.31,05:45,58.02,58.07,58.00,58.03,93
2025.12.31,06:00,58.02,58.05,58.00,58.03,51
2025.12.31,06:15,58.01,58.05,57.93,57.95,73
2025.12.31,06:30,57.94,57.95,57.83,57.85,220
2025.12.31,06:45,57.84,57.89,57.81,57.84,165
2025.12.31,07:00,57.85,57.88,57.82,57.86,139
2025.12.31,07:15,57.87,57.90,57.83,57.86,161
2025.12.31,07:30,57.87,57.92,57.85,57.89,123
2025.12.31,07:45,57.86,57.91,57.80,57.85,170
2025.12.31,08:00,57.82,57.95,57.82,57.92,118
2025.12.31,08:15,57.93,57.94,57.89,57.93,69
2025.12.31,08:30,57.92,57.92,57.85,57.85,66
2025.12.31,08:45,57.87,57.88,57.78,57.82,81
2025.12.31,09:00,57.81,57.83,57.73,57.78,202
2025.12.31,09:15,57.78,57.82,57.68,57.75,246
2025.12.31,09:30,57.75,57.75,57.68,57.70,146
2025.12.31,09:45,57.68,57.75,57.67,57.71,128
2025.12.31,10:00,57.73,57.87,57.70,57.82,221
2025.12.31,10:15,57.79,57.86,57.77,57.82,170
2025.12.31,10:30,57.81,58.05,57.80,58.04,234
2025.12.31,10:45,58.01,58.18,57.99,58.06,285
2025.12.31,11:00,58.05,58.05,57.91,58.02,271
2025.12.31,11:15,58.04,58.16,58.04,58.09,234
2025.12.31,11:30,58.11,58.15,58.01,58.12,203
2025.12.31,11:45,58.10,58.14,58.03,58.08,155
2025.12.31,12:00,58.07,58.15,58.04,58.09,126
2025.12.31,12:15,58.10,58.14,58.06,58.11,155
2025.12.31,12:30,58.10,58.33,58.09,58.33,209
2025.12.31,12:45,58.34,58.34,58.21,58.23,191
2025.12.31,13:00,58.22,58.29,58.17,58.22,197
2025.12.31,13:15,58.19,58.34,58.15,58.19,335
2025.12.31,13:30,58.20,58.26,58.15,58.23,288
2025.12.31,13:45,58.20,58.22,58.03,58.13,225
2025.12.31,14:00,58.11,58.20,58.08,58.17,231
2025.12.31,14:15,58.17,58.38,58.15,58.37,257
2025.12.31,14:30,58.37,58.54,58.35,58.46,275
2025.12.31,14:45,58.49,58.55,58.39,58.44,239
2025.12.31,15:00,58.44,58.46,58.11,58.25,371
2025.12.31,15:15,58.24,58.33,58.15,58.33,215
2025.12.31,15:30,58.32,58.39,58.17,58.23,342
2025.12.31,15:45,58.21,58.32,58.14,58.22,306
2025.12.31,16:00,58.26,58.39,58.22,58.30,237
2025.12.31,16:15,58.28,58.30,58.06,58.10,247
2025.12.31,16:30,58.08,58.10,57.87,58.03,406
2025.12.31,16:45,58.04,58.08,57.81,57.82,234
2025.12.31,17:00,57.81,58.06,57.76,57.91,251
2025.12.31,17:15,57.92,57.97,57.84,57.86,270
2025.12.31,17:30,57.87,57.91,57.74,57.78,200
2025.12.31,17:45,57.76,57.86,57.72,57.83,183
2025.12.31,18:00,57.84,57.89,57.82,57.86,186
2025.12.31,18:15,57.83,57.88,57.81,57.84,146
2025.12.31,18:30,57.85,57.86,57.79,57.79,142
2025.12.31,18:45,57.82,57.82,57.70,57.73,169
2025.12.31,19:00,57.71,57.77,57.52,57.59,167
2025.12.31,19:15,57.57,57.66,57.47,57.47,157
2025.12.31,19:30,57.48,57.57,57.43,57.53,208
2025.12.31,19:45,57.50,57.62,57.50,57.54,162
2025.12.31,20:00,57.56,57.60,57.47,57.50,213
2025.12.31,20:15,57.51,57.52,57.36,57.39,286
2025.12.31,20:30,57.41,57.42,57.17,57.31,215
2025.12.31,20:45,57.32,57.48,57.26,57.44,188
2025.12.31,21:00,57.46,57.47,57.40,57.46,41
2025.12.31,21:15,57.44,57.46,57.41,57.46,32
2025.12.31,21:30,57.43,57.46,57.42,57.42,30
2025.12.31,21:45,57.45,57.46,57.38,57.41,96
2025.12.31,22:00,57.40,57.40,57.40,57.40,1
2026.01.02,00:00,57.46,57.56,57.44,57.49,90
2026.01.02,00:15,57.51,57.54,57.47,57.53,43
2026.01.02,00:30,57.52,57.55,57.42,57.45,49
2026.01.02,00:45,57.43,57.47,57.42,57.45,23
2026.01.02,01:00,57.47,57.47,57.41,57.42,32
2026.01.02,01:15,57.43,57.45,57.39,57.42,21
2026.01.02,01:30,57.40,57.43,57.40,57.43,24
2026.01.02,01:45,57.42,57.43,57.39,57.39,18
2026.01.02,02:00,57.39,57.52,57.39,57.46,129
2026.01.02,02:15,57.47,57.51,57.42,57.43,52
2026.01.02,02:30,57.46,57.55,57.44,57.55,53
2026.01.02,02:45,57.54,57.56,57.51,57.52,27
2026.01.02,03:00,57.51,57.56,57.50,57.53,30
2026.01.02,03:15,57.56,57.58,57.53,57.56,32
2026.01.02,03:30,57.55,57.58,57.51,57.54,63
2026.01.02,03:45,57.54,57.63,57.54,57.59,60
2026.01.02,04:00,57.58,57.65,57.58,57.63,40
2026.01.02,04:15,57.62,57.64,57.59,57.63,40
2026.01.02,04:30,57.64,57.72,57.63,57.70,44
2026.01.02,04:45,57.69,57.72,57.66,57.69,32
2026.01.02,05:00,57.69,57.76,57.69,57.73,25
2026.01.02,05:15,57.72,57.73,57.64,57.69,34
2026.01.02,05:30,57.68,57.70,57.65,57.67,22
2026.01.02,05:45,57.64,57.67,57.62,57.65,28
2026.01.02,06:00,57.67,57.72,57.66,57.70,52
2026.01.02,06:15,57.69,57.74,57.69,57.73,29
2026.01.02,06:30,57.70,57.73,57.68,57.71,23
2026.01.02,06:45,57.71,57.73,57.68,57.73,19
2026.01.02,07:00,57.72,57.82,57.71,57.77,86
2026.01.02,07:15,57.76,57.85,57.74,57.83,63
2026.01.02,07:30,57.84,57.88,57.80,57.80,46
2026.01.02,07:45,57.81,57.85,57.77,57.83,47
2026.01.02,08:00,57.82,57.88,57.80,57.83,76
2026.01.02,08:15,57.82,57.90,57.78,57.88,90
2026.01.02,08:30,57.88,57.92,57.78,57.80,120
2026.01.02,08:45,57.81,57.81,57.69,57.79,217
2026.01.02,09:00,57.78,57.84,57.64,57.79,295
2026.01.02,09:15,57.80,57.92,57.65,57.69,380
2026.01.02,09:30,57.71,57.74,57.51,57.53,399
2026.01.02,09:45,57.52,57.54,57.29,57.31,321
2026.01.02,10:00,57.28,57.34,57.13,57.16,319
2026.01.02,10:15,57.14,57.19,57.01,57.02,300
2026.01.02,10:30,57.03,57.14,56.98,57.14,306
2026.01.02,10:45,57.13,57.23,57.11,57.21,276
2026.01.02,11:00,57.19,57.55,57.19,57.46,412
2026.01.02,11:15,57.47,57.49,57.33,57.38,217
2026.01.02,11:30,57.38,57.42,57.26,57.35,224
2026.01.02,11:45,57.36,57.48,57.31,57.40,192
2026.01.02,12:00,57.39,57.48,57.36,57.39,240
2026.01.02,12:15,57.37,57.42,57.33,57.34,141
2026.01.02,12:30,57.31,57.33,57.12,57.16,265
2026.01.02,12:45,57.18,57.29,57.18,57.28,272
2026.01.02,13:00,57.25,57.31,57.09,57.12,212
2026.01.02,13:15,57.13,57.21,57.05,57.10,204
2026.01.02,13:30,57.09,57.09,56.99,57.04,266
2026.01.02,13:45,57.05,57.08,56.87,56.90,219
2026.01.02,14:00,56.92,57.03,56.85,56.86,292
2026.01.02,14:15,56.89,56.96,56.82,56.92,289
2026.01.02,14:30,56.91,56.99,56.83,56.99,199
2026.01.02,14:45,56.96,57.00,56.84,56.85,242
2026.01.02,15:00,56.82,56.97,56.75,56.81,314
2026.01.02,15:15,56.82,56.86,56.73,56.80,207
2026.01.02,15:30,56.80,56.93,56.62,56.69,453
2026.01.02,15:45,56.67,56.74,56.61,56.67,337
2026.01.02,16:00,56.70,56.81,56.65,56.72,376
2026.01.02,16:15,56.71,56.81,56.59,56.69,360
2026.01.02,16:30,56.70,56.85,56.65,56.85,305
2026.01.02,16:45,56.86,56.97,56.68,56.77,444
2026.01.02,17:00,56.76,56.89,56.70,56.88,439
2026.01.02,17:15,56.85,56.92,56.63,56.68,399
2026.01.02,17:30,56.67,56.84,56.60,56.80,412
2026.01.02,17:45,56.82,56.83,56.67,56.76,341
2026.01.02,18:00,56.74,56.94,56.73,56.92,288
2026.01.02,18:15,56.92,57.12,56.91,57.10,377
2026.01.02,18:30,57.12,57.17,56.87,56.93,358
2026.01.02,18:45,56.97,57.02,56.87,56.99,214
2026.01.02,19:00,56.97,57.03,56.91,57.02,171
2026.01.02,19:15,56.99,57.07,56.96,56.98,221
2026.01.02,19:30,56.98,57.13,56.96,57.13,204
2026.01.02,19:45,57.13,57.22,57.07,57.15,266
2026.01.02,20:00,57.16,57.44,57.16,57.42,357
2026.01.02,20:15,57.40,57.42,57.27,57.31,405
2026.01.02,20:30,57.32,57.37,57.26,57.33,183
2026.01.02,20:45,57.30,57.32,57.20,57.23,136
2026.01.02,21:00,57.21,57.28,57.21,57.27,71
2026.01.02,21:15,57.28,57.30,57.23,57.28,136
2026.01.02,21:30,57.28,57.31,57.24,57.28,149
2026.01.02,21:45,57.25,57.29,57.20,57.26,135
